plant,market,cost
1,1,10
1,2,4.17
1,3,5
1,4,2.78
1,5,2.63
1,6,3.33
1,7,2.94
1,8,2.78
1,9,2.17
1,10,5
1,11,3.33
1,12,3.33
1,13,5
1,14,4.55
1,15,6.25
1,16,2.38
1,17,5.56
1,18,2.27
1,19,3.85
1,20,10
1,21,2.08
1,22,3.85
1,23,3.33
1,24,3.85
1,25,4.17
1,26,2.38
1,27,3.13
1,28,3.13
1,29,3.85
1,30,5.56
1,31,2.94
1,32,4.17
1,33,3.85
1,34,5.56
1,35,8.33
1,36,5.56
1,37,4.17
1,38,2.17
1,39,4.17
1,40,3.85
1,41,2.38
1,42,2.63
1,43,3.57
1,44,10
1,45,2.08
1,46,6.25
1,47,5
1,48,4.55
1,49,2.78
1,50,3.57
1,51,8.33
1,52,2.17
1,53,3.33
1,54,4.55
1,55,4.17
1,56,3.33
1,57,6.25
1,58,3.57
1,59,4.17
1,60,2.38
1,61,3.13
1,62,3.33
1,63,2.08
1,64,5
1,65,3.13
1,66,6.25
1,67,5
1,68,2.17
1,69,2.08
1,70,2.94
1,71,2.94
1,72,3.85
1,73,2.17
1,74,5
1,75,7.14
1,76,3.57
1,77,2.94
1,78,3.85
1,79,3.13
1,80,2.94
1,81,4.55
1,82,4.17
1,83,3.13
1,84,4.55
1,85,4.55
1,86,2.27
1,87,5
1,88,5.56
1,89,4.55
1,90,2.08
1,91,2
1,92,8.33
1,93,2.08
1,94,5
1,95,7.14
1,96,3.57
1,97,5.56
1,98,5.56
1,99,2.27
1,100,5
1,101,5.56
1,102,7.14
1,103,2.08
1,104,3.85
1,105,2
1,106,4.55
1,107,2.27
1,108,3.85
1,109,3.33
1,110,5.56
1,111,2
1,112,3.33
1,113,7.14
1,114,2.63
1,115,2.17
1,116,4.17
1,117,5
1,118,4.55
1,119,3.33
1,120,2
1,121,3.85
1,122,6.25
1,123,2.94
1,124,3.33
1,125,4.17
1,126,10
1,127,10
1,128,5.56
1,129,2.08
1,130,3.33
1,131,2.08
1,132,2.27
1,133,4.17
1,134,2.94
1,135,2.94
1,136,2.27
1,137,5.56
1,138,2.94
1,139,2.27
1,140,2
1,141,3.33
1,142,4.17
1,143,4.55
1,144,5.56
1,145,3.57
1,146,6.25
1,147,4.17
1,148,3.57
1,149,2.38
1,150,5.56
1,151,2.63
1,152,3.57
1,153,2.5
1,154,10
1,155,5.56
1,156,2.94
1,157,4.17
1,158,3.13
1,159,2.94
1,160,2.17
1,161,4.55
1,162,5.56
1,163,3.57
1,164,3.33
1,165,7.14
1,166,6.25
1,167,2.38
1,168,8.33
1,169,10
1,170,6.25
1,171,8.33
1,172,3.85
1,173,5.56
1,174,4.55
1,175,2.5
1,176,4.55
1,177,2.5
1,178,2.08
1,179,4.17
1,180,2.94
1,181,3.13
1,182,6.25
1,183,2.63
1,184,3.33
1,185,2.38
1,186,5
1,187,8.33
1,188,10
1,189,3.57
1,190,3.13
1,191,2.78
1,192,10
1,193,3.85
1,194,2.5
1,195,3.13
1,196,2.27
1,197,7.14
1,198,2.08
1,199,8.33
1,200,2.17
1,201,2.94
1,202,7.14
1,203,2.78
1,204,5
1,205,2.78
1,206,3.33
1,207,2.94
1,208,2
1,209,2.5
1,210,2.38
1,211,3.85
1,212,2.63
1,213,2.94
1,214,3.33
1,215,2.17
1,216,2.94
1,217,7.14
1,218,2.38
1,219,7.14
1,220,2.78
1,221,7.14
1,222,3.33
1,223,8.33
1,224,2.63
1,225,10
1,226,2.08
1,227,2.94
1,228,3.85
1,229,2.63
1,230,4.55
1,231,2.63
1,232,10
1,233,10
1,234,3.13
1,235,3.85
1,236,2.38
1,237,2.94
1,238,5.56
1,239,2.63
1,240,4.17
1,241,5.56
1,242,2.78
1,243,2.08
1,244,3.85
1,245,2.38
1,246,3.13
1,247,3.13
1,248,3.57
1,249,2.38
1,250,4.17
1,251,2.17
1,252,4.17
1,253,2.38
1,254,2.5
1,255,2.78
1,256,2.94
1,257,2
1,258,5.56
1,259,4.55
1,260,3.85
1,261,6.25
1,262,2.5
1,263,2
1,264,2.5
1,265,2.38
1,266,5
1,267,5
1,268,5
1,269,2.94
1,270,2
1,271,3.33
1,272,2.63
1,273,8.33
1,274,2.78
1,275,3.57
1,276,2.94
1,277,2.38
1,278,2.94
1,279,10
1,280,3.33
1,281,3.57
1,282,5
1,283,3.85
1,284,4.55
1,285,4.17
1,286,5.56
1,287,4.17
1,288,3.85
1,289,2.94
1,290,4.17
1,291,2.17
1,292,2.94
1,293,2.94
1,294,2.5
1,295,10
1,296,2
1,297,2.63
1,298,3.57
1,299,3.13
1,300,3.13
1,301,2.63
1,302,2.63
1,303,2.94
1,304,2.94
1,305,7.14
1,306,7.14
1,307,5
1,308,2.5
1,309,5.56
1,310,2.17
1,311,2.94
1,312,6.25
1,313,2.63
1,314,5
1,315,4.17
1,316,2
1,317,2.5
1,318,3.13
1,319,2.17
1,320,2.38
1,321,2.94
1,322,2.08
1,323,5.56
1,324,3.57
1,325,3.57
1,326,3.33
1,327,10
1,328,2.17
1,329,10
1,330,3.57
1,331,7.14
1,332,3.85
1,333,2
1,334,2.5
1,335,3.13
1,336,3.13
1,337,2.38
1,338,6.25
1,339,5
1,340,2.27
1,341,5.56
1,342,2.08
1,343,10
1,344,3.33
1,345,3.85
1,346,5
1,347,4.55
1,348,3.85
1,349,5.56
1,350,2.27
1,351,8.33
1,352,5.56
1,353,4.55
1,354,2.63
1,355,2.5
1,356,8.33
1,357,3.13
1,358,2.08
1,359,3.57
1,360,3.13
1,361,2.17
1,362,3.13
1,363,2.08
1,364,3.33
1,365,4.55
1,366,3.33
1,367,6.25
1,368,3.57
1,369,2
1,370,2.63
1,371,3.13
1,372,5.56
1,373,2.38
1,374,4.55
1,375,3.85
1,376,2.17
1,377,2
1,378,2.5
1,379,4.55
1,380,3.57
1,381,2
1,382,2.94
1,383,2.17
1,384,2.5
1,385,2
1,386,3.33
1,387,3.13
1,388,5
1,389,2
1,390,2.17
1,391,2.94
1,392,2.94
1,393,4.17
1,394,7.14
1,395,2.78
1,396,2.94
1,397,7.14
1,398,5
1,399,3.13
1,400,4.55
1,401,3.57
1,402,3.13
1,403,2.27
1,404,3.13
1,405,7.14
1,406,8.33
1,407,2.94
1,408,2.5
1,409,7.14
1,410,3.85
1,411,5
1,412,7.14
1,413,3.57
1,414,10
1,415,3.57
1,416,10
1,417,2.17
1,418,3.33
1,419,2.17
1,420,4.55
1,421,5.56
1,422,4.17
1,423,5.56
1,424,2.27
1,425,4.55
1,426,2.27
1,427,2.94
1,428,2
1,429,2.5
1,430,2.78
1,431,2.17
1,432,3.57
1,433,4.17
1,434,2.78
1,435,2.08
1,436,2.17
1,437,4.55
1,438,2.38
1,439,3.13
1,440,7.14
1,441,2.27
1,442,2.08
1,443,3.57
1,444,4.55
1,445,10
1,446,4.55
1,447,10
1,448,2.08
1,449,5.56
1,450,4.55
1,451,2.17
1,452,4.17
1,453,2.17
1,454,3.85
1,455,2.17
1,456,4.17
1,457,2
1,458,4.17
1,459,2.5
1,460,4.17
1,461,2.38
1,462,2.38
1,463,4.55
1,464,7.14
1,465,5.56
1,466,2
1,467,3.33
1,468,2.63
1,469,5.56
1,470,2.94
1,471,2
1,472,2.78
1,473,2.27
1,474,6.25
1,475,2.5
1,476,7.14
1,477,3.85
1,478,3.57
1,479,3.33
1,480,2.38
1,481,3.85
1,482,8.33
1,483,3.57
1,484,2.38
1,485,2.08
1,486,10
1,487,2.63
1,488,2.08
1,489,3.57
1,490,3.13
1,491,6.25
1,492,5
1,493,2.08
1,494,2
1,495,3.33
1,496,3.33
1,497,7.14
1,498,3.57
1,499,6.25
1,500,2.78
2,1,2.63
2,2,2.94
2,3,2.5
2,4,2.63
2,5,2.08
2,6,3.57
2,7,5.56
2,8,2.5
2,9,3.85
2,10,5
2,11,10
2,12,2.08
2,13,4.17
2,14,6.25
2,15,5.56
2,16,5
2,17,2.27
2,18,3.57
2,19,2.27
2,20,3.85
2,21,4.55
2,22,2.63
2,23,2.5
2,24,2.5
2,25,8.33
2,26,4.17
2,27,10
2,28,2.17
2,29,7.14
2,30,6.25
2,31,10
2,32,2.08
2,33,4.55
2,34,2.78
2,35,2.17
2,36,3.13
2,37,2.94
2,38,8.33
2,39,2.78
2,40,3.57
2,41,4.55
2,42,3.57
2,43,7.14
2,44,7.14
2,45,2.63
2,46,2.38
2,47,8.33
2,48,6.25
2,49,8.33
2,50,5
2,51,2.27
2,52,7.14
2,53,3.33
2,54,3.13
2,55,2.63
2,56,5.56
2,57,2.27
2,58,4.55
2,59,2.63
2,60,3.57
2,61,2
2,62,5
2,63,2
2,64,2.5
2,65,4.17
2,66,2.38
2,67,4.17
2,68,2.63
2,69,5.56
2,70,2.5
2,71,8.33
2,72,6.25
2,73,2.94
2,74,3.85
2,75,3.57
2,76,8.33
2,77,10
2,78,5
2,79,6.25
2,80,7.14
2,81,2.5
2,82,2.38
2,83,2.38
2,84,2.27
2,85,5.56
2,86,4.55
2,87,8.33
2,88,4.55
2,89,2.94
2,90,6.25
2,91,6.25
2,92,5
2,93,4.17
2,94,8.33
2,95,4.55
2,96,6.25
2,97,2.17
2,98,2.78
2,99,5.56
2,100,2.38
2,101,10
2,102,3.85
2,103,2.08
2,104,3.33
2,105,10
2,106,7.14
2,107,8.33
2,108,2.78
2,109,3.85
2,110,3.57
2,111,2.38
2,112,6.25
2,113,4.55
2,114,5
2,115,5
2,116,3.13
2,117,3.85
2,118,2.27
2,119,5.56
2,120,2.27
2,121,2.38
2,122,10
2,123,4.17
2,124,2.27
2,125,4.17
2,126,7.14
2,127,4.55
2,128,2.27
2,129,5
2,130,3.85
2,131,5.56
2,132,4.55
2,133,3.85
2,134,3.33
2,135,7.14
2,136,2.63
2,137,6.25
2,138,3.33
2,139,2.63
2,140,2.94
2,141,3.33
2,142,2.94
2,143,8.33
2,144,2.63
2,145,2.38
2,146,3.13
2,147,2.08
2,148,3.13
2,149,2
2,150,2.17
2,151,2.94
2,152,6.25
2,153,2.27
2,154,8.33
2,155,2.38
2,156,2.5
2,157,3.57
2,158,2.17
2,159,2.17
2,160,2.5
2,161,2
2,162,2.08
2,163,4.17
2,164,2.38
2,165,4.17
2,166,2.38
2,167,10
2,168,2.78
2,169,5
2,170,2.38
2,171,3.13
2,172,2.17
2,173,4.17
2,174,7.14
2,175,2.27
2,176,2.08
2,177,3.57
2,178,2.17
2,179,2.94
2,180,2
2,181,4.55
2,182,2.94
2,183,7.14
2,184,10
2,185,3.13
2,186,4.17
2,187,2.94
2,188,5
2,189,2.38
2,190,7.14
2,191,3.57
2,192,6.25
2,193,2.17
2,194,2.38
2,195,2.63
2,196,5
2,197,2.17
2,198,3.13
2,199,5.56
2,200,5
2,201,7.14
2,202,2.27
2,203,2.63
2,204,5
2,205,10
2,206,3.57
2,207,2.38
2,208,2
2,209,3.33
2,210,2.38
2,211,2.17
2,212,3.85
2,213,2.27
2,214,8.33
2,215,4.55
2,216,6.25
2,217,3.57
2,218,2.38
2,219,2.27
2,220,6.25
2,221,10
2,222,3.13
2,223,6.25
2,224,3.33
2,225,8.33
2,226,5
2,227,2.17
2,228,4.55
2,229,8.33
2,230,2.27
2,231,2.94
2,232,2.94
2,233,4.17
2,234,10
2,235,2.27
2,236,5.56
2,237,2.94
2,238,2.63
2,239,6.25
2,240,3.33
2,241,6.25
2,242,2.38
2,243,5.56
2,244,10
2,245,3.33
2,246,2.63
2,247,5
2,248,3.13
2,249,5.56
2,250,2.94
2,251,3.33
2,252,2.08
2,253,2.78
2,254,2.08
2,255,3.33
2,256,10
2,257,10
2,258,3.33
2,259,8.33
2,260,4.55
2,261,2.17
2,262,5.56
2,263,3.33
2,264,5.56
2,265,2
2,266,6.25
2,267,2.27
2,268,7.14
2,269,2.27
2,270,2.63
2,271,4.17
2,272,5
2,273,8.33
2,274,2.27
2,275,2.38
2,276,2.08
2,277,2.27
2,278,2.78
2,279,6.25
2,280,7.14
2,281,2.08
2,282,6.25
2,283,2.5
2,284,2.08
2,285,3.85
2,286,4.55
2,287,10
2,288,8.33
2,289,6.25
2,290,8.33
2,291,3.13
2,292,2.38
2,293,4.17
2,294,4.17
2,295,3.13
2,296,2
2,297,4.17
2,298,2.38
2,299,6.25
2,300,2.38
2,301,10
2,302,2.38
2,303,7.14
2,304,2.94
2,305,2.78
2,306,2.38
2,307,2.5
2,308,5
2,309,7.14
2,310,2.08
2,311,2.63
2,312,7.14
2,313,2.08
2,314,2.38
2,315,2.63
2,316,2.27
2,317,2.5
2,318,8.33
2,319,8.33
2,320,10
2,321,2.78
2,322,10
2,323,10
2,324,6.25
2,325,3.33
2,326,2.78
2,327,2.38
2,328,4.55
2,329,2.5
2,330,2.27
2,331,8.33
2,332,7.14
2,333,4.55
2,334,5.56
2,335,10
2,336,2.27
2,337,2.5
2,338,10
2,339,8.33
2,340,2.78
2,341,6.25
2,342,3.85
2,343,5
2,344,7.14
2,345,10
2,346,10
2,347,2
2,348,3.13
2,349,3.13
2,350,2.78
2,351,2.17
2,352,3.57
2,353,10
2,354,2.94
2,355,2.17
2,356,10
2,357,3.33
2,358,2.17
2,359,4.17
2,360,4.55
2,361,5
2,362,2.17
2,363,4.55
2,364,2.27
2,365,4.17
2,366,2.17
2,367,4.55
2,368,7.14
2,369,2.08
2,370,4.17
2,371,2.08
2,372,2.78
2,373,4.55
2,374,6.25
2,375,2.08
2,376,2.08
2,377,10
2,378,7.14
2,379,2.27
2,380,2.5
2,381,2.27
2,382,2.17
2,383,6.25
2,384,10
2,385,5.56
2,386,4.17
2,387,5
2,388,5
2,389,3.85
2,390,2.38
2,391,10
2,392,5
2,393,10
2,394,2.5
2,395,2
2,396,7.14
2,397,3.85
2,398,2.38
2,399,2.08
2,400,2.78
2,401,3.57
2,402,5.56
2,403,2.94
2,404,7.14
2,405,8.33
2,406,2.5
2,407,3.33
2,408,8.33
2,409,5.56
2,410,10
2,411,3.85
2,412,2.94
2,413,2.17
2,414,4.55
2,415,2.17
2,416,5
2,417,3.57
2,418,10
2,419,5.56
2,420,2.94
2,421,3.13
2,422,2
2,423,5
2,424,2.63
2,425,2.17
2,426,2.38
2,427,8.33
2,428,7.14
2,429,8.33
2,430,5
2,431,2.5
2,432,3.85
2,433,3.85
2,434,2.17
2,435,2.08
2,436,4.17
2,437,10
2,438,2.27
2,439,3.57
2,440,4.55
2,441,5
2,442,2.63
2,443,2.38
2,444,6.25
2,445,7.14
2,446,2.27
2,447,3.13
2,448,5.56
2,449,3.13
2,450,4.17
2,451,7.14
2,452,5
2,453,4.17
2,454,2.78
2,455,4.55
2,456,2.17
2,457,2.78
2,458,4.17
2,459,2.17
2,460,2.5
2,461,5.56
2,462,6.25
2,463,10
2,464,10
2,465,2.5
2,466,3.57
2,467,5
2,468,10
2,469,3.33
2,470,2.63
2,471,2.27
2,472,2.63
2,473,3.13
2,474,7.14
2,475,2.63
2,476,4.17
2,477,3.85
2,478,2.17
2,479,8.33
2,480,2
2,481,5.56
2,482,3.57
2,483,4.55
2,484,10
2,485,2.78
2,486,3.57
2,487,2.63
2,488,3.85
2,489,8.33
2,490,2.08
2,491,3.33
2,492,3.57
2,493,2.27
2,494,2.17
2,495,2.94
2,496,2.5
2,497,4.17
2,498,2.08
2,499,3.57
2,500,2.5
3,1,2.27
3,2,4.55
3,3,2.17
3,4,5.56
3,5,2.17
3,6,4.17
3,7,2.38
3,8,2
3,9,3.57
3,10,6.25
3,11,3.33
3,12,2.08
3,13,2.38
3,14,2.17
3,15,2.27
3,16,2.78
3,17,2.5
3,18,10
3,19,6.25
3,20,4.55
3,21,3.33
3,22,6.25
3,23,2.94
3,24,2.94
3,25,7.14
3,26,8.33
3,27,4.55
3,28,6.25
3,29,3.57
3,30,7.14
3,31,7.14
3,32,4.55
3,33,2.63
3,34,7.14
3,35,2.08
3,36,5
3,37,8.33
3,38,2
3,39,2.78
3,40,8.33
3,41,3.57
3,42,3.85
3,43,4.55
3,44,2.63
3,45,4.17
3,46,2.27
3,47,5
3,48,2.94
3,49,3.85
3,50,2.78
3,51,2
3,52,2.94
3,53,8.33
3,54,3.57
3,55,3.57
3,56,2.63
3,57,2.5
3,58,8.33
3,59,2.94
3,60,4.55
3,61,2
3,62,3.13
3,63,5.56
3,64,3.57
3,65,3.57
3,66,4.17
3,67,6.25
3,68,3.13
3,69,5
3,70,10
3,71,4.55
3,72,2.27
3,73,3.13
3,74,3.57
3,75,2
3,76,2.27
3,77,7.14
3,78,8.33
3,79,10
3,80,2
3,81,2.27
3,82,6.25
3,83,2.78
3,84,6.25
3,85,3.33
3,86,2.38
3,87,7.14
3,88,10
3,89,3.85
3,90,2.17
3,91,5.56
3,92,2.78
3,93,10
3,94,7.14
3,95,2.5
3,96,2.63
3,97,3.85
3,98,5.56
3,99,10
3,100,2.94
3,101,2.78
3,102,5.56
3,103,2
3,104,6.25
3,105,2.94
3,106,5.56
3,107,3.13
3,108,2.38
3,109,3.85
3,110,4.55
3,111,5
3,112,2.5
3,113,2.78
3,114,3.33
3,115,6.25
3,116,2.63
3,117,6.25
3,118,5.56
3,119,3.85
3,120,5
3,121,4.55
3,122,2.38
3,123,2.38
3,124,10
3,125,2.78
3,126,2.08
3,127,2.5
3,128,2.5
3,129,2.78
3,130,3.57
3,131,2.63
3,132,4.55
3,133,3.33
3,134,2.94
3,135,3.57
3,136,8.33
3,137,4.17
3,138,2.5
3,139,8.33
3,140,4.17
3,141,2.38
3,142,4.55
3,143,2.08
3,144,3.13
3,145,2.38
3,146,6.25
3,147,3.85
3,148,2.38
3,149,3.33
3,150,5.56
3,151,2.38
3,152,3.13
3,153,3.85
3,154,8.33
3,155,5.56
3,156,2.38
3,157,2.5
3,158,3.33
3,159,3.85
3,160,2.94
3,161,5.56
3,162,8.33
3,163,2.38
3,164,2.5
3,165,8.33
3,166,2.38
3,167,10
3,168,2.94
3,169,4.55
3,170,4.17
3,171,8.33
3,172,2.27
3,173,4.55
3,174,2.78
3,175,2.63
3,176,5.56
3,177,3.13
3,178,3.85
3,179,2.94
3,180,3.13
3,181,3.33
3,182,3.85
3,183,3.33
3,184,6.25
3,185,6.25
3,186,5
3,187,2.27
3,188,2.17
3,189,4.55
3,190,3.33
3,191,8.33
3,192,2.78
3,193,2.5
3,194,4.55
3,195,2.17
3,196,5
3,197,3.85
3,198,7.14
3,199,2.38
3,200,2.38
3,201,2.78
3,202,6.25
3,203,2.08
3,204,2
3,205,4.55
3,206,4.55
3,207,2.78
3,208,2.27
3,209,7.14
3,210,2.5
3,211,6.25
3,212,2.78
3,213,6.25
3,214,4.17
3,215,4.17
3,216,2.5
3,217,4.55
3,218,2.5
3,219,2
3,220,2.78
3,221,4.17
3,222,4.17
3,223,3.13
3,224,6.25
3,225,5
3,226,2.27
3,227,2
3,228,4.17
3,229,3.57
3,230,2.38
3,231,7.14
3,232,4.17
3,233,2.27
3,234,8.33
3,235,8.33
3,236,2.5
3,237,2.63
3,238,5
3,239,8.33
3,240,4.55
3,241,4.55
3,242,2.63
3,243,2
3,244,10
3,245,2.27
3,246,3.33
3,247,7.14
3,248,3.85
3,249,2.38
3,250,4.17
3,251,5
3,252,2.27
3,253,5.56
3,254,2.17
3,255,6.25
3,256,5.56
3,257,2.08
3,258,8.33
3,259,3.13
3,260,3.33
3,261,6.25
3,262,2.17
3,263,4.55
3,264,8.33
3,265,10
3,266,8.33
3,267,8.33
3,268,5.56
3,269,7.14
3,270,3.57
3,271,2.94
3,272,2
3,273,2.5
3,274,8.33
3,275,3.85
3,276,2.38
3,277,3.85
3,278,2.27
3,279,4.17
3,280,2
3,281,3.85
3,282,5.56
3,283,3.33
3,284,2.38
3,285,2.5
3,286,2.78
3,287,7.14
3,288,2
3,289,3.57
3,290,3.13
3,291,3.13
3,292,3.13
3,293,3.57
3,294,5.56
3,295,2.38
3,296,2.5
3,297,8.33
3,298,2
3,299,2.38
3,300,2.5
3,301,2.63
3,302,2.27
3,303,2.08
3,304,5
3,305,2.08
3,306,2
3,307,7.14
3,308,3.13
3,309,2.38
3,310,2.5
3,311,10
3,312,7.14
3,313,2.08
3,314,2.27
3,315,3.33
3,316,2.78
3,317,6.25
3,318,2.08
3,319,4.55
3,320,2.63
3,321,2.5
3,322,5
3,323,3.33
3,324,2
3,325,10
3,326,3.33
3,327,4.55
3,328,6.25
3,329,3.13
3,330,4.55
3,331,6.25
3,332,3.57
3,333,4.17
3,334,2.78
3,335,8.33
3,336,3.57
3,337,2.08
3,338,8.33
3,339,2.38
3,340,4.17
3,341,2
3,342,2.17
3,343,5.56
3,344,6.25
3,345,2.78
3,346,4.55
3,347,2
3,348,5.56
3,349,3.57
3,350,2.63
3,351,6.25
3,352,2.94
3,353,3.33
3,354,5
3,355,2.63
3,356,2.08
3,357,6.25
3,358,5
3,359,2.38
3,360,3.33
3,361,3.57
3,362,2.78
3,363,3.57
3,364,2.78
3,365,5
3,366,2.94
3,367,3.13
3,368,6.25
3,369,3.57
3,370,4.17
3,371,3.85
3,372,10
3,373,2.38
3,374,4.55
3,375,10
3,376,3.13
3,377,4.17
3,378,8.33
3,379,6.25
3,380,2.17
3,381,2.17
3,382,2.17
3,383,2.63
3,384,5
3,385,4.17
3,386,2.27
3,387,10
3,388,2.78
3,389,2.27
3,390,4.17
3,391,7.14
3,392,3.33
3,393,2.17
3,394,3.57
3,395,2.17
3,396,2.38
3,397,3.13
3,398,3.57
3,399,2.27
3,400,5
3,401,2.17
3,402,8.33
3,403,7.14
3,404,2.94
3,405,3.13
3,406,8.33
3,407,5
3,408,2.5
3,409,5
3,410,10
3,411,2.08
3,412,2.63
3,413,3.57
3,414,2.27
3,415,2.17
3,416,6.25
3,417,2.08
3,418,6.25
3,419,3.57
3,420,7.14
3,421,8.33
3,422,6.25
3,423,5
3,424,2.63
3,425,2.63
3,426,2.17
3,427,5.56
3,428,7.14
3,429,3.85
3,430,5
3,431,8.33
3,432,7.14
3,433,5
3,434,3.85
3,435,8.33
3,436,3.57
3,437,4.55
3,438,5
3,439,2.08
3,440,5
3,441,6.25
3,442,2.08
3,443,2.94
3,444,3.13
3,445,3.13
3,446,2
3,447,2.63
3,448,3.85
3,449,7.14
3,450,7.14
3,451,6.25
3,452,2.94
3,453,2
3,454,3.85
3,455,2.78
3,456,4.17
3,457,8.33
3,458,2
3,459,4.55
3,460,2
3,461,8.33
3,462,8.33
3,463,6.25
3,464,2.27
3,465,8.33
3,466,2.63
3,467,3.13
3,468,2.5
3,469,2.63
3,470,2.78
3,471,7.14
3,472,5.56
3,473,5.56
3,474,2.08
3,475,7.14
3,476,3.13
3,477,2.78
3,478,3.33
3,479,4.55
3,480,5
3,481,10
3,482,3.57
3,483,2
3,484,2.78
3,485,5.56
3,486,5.56
3,487,5.56
3,488,2.94
3,489,2.94
3,490,5
3,491,7.14
3,492,7.14
3,493,8.33
3,494,2.38
3,495,4.17
3,496,3.57
3,497,3.57
3,498,4.17
3,499,2
3,500,10
4,1,3.85
4,2,2.27
4,3,3.33
4,4,10
4,5,3.13
4,6,6.25
4,7,3.85
4,8,4.55
4,9,5.56
4,10,3.33
4,11,6.25
4,12,2
4,13,2.63
4,14,3.13
4,15,2.94
4,16,7.14
4,17,2.38
4,18,5.56
4,19,5.56
4,20,2.27
4,21,3.33
4,22,5
4,23,3.85
4,24,10
4,25,2.17
4,26,2.17
4,27,4.55
4,28,5.56
4,29,10
4,30,2.08
4,31,2.5
4,32,2.27
4,33,2.17
4,34,3.57
4,35,2.17
4,36,2.08
4,37,2.17
4,38,8.33
4,39,2.63
4,40,2.27
4,41,7.14
4,42,2
4,43,6.25
4,44,5.56
4,45,2.17
4,46,10
4,47,3.13
4,48,2.78
4,49,2.63
4,50,2.94
4,51,10
4,52,2.38
4,53,2.17
4,54,2.94
4,55,10
4,56,2.38
4,57,8.33
4,58,3.33
4,59,2.27
4,60,10
4,61,3.57
4,62,5.56
4,63,2.08
4,64,3.13
4,65,5
4,66,2.78
4,67,2.94
4,68,2.78
4,69,3.13
4,70,2.5
4,71,2.38
4,72,4.17
4,73,7.14
4,74,7.14
4,75,3.85
4,76,2.08
4,77,2.5
4,78,2.94
4,79,7.14
4,80,4.55
4,81,2.17
4,82,10
4,83,4.55
4,84,3.33
4,85,2.63
4,86,2.38
4,87,3.33
4,88,2.94
4,89,5
4,90,7.14
4,91,2.38
4,92,2.5
4,93,5
4,94,2.27
4,95,3.33
4,96,6.25
4,97,2.17
4,98,2.63
4,99,2.5
4,100,2.27
4,101,2.38
4,102,2
4,103,4.55
4,104,7.14
4,105,3.85
4,106,7.14
4,107,2.78
4,108,3.57
4,109,4.55
4,110,2.17
4,111,3.57
4,112,3.13
4,113,5
4,114,3.85
4,115,3.57
4,116,2.5
4,117,2.27
4,118,3.13
4,119,2
4,120,2.38
4,121,2.63
4,122,2.5
4,123,2.94
4,124,4.17
4,125,10
4,126,2.63
4,127,2.08
4,128,2.5
4,129,2.78
4,130,10
4,131,4.17
4,132,8.33
4,133,2.38
4,134,5.56
4,135,8.33
4,136,2.38
4,137,2.94
4,138,2.38
4,139,3.13
4,140,2.94
4,141,3.33
4,142,2.94
4,143,3.85
4,144,2.27
4,145,3.13
4,146,7.14
4,147,5
4,148,4.55
4,149,10
4,150,2.5
4,151,6.25
4,152,2
4,153,2.38
4,154,3.13
4,155,2.5
4,156,4.17
4,157,3.57
4,158,4.55
4,159,7.14
4,160,5
4,161,2.63
4,162,5
4,163,4.17
4,164,5.56
4,165,2.08
4,166,2.5
4,167,3.57
4,168,2.38
4,169,2.08
4,170,6.25
4,171,2
4,172,3.57
4,173,5.56
4,174,2.5
4,175,4.17
4,176,5.56
4,177,2.63
4,178,3.57
4,179,2.27
4,180,2.94
4,181,2.27
4,182,2.94
4,183,2.08
4,184,6.25
4,185,5.56
4,186,3.57
4,187,3.33
4,188,2.17
4,189,2.27
4,190,2.94
4,191,2.78
4,192,10
4,193,4.17
4,194,5
4,195,2.5
4,196,2.94
4,197,5.56
4,198,6.25
4,199,2.63
4,200,2.17
4,201,3.33
4,202,2.38
4,203,6.25
4,204,2.94
4,205,8.33
4,206,7.14
4,207,8.33
4,208,7.14
4,209,4.55
4,210,5.56
4,211,2.5
4,212,2.08
4,213,5.56
4,214,7.14
4,215,7.14
4,216,5.56
4,217,8.33
4,218,7.14
4,219,4.17
4,220,3.13
4,221,2.27
4,222,5
4,223,5.56
4,224,2.27
4,225,2.17
4,226,2.38
4,227,3.85
4,228,8.33
4,229,2.38
4,230,6.25
4,231,2
4,232,2.94
4,233,2.5
4,234,2.63
4,235,2.38
4,236,8.33
4,237,4.55
4,238,6.25
4,239,3.13
4,240,3.85
4,241,2.38
4,242,5
4,243,4.55
4,244,2.63
4,245,3.85
4,246,3.85
4,247,3.33
4,248,2.17
4,249,3.33
4,250,3.57
4,251,7.14
4,252,2.5
4,253,2.78
4,254,4.17
4,255,3.85
4,256,2.08
4,257,2.27
4,258,3.57
4,259,3.85
4,260,5
4,261,8.33
4,262,3.85
4,263,2.17
4,264,2.17
4,265,10
4,266,7.14
4,267,8.33
4,268,3.33
4,269,2.5
4,270,3.13
4,271,5.56
4,272,5
4,273,4.17
4,274,2.17
4,275,2.94
4,276,10
4,277,3.85
4,278,8.33
4,279,2.38
4,280,2.17
4,281,2.5
4,282,2.38
4,283,3.33
4,284,3.13
4,285,2.27
4,286,5
4,287,6.25
4,288,5.56
4,289,2.08
4,290,2.27
4,291,3.33
4,292,2.17
4,293,2
4,294,2.27
4,295,3.57
4,296,3.13
4,297,5
4,298,8.33
4,299,6.25
4,300,2
4,301,5.56
4,302,4.17
4,303,3.33
4,304,3.85
4,305,8.33
4,306,2.17
4,307,5.56
4,308,6.25
4,309,2.08
4,310,2.78
4,311,2.78
4,312,2.08
4,313,5.56
4,314,2.5
4,315,2.63
4,316,5.56
4,317,2.94
4,318,10
4,319,7.14
4,320,2.38
4,321,2.94
4,322,2.08
4,323,7.14
4,324,2.17
4,325,3.13
4,326,10
4,327,10
4,328,3.33
4,329,2.63
4,330,2.78
4,331,5
4,332,5.56
4,333,5.56
4,334,3.85
4,335,6.25
4,336,3.57
4,337,4.17
4,338,2.78
4,339,3.57
4,340,2
4,341,5
4,342,2.27
4,343,2.08
4,344,4.17
4,345,2
4,346,2
4,347,2.27
4,348,10
4,349,4.55
4,350,5.56
4,351,2.17
4,352,2.94
4,353,10
4,354,2.63
4,355,2.17
4,356,3.33
4,357,2.78
4,358,2.17
4,359,2.38
4,360,10
4,361,2.5
4,362,5.56
4,363,2.08
4,364,2.17
4,365,2.63
4,366,3.57
4,367,10
4,368,2.38
4,369,2.27
4,370,5.56
4,371,2.5
4,372,4.55
4,373,4.17
4,374,2.17
4,375,2.38
4,376,8.33
4,377,5
4,378,5
4,379,2.38
4,380,4.17
4,381,2.08
4,382,2.38
4,383,4.17
4,384,6.25
4,385,4.17
4,386,8.33
4,387,2.17
4,388,2.5
4,389,8.33
4,390,2.17
4,391,5
4,392,2
4,393,2.27
4,394,2.27
4,395,6.25
4,396,2.78
4,397,10
4,398,8.33
4,399,5.56
4,400,2.17
4,401,2.08
4,402,2.17
4,403,4.17
4,404,2.38
4,405,5
4,406,6.25
4,407,2.38
4,408,6.25
4,409,2.27
4,410,3.57
4,411,2.78
4,412,2.5
4,413,2.27
4,414,10
4,415,4.17
4,416,3.57
4,417,5
4,418,2.27
4,419,2.5
4,420,7.14
4,421,4.17
4,422,3.57
4,423,7.14
4,424,3.13
4,425,2.78
4,426,3.33
4,427,7.14
4,428,5
4,429,2.38
4,430,8.33
4,431,3.13
4,432,6.25
4,433,5
4,434,2.27
4,435,3.13
4,436,10
4,437,4.55
4,438,4.17
4,439,2.5
4,440,10
4,441,2.17
4,442,2.27
4,443,2.78
4,444,2.5
4,445,2.78
4,446,2
4,447,5
4,448,10
4,449,2.63
4,450,2.63
4,451,2.94
4,452,6.25
4,453,7.14
4,454,2.94
4,455,8.33
4,456,4.55
4,457,5
4,458,2.38
4,459,3.85
4,460,2.17
4,461,3.57
4,462,2.5
4,463,3.57
4,464,5.56
4,465,7.14
4,466,2.17
4,467,8.33
4,468,7.14
4,469,3.13
4,470,4.55
4,471,3.85
4,472,5.56
4,473,2.38
4,474,2.63
4,475,2.78
4,476,2.38
4,477,4.17
4,478,3.57
4,479,2.5
4,480,4.55
4,481,10
4,482,10
4,483,2.08
4,484,2.5
4,485,2.17
4,486,2.94
4,487,3.85
4,488,3.33
4,489,10
4,490,5.56
4,491,10
4,492,3.13
4,493,3.33
4,494,4.55
4,495,2.63
4,496,6.25
4,497,2.63
4,498,2.63
4,499,2
4,500,4.55
5,1,2.63
5,2,5.56
5,3,2.38
5,4,2.38
5,5,2
5,6,4.55
5,7,4.17
5,8,6.25
5,9,6.25
5,10,3.13
5,11,5
5,12,2.5
5,13,2.17
5,14,6.25
5,15,3.13
5,16,2.08
5,17,3.85
5,18,3.33
5,19,2.5
5,20,3.85
5,21,4.17
5,22,2.78
5,23,4.17
5,24,2.78
5,25,2.17
5,26,3.13
5,27,5
5,28,8.33
5,29,2.5
5,30,5.56
5,31,8.33
5,32,8.33
5,33,5.56
5,34,3.57
5,35,2.27
5,36,10
5,37,2.78
5,38,2.78
5,39,3.33
5,40,2.78
5,41,2.63
5,42,3.33
5,43,3.85
5,44,7.14
5,45,5.56
5,46,3.33
5,47,5
5,48,6.25
5,49,10
5,50,7.14
5,51,6.25
5,52,2
5,53,2.17
5,54,5
5,55,2.08
5,56,7.14
5,57,3.85
5,58,4.55
5,59,2.08
5,60,3.33
5,61,2.17
5,62,3.13
5,63,7.14
5,64,5
5,65,3.13
5,66,4.55
5,67,2.27
5,68,5.56
5,69,2
5,70,6.25
5,71,3.85
5,72,3.33
5,73,5.56
5,74,2
5,75,2.5
5,76,2.38
5,77,5.56
5,78,2.94
5,79,10
5,80,5
5,81,2.17
5,82,2.38
5,83,2.08
5,84,2.63
5,85,5.56
5,86,2.08
5,87,4.55
5,88,3.13
5,89,2.5
5,90,10
5,91,5.56
5,92,2.78
5,93,3.85
5,94,10
5,95,3.33
5,96,2.38
5,97,10
5,98,2.78
5,99,2.38
5,100,3.13
5,101,3.33
5,102,2.08
5,103,2.94
5,104,3.85
5,105,5.56
5,106,3.13
5,107,7.14
5,108,2.94
5,109,3.13
5,110,2.94
5,111,5.56
5,112,4.55
5,113,2.27
5,114,2.08
5,115,5
5,116,6.25
5,117,2.5
5,118,2.94
5,119,3.13
5,120,2.5
5,121,3.57
5,122,2.27
5,123,4.17
5,124,8.33
5,125,6.25
5,126,3.33
5,127,2.78
5,128,8.33
5,129,2
5,130,4.55
5,131,4.55
5,132,2
5,133,2.94
5,134,2.08
5,135,2.78
5,136,4.17
5,137,2.63
5,138,8.33
5,139,2.17
5,140,2.17
5,141,2.78
5,142,2
5,143,2.5
5,144,4.17
5,145,8.33
5,146,3.13
5,147,2.63
5,148,2
5,149,10
5,150,4.17
5,151,6.25
5,152,3.57
5,153,3.13
5,154,2.63
5,155,4.17
5,156,2.63
5,157,2.78
5,158,2
5,159,7.14
5,160,3.13
5,161,3.85
5,162,4.55
5,163,3.85
5,164,3.13
5,165,2.17
5,166,2.78
5,167,4.55
5,168,5
5,169,8.33
5,170,4.55
5,171,2.94
5,172,5.56
5,173,5.56
5,174,10
5,175,5.56
5,176,3.33
5,177,7.14
5,178,2.38
5,179,3.85
5,180,6.25
5,181,2.17
5,182,8.33
5,183,2.94
5,184,2.17
5,185,2.27
5,186,5.56
5,187,2.17
5,188,3.33
5,189,3.57
5,190,2.5
5,191,10
5,192,7.14
5,193,7.14
5,194,5.56
5,195,5
5,196,2.63
5,197,3.13
5,198,10
5,199,2.63
5,200,2.17
5,201,2.27
5,202,7.14
5,203,6.25
5,204,5.56
5,205,5.56
5,206,8.33
5,207,2.63
5,208,3.57
5,209,5.56
5,210,2.94
5,211,2.27
5,212,2
5,213,4.55
5,214,3.33
5,215,2
5,216,3.85
5,217,2.27
5,218,5
5,219,10
5,220,3.85
5,221,3.13
5,222,5
5,223,3.85
5,224,4.17
5,225,3.57
5,226,2.27
5,227,5.56
5,228,10
5,229,2.27
5,230,2.78
5,231,8.33
5,232,2.17
5,233,6.25
5,234,7.14
5,235,2.38
5,236,2.94
5,237,2.5
5,238,2.63
5,239,2.5
5,240,3.33
5,241,2
5,242,4.55
5,243,2
5,244,2.78
5,245,2.17
5,246,3.33
5,247,4.55
5,248,3.33
5,249,10
5,250,2.94
5,251,2.27
5,252,4.17
5,253,5.56
5,254,2.78
5,255,2.94
5,256,2.5
5,257,2.38
5,258,10
5,259,10
5,260,2.5
5,261,4.55
5,262,2.08
5,263,10
5,264,7.14
5,265,2.17
5,266,2.08
5,267,5.56
5,268,3.13
5,269,7.14
5,270,3.13
5,271,2.94
5,272,4.55
5,273,2.78
5,274,6.25
5,275,2.17
5,276,6.25
5,277,3.13
5,278,3.33
5,279,2
5,280,3.57
5,281,8.33
5,282,3.57
5,283,2.94
5,284,2.5
5,285,3.33
5,286,6.25
5,287,6.25
5,288,3.57
5,289,3.33
5,290,3.13
5,291,2.5
5,292,2.38
5,293,6.25
5,294,5
5,295,2.94
5,296,5.56
5,297,2.78
5,298,4.17
5,299,2.27
5,300,2.94
5,301,3.57
5,302,3.57
5,303,2
5,304,7.14
5,305,3.57
5,306,2.27
5,307,2.27
5,308,4.17
5,309,2.27
5,310,4.55
5,311,2.63
5,312,4.17
5,313,5
5,314,3.57
5,315,3.13
5,316,2.63
5,317,3.13
5,318,4.17
5,319,2.94
5,320,5
5,321,2.27
5,322,3.57
5,323,2.38
5,324,2.5
5,325,5
5,326,7.14
5,327,5
5,328,4.55
5,329,4.17
5,330,2.63
5,331,2.5
5,332,2
5,333,8.33
5,334,7.14
5,335,4.55
5,336,2.63
5,337,2
5,338,2.38
5,339,5
5,340,5.56
5,341,4.17
5,342,2.17
5,343,2.63
5,344,3.57
5,345,2.78
5,346,2
5,347,2
5,348,4.17
5,349,2.63
5,350,7.14
5,351,8.33
5,352,2.94
5,353,2.08
5,354,5
5,355,3.57
5,356,3.85
5,357,10
5,358,2.78
5,359,2.08
5,360,10
5,361,2.5
5,362,7.14
5,363,3.33
5,364,7.14
5,365,2.27
5,366,3.57
5,367,3.57
5,368,2.63
5,369,5.56
5,370,3.85
5,371,5.56
5,372,4.55
5,373,2.78
5,374,3.33
5,375,2.78
5,376,6.25
5,377,3.85
5,378,2.17
5,379,10
5,380,8.33
5,381,2.38
5,382,2.78
5,383,2.38
5,384,7.14
5,385,3.57
5,386,2.5
5,387,2.5
5,388,2.17
5,389,2.08
5,390,7.14
5,391,2.63
5,392,3.33
5,393,2
5,394,3.85
5,395,3.33
5,396,3.85
5,397,2.5
5,398,5.56
5,399,3.57
5,400,10
5,401,6.25
5,402,3.85
5,403,2.08
5,404,2.78
5,405,4.55
5,406,5
5,407,2.38
5,408,2
5,409,2.08
5,410,5.56
5,411,2.5
5,412,2.17
5,413,8.33
5,414,2.17
5,415,3.33
5,416,5.56
5,417,5
5,418,2.17
5,419,3.13
5,420,7.14
5,421,5.56
5,422,3.33
5,423,8.33
5,424,2.94
5,425,2.94
5,426,2
5,427,2.08
5,428,5
5,429,2.78
5,430,8.33
5,431,2.78
5,432,5
5,433,2
5,434,3.57
5,435,3.85
5,436,5
5,437,2.38
5,438,6.25
5,439,2.94
5,440,3.57
5,441,4.55
5,442,2
5,443,2.08
5,444,2
5,445,2
5,446,2
5,447,3.57
5,448,3.33
5,449,2.17
5,450,5.56
5,451,3.13
5,452,3.33
5,453,2.38
5,454,2.78
5,455,2.94
5,456,3.85
5,457,10
5,458,4.17
5,459,3.13
5,460,5
5,461,2.27
5,462,2.17
5,463,3.57
5,464,2.94
5,465,8.33
5,466,3.57
5,467,2.17
5,468,2.63
5,469,6.25
5,470,3.57
5,471,4.17
5,472,2.78
5,473,3.57
5,474,7.14
5,475,5.56
5,476,5.56
5,477,2.63
5,478,2.5
5,479,10
5,480,2.17
5,481,2.17
5,482,2.78
5,483,5
5,484,10
5,485,5.56
5,486,2.5
5,487,10
5,488,2.5
5,489,2.08
5,490,6.25
5,491,2.08
5,492,3.33
5,493,2.63
5,494,2.63
5,495,2.5
5,496,3.13
5,497,2.63
5,498,3.33
5,499,5.56
5,500,2.17
6,1,3.13
6,2,7.14
6,3,8.33
6,4,2
6,5,2.27
6,6,7.14
6,7,10
6,8,2.08
6,9,3.13
6,10,2.5
6,11,8.33
6,12,5.56
6,13,2.38
6,14,2.78
6,15,4.55
6,16,8.33
6,17,2.78
6,18,2.17
6,19,2.27
6,20,2.38
6,21,2.94
6,22,4.17
6,23,6.25
6,24,5
6,25,2
6,26,2.08
6,27,2.08
6,28,3.85
6,29,2.5
6,30,2.78
6,31,3.85
6,32,2.94
6,33,2.27
6,34,3.85
6,35,2.38
6,36,2.78
6,37,2.94
6,38,2.38
6,39,3.33
6,40,2.08
6,41,5.56
6,42,2.63
6,43,3.85
6,44,6.25
6,45,2
6,46,3.57
6,47,2.08
6,48,2.08
6,49,3.85
6,50,2.5
6,51,2.5
6,52,2.94
6,53,5
6,54,7.14
6,55,2.08
6,56,2.5
6,57,4.55
6,58,2.17
6,59,6.25
6,60,7.14
6,61,2.08
6,62,2.78
6,63,6.25
6,64,2.94
6,65,5
6,66,2.27
6,67,8.33
6,68,2.17
6,69,2.63
6,70,2.17
6,71,3.33
6,72,3.13
6,73,7.14
6,74,4.55
6,75,3.13
6,76,10
6,77,2.78
6,78,2.38
6,79,8.33
6,80,6.25
6,81,2.08
6,82,4.17
6,83,10
6,84,5
6,85,5
6,86,3.13
6,87,10
6,88,6.25
6,89,2.17
6,90,3.13
6,91,5.56
6,92,7.14
6,93,2.78
6,94,2.27
6,95,5.56
6,96,7.14
6,97,3.85
6,98,2.5
6,99,2.08
6,100,2.5
6,101,8.33
6,102,3.33
6,103,10
6,104,4.17
6,105,2
6,106,2.78
6,107,2.63
6,108,3.57
6,109,3.33
6,110,2.5
6,111,4.55
6,112,2.5
6,113,2.27
6,114,5
6,115,2.27
6,116,2.94
6,117,3.85
6,118,3.33
6,119,5
6,120,4.55
6,121,10
6,122,5
6,123,3.33
6,124,3.33
6,125,2.27
6,126,2.27
6,127,2.63
6,128,3.33
6,129,2.63
6,130,2.63
6,131,2.08
6,132,3.33
6,133,2.78
6,134,4.55
6,135,3.33
6,136,7.14
6,137,5
6,138,2.78
6,139,8.33
6,140,3.57
6,141,8.33
6,142,2.17
6,143,2.38
6,144,3.13
6,145,2.17
6,146,7.14
6,147,6.25
6,148,3.57
6,149,5
6,150,3.57
6,151,2.94
6,152,3.85
6,153,5.56
6,154,2.08
6,155,10
6,156,4.55
6,157,2.17
6,158,4.17
6,159,3.85
6,160,3.85
6,161,3.57
6,162,3.13
6,163,4.17
6,164,2.5
6,165,3.13
6,166,2.08
6,167,4.55
6,168,8.33
6,169,2.94
6,170,3.85
6,171,2.63
6,172,3.85
6,173,2.08
6,174,7.14
6,175,3.13
6,176,2.5
6,177,2.17
6,178,2.94
6,179,3.85
6,180,2.94
6,181,2.78
6,182,10
6,183,2.38
6,184,4.17
6,185,5.56
6,186,2.78
6,187,2.94
6,188,7.14
6,189,3.33
6,190,2.94
6,191,2.17
6,192,4.55
6,193,2.17
6,194,2.38
6,195,2.38
6,196,2.27
6,197,6.25
6,198,3.33
6,199,8.33
6,200,2.78
6,201,4.55
6,202,3.13
6,203,3.85
6,204,2.17
6,205,6.25
6,206,6.25
6,207,10
6,208,8.33
6,209,8.33
6,210,2.17
6,211,3.57
6,212,8.33
6,213,2.5
6,214,2.63
6,215,10
6,216,2
6,217,5.56
6,218,2.78
6,219,5
6,220,2
6,221,6.25
6,222,4.17
6,223,4.17
6,224,3.33
6,225,3.13
6,226,4.17
6,227,2.08
6,228,3.33
6,229,6.25
6,230,2.63
6,231,2.17
6,232,5
6,233,2.78
6,234,2.38
6,235,8.33
6,236,3.85
6,237,2.5
6,238,2
6,239,2.94
6,240,2.94
6,241,4.55
6,242,7.14
6,243,5
6,244,3.57
6,245,2.17
6,246,3.13
6,247,7.14
6,248,3.85
6,249,3.85
6,250,8.33
6,251,2.5
6,252,2.27
6,253,5
6,254,10
6,255,4.17
6,256,2.38
6,257,7.14
6,258,2.63
6,259,8.33
6,260,2.5
6,261,5
6,262,2.38
6,263,3.85
6,264,6.25
6,265,2.5
6,266,2.94
6,267,3.57
6,268,4.17
6,269,10
6,270,3.57
6,271,2.38
6,272,7.14
6,273,2
6,274,2.27
6,275,2.78
6,276,7.14
6,277,3.33
6,278,2.94
6,279,2.17
6,280,2.27
6,281,6.25
6,282,2.27
6,283,4.17
6,284,2.5
6,285,2.38
6,286,2.17
6,287,6.25
6,288,5
6,289,2
6,290,2.78
6,291,2
6,292,3.13
6,293,7.14
6,294,2
6,295,2.94
6,296,2.08
6,297,4.55
6,298,6.25
6,299,2.08
6,300,5.56
6,301,2
6,302,2.94
6,303,2.38
6,304,2.38
6,305,2.5
6,306,2.27
6,307,2.94
6,308,5.56
6,309,4.17
6,310,2.78
6,311,2.63
6,312,2.78
6,313,3.85
6,314,3.33
6,315,2.94
6,316,2.17
6,317,2
6,318,2.5
6,319,10
6,320,2.27
6,321,4.55
6,322,2.63
6,323,2.38
6,324,8.33
6,325,3.33
6,326,3.33
6,327,3.33
6,328,3.13
6,329,2.78
6,330,2.78
6,331,4.17
6,332,2.08
6,333,5.56
6,334,2
6,335,3.57
6,336,2
6,337,2.63
6,338,3.85
6,339,3.13
6,340,7.14
6,341,4.55
6,342,2.94
6,343,4.55
6,344,4.17
6,345,5.56
6,346,3.33
6,347,2.38
6,348,2.38
6,349,2.78
6,350,2.27
6,351,2.27
6,352,2.63
6,353,4.17
6,354,2.27
6,355,5.56
6,356,2.78
6,357,2.38
6,358,7.14
6,359,4.55
6,360,3.13
6,361,4.55
6,362,5.56
6,363,10
6,364,7.14
6,365,4.55
6,366,4.17
6,367,2.08
6,368,5
6,369,4.55
6,370,5.56
6,371,5
6,372,2.63
6,373,7.14
6,374,2.38
6,375,2.27
6,376,7.14
6,377,2.08
6,378,2.63
6,379,2.17
6,380,2.27
6,381,7.14
6,382,4.55
6,383,2
6,384,2.08
6,385,2.27
6,386,2.5
6,387,2
6,388,6.25
6,389,10
6,390,5
6,391,2.27
6,392,2
6,393,3.57
6,394,3.13
6,395,3.57
6,396,2
6,397,2.38
6,398,3.33
6,399,5.56
6,400,6.25
6,401,2.27
6,402,2.78
6,403,2.63
6,404,3.13
6,405,2.5
6,406,3.85
6,407,3.33
6,408,10
6,409,2
6,410,7.14
6,411,2.17
6,412,5
6,413,4.17
6,414,4.17
6,415,5.56
6,416,2
6,417,2.38
6,418,10
6,419,2.27
6,420,4.55
6,421,3.57
6,422,6.25
6,423,2.08
6,424,8.33
6,425,4.17
6,426,3.13
6,427,4.55
6,428,10
6,429,2.08
6,430,3.85
6,431,2.78
6,432,2.38
6,433,5.56
6,434,5
6,435,2.63
6,436,5
6,437,2.94
6,438,6.25
6,439,7.14
6,440,6.25
6,441,3.85
6,442,7.14
6,443,2.63
6,444,7.14
6,445,2.63
6,446,6.25
6,447,10
6,448,3.33
6,449,3.13
6,450,3.13
6,451,2.78
6,452,2.17
6,453,5
6,454,2.38
6,455,6.25
6,456,2.78
6,457,10
6,458,3.57
6,459,7.14
6,460,4.55
6,461,2.63
6,462,10
6,463,3.33
6,464,2.94
6,465,3.85
6,466,5.56
6,467,2.38
6,468,5
6,469,5.56
6,470,2.78
6,471,4.17
6,472,3.33
6,473,4.55
6,474,7.14
6,475,3.85
6,476,2.78
6,477,10
6,478,2.94
6,479,2.63
6,480,10
6,481,3.85
6,482,4.17
6,483,2.27
6,484,3.85
6,485,3.85
6,486,2.63
6,487,7.14
6,488,2
6,489,2.17
6,490,2.08
6,491,3.13
6,492,4.55
6,493,3.33
6,494,4.55
6,495,2.78
6,496,2.27
6,497,2.38
6,498,7.14
6,499,3.13
6,500,5
7,1,2.08
7,2,3.85
7,3,3.33
7,4,2.78
7,5,6.25
7,6,4.17
7,7,2.38
7,8,10
7,9,3.13
7,10,2
7,11,4.55
7,12,2.08
7,13,3.13
7,14,2.5
7,15,2.78
7,16,2.5
7,17,2.38
7,18,8.33
7,19,5
7,20,3.85
7,21,5
7,22,2.5
7,23,3.85
7,24,2
7,25,2.17
7,26,4.17
7,27,4.55
7,28,6.25
7,29,5
7,30,10
7,31,10
7,32,3.85
7,33,8.33
7,34,2
7,35,10
7,36,2.38
7,37,2.5
7,38,5.56
7,39,4.17
7,40,2
7,41,2.27
7,42,2.94
7,43,2
7,44,2.78
7,45,3.57
7,46,3.57
7,47,7.14
7,48,7.14
7,49,2.78
7,50,8.33
7,51,2.63
7,52,10
7,53,6.25
7,54,7.14
7,55,6.25
7,56,10
7,57,2.94
7,58,2.17
7,59,3.33
7,60,7.14
7,61,3.13
7,62,2.08
7,63,3.57
7,64,3.57
7,65,3.85
7,66,2.17
7,67,4.17
7,68,8.33
7,69,3.33
7,70,2.08
7,71,3.13
7,72,2.27
7,73,5.56
7,74,3.13
7,75,3.13
7,76,2.78
7,77,3.85
7,78,2.94
7,79,8.33
7,80,2.63
7,81,2.27
7,82,2.38
7,83,3.33
7,84,2.38
7,85,2.94
7,86,3.57
7,87,2.38
7,88,2.94
7,89,6.25
7,90,2.08
7,91,2.38
7,92,10
7,93,3.13
7,94,3.33
7,95,2.94
7,96,2.17
7,97,2.78
7,98,6.25
7,99,2.38
7,100,2.5
7,101,2.17
7,102,3.85
7,103,2.38
7,104,3.33
7,105,3.57
7,106,2.78
7,107,2.27
7,108,2
7,109,2.78
7,110,2
7,111,5.56
7,112,2.38
7,113,7.14
7,114,7.14
7,115,5
7,116,6.25
7,117,4.55
7,118,2.27
7,119,4.17
7,120,2.5
7,121,2.94
7,122,2.38
7,123,5.56
7,124,3.85
7,125,2.27
7,126,2.38
7,127,4.55
7,128,3.33
7,129,4.55
7,130,2.94
7,131,2.38
7,132,2.63
7,133,4.55
7,134,3.13
7,135,5.56
7,136,2.38
7,137,6.25
7,138,2
7,139,2.08
7,140,3.13
7,141,5.56
7,142,2.78
7,143,4.17
7,144,2.63
7,145,10
7,146,2
7,147,7.14
7,148,2.5
7,149,3.13
7,150,3.57
7,151,5.56
7,152,2.27
7,153,3.57
7,154,2.63
7,155,2.38
7,156,3.13
7,157,2.5
7,158,2.17
7,159,3.33
7,160,3.85
7,161,3.33
7,162,7.14
7,163,4.17
7,164,8.33
7,165,2.5
7,166,2.38
7,167,8.33
7,168,4.17
7,169,10
7,170,7.14
7,171,3.33
7,172,2.38
7,173,4.55
7,174,4.17
7,175,2.94
7,176,2.94
7,177,2
7,178,2
7,179,2.08
7,180,8.33
7,181,2.08
7,182,2.27
7,183,2.27
7,184,5
7,185,5
7,186,2.63
7,187,2.27
7,188,3.57
7,189,5.56
7,190,3.57
7,191,2.27
7,192,6.25
7,193,2.63
7,194,5
7,195,3.85
7,196,2.5
7,197,4.55
7,198,5.56
7,199,2.63
7,200,2.63
7,201,5
7,202,2.38
7,203,3.57
7,204,3.33
7,205,5
7,206,2
7,207,3.33
7,208,2.78
7,209,5
7,210,3.33
7,211,3.13
7,212,3.57
7,213,7.14
7,214,8.33
7,215,3.33
7,216,3.13
7,217,4.17
7,218,4.55
7,219,2.17
7,220,5.56
7,221,4.55
7,222,2.08
7,223,2.78
7,224,2.08
7,225,4.17
7,226,3.85
7,227,2.94
7,228,2.94
7,229,3.33
7,230,2.94
7,231,5.56
7,232,3.85
7,233,6.25
7,234,5.56
7,235,3.57
7,236,4.17
7,237,6.25
7,238,2
7,239,3.85
7,240,3.57
7,241,8.33
7,242,3.33
7,243,3.33
7,244,5
7,245,3.57
7,246,2.78
7,247,3.33
7,248,2.78
7,249,7.14
7,250,3.85
7,251,2.08
7,252,4.55
7,253,2
7,254,6.25
7,255,2.78
7,256,8.33
7,257,2.63
7,258,5
7,259,2.08
7,260,3.33
7,261,5
7,262,4.17
7,263,3.13
7,264,2.08
7,265,2.38
7,266,7.14
7,267,3.33
7,268,2
7,269,7.14
7,270,10
7,271,4.55
7,272,6.25
7,273,2.5
7,274,3.13
7,275,6.25
7,276,2.08
7,277,4.17
7,278,3.13
7,279,2.27
7,280,2.27
7,281,10
7,282,2.17
7,283,4.17
7,284,3.57
7,285,2.78
7,286,3.33
7,287,2.17
7,288,2.17
7,289,4.17
7,290,2.63
7,291,2
7,292,2.78
7,293,2.63
7,294,2.17
7,295,5.56
7,296,10
7,297,7.14
7,298,3.13
7,299,2.38
7,300,4.55
7,301,4.17
7,302,5
7,303,2
7,304,3.13
7,305,2.08
7,306,2.94
7,307,10
7,308,2.08
7,309,2.38
7,310,2.38
7,311,2.5
7,312,2
7,313,5.56
7,314,10
7,315,3.85
7,316,7.14
7,317,3.33
7,318,4.17
7,319,6.25
7,320,3.13
7,321,2.94
7,322,2.17
7,323,5
7,324,2.94
7,325,2.17
7,326,3.33
7,327,2
7,328,2.17
7,329,2.08
7,330,3.13
7,331,3.13
7,332,3.85
7,333,4.17
7,334,2.5
7,335,2.38
7,336,2.38
7,337,3.13
7,338,3.33
7,339,2.63
7,340,3.33
7,341,2.27
7,342,6.25
7,343,3.57
7,344,5
7,345,8.33
7,346,7.14
7,347,3.33
7,348,2.27
7,349,6.25
7,350,2.27
7,351,8.33
7,352,2.38
7,353,3.57
7,354,3.57
7,355,5
7,356,10
7,357,2.27
7,358,3.13
7,359,2.78
7,360,2.63
7,361,10
7,362,2.5
7,363,2.78
7,364,4.55
7,365,2.08
7,366,2.5
7,367,4.17
7,368,3.33
7,369,2.17
7,370,2
7,371,2.08
7,372,4.55
7,373,2.5
7,374,2
7,375,2.27
7,376,3.33
7,377,2.27
7,378,7.14
7,379,2.5
7,380,2.38
7,381,8.33
7,382,5.56
7,383,2.94
7,384,10
7,385,2.94
7,386,8.33
7,387,3.13
7,388,2.94
7,389,2.78
7,390,7.14
7,391,10
7,392,2.38
7,393,4.55
7,394,2.08
7,395,2.5
7,396,2.94
7,397,2.5
7,398,3.57
7,399,2.17
7,400,2.94
7,401,10
7,402,3.13
7,403,3.57
7,404,10
7,405,3.57
7,406,2.08
7,407,5.56
7,408,3.13
7,409,4.55
7,410,3.85
7,411,4.55
7,412,2.94
7,413,3.57
7,414,10
7,415,2.94
7,416,4.17
7,417,3.33
7,418,2.27
7,419,2.78
7,420,4.17
7,421,2.38
7,422,2.08
7,423,5.56
7,424,2.27
7,425,2.94
7,426,2.08
7,427,3.57
7,428,6.25
7,429,2.17
7,430,3.33
7,431,2.78
7,432,6.25
7,433,2.17
7,434,8.33
7,435,7.14
7,436,2.63
7,437,4.17
7,438,3.13
7,439,5
7,440,2.27
7,441,3.57
7,442,3.13
7,443,2.94
7,444,3.13
7,445,2.5
7,446,2.5
7,447,7.14
7,448,2.63
7,449,2.94
7,450,8.33
7,451,2.38
7,452,2.78
7,453,2.78
7,454,2.5
7,455,2.78
7,456,2.78
7,457,3.57
7,458,7.14
7,459,2.08
7,460,2.5
7,461,3.33
7,462,4.55
7,463,5
7,464,2.63
7,465,3.13
7,466,7.14
7,467,2.38
7,468,3.57
7,469,2.5
7,470,4.55
7,471,4.17
7,472,2.08
7,473,3.57
7,474,2.63
7,475,3.13
7,476,3.33
7,477,4.17
7,478,3.57
7,479,7.14
7,480,4.17
7,481,4.17
7,482,10
7,483,5.56
7,484,2.94
7,485,10
7,486,2.94
7,487,2.5
7,488,7.14
7,489,5
7,490,5
7,491,5.56
7,492,2.38
7,493,2
7,494,3.85
7,495,6.25
7,496,2.94
7,497,2.08
7,498,4.17
7,499,3.33
7,500,4.55
8,1,2.63
8,2,6.25
8,3,2
8,4,7.14
8,5,2.08
8,6,2.17
8,7,5
8,8,6.25
8,9,2.5
8,10,3.57
8,11,2.5
8,12,5
8,13,2.5
8,14,7.14
8,15,4.17
8,16,10
8,17,2
8,18,8.33
8,19,7.14
8,20,2.08
8,21,8.33
8,22,6.25
8,23,2
8,24,2.08
8,25,4.17
8,26,2.78
8,27,2.38
8,28,5
8,29,2.94
8,30,3.13
8,31,2.63
8,32,5.56
8,33,2.5
8,34,2
8,35,10
8,36,2.38
8,37,3.33
8,38,2.94
8,39,3.13
8,40,3.57
8,41,2.5
8,42,8.33
8,43,4.55
8,44,2.5
8,45,3.85
8,46,10
8,47,2.38
8,48,2
8,49,3.33
8,50,2.27
8,51,6.25
8,52,3.57
8,53,5
8,54,3.33
8,55,7.14
8,56,2.5
8,57,2.38
8,58,6.25
8,59,2.78
8,60,4.55
8,61,2.5
8,62,3.13
8,63,6.25
8,64,2.08
8,65,3.57
8,66,6.25
8,67,2.63
8,68,2
8,69,2.38
8,70,5
8,71,5
8,72,2.08
8,73,7.14
8,74,8.33
8,75,3.33
8,76,6.25
8,77,4.17
8,78,6.25
8,79,3.13
8,80,3.33
8,81,2.63
8,82,2.63
8,83,2.27
8,84,2.78
8,85,7.14
8,86,10
8,87,4.55
8,88,2.38
8,89,2.38
8,90,10
8,91,6.25
8,92,7.14
8,93,3.33
8,94,3.33
8,95,2.38
8,96,2.63
8,97,3.57
8,98,8.33
8,99,4.55
8,100,10
8,101,3.33
8,102,2.38
8,103,10
8,104,3.57
8,105,8.33
8,106,2.78
8,107,3.85
8,108,2.27
8,109,2.94
8,110,2.08
8,111,5
8,112,2.63
8,113,2.08
8,114,3.85
8,115,3.85
8,116,4.55
8,117,7.14
8,118,2.27
8,119,2.38
8,120,4.55
8,121,2.5
8,122,5.56
8,123,4.17
8,124,2
8,125,2.5
8,126,3.57
8,127,2.78
8,128,2.27
8,129,5.56
8,130,2.27
8,131,4.55
8,132,3.57
8,133,2.08
8,134,4.17
8,135,3.85
8,136,2.5
8,137,2.63
8,138,5.56
8,139,2.5
8,140,2.08
8,141,3.57
8,142,10
8,143,2.5
8,144,3.85
8,145,5.56
8,146,2.27
8,147,10
8,148,2.5
8,149,2.63
8,150,7.14
8,151,2.63
8,152,2.63
8,153,8.33
8,154,4.55
8,155,3.85
8,156,3.13
8,157,2
8,158,3.85
8,159,2.94
8,160,2.38
8,161,2.94
8,162,3.85
8,163,3.33
8,164,2.63
8,165,3.85
8,166,3.57
8,167,6.25
8,168,2.78
8,169,4.17
8,170,2.78
8,171,2
8,172,5
8,173,2.63
8,174,10
8,175,3.33
8,176,2.63
8,177,10
8,178,2.94
8,179,2.38
8,180,4.55
8,181,4.55
8,182,2.63
8,183,2.63
8,184,5
8,185,2.08
8,186,2.94
8,187,2.94
8,188,3.33
8,189,2.94
8,190,2.17
8,191,4.55
8,192,2.38
8,193,2.08
8,194,4.17
8,195,2.17
8,196,5.56
8,197,2.08
8,198,2.38
8,199,3.85
8,200,7.14
8,201,5
8,202,2.17
8,203,2.63
8,204,4.55
8,205,5.56
8,206,3.33
8,207,2
8,208,8.33
8,209,2.63
8,210,2.38
8,211,3.33
8,212,2.94
8,213,5.56
8,214,2.27
8,215,3.57
8,216,2.27
8,217,6.25
8,218,2.27
8,219,2.78
8,220,2.5
8,221,6.25
8,222,4.55
8,223,3.57
8,224,2.5
8,225,3.57
8,226,2.94
8,227,4.17
8,228,7.14
8,229,8.33
8,230,2
8,231,10
8,232,2.94
8,233,2.5
8,234,5
8,235,4.17
8,236,2.38
8,237,3.33
8,238,5.56
8,239,5.56
8,240,2.5
8,241,2.27
8,242,8.33
8,243,2.94
8,244,2.08
8,245,2.78
8,246,5.56
8,247,2.5
8,248,3.85
8,249,2.5
8,250,2.78
8,251,2.78
8,252,3.85
8,253,4.17
8,254,3.33
8,255,8.33
8,256,2.17
8,257,2.63
8,258,6.25
8,259,7.14
8,260,2.63
8,261,5.56
8,262,10
8,263,7.14
8,264,3.13
8,265,4.55
8,266,2
8,267,8.33
8,268,4.55
8,269,3.33
8,270,10
8,271,10
8,272,2.27
8,273,2.17
8,274,2.17
8,275,2.27
8,276,6.25
8,277,8.33
8,278,7.14
8,279,2.78
8,280,10
8,281,2.63
8,282,2.27
8,283,8.33
8,284,2.17
8,285,2.08
8,286,4.17
8,287,2.5
8,288,2
8,289,2.27
8,290,3.57
8,291,2.38
8,292,3.13
8,293,2.94
8,294,4.17
8,295,2.08
8,296,4.55
8,297,8.33
8,298,6.25
8,299,2
8,300,2.78
8,301,2.63
8,302,3.85
8,303,3.13
8,304,6.25
8,305,2.5
8,306,3.33
8,307,8.33
8,308,8.33
8,309,2.63
8,310,3.85
8,311,2.94
8,312,7.14
8,313,2.17
8,314,10
8,315,2.27
8,316,2.78
8,317,3.33
8,318,2.94
8,319,4.55
8,320,10
8,321,2.78
8,322,2.5
8,323,3.13
8,324,4.55
8,325,5.56
8,326,2.78
8,327,2.63
8,328,2
8,329,2.5
8,330,2
8,331,2.63
8,332,2.08
8,333,2.63
8,334,4.17
8,335,6.25
8,336,3.85
8,337,2.5
8,338,2.63
8,339,5.56
8,340,10
8,341,3.85
8,342,10
8,343,3.85
8,344,10
8,345,4.17
8,346,2.08
8,347,2.17
8,348,2.27
8,349,2.08
8,350,4.17
8,351,3.13
8,352,2.94
8,353,2.78
8,354,3.33
8,355,4.17
8,356,2.38
8,357,2.38
8,358,2
8,359,2.63
8,360,3.33
8,361,2
8,362,3.85
8,363,3.13
8,364,2.63
8,365,3.33
8,366,5
8,367,2.94
8,368,5.56
8,369,5
8,370,4.17
8,371,2.5
8,372,3.85
8,373,2.63
8,374,5
8,375,2.38
8,376,7.14
8,377,2.94
8,378,7.14
8,379,2.78
8,380,3.85
8,381,7.14
8,382,4.17
8,383,2.08
8,384,5.56
8,385,2.94
8,386,2.27
8,387,2.08
8,388,3.33
8,389,3.85
8,390,3.57
8,391,10
8,392,3.13
8,393,4.17
8,394,2.08
8,395,4.17
8,396,2.27
8,397,5
8,398,2.78
8,399,3.33
8,400,2
8,401,2.63
8,402,7.14
8,403,3.85
8,404,3.57
8,405,2.78
8,406,8.33
8,407,8.33
8,408,8.33
8,409,2.38
8,410,3.13
8,411,3.33
8,412,2.63
8,413,2.94
8,414,2.63
8,415,6.25
8,416,10
8,417,5.56
8,418,7.14
8,419,2.5
8,420,2
8,421,4.55
8,422,3.85
8,423,2.63
8,424,5
8,425,2.94
8,426,8.33
8,427,3.13
8,428,2.38
8,429,4.17
8,430,2.17
8,431,2.08
8,432,4.17
8,433,2.78
8,434,3.85
8,435,3.13
8,436,2.94
8,437,3.13
8,438,8.33
8,439,2.08
8,440,2.27
8,441,2.63
8,442,3.85
8,443,3.85
8,444,6.25
8,445,2
8,446,6.25
8,447,7.14
8,448,3.57
8,449,3.13
8,450,5.56
8,451,8.33
8,452,10
8,453,5
8,454,2.94
8,455,2.27
8,456,2.27
8,457,2.08
8,458,3.57
8,459,3.85
8,460,2.63
8,461,4.55
8,462,8.33
8,463,5.56
8,464,2.5
8,465,6.25
8,466,5
8,467,2.08
8,468,2.63
8,469,2
8,470,3.33
8,471,4.55
8,472,5
8,473,2.5
8,474,6.25
8,475,2.17
8,476,8.33
8,477,2.63
8,478,3.85
8,479,2.38
8,480,3.13
8,481,5
8,482,2.78
8,483,3.13
8,484,4.17
8,485,2.5
8,486,8.33
8,487,2.27
8,488,5
8,489,10
8,490,5
8,491,6.25
8,492,2.78
8,493,10
8,494,8.33
8,495,2.17
8,496,2.38
8,497,3.13
8,498,10
8,499,3.57
8,500,3.13
9,1,2.17
9,2,2.08
9,3,3.13
9,4,3.33
9,5,5
9,6,3.33
9,7,10
9,8,10
9,9,2.78
9,10,6.25
9,11,5.56
9,12,2.5
9,13,2.08
9,14,2.5
9,15,5
9,16,2
9,17,4.55
9,18,2.38
9,19,2.63
9,20,2.63
9,21,5
9,22,3.85
9,23,3.57
9,24,7.14
9,25,8.33
9,26,2.63
9,27,5.56
9,28,4.55
9,29,6.25
9,30,2.78
9,31,6.25
9,32,5.56
9,33,2.5
9,34,2.27
9,35,2.63
9,36,2.27
9,37,2.17
9,38,2.63
9,39,2.63
9,40,2.38
9,41,6.25
9,42,2.78
9,43,2.94
9,44,3.13
9,45,2.17
9,46,3.57
9,47,2.27
9,48,10
9,49,5.56
9,50,5
9,51,2.78
9,52,2.38
9,53,2
9,54,2.17
9,55,3.33
9,56,3.85
9,57,3.85
9,58,2.78
9,59,2.94
9,60,3.33
9,61,2.5
9,62,5.56
9,63,10
9,64,2.5
9,65,5.56
9,66,2.17
9,67,5.56
9,68,7.14
9,69,2.78
9,70,4.55
9,71,3.85
9,72,4.17
9,73,2.94
9,74,3.57
9,75,3.57
9,76,2
9,77,6.25
9,78,8.33
9,79,4.55
9,80,5.56
9,81,3.13
9,82,3.57
9,83,2.27
9,84,7.14
9,85,7.14
9,86,8.33
9,87,3.13
9,88,2.94
9,89,2.78
9,90,4.55
9,91,4.17
9,92,2.17
9,93,2.5
9,94,2.27
9,95,7.14
9,96,8.33
9,97,2.63
9,98,2.63
9,99,4.17
9,100,4.55
9,101,2.17
9,102,2.38
9,103,3.13
9,104,3.13
9,105,2.38
9,106,4.55
9,107,5
9,108,3.57
9,109,4.55
9,110,3.85
9,111,2
9,112,2.63
9,113,2.17
9,114,2
9,115,2.27
9,116,3.13
9,117,2.94
9,118,2.27
9,119,2.17
9,120,2.08
9,121,3.33
9,122,4.55
9,123,2.94
9,124,5.56
9,125,2.08
9,126,2.5
9,127,3.57
9,128,3.13
9,129,2.63
9,130,2.38
9,131,7.14
9,132,2.78
9,133,2.63
9,134,6.25
9,135,3.13
9,136,3.13
9,137,2.38
9,138,2.38
9,139,8.33
9,140,3.85
9,141,2.94
9,142,4.55
9,143,4.55
9,144,2.27
9,145,2.08
9,146,2.94
9,147,2.78
9,148,2.5
9,149,2.08
9,150,2
9,151,7.14
9,152,5
9,153,2.38
9,154,2
9,155,10
9,156,2.38
9,157,2.38
9,158,2.5
9,159,2.38
9,160,8.33
9,161,3.13
9,162,3.33
9,163,2.17
9,164,7.14
9,165,3.33
9,166,8.33
9,167,3.33
9,168,4.17
9,169,3.57
9,170,4.17
9,171,2.27
9,172,8.33
9,173,4.17
9,174,5
9,175,10
9,176,2.63
9,177,2.63
9,178,2.08
9,179,3.13
9,180,6.25
9,181,2.38
9,182,5
9,183,5.56
9,184,2.63
9,185,2.38
9,186,3.13
9,187,3.85
9,188,2.78
9,189,2
9,190,2.27
9,191,2.17
9,192,6.25
9,193,3.85
9,194,2.17
9,195,2
9,196,5.56
9,197,3.57
9,198,3.57
9,199,2.78
9,200,7.14
9,201,6.25
9,202,2.63
9,203,3.85
9,204,2.27
9,205,4.17
9,206,10
9,207,2.5
9,208,2.5
9,209,2
9,210,2.38
9,211,5
9,212,6.25
9,213,10
9,214,2.78
9,215,2
9,216,3.85
9,217,7.14
9,218,4.55
9,219,5.56
9,220,3.57
9,221,2
9,222,2.94
9,223,7.14
9,224,7.14
9,225,10
9,226,2.78
9,227,3.57
9,228,4.55
9,229,2.94
9,230,4.55
9,231,8.33
9,232,8.33
9,233,5
9,234,5.56
9,235,5
9,236,2.08
9,237,6.25
9,238,7.14
9,239,2.08
9,240,6.25
9,241,2.5
9,242,2.38
9,243,3.57
9,244,3.57
9,245,2.27
9,246,2.38
9,247,2.94
9,248,10
9,249,2.78
9,250,6.25
9,251,2.94
9,252,3.57
9,253,2.27
9,254,10
9,255,5
9,256,2.08
9,257,3.57
9,258,2.17
9,259,3.13
9,260,3.57
9,261,4.55
9,262,2.5
9,263,2
9,264,8.33
9,265,2
9,266,5.56
9,267,2.38
9,268,2.17
9,269,2.38
9,270,2.17
9,271,3.85
9,272,2.5
9,273,10
9,274,2.08
9,275,2.94
9,276,7.14
9,277,3.33
9,278,2.27
9,279,4.17
9,280,7.14
9,281,4.17
9,282,2.27
9,283,2.63
9,284,2.5
9,285,4.17
9,286,5
9,287,2.63
9,288,2.08
9,289,4.17
9,290,2.78
9,291,4.17
9,292,8.33
9,293,3.33
9,294,2.08
9,295,8.33
9,296,3.13
9,297,2.63
9,298,7.14
9,299,2.5
9,300,2.38
9,301,2.94
9,302,2.17
9,303,2.27
9,304,3.85
9,305,2.5
9,306,6.25
9,307,3.33
9,308,2.17
9,309,4.17
9,310,5.56
9,311,2
9,312,2.63
9,313,2.38
9,314,7.14
9,315,2.27
9,316,5
9,317,2
9,318,4.55
9,319,3.13
9,320,2.38
9,321,2.38
9,322,7.14
9,323,10
9,324,2.08
9,325,4.17
9,326,2.78
9,327,2
9,328,2.63
9,329,2.17
9,330,3.57
9,331,3.33
9,332,2.38
9,333,2.17
9,334,2.38
9,335,3.13
9,336,2.38
9,337,2.78
9,338,4.17
9,339,6.25
9,340,3.57
9,341,3.33
9,342,2.27
9,343,2.5
9,344,5.56
9,345,3.33
9,346,6.25
9,347,4.17
9,348,5
9,349,3.13
9,350,3.57
9,351,2.27
9,352,4.17
9,353,3.13
9,354,3.57
9,355,7.14
9,356,2.08
9,357,2.78
9,358,10
9,359,2.38
9,360,2.94
9,361,2.08
9,362,2.38
9,363,2.08
9,364,2.27
9,365,4.55
9,366,10
9,367,2.17
9,368,2.17
9,369,3.85
9,370,5
9,371,2.08
9,372,2.08
9,373,5.56
9,374,6.25
9,375,3.57
9,376,2.63
9,377,2
9,378,2.17
9,379,3.57
9,380,3.33
9,381,5.56
9,382,2.5
9,383,3.33
9,384,2
9,385,2.27
9,386,2.94
9,387,10
9,388,2.38
9,389,3.33
9,390,3.85
9,391,2.27
9,392,3.33
9,393,2.27
9,394,2
9,395,6.25
9,396,2.08
9,397,2.38
9,398,2.38
9,399,5
9,400,6.25
9,401,6.25
9,402,7.14
9,403,2
9,404,2.08
9,405,6.25
9,406,2.78
9,407,2.27
9,408,4.17
9,409,2.08
9,410,2.94
9,411,5.56
9,412,3.85
9,413,3.57
9,414,2.17
9,415,2.08
9,416,2.5
9,417,3.57
9,418,5
9,419,2.94
9,420,3.57
9,421,2.94
9,422,2.38
9,423,2
9,424,3.33
9,425,3.33
9,426,2.27
9,427,5.56
9,428,2.63
9,429,5
9,430,2.5
9,431,2.63
9,432,2.38
9,433,2.27
9,434,3.13
9,435,7.14
9,436,6.25
9,437,4.55
9,438,2.38
9,439,2.78
9,440,7.14
9,441,2.5
9,442,2.63
9,443,2.78
9,444,2.94
9,445,5.56
9,446,2.27
9,447,2
9,448,6.25
9,449,3.13
9,450,2.38
9,451,2.08
9,452,3.85
9,453,3.85
9,454,2.27
9,455,2.78
9,456,3.33
9,457,10
9,458,8.33
9,459,10
9,460,2.08
9,461,10
9,462,4.17
9,463,4.17
9,464,4.17
9,465,7.14
9,466,3.13
9,467,2.08
9,468,7.14
9,469,2.08
9,470,2.27
9,471,2.08
9,472,7.14
9,473,4.55
9,474,2.63
9,475,3.33
9,476,10
9,477,2.78
9,478,3.13
9,479,2.78
9,480,6.25
9,481,8.33
9,482,2.94
9,483,3.33
9,484,6.25
9,485,2.78
9,486,5.56
9,487,8.33
9,488,2.08
9,489,2.5
9,490,2.63
9,491,2.94
9,492,2.17
9,493,2.5
9,494,4.55
9,495,2.08
9,496,3.57
9,497,2
9,498,2
9,499,2.63
9,500,4.17
10,1,2.08
10,2,2
10,3,3.85
10,4,10
10,5,2.17
10,6,3.57
10,7,4.17
10,8,2.63
10,9,4.55
10,10,5.56
10,11,2
10,12,2.63
10,13,2.5
10,14,5.56
10,15,2
10,16,3.33
10,17,3.57
10,18,2.38
10,19,5.56
10,20,2.08
10,21,4.55
10,22,2.38
10,23,5.56
10,24,2.94
10,25,10
10,26,3.33
10,27,4.55
10,28,2.08
10,29,7.14
10,30,3.57
10,31,6.25
10,32,2
10,33,2.08
10,34,6.25
10,35,2.5
10,36,7.14
10,37,3.85
10,38,2.5
10,39,2.94
10,40,4.17
10,41,4.17
10,42,8.33
10,43,8.33
10,44,2.08
10,45,2.27
10,46,5.56
10,47,2.5
10,48,2.94
10,49,6.25
10,50,2.08
10,51,2.94
10,52,2.94
10,53,2.94
10,54,6.25
10,55,2.63
10,56,5.56
10,57,2.08
10,58,2.78
10,59,2.94
10,60,3.13
10,61,2.94
10,62,2.78
10,63,2.17
10,64,8.33
10,65,2.08
10,66,2.08
10,67,7.14
10,68,5.56
10,69,4.17
10,70,3.13
10,71,7.14
10,72,7.14
10,73,5.56
10,74,2.78
10,75,5.56
10,76,4.17
10,77,2.08
10,78,6.25
10,79,3.33
10,80,3.57
10,81,2.08
10,82,3.57
10,83,3.13
10,84,2.17
10,85,2.63
10,86,2.27
10,87,5
10,88,3.13
10,89,8.33
10,90,2.38
10,91,2.27
10,92,2.63
10,93,5.56
10,94,2.78
10,95,3.33
10,96,2.94
10,97,8.33
10,98,2.17
10,99,2.78
10,100,5.56
10,101,2.38
10,102,2.08
10,103,8.33
10,104,7.14
10,105,7.14
10,106,4.17
10,107,2.5
10,108,3.85
10,109,3.33
10,110,2.08
10,111,2.94
10,112,3.33
10,113,2.17
10,114,2.5
10,115,5
10,116,2.38
10,117,2.5
10,118,4.17
10,119,7.14
10,120,2.17
10,121,4.17
10,122,3.33
10,123,2.27
10,124,2.5
10,125,2.63
10,126,2.78
10,127,2.27
10,128,2.08
10,129,4.55
10,130,5.56
10,131,2.5
10,132,2.94
10,133,6.25
10,134,8.33
10,135,3.13
10,136,3.57
10,137,10
10,138,2.94
10,139,5
10,140,4.17
10,141,5.56
10,142,2.5
10,143,4.55
10,144,5
10,145,3.33
10,146,2.5
10,147,2.63
10,148,3.85
10,149,2.27
10,150,2.5
10,151,3.33
10,152,2.78
10,153,4.17
10,154,2.08
10,155,2.94
10,156,2.08
10,157,2.78
10,158,2.38
10,159,2.5
10,160,8.33
10,161,5.56
10,162,5
10,163,2.5
10,164,2.38
10,165,5.56
10,166,5
10,167,3.85
10,168,2.63
10,169,2.78
10,170,2.94
10,171,2.78
10,172,10
10,173,5.56
10,174,3.57
10,175,2.17
10,176,3.13
10,177,2.5
10,178,3.13
10,179,4.55
10,180,2
10,181,2.38
10,182,2
10,183,3.13
10,184,3.33
10,185,2.27
10,186,2.08
10,187,2.27
10,188,2.63
10,189,3.33
10,190,2.17
10,191,3.57
10,192,2.38
10,193,2.63
10,194,4.17
10,195,10
10,196,2.78
10,197,3.33
10,198,3.13
10,199,5.56
10,200,2.08
10,201,7.14
10,202,2.94
10,203,5.56
10,204,2.63
10,205,3.57
10,206,8.33
10,207,10
10,208,2.78
10,209,8.33
10,210,2
10,211,3.13
10,212,7.14
10,213,4.55
10,214,5.56
10,215,2.94
10,216,2.94
10,217,2.38
10,218,4.17
10,219,2.17
10,220,2.94
10,221,6.25
10,222,5.56
10,223,5.56
10,224,2
10,225,2.94
10,226,10
10,227,5
10,228,10
10,229,4.55
10,230,3.85
10,231,2.78
10,232,6.25
10,233,4.17
10,234,3.13
10,235,4.55
10,236,2.17
10,237,4.55
10,238,3.85
10,239,5
10,240,2.38
10,241,2.38
10,242,8.33
10,243,2.27
10,244,2.08
10,245,2.5
10,246,3.57
10,247,5
10,248,4.17
10,249,2.08
10,250,2.08
10,251,2.17
10,252,6.25
10,253,3.57
10,254,4.17
10,255,2.27
10,256,2.63
10,257,2
10,258,2.38
10,259,7.14
10,260,4.17
10,261,3.57
10,262,5.56
10,263,2.63
10,264,10
10,265,4.17
10,266,3.57
10,267,2.78
10,268,3.13
10,269,2.5
10,270,2.63
10,271,3.85
10,272,2.08
10,273,6.25
10,274,2.27
10,275,2.08
10,276,3.85
10,277,2.78
10,278,10
10,279,3.57
10,280,8.33
10,281,3.13
10,282,2.08
10,283,3.33
10,284,2.94
10,285,3.57
10,286,5.56
10,287,2.08
10,288,3.33
10,289,4.17
10,290,7.14
10,291,2.38
10,292,2.94
10,293,3.13
10,294,2.5
10,295,5
10,296,2.94
10,297,5
10,298,6.25
10,299,2.94
10,300,8.33
10,301,5
10,302,8.33
10,303,2.5
10,304,2.78
10,305,2.63
10,306,2.94
10,307,2.63
10,308,2.5
10,309,3.85
10,310,2.17
10,311,2.94
10,312,5.56
10,313,2.17
10,314,2.63
10,315,2.5
10,316,2.38
10,317,2.08
10,318,2.63
10,319,2.17
10,320,4.55
10,321,3.33
10,322,3.85
10,323,5
10,324,6.25
10,325,2.94
10,326,4.55
10,327,2.5
10,328,3.85
10,329,2.08
10,330,5
10,331,3.57
10,332,2.17
10,333,2.17
10,334,5
10,335,2.63
10,336,7.14
10,337,3.33
10,338,5.56
10,339,4.17
10,340,8.33
10,341,2.38
10,342,2
10,343,3.13
10,344,8.33
10,345,8.33
10,346,5.56
10,347,3.33
10,348,2.08
10,349,2.27
10,350,3.85
10,351,7.14
10,352,2.27
10,353,3.33
10,354,2
10,355,5
10,356,7.14
10,357,2.5
10,358,2.5
10,359,2.38
10,360,6.25
10,361,3.57
10,362,2.27
10,363,10
10,364,2.5
10,365,7.14
10,366,6.25
10,367,7.14
10,368,3.57
10,369,2
10,370,8.33
10,371,2.27
10,372,4.55
10,373,3.33
10,374,3.13
10,375,2.17
10,376,7.14
10,377,3.33
10,378,2.94
10,379,5
10,380,2.5
10,381,2.27
10,382,2.78
10,383,3.13
10,384,5.56
10,385,3.57
10,386,2.5
10,387,4.55
10,388,5
10,389,5
10,390,3.57
10,391,10
10,392,2.17
10,393,4.55
10,394,4.17
10,395,2.17
10,396,2.5
10,397,4.17
10,398,5.56
10,399,5
10,400,5.56
10,401,2.08
10,402,2.94
10,403,5
10,404,3.13
10,405,3.33
10,406,4.55
10,407,2.17
10,408,2.94
10,409,3.85
10,410,5.56
10,411,2.94
10,412,2.27
10,413,6.25
10,414,10
10,415,2.38
10,416,4.55
10,417,2.78
10,418,2
10,419,5.56
10,420,2.63
10,421,2.27
10,422,6.25
10,423,2.63
10,424,4.17
10,425,7.14
10,426,2.5
10,427,5.56
10,428,8.33
10,429,6.25
10,430,10
10,431,2.38
10,432,2.17
10,433,3.57
10,434,6.25
10,435,3.57
10,436,4.55
10,437,3.57
10,438,2.5
10,439,2
10,440,2.27
10,441,2.27
10,442,3.33
10,443,2.17
10,444,7.14
10,445,2.17
10,446,2.78
10,447,7.14
10,448,2.38
10,449,7.14
10,450,7.14
10,451,2
10,452,5.56
10,453,3.33
10,454,8.33
10,455,2.5
10,456,2.78
10,457,3.33
10,458,5.56
10,459,3.33
10,460,8.33
10,461,2.27
10,462,7.14
10,463,2
10,464,8.33
10,465,3.13
10,466,3.33
10,467,3.85
10,468,2.63
10,469,2.27
10,470,6.25
10,471,2.17
10,472,2.5
10,473,6.25
10,474,2.27
10,475,3.13
10,476,2.17
10,477,4.17
10,478,6.25
10,479,2
10,480,2.94
10,481,2.27
10,482,4.17
10,483,2.17
10,484,2.5
10,485,6.25
10,486,4.55
10,487,3.57
10,488,3.85
10,489,2.78
10,490,5
10,491,4.17
10,492,3.13
10,493,7.14
10,494,3.33
10,495,2.08
10,496,2.27
10,497,10
10,498,2.5
10,499,3.57
10,500,2.17
11,1,2.17
11,2,2.5
11,3,2.38
11,4,2.63
11,5,6.25
11,6,3.33
11,7,7.14
11,8,2.94
11,9,4.17
11,10,2.63
11,11,2.94
11,12,3.33
11,13,3.13
11,14,2.5
11,15,3.57
11,16,3.33
11,17,2.17
11,18,10
11,19,7.14
11,20,5
11,21,5
11,22,3.33
11,23,2.38
11,24,4.17
11,25,7.14
11,26,3.33
11,27,3.57
11,28,3.13
11,29,3.13
11,30,2.17
11,31,10
11,32,6.25
11,33,2.08
11,34,2.08
11,35,4.55
11,36,2.17
11,37,6.25
11,38,8.33
11,39,2.38
11,40,2
11,41,4.17
11,42,10
11,43,6.25
11,44,8.33
11,45,2.08
11,46,2.38
11,47,3.13
11,48,4.55
11,49,2.38
11,50,3.13
11,51,2.17
11,52,10
11,53,2.63
11,54,7.14
11,55,3.57
11,56,2.78
11,57,2.17
11,58,5.56
11,59,2.08
11,60,2.5
11,61,4.55
11,62,2.94
11,63,10
11,64,2.94
11,65,2.78
11,66,3.57
11,67,3.57
11,68,7.14
11,69,4.55
11,70,10
11,71,5
11,72,3.33
11,73,7.14
11,74,8.33
11,75,2.5
11,76,10
11,77,3.57
11,78,7.14
11,79,2.5
11,80,2.17
11,81,10
11,82,2.78
11,83,2.78
11,84,5.56
11,85,3.13
11,86,2
11,87,2
11,88,3.33
11,89,3.57
11,90,2.17
11,91,2.27
11,92,6.25
11,93,2
11,94,2.38
11,95,2.94
11,96,2.5
11,97,2.78
11,98,2
11,99,2.5
11,100,2.5
11,101,6.25
11,102,2.94
11,103,2.08
11,104,2.78
11,105,8.33
11,106,2.5
11,107,5
11,108,2.94
11,109,5
11,110,2.94
11,111,2.63
11,112,5
11,113,2.08
11,114,2.63
11,115,2.08
11,116,8.33
11,117,2.17
11,118,6.25
11,119,3.57
11,120,2.27
11,121,4.55
11,122,2.17
11,123,2.78
11,124,5
11,125,5.56
11,126,5.56
11,127,2.17
11,128,10
11,129,3.57
11,130,8.33
11,131,2.38
11,132,3.85
11,133,4.55
11,134,8.33
11,135,3.13
11,136,2.38
11,137,2.08
11,138,3.13
11,139,2.17
11,140,2.08
11,141,2
11,142,8.33
11,143,2.63
11,144,6.25
11,145,3.33
11,146,5
11,147,2.63
11,148,3.85
11,149,4.55
11,150,2.27
11,151,2.5
11,152,10
11,153,4.17
11,154,3.85
11,155,5
11,156,2.94
11,157,2.78
11,158,3.13
11,159,7.14
11,160,2
11,161,2.5
11,162,5
11,163,3.85
11,164,2.38
11,165,4.17
11,166,2.78
11,167,2.63
11,168,2.78
11,169,6.25
11,170,2.94
11,171,6.25
11,172,7.14
11,173,2.27
11,174,2.5
11,175,5.56
11,176,2.78
11,177,2.94
11,178,3.33
11,179,3.57
11,180,5.56
11,181,2.78
11,182,8.33
11,183,2.17
11,184,2
11,185,2.17
11,186,3.85
11,187,3.85
11,188,2.27
11,189,3.13
11,190,2.5
11,191,4.17
11,192,3.57
11,193,2.63
11,194,5
11,195,7.14
11,196,4.17
11,197,2.08
11,198,2.78
11,199,2.94
11,200,10
11,201,2.94
11,202,8.33
11,203,2
11,204,4.55
11,205,2.94
11,206,10
11,207,3.57
11,208,4.55
11,209,2.94
11,210,2
11,211,2
11,212,2.17
11,213,3.57
11,214,4.55
11,215,6.25
11,216,7.14
11,217,8.33
11,218,4.55
11,219,2.17
11,220,2.27
11,221,2.17
11,222,2.38
11,223,3.13
11,224,5
11,225,2.17
11,226,2.38
11,227,2.63
11,228,2.27
11,229,2.38
11,230,4.17
11,231,5.56
11,232,6.25
11,233,3.33
11,234,2.38
11,235,8.33
11,236,3.13
11,237,2.38
11,238,10
11,239,6.25
11,240,2.17
11,241,2.94
11,242,2.63
11,243,5.56
11,244,3.85
11,245,3.13
11,246,10
11,247,3.85
11,248,2.78
11,249,3.13
11,250,5.56
11,251,2.94
11,252,3.13
11,253,4.17
11,254,2.17
11,255,3.33
11,256,2.38
11,257,4.55
11,258,2.94
11,259,2.27
11,260,8.33
11,261,8.33
11,262,2.94
11,263,2
11,264,2
11,265,3.85
11,266,3.85
11,267,3.57
11,268,10
11,269,2.08
11,270,2.38
11,271,6.25
11,272,2.63
11,273,2.63
11,274,5
11,275,3.33
11,276,5.56
11,277,2.63
11,278,2.94
11,279,4.55
11,280,5.56
11,281,2.5
11,282,2.38
11,283,2.94
11,284,2.08
11,285,2
11,286,2.5
11,287,2.94
11,288,3.57
11,289,3.85
11,290,2.08
11,291,10
11,292,3.57
11,293,2.5
11,294,7.14
11,295,6.25
11,296,4.17
11,297,4.55
11,298,3.85
11,299,3.13
11,300,3.85
11,301,2.63
11,302,2.63
11,303,3.33
11,304,2.08
11,305,2.27
11,306,2.78
11,307,3.13
11,308,10
11,309,2.38
11,310,4.55
11,311,2.94
11,312,2.94
11,313,2.78
11,314,3.13
11,315,8.33
11,316,2.08
11,317,3.57
11,318,3.33
11,319,10
11,320,2.08
11,321,4.55
11,322,8.33
11,323,2.08
11,324,8.33
11,325,2.27
11,326,2.38
11,327,2.94
11,328,5
11,329,5
11,330,3.85
11,331,2.94
11,332,2
11,333,2.63
11,334,5
11,335,10
11,336,3.13
11,337,3.13
11,338,2.38
11,339,3.85
11,340,5
11,341,7.14
11,342,3.85
11,343,2.78
11,344,5
11,345,4.17
11,346,2.94
11,347,8.33
11,348,4.17
11,349,3.57
11,350,8.33
11,351,2.17
11,352,2.27
11,353,2.63
11,354,2.5
11,355,2.94
11,356,3.85
11,357,5.56
11,358,3.85
11,359,2
11,360,2.27
11,361,2.5
11,362,2.08
11,363,6.25
11,364,4.17
11,365,5.56
11,366,2.27
11,367,5
11,368,7.14
11,369,7.14
11,370,10
11,371,3.85
11,372,2.63
11,373,4.55
11,374,2.38
11,375,2.78
11,376,5
11,377,2.63
11,378,3.57
11,379,2.63
11,380,7.14
11,381,3.57
11,382,2.27
11,383,2.17
11,384,2.27
11,385,2.78
11,386,2.17
11,387,2
11,388,8.33
11,389,10
11,390,8.33
11,391,5
11,392,5
11,393,3.33
11,394,2.27
11,395,2.78
11,396,5.56
11,397,7.14
11,398,5.56
11,399,8.33
11,400,7.14
11,401,2.78
11,402,4.17
11,403,8.33
11,404,8.33
11,405,2.78
11,406,2.5
11,407,6.25
11,408,3.57
11,409,2.5
11,410,10
11,411,5
11,412,2.78
11,413,7.14
11,414,3.85
11,415,4.17
11,416,3.33
11,417,2.94
11,418,5.56
11,419,4.55
11,420,3.33
11,421,3.57
11,422,3.85
11,423,4.55
11,424,2.27
11,425,3.13
11,426,3.13
11,427,2.38
11,428,5
11,429,2.27
11,430,2.17
11,431,5
11,432,5
11,433,2.78
11,434,8.33
11,435,6.25
11,436,10
11,437,2.78
11,438,8.33
11,439,2
11,440,3.85
11,441,2.27
11,442,4.55
11,443,5
11,444,5.56
11,445,2.63
11,446,2.08
11,447,2.17
11,448,2.27
11,449,5.56
11,450,2.27
11,451,2.78
11,452,5
11,453,10
11,454,2.08
11,455,2.63
11,456,2.94
11,457,4.17
11,458,2.94
11,459,3.13
11,460,7.14
11,461,4.17
11,462,2.94
11,463,3.33
11,464,2.63
11,465,2.38
11,466,2.94
11,467,2.5
11,468,6.25
11,469,2.38
11,470,2.27
11,471,2
11,472,2
11,473,2
11,474,2.94
11,475,2.27
11,476,2.5
11,477,8.33
11,478,4.55
11,479,5.56
11,480,10
11,481,4.55
11,482,8.33
11,483,2.94
11,484,2
11,485,5.56
11,486,2.08
11,487,3.13
11,488,2.78
11,489,3.13
11,490,6.25
11,491,3.13
11,492,3.57
11,493,8.33
11,494,2.27
11,495,2.08
11,496,2.17
11,497,2
11,498,3.57
11,499,2.63
11,500,2.5
12,1,8.33
12,2,7.14
12,3,10
12,4,2.08
12,5,2.38
12,6,2.78
12,7,2.78
12,8,5.56
12,9,7.14
12,10,2.08
12,11,3.85
12,12,5
12,13,3.33
12,14,3.85
12,15,2.38
12,16,10
12,17,5
12,18,5.56
12,19,2
12,20,3.33
12,21,2.27
12,22,7.14
12,23,2.5
12,24,2.94
12,25,5.56
12,26,10
12,27,5.56
12,28,3.13
12,29,4.55
12,30,2.08
12,31,3.85
12,32,5
12,33,3.13
12,34,2.38
12,35,5.56
12,36,2.17
12,37,3.85
12,38,2.08
12,39,2.63
12,40,3.33
12,41,10
12,42,7.14
12,43,2.08
12,44,5.56
12,45,4.55
12,46,5
12,47,10
12,48,4.55
12,49,7.14
12,50,2.5
12,51,3.13
12,52,7.14
12,53,3.85
12,54,10
12,55,6.25
12,56,2.17
12,57,2.38
12,58,2.27
12,59,2.08
12,60,10
12,61,2.08
12,62,3.33
12,63,2.78
12,64,3.13
12,65,4.55
12,66,2.38
12,67,2.38
12,68,2.78
12,69,3.85
12,70,3.13
12,71,4.55
12,72,2.5
12,73,2.5
12,74,2.94
12,75,2.94
12,76,2.94
12,77,2.17
12,78,10
12,79,2.27
12,80,2.38
12,81,2.94
12,82,2.5
12,83,5.56
12,84,5.56
12,85,2
12,86,3.57
12,87,2.17
12,88,2.38
12,89,5.56
12,90,2.63
12,91,2.17
12,92,2.5
12,93,2.17
12,94,4.55
12,95,3.57
12,96,2.5
12,97,5.56
12,98,7.14
12,99,3.57
12,100,4.55
12,101,7.14
12,102,3.13
12,103,3.13
12,104,2
12,105,3.57
12,106,8.33
12,107,4.17
12,108,3.33
12,109,5
12,110,2.63
12,111,10
12,112,3.13
12,113,3.57
12,114,3.13
12,115,2.94
12,116,4.55
12,117,3.57
12,118,10
12,119,2.17
12,120,2.5
12,121,2.5
12,122,3.57
12,123,2.5
12,124,4.55
12,125,2.27
12,126,3.57
12,127,2
12,128,5.56
12,129,4.55
12,130,2.17
12,131,2.17
12,132,5
12,133,3.33
12,134,3.57
12,135,2.08
12,136,2.5
12,137,2
12,138,3.33
12,139,5.56
12,140,2.94
12,141,4.55
12,142,2.78
12,143,2.27
12,144,6.25
12,145,2.78
12,146,10
12,147,2.78
12,148,3.57
12,149,4.17
12,150,6.25
12,151,5
12,152,2
12,153,6.25
12,154,7.14
12,155,5
12,156,3.85
12,157,2
12,158,4.17
12,159,5.56
12,160,3.33
12,161,4.17
12,162,2.63
12,163,5.56
12,164,3.57
12,165,2.63
12,166,2
12,167,2.38
12,168,2.27
12,169,5
12,170,2.63
12,171,4.17
12,172,8.33
12,173,2.27
12,174,2
12,175,2.94
12,176,3.57
12,177,2.78
12,178,6.25
12,179,2.78
12,180,6.25
12,181,3.33
12,182,7.14
12,183,2.5
12,184,2.38
12,185,3.57
12,186,2.63
12,187,4.17
12,188,2.78
12,189,6.25
12,190,2.78
12,191,10
12,192,5.56
12,193,7.14
12,194,3.85
12,195,6.25
12,196,2.17
12,197,4.55
12,198,2.27
12,199,2.08
12,200,2.94
12,201,8.33
12,202,5
12,203,6.25
12,204,3.85
12,205,4.17
12,206,2
12,207,4.17
12,208,5
12,209,5
12,210,2.78
12,211,5
12,212,2.17
12,213,2.08
12,214,5.56
12,215,5.56
12,216,2.5
12,217,2
12,218,3.85
12,219,2.08
12,220,4.55
12,221,3.33
12,222,5
12,223,7.14
12,224,2.78
12,225,8.33
12,226,2.5
12,227,4.17
12,228,2.63
12,229,2.27
12,230,4.55
12,231,8.33
12,232,3.85
12,233,8.33
12,234,2.17
12,235,3.33
12,236,3.13
12,237,2.5
12,238,2.08
12,239,4.17
12,240,2.78
12,241,2.5
12,242,10
12,243,6.25
12,244,4.17
12,245,6.25
12,246,2.08
12,247,4.55
12,248,2.17
12,249,4.55
12,250,6.25
12,251,3.57
12,252,7.14
12,253,3.57
12,254,3.85
12,255,2.08
12,256,2.17
12,257,7.14
12,258,5
12,259,10
12,260,2.5
12,261,4.55
12,262,7.14
12,263,2.78
12,264,2.27
12,265,2.5
12,266,4.55
12,267,4.55
12,268,2.94
12,269,3.57
12,270,5.56
12,271,4.17
12,272,2.08
12,273,2.63
12,274,3.57
12,275,2.38
12,276,2.63
12,277,5
12,278,4.17
12,279,3.33
12,280,2.27
12,281,2.08
12,282,2.78
12,283,2.38
12,284,4.55
12,285,3.57
12,286,2.38
12,287,2.08
12,288,6.25
12,289,2.63
12,290,2.5
12,291,4.17
12,292,2.38
12,293,5.56
12,294,4.55
12,295,2.17
12,296,3.13
12,297,6.25
12,298,2.78
12,299,2
12,300,3.85
12,301,2.78
12,302,2.78
12,303,5.56
12,304,4.17
12,305,10
12,306,4.17
12,307,3.33
12,308,3.13
12,309,2.78
12,310,8.33
12,311,2.5
12,312,2.08
12,313,4.17
12,314,2.78
12,315,2.5
12,316,8.33
12,317,3.57
12,318,2.5
12,319,4.17
12,320,4.17
12,321,5.56
12,322,2.38
12,323,2
12,324,5.56
12,325,7.14
12,326,3.57
12,327,2.38
12,328,4.55
12,329,5.56
12,330,2.08
12,331,6.25
12,332,5
12,333,2.08
12,334,3.57
12,335,8.33
12,336,2.27
12,337,3.57
12,338,3.13
12,339,2.08
12,340,2.08
12,341,2.17
12,342,2.63
12,343,4.17
12,344,4.17
12,345,6.25
12,346,5.56
12,347,3.57
12,348,4.55
12,349,3.85
12,350,3.33
12,351,4.55
12,352,7.14
12,353,3.85
12,354,5
12,355,2.63
12,356,5.56
12,357,2
12,358,2.17
12,359,3.33
12,360,2.27
12,361,5.56
12,362,2
12,363,3.85
12,364,2
12,365,2.78
12,366,2.63
12,367,2.38
12,368,3.13
12,369,5
12,370,2.63
12,371,5.56
12,372,2
12,373,2.17
12,374,5
12,375,2.08
12,376,7.14
12,377,6.25
12,378,6.25
12,379,2.63
12,380,4.17
12,381,5.56
12,382,4.17
12,383,3.13
12,384,2.08
12,385,2.63
12,386,2.5
12,387,3.85
12,388,6.25
12,389,5
12,390,2.08
12,391,3.85
12,392,2
12,393,2.08
12,394,10
12,395,3.33
12,396,2.38
12,397,3.33
12,398,2.78
12,399,8.33
12,400,6.25
12,401,6.25
12,402,7.14
12,403,2.5
12,404,4.55
12,405,3.85
12,406,3.33
12,407,2.27
12,408,2.38
12,409,2
12,410,3.13
12,411,10
12,412,4.17
12,413,4.55
12,414,7.14
12,415,10
12,416,2.08
12,417,6.25
12,418,2.5
12,419,2.94
12,420,5.56
12,421,8.33
12,422,2.17
12,423,2.27
12,424,5
12,425,7.14
12,426,3.85
12,427,2.5
12,428,2.38
12,429,2
12,430,7.14
12,431,2.38
12,432,3.85
12,433,2.27
12,434,4.55
12,435,2.78
12,436,2.38
12,437,3.33
12,438,2
12,439,4.17
12,440,2.78
12,441,2.17
12,442,2.08
12,443,2.08
12,444,2.5
12,445,2
12,446,3.33
12,447,10
12,448,2.78
12,449,2.63
12,450,2.5
12,451,3.57
12,452,7.14
12,453,4.55
12,454,2.5
12,455,3.13
12,456,2.27
12,457,2.5
12,458,8.33
12,459,4.55
12,460,8.33
12,461,3.13
12,462,3.85
12,463,5.56
12,464,3.57
12,465,2.5
12,466,5.56
12,467,5
12,468,2.17
12,469,5.56
12,470,6.25
12,471,4.55
12,472,5.56
12,473,10
12,474,2.63
12,475,2
12,476,2.08
12,477,2.38
12,478,4.17
12,479,2.08
12,480,7.14
12,481,4.55
12,482,2.08
12,483,3.13
12,484,3.85
12,485,2.38
12,486,3.85
12,487,2.17
12,488,2.38
12,489,5
12,490,3.33
12,491,2.94
12,492,5.56
12,493,2.17
12,494,10
12,495,4.17
12,496,7.14
12,497,2.94
12,498,2.94
12,499,5.56
12,500,5.56
13,1,4.17
13,2,2.08
13,3,2.5
13,4,4.17
13,5,7.14
13,6,6.25
13,7,4.55
13,8,4.17
13,9,2.27
13,10,2.63
13,11,5
13,12,2.17
13,13,2.63
13,14,2.38
13,15,2
13,16,2.17
13,17,3.33
13,18,7.14
13,19,3.13
13,20,2.08
13,21,6.25
13,22,2.08
13,23,2.94
13,24,2.63
13,25,3.57
13,26,4.17
13,27,2.5
13,28,3.13
13,29,4.17
13,30,5.56
13,31,5
13,32,2.94
13,33,2.78
13,34,2.5
13,35,2.38
13,36,2.08
13,37,5.56
13,38,2
13,39,8.33
13,40,2.94
13,41,3.13
13,42,2.5
13,43,2.08
13,44,2.63
13,45,4.55
13,46,6.25
13,47,6.25
13,48,3.33
13,49,2.27
13,50,2.63
13,51,2.08
13,52,8.33
13,53,10
13,54,2.63
13,55,3.33
13,56,2
13,57,2.08
13,58,2.08
13,59,2.94
13,60,3.85
13,61,4.17
13,62,3.85
13,63,2.08
13,64,2.27
13,65,10
13,66,2.17
13,67,7.14
13,68,2.94
13,69,3.13
13,70,2.63
13,71,2.27
13,72,5
13,73,2
13,74,2.38
13,75,3.33
13,76,4.55
13,77,2.27
13,78,2.5
13,79,2.27
13,80,2.63
13,81,6.25
13,82,3.57
13,83,2.08
13,84,10
13,85,4.55
13,86,10
13,87,2.27
13,88,2.5
13,89,3.33
13,90,3.85
13,91,8.33
13,92,4.17
13,93,3.85
13,94,2.5
13,95,2.5
13,96,2.17
13,97,5
13,98,4.17
13,99,10
13,100,3.57
13,101,4.17
13,102,10
13,103,2.5
13,104,2
13,105,8.33
13,106,2.08
13,107,2
13,108,2.63
13,109,4.17
13,110,5
13,111,5
13,112,7.14
13,113,2.94
13,114,2.27
13,115,2.5
13,116,2.17
13,117,2
13,118,8.33
13,119,10
13,120,4.17
13,121,2.78
13,122,2.27
13,123,4.17
13,124,3.13
13,125,10
13,126,7.14
13,127,2
13,128,3.33
13,129,2.38
13,130,3.13
13,131,3.85
13,132,5.56
13,133,3.33
13,134,2.38
13,135,3.85
13,136,2.5
13,137,4.17
13,138,2.78
13,139,4.55
13,140,10
13,141,3.57
13,142,4.55
13,143,2.38
13,144,5
13,145,2
13,146,2
13,147,8.33
13,148,2.17
13,149,2.38
13,150,2.38
13,151,3.57
13,152,6.25
13,153,4.17
13,154,4.55
13,155,8.33
13,156,2.08
13,157,3.33
13,158,2.78
13,159,2
13,160,3.57
13,161,2.17
13,162,5
13,163,2.78
13,164,2.38
13,165,2.08
13,166,7.14
13,167,3.33
13,168,4.55
13,169,3.33
13,170,3.85
13,171,2.63
13,172,3.85
13,173,3.13
13,174,4.17
13,175,2.27
13,176,4.17
13,177,3.85
13,178,3.85
13,179,2
13,180,2.94
13,181,5.56
13,182,4.17
13,183,4.55
13,184,5.56
13,185,2.5
13,186,8.33
13,187,3.85
13,188,2.08
13,189,2.5
13,190,2.5
13,191,10
13,192,4.17
13,193,4.55
13,194,5.56
13,195,2.78
13,196,2.94
13,197,8.33
13,198,2.5
13,199,3.13
13,200,10
13,201,2.38
13,202,10
13,203,2.63
13,204,8.33
13,205,2.17
13,206,3.13
13,207,3.85
13,208,2.38
13,209,8.33
13,210,2.94
13,211,2.78
13,212,4.55
13,213,2.5
13,214,2.5
13,215,10
13,216,4.17
13,217,7.14
13,218,2.08
13,219,3.13
13,220,4.17
13,221,2.27
13,222,5
13,223,2.78
13,224,2.94
13,225,2
13,226,7.14
13,227,3.85
13,228,4.17
13,229,10
13,230,5.56
13,231,5.56
13,232,2.5
13,233,2.08
13,234,5.56
13,235,2.38
13,236,2.78
13,237,2.94
13,238,4.55
13,239,2.08
13,240,3.85
13,241,3.85
13,242,2.17
13,243,4.55
13,244,2.17
13,245,2.27
13,246,7.14
13,247,4.55
13,248,5.56
13,249,4.55
13,250,2.78
13,251,10
13,252,2
13,253,2.94
13,254,7.14
13,255,7.14
13,256,2.5
13,257,2.63
13,258,3.85
13,259,2.5
13,260,7.14
13,261,2.17
13,262,8.33
13,263,2
13,264,2.27
13,265,5
13,266,2.94
13,267,3.33
13,268,3.85
13,269,3.57
13,270,2.5
13,271,2.63
13,272,2.94
13,273,5.56
13,274,5
13,275,3.33
13,276,3.57
13,277,2.17
13,278,4.55
13,279,6.25
13,280,2.94
13,281,5.56
13,282,2.38
13,283,2.17
13,284,5.56
13,285,2.63
13,286,3.57
13,287,5
13,288,3.57
13,289,2.63
13,290,2.38
13,291,2.94
13,292,2.94
13,293,2.27
13,294,4.17
13,295,2.27
13,296,6.25
13,297,10
13,298,2.27
13,299,3.33
13,300,2.27
13,301,2.08
13,302,3.13
13,303,3.85
13,304,2.27
13,305,5
13,306,8.33
13,307,2.78
13,308,5
13,309,7.14
13,310,5.56
13,311,3.33
13,312,2.17
13,313,2
13,314,7.14
13,315,8.33
13,316,2.94
13,317,2.5
13,318,10
13,319,5.56
13,320,4.55
13,321,2.17
13,322,10
13,323,2.63
13,324,7.14
13,325,7.14
13,326,2.17
13,327,8.33
13,328,2.27
13,329,3.33
13,330,10
13,331,5.56
13,332,3.85
13,333,8.33
13,334,2.78
13,335,7.14
13,336,3.13
13,337,6.25
13,338,2.27
13,339,2
13,340,2.78
13,341,2
13,342,4.17
13,343,3.85
13,344,2.17
13,345,4.55
13,346,2.78
13,347,2
13,348,2
13,349,3.33
13,350,3.57
13,351,3.33
13,352,3.85
13,353,2
13,354,8.33
13,355,4.17
13,356,8.33
13,357,2.17
13,358,4.17
13,359,2.08
13,360,2.27
13,361,5
13,362,2.27
13,363,2.17
13,364,2
13,365,4.55
13,366,2.08
13,367,3.13
13,368,4.55
13,369,2.78
13,370,10
13,371,7.14
13,372,10
13,373,5.56
13,374,4.17
13,375,3.85
13,376,6.25
13,377,2.08
13,378,5.56
13,379,3.57
13,380,4.17
13,381,7.14
13,382,3.57
13,383,5.56
13,384,2.38
13,385,2.78
13,386,2.5
13,387,4.55
13,388,3.85
13,389,3.13
13,390,2.78
13,391,5.56
13,392,2.17
13,393,4.55
13,394,2.08
13,395,2.78
13,396,3.57
13,397,2.17
13,398,2
13,399,3.85
13,400,6.25
13,401,3.33
13,402,2.63
13,403,3.85
13,404,3.13
13,405,3.57
13,406,2.08
13,407,2.27
13,408,2.38
13,409,3.33
13,410,7.14
13,411,3.13
13,412,3.33
13,413,2.63
13,414,6.25
13,415,2.94
13,416,4.17
13,417,2.08
13,418,2.08
13,419,8.33
13,420,3.33
13,421,2.17
13,422,3.13
13,423,4.55
13,424,4.55
13,425,2.08
13,426,5.56
13,427,3.57
13,428,5.56
13,429,2.38
13,430,3.13
13,431,8.33
13,432,2.08
13,433,2.08
13,434,2.17
13,435,4.17
13,436,3.85
13,437,4.17
13,438,5.56
13,439,4.17
13,440,2.78
13,441,2
13,442,3.85
13,443,7.14
13,444,3.85
13,445,5.56
13,446,3.33
13,447,2.5
13,448,3.13
13,449,2.78
13,450,4.17
13,451,5.56
13,452,4.55
13,453,2.08
13,454,2.08
13,455,2.63
13,456,2.27
13,457,6.25
13,458,2.08
13,459,4.55
13,460,2.27
13,461,2.63
13,462,5
13,463,10
13,464,6.25
13,465,2.63
13,466,2.5
13,467,8.33
13,468,4.55
13,469,5
13,470,6.25
13,471,2.94
13,472,4.17
13,473,3.13
13,474,4.55
13,475,3.33
13,476,2.17
13,477,2.5
13,478,2.08
13,479,3.33
13,480,4.17
13,481,6.25
13,482,2.38
13,483,8.33
13,484,6.25
13,485,2.27
13,486,4.55
13,487,2.5
13,488,5
13,489,2.63
13,490,2.38
13,491,2.63
13,492,5.56
13,493,6.25
13,494,5
13,495,4.55
13,496,2.38
13,497,4.55
13,498,2.17
13,499,6.25
13,500,3.85
14,1,7.14
14,2,5.56
14,3,2.63
14,4,2.38
14,5,2.5
14,6,2
14,7,2.78
14,8,5.56
14,9,4.17
14,10,2.63
14,11,4.17
14,12,2.94
14,13,8.33
14,14,6.25
14,15,3.33
14,16,5.56
14,17,10
14,18,2.27
14,19,8.33
14,20,10
14,21,3.57
14,22,2.17
14,23,2.27
14,24,2.08
14,25,7.14
14,26,8.33
14,27,2.63
14,28,2.94
14,29,3.57
14,30,4.17
14,31,3.57
14,32,2.78
14,33,7.14
14,34,2.63
14,35,3.57
14,36,3.57
14,37,4.55
14,38,5
14,39,2.08
14,40,7.14
14,41,2.78
14,42,2.63
14,43,2.27
14,44,2
14,45,4.17
14,46,2.63
14,47,3.33
14,48,4.17
14,49,2.17
14,50,8.33
14,51,2.63
14,52,2.08
14,53,3.33
14,54,2.94
14,55,2.94
14,56,8.33
14,57,2.08
14,58,8.33
14,59,3.85
14,60,2.63
14,61,2.5
14,62,7.14
14,63,4.55
14,64,5
14,65,2.94
14,66,2.38
14,67,5.56
14,68,2.38
14,69,8.33
14,70,5
14,71,2.17
14,72,2.63
14,73,2.08
14,74,2
14,75,3.85
14,76,5.56
14,77,3.33
14,78,2.08
14,79,5.56
14,80,2.08
14,81,2.27
14,82,10
14,83,2.5
14,84,3.13
14,85,5.56
14,86,2.94
14,87,7.14
14,88,2.63
14,89,5
14,90,6.25
14,91,2.78
14,92,2.5
14,93,5
14,94,2
14,95,7.14
14,96,2.5
14,97,5.56
14,98,2.17
14,99,3.33
14,100,2.27
14,101,7.14
14,102,3.57
14,103,3.33
14,104,2
14,105,10
14,106,2.27
14,107,6.25
14,108,2
14,109,2.27
14,110,2.63
14,111,2
14,112,2.63
14,113,10
14,114,3.57
14,115,3.57
14,116,3.57
14,117,3.57
14,118,2
14,119,5
14,120,2.27
14,121,6.25
14,122,2.94
14,123,3.13
14,124,5.56
14,125,2.5
14,126,2.94
14,127,2.5
14,128,2
14,129,5
14,130,2.27
14,131,10
14,132,2.78
14,133,2.5
14,134,2
14,135,10
14,136,2.38
14,137,7.14
14,138,6.25
14,139,3.13
14,140,2.78
14,141,2.38
14,142,2.78
14,143,2.38
14,144,3.33
14,145,7.14
14,146,2.27
14,147,7.14
14,148,4.17
14,149,2.63
14,150,2.08
14,151,4.55
14,152,2.38
14,153,4.17
14,154,8.33
14,155,3.33
14,156,8.33
14,157,2.78
14,158,2.63
14,159,10
14,160,2.63
14,161,3.85
14,162,2.78
14,163,3.13
14,164,6.25
14,165,2
14,166,2.08
14,167,3.33
14,168,3.57
14,169,5.56
14,170,2.08
14,171,3.57
14,172,10
14,173,7.14
14,174,3.85
14,175,3.85
14,176,4.55
14,177,3.13
14,178,2.08
14,179,2.94
14,180,5.56
14,181,4.17
14,182,2.08
14,183,7.14
14,184,2.94
14,185,4.17
14,186,2
14,187,7.14
14,188,6.25
14,189,5
14,190,2.27
14,191,4.17
14,192,10
14,193,3.33
14,194,5
14,195,5.56
14,196,3.85
14,197,2.38
14,198,4.55
14,199,2.38
14,200,3.57
14,201,6.25
14,202,2.27
14,203,2.5
14,204,2.5
14,205,3.13
14,206,10
14,207,2.27
14,208,7.14
14,209,10
14,210,4.55
14,211,2.27
14,212,3.85
14,213,2.38
14,214,2.63
14,215,5
14,216,2.5
14,217,2.08
14,218,4.17
14,219,5
14,220,3.85
14,221,3.85
14,222,2
14,223,3.33
14,224,2.78
14,225,2.38
14,226,2.78
14,227,6.25
14,228,10
14,229,2.17
14,230,10
14,231,2.17
14,232,2.78
14,233,2.17
14,234,2.17
14,235,2.38
14,236,2.27
14,237,2
14,238,4.55
14,239,2
14,240,2.63
14,241,7.14
14,242,3.33
14,243,2.78
14,244,2
14,245,2.94
14,246,3.13
14,247,3.13
14,248,2.5
14,249,2.63
14,250,2.94
14,251,6.25
14,252,2.38
14,253,8.33
14,254,8.33
14,255,5
14,256,2.63
14,257,2.17
14,258,5
14,259,6.25
14,260,2.38
14,261,10
14,262,7.14
14,263,2.17
14,264,5
14,265,2
14,266,8.33
14,267,2
14,268,4.55
14,269,2.63
14,270,2.78
14,271,5
14,272,2.17
14,273,10
14,274,5
14,275,2.08
14,276,4.17
14,277,2.94
14,278,4.55
14,279,4.17
14,280,5.56
14,281,3.13
14,282,3.33
14,283,4.55
14,284,2.5
14,285,2
14,286,2.17
14,287,2
14,288,4.55
14,289,3.85
14,290,3.33
14,291,3.85
14,292,8.33
14,293,3.85
14,294,2.27
14,295,2.63
14,296,6.25
14,297,3.57
14,298,2.27
14,299,6.25
14,300,2.08
14,301,6.25
14,302,2.5
14,303,8.33
14,304,3.85
14,305,2.63
14,306,3.33
14,307,2.63
14,308,2.38
14,309,2.17
14,310,3.13
14,311,10
14,312,2
14,313,3.33
14,314,2.78
14,315,8.33
14,316,3.57
14,317,2.94
14,318,3.13
14,319,4.17
14,320,4.55
14,321,4.55
14,322,2.38
14,323,10
14,324,2.08
14,325,4.17
14,326,2.38
14,327,3.13
14,328,4.17
14,329,2.5
14,330,5
14,331,2.5
14,332,2.63
14,333,3.33
14,334,2.27
14,335,2.94
14,336,3.13
14,337,7.14
14,338,5.56
14,339,5.56
14,340,2.38
14,341,3.85
14,342,2.08
14,343,3.13
14,344,5
14,345,6.25
14,346,8.33
14,347,3.13
14,348,10
14,349,5
14,350,10
14,351,5.56
14,352,2.08
14,353,7.14
14,354,2.63
14,355,5
14,356,3.57
14,357,5.56
14,358,3.33
14,359,5.56
14,360,3.13
14,361,2.94
14,362,2.17
14,363,3.13
14,364,3.33
14,365,4.17
14,366,2.78
14,367,5
14,368,5.56
14,369,2
14,370,2.78
14,371,2.94
14,372,10
14,373,2.27
14,374,2.94
14,375,3.13
14,376,2.63
14,377,7.14
14,378,2.94
14,379,10
14,380,2.94
14,381,2.08
14,382,2.5
14,383,2.38
14,384,2.08
14,385,2
14,386,5.56
14,387,2.17
14,388,2.78
14,389,7.14
14,390,2
14,391,3.57
14,392,2
14,393,2.5
14,394,10
14,395,2
14,396,2.38
14,397,10
14,398,7.14
14,399,2.38
14,400,2.94
14,401,3.57
14,402,2.17
14,403,2
14,404,2.94
14,405,3.33
14,406,3.33
14,407,4.17
14,408,3.13
14,409,3.57
14,410,2.17
14,411,3.33
14,412,2.5
14,413,2.38
14,414,2.63
14,415,2.94
14,416,5
14,417,8.33
14,418,2.78
14,419,7.14
14,420,3.57
14,421,2.78
14,422,3.33
14,423,8.33
14,424,5.56
14,425,6.25
14,426,2.38
14,427,2.27
14,428,3.85
14,429,6.25
14,430,2.78
14,431,3.57
14,432,2.78
14,433,7.14
14,434,3.33
14,435,10
14,436,6.25
14,437,5.56
14,438,3.13
14,439,10
14,440,6.25
14,441,4.55
14,442,2.08
14,443,3.85
14,444,10
14,445,2.38
14,446,3.85
14,447,10
14,448,3.33
14,449,7.14
14,450,8.33
14,451,2.5
14,452,6.25
14,453,10
14,454,5.56
14,455,4.17
14,456,3.85
14,457,3.33
14,458,2.63
14,459,3.13
14,460,4.17
14,461,8.33
14,462,4.17
14,463,2.27
14,464,2.5
14,465,2.08
14,466,2.27
14,467,3.13
14,468,2.94
14,469,3.57
14,470,8.33
14,471,3.57
14,472,7.14
14,473,2.17
14,474,3.85
14,475,5
14,476,5.56
14,477,10
14,478,3.57
14,479,2.94
14,480,2.38
14,481,4.17
14,482,2
14,483,4.17
14,484,2.27
14,485,3.85
14,486,7.14
14,487,3.57
14,488,8.33
14,489,2.08
14,490,4.17
14,491,6.25
14,492,3.85
14,493,4.17
14,494,3.13
14,495,10
14,496,3.33
14,497,4.17
14,498,2.5
14,499,2.78
14,500,2.08
15,1,4.55
15,2,5.56
15,3,2.94
15,4,10
15,5,7.14
15,6,5
15,7,3.85
15,8,5
15,9,2.38
15,10,7.14
15,11,2.38
15,12,4.55
15,13,8.33
15,14,3.57
15,15,3.33
15,16,2.5
15,17,3.13
15,18,3.85
15,19,2.08
15,20,3.57
15,21,2.5
15,22,7.14
15,23,2
15,24,2.08
15,25,2.17
15,26,2.78
15,27,2
15,28,10
15,29,4.55
15,30,2.78
15,31,2.08
15,32,8.33
15,33,5
15,34,6.25
15,35,4.55
15,36,2.63
15,37,5
15,38,2.17
15,39,2.08
15,40,7.14
15,41,2.08
15,42,6.25
15,43,7.14
15,44,7.14
15,45,8.33
15,46,3.57
15,47,3.33
15,48,4.17
15,49,2.08
15,50,7.14
15,51,5
15,52,2.17
15,53,5.56
15,54,2.38
15,55,2.78
15,56,3.33
15,57,2.38
15,58,2.94
15,59,2.38
15,60,2.94
15,61,2.38
15,62,2.5
15,63,2
15,64,2.5
15,65,3.33
15,66,2.38
15,67,7.14
15,68,5
15,69,4.55
15,70,2.38
15,71,7.14
15,72,3.13
15,73,3.13
15,74,2.94
15,75,2.78
15,76,3.57
15,77,5.56
15,78,2.08
15,79,2.27
15,80,7.14
15,81,8.33
15,82,2
15,83,3.85
15,84,2.78
15,85,2.17
15,86,8.33
15,87,3.13
15,88,2.94
15,89,5.56
15,90,2.94
15,91,2.78
15,92,10
15,93,3.33
15,94,8.33
15,95,5
15,96,2.17
15,97,4.55
15,98,2.08
15,99,2.94
15,100,6.25
15,101,2.63
15,102,2.5
15,103,2.27
15,104,2.17
15,105,2.94
15,106,2.08
15,107,4.55
15,108,5
15,109,2.08
15,110,5
15,111,2.17
15,112,10
15,113,3.57
15,114,3.33
15,115,6.25
15,116,3.57
15,117,2.63
15,118,7.14
15,119,3.13
15,120,2.17
15,121,2.38
15,122,5
15,123,2.94
15,124,2.27
15,125,3.33
15,126,2.08
15,127,5.56
15,128,2.38
15,129,2
15,130,2.08
15,131,2.17
15,132,5.56
15,133,5
15,134,2.08
15,135,4.17
15,136,2.63
15,137,2.94
15,138,8.33
15,139,7.14
15,140,4.55
15,141,8.33
15,142,3.85
15,143,2.27
15,144,2.78
15,145,2.38
15,146,8.33
15,147,3.13
15,148,7.14
15,149,2.27
15,150,2.08
15,151,10
15,152,2.63
15,153,2.27
15,154,7.14
15,155,3.33
15,156,7.14
15,157,5.56
15,158,2.27
15,159,2
15,160,8.33
15,161,8.33
15,162,4.17
15,163,6.25
15,164,2
15,165,6.25
15,166,2.38
15,167,2
15,168,3.33
15,169,2.94
15,170,7.14
15,171,10
15,172,4.17
15,173,2.78
15,174,3.85
15,175,3.85
15,176,2.78
15,177,3.13
15,178,2.63
15,179,7.14
15,180,3.57
15,181,5
15,182,2
15,183,2.17
15,184,4.55
15,185,3.33
15,186,2.5
15,187,3.33
15,188,4.55
15,189,3.57
15,190,2.78
15,191,4.55
15,192,3.13
15,193,2.63
15,194,4.55
15,195,5
15,196,2.08
15,197,2.17
15,198,3.33
15,199,3.85
15,200,6.25
15,201,2.08
15,202,3.13
15,203,2.08
15,204,2.38
15,205,8.33
15,206,7.14
15,207,2.78
15,208,8.33
15,209,2.27
15,210,10
15,211,2.63
15,212,3.85
15,213,2.08
15,214,2.63
15,215,4.17
15,216,3.13
15,217,2.78
15,218,3.13
15,219,3.85
15,220,2.38
15,221,6.25
15,222,3.33
15,223,4.55
15,224,6.25
15,225,2.17
15,226,2.08
15,227,2.17
15,228,2.38
15,229,3.85
15,230,10
15,231,2.78
15,232,5
15,233,5.56
15,234,2
15,235,6.25
15,236,3.85
15,237,2.5
15,238,3.85
15,239,2.08
15,240,3.33
15,241,2.17
15,242,5
15,243,5
15,244,3.13
15,245,3.13
15,246,3.57
15,247,2.94
15,248,5
15,249,2
15,250,3.13
15,251,3.57
15,252,7.14
15,253,4.55
15,254,2.17
15,255,5
15,256,3.33
15,257,4.17
15,258,3.33
15,259,8.33
15,260,2.17
15,261,2.63
15,262,8.33
15,263,3.33
15,264,2.63
15,265,3.13
15,266,2.78
15,267,5.56
15,268,2.78
15,269,2.5
15,270,5.56
15,271,2
15,272,6.25
15,273,7.14
15,274,2.78
15,275,3.13
15,276,2.38
15,277,2.63
15,278,2.94
15,279,2.63
15,280,5.56
15,281,2.17
15,282,2.78
15,283,2.5
15,284,3.85
15,285,2.27
15,286,6.25
15,287,2.17
15,288,5
15,289,7.14
15,290,2.08
15,291,8.33
15,292,3.57
15,293,6.25
15,294,3.57
15,295,8.33
15,296,2.17
15,297,5
15,298,2
15,299,2.17
15,300,8.33
15,301,2.38
15,302,2.08
15,303,3.57
15,304,2.08
15,305,8.33
15,306,2.94
15,307,2.63
15,308,2.5
15,309,3.85
15,310,4.17
15,311,2.08
15,312,7.14
15,313,4.17
15,314,2.78
15,315,2
15,316,5.56
15,317,2.94
15,318,5
15,319,7.14
15,320,3.57
15,321,6.25
15,322,5
15,323,7.14
15,324,2.38
15,325,2
15,326,8.33
15,327,2.17
15,328,2.08
15,329,3.57
15,330,4.17
15,331,2.5
15,332,8.33
15,333,2.38
15,334,3.57
15,335,3.57
15,336,2.63
15,337,2
15,338,6.25
15,339,3.33
15,340,2.78
15,341,2.38
15,342,7.14
15,343,7.14
15,344,7.14
15,345,2.17
15,346,5.56
15,347,3.85
15,348,8.33
15,349,5
15,350,4.17
15,351,7.14
15,352,2.17
15,353,2.38
15,354,2
15,355,2.5
15,356,4.17
15,357,3.33
15,358,7.14
15,359,3.33
15,360,8.33
15,361,2
15,362,5
15,363,5.56
15,364,7.14
15,365,2.27
15,366,6.25
15,367,3.33
15,368,8.33
15,369,5
15,370,3.13
15,371,2.78
15,372,3.33
15,373,7.14
15,374,2.78
15,375,8.33
15,376,3.85
15,377,2.78
15,378,3.85
15,379,3.57
15,380,2
15,381,2.78
15,382,5.56
15,383,2.78
15,384,2.38
15,385,6.25
15,386,3.33
15,387,2.17
15,388,3.85
15,389,2.5
15,390,2.78
15,391,3.85
15,392,6.25
15,393,2.94
15,394,2.27
15,395,4.17
15,396,2.63
15,397,5
15,398,4.17
15,399,4.17
15,400,3.13
15,401,5
15,402,2.94
15,403,2.94
15,404,3.57
15,405,4.17
15,406,2.78
15,407,3.85
15,408,3.13
15,409,3.33
15,410,2
15,411,6.25
15,412,3.33
15,413,7.14
15,414,10
15,415,2.38
15,416,3.57
15,417,2.63
15,418,2.78
15,419,2.94
15,420,4.17
15,421,4.55
15,422,4.55
15,423,5.56
15,424,2.08
15,425,4.17
15,426,3.57
15,427,3.13
15,428,3.33
15,429,3.33
15,430,2
15,431,5.56
15,432,2.38
15,433,8.33
15,434,5
15,435,5.56
15,436,3.13
15,437,2.94
15,438,2.17
15,439,3.85
15,440,2.38
15,441,2
15,442,2.94
15,443,8.33
15,444,2.08
15,445,2.78
15,446,5.56
15,447,2.94
15,448,3.85
15,449,3.33
15,450,2.27
15,451,3.13
15,452,10
15,453,10
15,454,2.38
15,455,2.94
15,456,7.14
15,457,8.33
15,458,2
15,459,6.25
15,460,3.13
15,461,2.17
15,462,3.33
15,463,2.27
15,464,2.08
15,465,3.13
15,466,2.08
15,467,10
15,468,2.08
15,469,3.13
15,470,5
15,471,2
15,472,5.56
15,473,3.85
15,474,2
15,475,3.33
15,476,2.63
15,477,4.17
15,478,10
15,479,5.56
15,480,4.55
15,481,3.33
15,482,10
15,483,2.17
15,484,5
15,485,6.25
15,486,2.17
15,487,7.14
15,488,4.17
15,489,2
15,490,2.63
15,491,2.38
15,492,10
15,493,2
15,494,3.85
15,495,3.85
15,496,2.63
15,497,5.56
15,498,3.13
15,499,3.85
15,500,3.33
16,1,2
16,2,6.25
16,3,2.17
16,4,2.38
16,5,2.78
16,6,2.17
16,7,3.13
16,8,2.94
16,9,2.27
16,10,3.85
16,11,4.17
16,12,3.13
16,13,3.33
16,14,2.5
16,15,2.63
16,16,2.5
16,17,2.63
16,18,4.55
16,19,5.56
16,20,3.57
16,21,3.57
16,22,2.78
16,23,3.33
16,24,3.57
16,25,2
16,26,2.78
16,27,3.13
16,28,3.85
16,29,5.56
16,30,6.25
16,31,2
16,32,2.63
16,33,10
16,34,3.85
16,35,2.63
16,36,7.14
16,37,2.38
16,38,3.13
16,39,3.57
16,40,8.33
16,41,3.33
16,42,3.85
16,43,2
16,44,2
16,45,2.38
16,46,2.78
16,47,2.17
16,48,2.38
16,49,2.17
16,50,3.85
16,51,2.17
16,52,3.57
16,53,6.25
16,54,2.63
16,55,6.25
16,56,4.17
16,57,5
16,58,2.38
16,59,8.33
16,60,7.14
16,61,3.13
16,62,3.57
16,63,4.55
16,64,3.57
16,65,5
16,66,10
16,67,2.27
16,68,10
16,69,10
16,70,4.17
16,71,5
16,72,10
16,73,4.17
16,74,2.5
16,75,10
16,76,2.38
16,77,8.33
16,78,7.14
16,79,3.57
16,80,7.14
16,81,5.56
16,82,6.25
16,83,3.57
16,84,2.78
16,85,6.25
16,86,2.08
16,87,4.17
16,88,2.08
16,89,8.33
16,90,3.33
16,91,4.17
16,92,8.33
16,93,3.33
16,94,2.27
16,95,2.63
16,96,2.94
16,97,8.33
16,98,5
16,99,2.27
16,100,5.56
16,101,2.63
16,102,2.63
16,103,8.33
16,104,2.5
16,105,2.38
16,106,2.5
16,107,2.17
16,108,5.56
16,109,3.33
16,110,5.56
16,111,3.13
16,112,2.08
16,113,4.55
16,114,3.85
16,115,7.14
16,116,3.85
16,117,3.33
16,118,2.63
16,119,2.63
16,120,5.56
16,121,3.85
16,122,4.17
16,123,3.85
16,124,3.85
16,125,2.94
16,126,4.55
16,127,2
16,128,2.63
16,129,2
16,130,2
16,131,5
16,132,4.55
16,133,3.85
16,134,3.57
16,135,2.27
16,136,3.57
16,137,5.56
16,138,2.63
16,139,6.25
16,140,8.33
16,141,2.5
16,142,3.33
16,143,7.14
16,144,7.14
16,145,2.17
16,146,2.38
16,147,2
16,148,2.08
16,149,3.85
16,150,2.94
16,151,4.17
16,152,2.38
16,153,2.94
16,154,7.14
16,155,2.38
16,156,7.14
16,157,4.17
16,158,2.63
16,159,3.33
16,160,2.27
16,161,3.13
16,162,3.85
16,163,3.85
16,164,8.33
16,165,5
16,166,2.5
16,167,2.27
16,168,3.57
16,169,3.13
16,170,2.63
16,171,2.5
16,172,2.63
16,173,3.13
16,174,2.63
16,175,3.57
16,176,4.17
16,177,5.56
16,178,8.33
16,179,2.63
16,180,3.13
16,181,4.55
16,182,2.08
16,183,4.17
16,184,3.13
16,185,7.14
16,186,2.27
16,187,3.85
16,188,2.27
16,189,3.13
16,190,2.17
16,191,6.25
16,192,2
16,193,2
16,194,2.5
16,195,6.25
16,196,3.85
16,197,5.56
16,198,5.56
16,199,4.17
16,200,2.5
16,201,3.57
16,202,5
16,203,8.33
16,204,2.08
16,205,3.33
16,206,3.33
16,207,2.17
16,208,4.17
16,209,3.33
16,210,3.57
16,211,2.38
16,212,2.78
16,213,2.78
16,214,4.17
16,215,2.08
16,216,4.55
16,217,2.08
16,218,2.5
16,219,7.14
16,220,2.78
16,221,3.33
16,222,8.33
16,223,10
16,224,2.78
16,225,3.57
16,226,2.27
16,227,3.85
16,228,2.78
16,229,3.33
16,230,2.38
16,231,3.33
16,232,6.25
16,233,2.08
16,234,2.63
16,235,3.33
16,236,2.27
16,237,4.17
16,238,2.17
16,239,2
16,240,8.33
16,241,2.78
16,242,8.33
16,243,5
16,244,2.17
16,245,2.27
16,246,4.17
16,247,2.27
16,248,2.27
16,249,8.33
16,250,3.33
16,251,2.08
16,252,8.33
16,253,2.17
16,254,2.78
16,255,2.08
16,256,6.25
16,257,2.63
16,258,3.85
16,259,2.38
16,260,2.94
16,261,2.63
16,262,3.33
16,263,10
16,264,3.85
16,265,3.13
16,266,8.33
16,267,5
16,268,3.57
16,269,4.17
16,270,2.63
16,271,10
16,272,2.17
16,273,2.38
16,274,2.94
16,275,10
16,276,2.94
16,277,4.55
16,278,2.17
16,279,2.5
16,280,3.85
16,281,10
16,282,5
16,283,5.56
16,284,2.27
16,285,2.63
16,286,10
16,287,4.17
16,288,2.5
16,289,10
16,290,4.55
16,291,2.78
16,292,5
16,293,2.38
16,294,2.5
16,295,2
16,296,6.25
16,297,2.27
16,298,3.85
16,299,4.55
16,300,2.27
16,301,8.33
16,302,2.78
16,303,3.57
16,304,3.13
16,305,3.57
16,306,7.14
16,307,5
16,308,3.57
16,309,2.94
16,310,3.57
16,311,3.13
16,312,3.13
16,313,3.33
16,314,3.33
16,315,3.13
16,316,2.94
16,317,3.33
16,318,5.56
16,319,5
16,320,5
16,321,6.25
16,322,3.85
16,323,4.55
16,324,2.27
16,325,10
16,326,2.17
16,327,3.85
16,328,5
16,329,2.94
16,330,2.5
16,331,2.27
16,332,3.33
16,333,2.17
16,334,4.17
16,335,5
16,336,6.25
16,337,3.57
16,338,10
16,339,8.33
16,340,2.78
16,341,2.08
16,342,5
16,343,4.55
16,344,2.63
16,345,5
16,346,2
16,347,3.33
16,348,2.08
16,349,8.33
16,350,3.13
16,351,4.55
16,352,3.57
16,353,6.25
16,354,2.17
16,355,2.78
16,356,4.55
16,357,8.33
16,358,3.33
16,359,10
16,360,10
16,361,2.94
16,362,6.25
16,363,2.08
16,364,6.25
16,365,2.63
16,366,2.08
16,367,2
16,368,2.38
16,369,2.63
16,370,2.78
16,371,2.5
16,372,2.27
16,373,2.38
16,374,3.85
16,375,2.17
16,376,2.17
16,377,6.25
16,378,3.85
16,379,2.08
16,380,7.14
16,381,3.85
16,382,2.08
16,383,2.94
16,384,6.25
16,385,2.5
16,386,2.38
16,387,2.38
16,388,5
16,389,6.25
16,390,2.94
16,391,10
16,392,5
16,393,10
16,394,6.25
16,395,5
16,396,6.25
16,397,2.38
16,398,6.25
16,399,3.33
16,400,2.94
16,401,4.17
16,402,2.38
16,403,3.13
16,404,6.25
16,405,3.57
16,406,8.33
16,407,10
16,408,2.94
16,409,6.25
16,410,2.5
16,411,10
16,412,3.33
16,413,3.33
16,414,2.17
16,415,2.94
16,416,5.56
16,417,3.85
16,418,3.57
16,419,5.56
16,420,8.33
16,421,8.33
16,422,3.57
16,423,2.78
16,424,3.13
16,425,8.33
16,426,2.17
16,427,5.56
16,428,3.57
16,429,2.17
16,430,2.38
16,431,6.25
16,432,2.27
16,433,4.55
16,434,7.14
16,435,2.27
16,436,5
16,437,7.14
16,438,3.57
16,439,2.78
16,440,7.14
16,441,3.33
16,442,2
16,443,5
16,444,6.25
16,445,6.25
16,446,3.85
16,447,7.14
16,448,10
16,449,3.57
16,450,8.33
16,451,2.78
16,452,2.78
16,453,4.55
16,454,5.56
16,455,2.27
16,456,5
16,457,3.13
16,458,5.56
16,459,3.13
16,460,3.85
16,461,2.94
16,462,8.33
16,463,6.25
16,464,3.85
16,465,2.5
16,466,2.63
16,467,2.78
16,468,4.55
16,469,2.17
16,470,2.38
16,471,6.25
16,472,4.17
16,473,2.5
16,474,2.08
16,475,3.85
16,476,2.63
16,477,5.56
16,478,3.33
16,479,2.63
16,480,4.55
16,481,4.55
16,482,2.94
16,483,2.27
16,484,8.33
16,485,2.38
16,486,10
16,487,2.78
16,488,2.38
16,489,2.5
16,490,3.85
16,491,10
16,492,6.25
16,493,3.85
16,494,2.78
16,495,7.14
16,496,2.94
16,497,2.63
16,498,5.56
16,499,3.85
16,500,3.13
17,1,2.08
17,2,3.57
17,3,3.13
17,4,7.14
17,5,10
17,6,2.27
17,7,6.25
17,8,10
17,9,5.56
17,10,3.57
17,11,3.85
17,12,7.14
17,13,2
17,14,6.25
17,15,2.27
17,16,2.78
17,17,2.27
17,18,2
17,19,3.57
17,20,8.33
17,21,2.17
17,22,2.78
17,23,2.17
17,24,2.78
17,25,2.5
17,26,2.5
17,27,2.94
17,28,8.33
17,29,5
17,30,2.08
17,31,6.25
17,32,6.25
17,33,7.14
17,34,2
17,35,6.25
17,36,3.33
17,37,8.33
17,38,2.63
17,39,5
17,40,7.14
17,41,2.5
17,42,8.33
17,43,3.13
17,44,2.63
17,45,5
17,46,10
17,47,3.57
17,48,2.17
17,49,3.85
17,50,7.14
17,51,3.13
17,52,6.25
17,53,8.33
17,54,2
17,55,2
17,56,2.78
17,57,6.25
17,58,5
17,59,4.17
17,60,4.55
17,61,3.13
17,62,8.33
17,63,4.55
17,64,5.56
17,65,2.27
17,66,4.55
17,67,3.57
17,68,3.33
17,69,2.17
17,70,3.57
17,71,10
17,72,5
17,73,8.33
17,74,4.17
17,75,6.25
17,76,3.57
17,77,2.38
17,78,5.56
17,79,2.08
17,80,2.94
17,81,5.56
17,82,2
17,83,8.33
17,84,3.33
17,85,2.08
17,86,2.38
17,87,2.5
17,88,4.55
17,89,2.17
17,90,7.14
17,91,2.78
17,92,5
17,93,2.63
17,94,6.25
17,95,2.08
17,96,2.27
17,97,3.33
17,98,4.17
17,99,7.14
17,100,2.38
17,101,2.08
17,102,2.5
17,103,2.08
17,104,7.14
17,105,4.17
17,106,3.85
17,107,3.13
17,108,2.63
17,109,10
17,110,6.25
17,111,2
17,112,2.17
17,113,5
17,114,5
17,115,8.33
17,116,2.63
17,117,4.55
17,118,3.57
17,119,2.63
17,120,2.17
17,121,2.5
17,122,3.33
17,123,2.08
17,124,5.56
17,125,10
17,126,6.25
17,127,4.17
17,128,7.14
17,129,3.57
17,130,2.5
17,131,8.33
17,132,10
17,133,7.14
17,134,2.94
17,135,2.17
17,136,2.27
17,137,2.63
17,138,2.94
17,139,2.38
17,140,2.17
17,141,2.38
17,142,2.94
17,143,2.78
17,144,2.5
17,145,2.5
17,146,2.63
17,147,5.56
17,148,4.17
17,149,3.13
17,150,10
17,151,3.13
17,152,6.25
17,153,5.56
17,154,2.17
17,155,6.25
17,156,7.14
17,157,3.33
17,158,2.27
17,159,2
17,160,3.33
17,161,3.57
17,162,5
17,163,7.14
17,164,2.38
17,165,3.57
17,166,4.55
17,167,7.14
17,168,2.78
17,169,2.78
17,170,2.94
17,171,3.85
17,172,3.85
17,173,4.17
17,174,4.55
17,175,6.25
17,176,10
17,177,4.17
17,178,3.33
17,179,3.33
17,180,3.13
17,181,4.17
17,182,2.94
17,183,4.17
17,184,2.27
17,185,2.94
17,186,2.27
17,187,2.08
17,188,2.17
17,189,2.5
17,190,10
17,191,10
17,192,2.78
17,193,2.5
17,194,5.56
17,195,10
17,196,2.94
17,197,2.78
17,198,8.33
17,199,8.33
17,200,5.56
17,201,3.85
17,202,4.17
17,203,2.27
17,204,3.33
17,205,4.17
17,206,5.56
17,207,8.33
17,208,5.56
17,209,2.78
17,210,2.94
17,211,2.78
17,212,3.13
17,213,3.33
17,214,4.55
17,215,5
17,216,2.63
17,217,5.56
17,218,2.63
17,219,2.08
17,220,2.08
17,221,3.13
17,222,4.55
17,223,2.5
17,224,3.85
17,225,2.27
17,226,2.94
17,227,2.63
17,228,7.14
17,229,3.13
17,230,7.14
17,231,4.17
17,232,2.08
17,233,3.33
17,234,5
17,235,7.14
17,236,10
17,237,2
17,238,7.14
17,239,3.13
17,240,2.5
17,241,2
17,242,2.78
17,243,2.63
17,244,4.17
17,245,2.78
17,246,4.17
17,247,2.78
17,248,3.13
17,249,3.85
17,250,3.33
17,251,2
17,252,2
17,253,3.85
17,254,2.5
17,255,2.27
17,256,3.57
17,257,2.94
17,258,2.63
17,259,2.17
17,260,8.33
17,261,7.14
17,262,8.33
17,263,10
17,264,8.33
17,265,4.55
17,266,2.17
17,267,2.38
17,268,2.5
17,269,2.94
17,270,2.5
17,271,3.85
17,272,10
17,273,10
17,274,2.94
17,275,2.5
17,276,2.17
17,277,3.33
17,278,2.27
17,279,2.63
17,280,8.33
17,281,2.08
17,282,2.38
17,283,3.85
17,284,2.38
17,285,10
17,286,3.33
17,287,2.38
17,288,2.78
17,289,2.78
17,290,3.85
17,291,3.13
17,292,3.33
17,293,4.17
17,294,2
17,295,3.57
17,296,2.08
17,297,4.17
17,298,8.33
17,299,3.13
17,300,7.14
17,301,3.33
17,302,2
17,303,3.57
17,304,3.57
17,305,8.33
17,306,3.13
17,307,2.78
17,308,2
17,309,4.55
17,310,2.94
17,311,3.13
17,312,2.5
17,313,5
17,314,2.17
17,315,3.57
17,316,2.63
17,317,3.57
17,318,4.17
17,319,2.94
17,320,4.17
17,321,4.55
17,322,2.27
17,323,7.14
17,324,6.25
17,325,2.17
17,326,3.85
17,327,2.27
17,328,4.55
17,329,2.94
17,330,2.78
17,331,2.27
17,332,3.33
17,333,2.94
17,334,3.85
17,335,2.27
17,336,2.27
17,337,4.55
17,338,7.14
17,339,8.33
17,340,2.94
17,341,2.38
17,342,5.56
17,343,2.08
17,344,2.94
17,345,3.13
17,346,3.33
17,347,3.13
17,348,2.5
17,349,2.38
17,350,8.33
17,351,2.5
17,352,2.63
17,353,2
17,354,7.14
17,355,2.78
17,356,3.13
17,357,5.56
17,358,3.57
17,359,6.25
17,360,2.27
17,361,2.27
17,362,2.5
17,363,5
17,364,2.08
17,365,4.17
17,366,3.33
17,367,3.33
17,368,2.94
17,369,2.27
17,370,2.94
17,371,3.57
17,372,5
17,373,3.13
17,374,4.17
17,375,2.38
17,376,2.5
17,377,5
17,378,3.33
17,379,2.17
17,380,4.55
17,381,3.33
17,382,2.17
17,383,10
17,384,4.17
17,385,2
17,386,2.17
17,387,10
17,388,2.27
17,389,3.13
17,390,3.33
17,391,3.57
17,392,3.57
17,393,2.63
17,394,2.08
17,395,10
17,396,2.5
17,397,3.85
17,398,2.38
17,399,5.56
17,400,5.56
17,401,3.57
17,402,5
17,403,2
17,404,3.85
17,405,3.85
17,406,3.85
17,407,5.56
17,408,5.56
17,409,8.33
17,410,2.78
17,411,5.56
17,412,4.55
17,413,3.33
17,414,2.27
17,415,2
17,416,3.85
17,417,2.78
17,418,8.33
17,419,2.27
17,420,6.25
17,421,2
17,422,8.33
17,423,7.14
17,424,2.78
17,425,2
17,426,3.57
17,427,2
17,428,3.13
17,429,2.38
17,430,3.85
17,431,2.94
17,432,2.38
17,433,3.13
17,434,2.63
17,435,3.33
17,436,3.57
17,437,2.08
17,438,3.33
17,439,2.5
17,440,2.08
17,441,2.08
17,442,7.14
17,443,5
17,444,2.38
17,445,6.25
17,446,5.56
17,447,3.85
17,448,7.14
17,449,3.57
17,450,5.56
17,451,4.55
17,452,10
17,453,2.17
17,454,3.85
17,455,10
17,456,10
17,457,8.33
17,458,2.94
17,459,7.14
17,460,6.25
17,461,2.78
17,462,2.63
17,463,4.17
17,464,2.08
17,465,3.13
17,466,3.13
17,467,2.17
17,468,2.63
17,469,4.17
17,470,7.14
17,471,8.33
17,472,4.17
17,473,3.57
17,474,3.13
17,475,6.25
17,476,8.33
17,477,2.08
17,478,3.85
17,479,3.33
17,480,2
17,481,2
17,482,2
17,483,2.08
17,484,3.33
17,485,4.55
17,486,2.94
17,487,2.94
17,488,2.94
17,489,3.33
17,490,2.27
17,491,2.5
17,492,7.14
17,493,4.17
17,494,3.13
17,495,10
17,496,2.17
17,497,10
17,498,2.5
17,499,2
17,500,5.56
18,1,4.55
18,2,5
18,3,10
18,4,5.56
18,5,6.25
18,6,2.63
18,7,2
18,8,3.33
18,9,2
18,10,3.57
18,11,3.33
18,12,3.13
18,13,8.33
18,14,4.55
18,15,6.25
18,16,2.17
18,17,2.63
18,18,3.57
18,19,2.78
18,20,2
18,21,2.78
18,22,2.17
18,23,8.33
18,24,2.38
18,25,6.25
18,26,2.27
18,27,8.33
18,28,3.57
18,29,2.38
18,30,8.33
18,31,2.94
18,32,6.25
18,33,6.25
18,34,2.27
18,35,4.17
18,36,10
18,37,2.78
18,38,2.38
18,39,10
18,40,2.08
18,41,2.78
18,42,2.08
18,43,7.14
18,44,2.17
18,45,4.17
18,46,2.27
18,47,2.94
18,48,2
18,49,2.27
18,50,10
18,51,3.85
18,52,2.17
18,53,10
18,54,6.25
18,55,4.17
18,56,2.17
18,57,3.33
18,58,2.63
18,59,3.85
18,60,3.85
18,61,3.57
18,62,2.94
18,63,3.57
18,64,2.17
18,65,5.56
18,66,3.85
18,67,3.85
18,68,2.5
18,69,2.94
18,70,4.17
18,71,2.63
18,72,2.5
18,73,4.55
18,74,2
18,75,4.17
18,76,2.63
18,77,2.08
18,78,3.13
18,79,2.94
18,80,2.38
18,81,3.33
18,82,5
18,83,2.78
18,84,2.5
18,85,10
18,86,5
18,87,2.27
18,88,2.63
18,89,3.13
18,90,2.5
18,91,2.08
18,92,2
18,93,2
18,94,2.38
18,95,2.27
18,96,2.5
18,97,2.27
18,98,2.5
18,99,3.57
18,100,2.94
18,101,2.94
18,102,2.5
18,103,2.27
18,104,3.13
18,105,4.55
18,106,2.94
18,107,6.25
18,108,2
18,109,2.08
18,110,6.25
18,111,4.17
18,112,7.14
18,113,2
18,114,2.17
18,115,3.57
18,116,5
18,117,5
18,118,2
18,119,10
18,120,5.56
18,121,2.94
18,122,2
18,123,6.25
18,124,2.5
18,125,3.57
18,126,2.5
18,127,2.17
18,128,2.94
18,129,3.57
18,130,3.85
18,131,10
18,132,2.63
18,133,2.08
18,134,4.17
18,135,2.38
18,136,2.17
18,137,3.85
18,138,3.85
18,139,2.38
18,140,4.17
18,141,8.33
18,142,5.56
18,143,7.14
18,144,2.78
18,145,8.33
18,146,6.25
18,147,7.14
18,148,4.17
18,149,6.25
18,150,2.27
18,151,2.94
18,152,7.14
18,153,3.13
18,154,2
18,155,3.33
18,156,3.33
18,157,5.56
18,158,10
18,159,3.13
18,160,2
18,161,3.33
18,162,2.38
18,163,4.55
18,164,4.55
18,165,2.94
18,166,4.17
18,167,2.5
18,168,3.85
18,169,2.94
18,170,3.85
18,171,8.33
18,172,4.55
18,173,2.17
18,174,2
18,175,5
18,176,2.38
18,177,4.17
18,178,3.57
18,179,8.33
18,180,5
18,181,3.13
18,182,2.94
18,183,3.57
18,184,2.27
18,185,8.33
18,186,2.63
18,187,2
18,188,2.38
18,189,3.33
18,190,7.14
18,191,4.55
18,192,2.08
18,193,5.56
18,194,6.25
18,195,2.78
18,196,2.5
18,197,10
18,198,3.57
18,199,3.13
18,200,2.94
18,201,3.33
18,202,10
18,203,4.55
18,204,2.94
18,205,3.33
18,206,4.55
18,207,2.78
18,208,8.33
18,209,2.78
18,210,3.85
18,211,2.78
18,212,8.33
18,213,3.85
18,214,2.08
18,215,3.85
18,216,3.57
18,217,4.55
18,218,4.17
18,219,2.38
18,220,7.14
18,221,3.33
18,222,7.14
18,223,2.5
18,224,2
18,225,2.78
18,226,2.38
18,227,7.14
18,228,2.78
18,229,2.63
18,230,3.57
18,231,2.78
18,232,8.33
18,233,3.33
18,234,5
18,235,3.13
18,236,5
18,237,2.17
18,238,4.17
18,239,3.57
18,240,2.94
18,241,2
18,242,7.14
18,243,2.38
18,244,2
18,245,2.08
18,246,6.25
18,247,2.78
18,248,5.56
18,249,2.5
18,250,2.94
18,251,3.85
18,252,5
18,253,8.33
18,254,2.78
18,255,4.17
18,256,8.33
18,257,5
18,258,2.94
18,259,2.27
18,260,2.94
18,261,2.78
18,262,2.78
18,263,2.94
18,264,2.17
18,265,3.13
18,266,2
18,267,2
18,268,8.33
18,269,4.17
18,270,5
18,271,2.08
18,272,2.38
18,273,5.56
18,274,4.55
18,275,2.27
18,276,2.27
18,277,4.17
18,278,10
18,279,2.78
18,280,2.94
18,281,8.33
18,282,2.5
18,283,2.08
18,284,4.55
18,285,2.94
18,286,3.85
18,287,2.94
18,288,3.33
18,289,2.5
18,290,4.17
18,291,2.94
18,292,3.57
18,293,2.08
18,294,2
18,295,2.08
18,296,3.57
18,297,2.08
18,298,4.17
18,299,2.5
18,300,2.08
18,301,2.63
18,302,2.27
18,303,3.57
18,304,3.85
18,305,2.5
18,306,3.57
18,307,2.38
18,308,5.56
18,309,2.5
18,310,2.63
18,311,7.14
18,312,2.08
18,313,5
18,314,4.55
18,315,4.55
18,316,3.85
18,317,2.08
18,318,2.94
18,319,3.57
18,320,4.55
18,321,2.94
18,322,4.17
18,323,4.55
18,324,2.78
18,325,2
18,326,2.08
18,327,2.08
18,328,8.33
18,329,8.33
18,330,2.38
18,331,3.85
18,332,2
18,333,2.63
18,334,2
18,335,4.17
18,336,2.5
18,337,4.55
18,338,10
18,339,2.63
18,340,7.14
18,341,2.38
18,342,3.33
18,343,3.85
18,344,4.55
18,345,10
18,346,2.63
18,347,4.17
18,348,2.17
18,349,2.27
18,350,2.63
18,351,2.5
18,352,4.55
18,353,5
18,354,2
18,355,2.27
18,356,10
18,357,2.08
18,358,3.85
18,359,8.33
18,360,2.94
18,361,3.13
18,362,3.33
18,363,2.38
18,364,2.94
18,365,3.57
18,366,2.38
18,367,4.55
18,368,2.17
18,369,2.78
18,370,2.78
18,371,6.25
18,372,6.25
18,373,2.17
18,374,4.17
18,375,6.25
18,376,3.57
18,377,3.85
18,378,2.38
18,379,10
18,380,7.14
18,381,2.17
18,382,8.33
18,383,3.13
18,384,5
18,385,3.57
18,386,3.85
18,387,10
18,388,2.5
18,389,5
18,390,6.25
18,391,4.55
18,392,5.56
18,393,2.5
18,394,8.33
18,395,4.17
18,396,2.38
18,397,2.63
18,398,3.13
18,399,2.17
18,400,2.5
18,401,3.85
18,402,4.17
18,403,10
18,404,6.25
18,405,7.14
18,406,5
18,407,2.78
18,408,8.33
18,409,3.13
18,410,4.17
18,411,7.14
18,412,2.17
18,413,7.14
18,414,2.17
18,415,2.94
18,416,3.33
18,417,2.27
18,418,7.14
18,419,7.14
18,420,4.17
18,421,3.85
18,422,4.55
18,423,2.63
18,424,2
18,425,2.08
18,426,2.08
18,427,3.33
18,428,3.33
18,429,7.14
18,430,7.14
18,431,2.63
18,432,2.17
18,433,3.33
18,434,5.56
18,435,2.17
18,436,2.94
18,437,2.5
18,438,3.85
18,439,5.56
18,440,8.33
18,441,3.33
18,442,2.17
18,443,8.33
18,444,3.85
18,445,8.33
18,446,4.55
18,447,10
18,448,2.17
18,449,4.17
18,450,2.63
18,451,2.27
18,452,10
18,453,10
18,454,2.94
18,455,2.27
18,456,2
18,457,4.17
18,458,2.63
18,459,6.25
18,460,4.17
18,461,3.33
18,462,6.25
18,463,2.78
18,464,3.33
18,465,2.63
18,466,2.5
18,467,3.85
18,468,2.5
18,469,3.13
18,470,4.17
18,471,3.33
18,472,7.14
18,473,2.78
18,474,2.94
18,475,2.5
18,476,3.13
18,477,2.63
18,478,4.17
18,479,2.63
18,480,7.14
18,481,8.33
18,482,2.63
18,483,2.17
18,484,2.27
18,485,4.17
18,486,2.38
18,487,3.33
18,488,2.78
18,489,2.17
18,490,8.33
18,491,2.5
18,492,2.08
18,493,2.38
18,494,2.94
18,495,2
18,496,2.94
18,497,6.25
18,498,2.94
18,499,5.56
18,500,4.55
19,1,2
19,2,2.63
19,3,5.56
19,4,4.55
19,5,2
19,6,6.25
19,7,6.25
19,8,3.85
19,9,2.08
19,10,4.55
19,11,2.38
19,12,2.63
19,13,4.17
19,14,2.27
19,15,2.78
19,16,10
19,17,2.63
19,18,2.08
19,19,3.13
19,20,2.27
19,21,6.25
19,22,10
19,23,3.33
19,24,2.27
19,25,3.85
19,26,2.27
19,27,2.78
19,28,7.14
19,29,2.38
19,30,3.57
19,31,5.56
19,32,2.17
19,33,3.13
19,34,2.5
19,35,3.57
19,36,2.5
19,37,4.55
19,38,3.57
19,39,2.94
19,40,2
19,41,3.33
19,42,2.17
19,43,2.38
19,44,7.14
19,45,7.14
19,46,2.78
19,47,2.63
19,48,2.78
19,49,3.85
19,50,8.33
19,51,2.94
19,52,2.5
19,53,2
19,54,8.33
19,55,4.55
19,56,7.14
19,57,4.17
19,58,3.13
19,59,5.56
19,60,2.78
19,61,5
19,62,10
19,63,2.78
19,64,5
19,65,6.25
19,66,2.5
19,67,5
19,68,3.13
19,69,3.13
19,70,3.85
19,71,5
19,72,2.38
19,73,2.63
19,74,5.56
19,75,5.56
19,76,3.13
19,77,5
19,78,8.33
19,79,6.25
19,80,3.33
19,81,2.08
19,82,2.63
19,83,3.85
19,84,2
19,85,5
19,86,2
19,87,2.38
19,88,6.25
19,89,2.38
19,90,2.08
19,91,4.55
19,92,3.13
19,93,5
19,94,6.25
19,95,3.57
19,96,3.33
19,97,5
19,98,7.14
19,99,3.33
19,100,2.17
19,101,2.08
19,102,3.33
19,103,2.27
19,104,2.5
19,105,5
19,106,5
19,107,8.33
19,108,3.13
19,109,3.85
19,110,2.08
19,111,10
19,112,2
19,113,8.33
19,114,4.17
19,115,2.08
19,116,2.38
19,117,2.38
19,118,10
19,119,2.63
19,120,2.78
19,121,2.5
19,122,5.56
19,123,2
19,124,2.17
19,125,3.57
19,126,2
19,127,8.33
19,128,7.14
19,129,5.56
19,130,4.55
19,131,4.17
19,132,5.56
19,133,2.27
19,134,3.57
19,135,3.13
19,136,3.13
19,137,3.57
19,138,2.5
19,139,8.33
19,140,2.5
19,141,2.08
19,142,2.17
19,143,10
19,144,7.14
19,145,3.13
19,146,3.85
19,147,3.33
19,148,3.13
19,149,5
19,150,3.13
19,151,2.78
19,152,2.5
19,153,3.85
19,154,5
19,155,3.33
19,156,2.38
19,157,4.55
19,158,2.17
19,159,4.17
19,160,2.78
19,161,3.13
19,162,3.85
19,163,2.17
19,164,4.17
19,165,3.57
19,166,3.57
19,167,7.14
19,168,7.14
19,169,7.14
19,170,2.78
19,171,2.27
19,172,3.85
19,173,10
19,174,5
19,175,5.56
19,176,2.63
19,177,4.17
19,178,2.17
19,179,2
19,180,2.17
19,181,3.57
19,182,4.17
19,183,2
19,184,4.17
19,185,3.85
19,186,5.56
19,187,8.33
19,188,2.08
19,189,5.56
19,190,2.27
19,191,2.17
19,192,8.33
19,193,5
19,194,4.55
19,195,2.78
19,196,5.56
19,197,5
19,198,5
19,199,3.33
19,200,6.25
19,201,2.78
19,202,2.08
19,203,3.85
19,204,4.17
19,205,5
19,206,3.33
19,207,10
19,208,3.13
19,209,7.14
19,210,4.55
19,211,4.17
19,212,2.78
19,213,2
19,214,4.17
19,215,3.57
19,216,8.33
19,217,2.27
19,218,2.08
19,219,10
19,220,2
19,221,2.08
19,222,3.33
19,223,6.25
19,224,4.55
19,225,2.63
19,226,4.55
19,227,2.27
19,228,4.17
19,229,10
19,230,2
19,231,2.38
19,232,4.55
19,233,2.63
19,234,2.63
19,235,7.14
19,236,2.63
19,237,4.55
19,238,5.56
19,239,5.56
19,240,2.17
19,241,5
19,242,4.17
19,243,2.27
19,244,3.33
19,245,3.13
19,246,5.56
19,247,3.57
19,248,2
19,249,3.57
19,250,2.78
19,251,5.56
19,252,2.94
19,253,5.56
19,254,2.5
19,255,3.57
19,256,6.25
19,257,2.27
19,258,10
19,259,10
19,260,2.94
19,261,2.5
19,262,3.13
19,263,2.17
19,264,2
19,265,10
19,266,2.94
19,267,8.33
19,268,7.14
19,269,2.78
19,270,2.27
19,271,2.08
19,272,3.57
19,273,2.5
19,274,4.17
19,275,3.13
19,276,6.25
19,277,2.27
19,278,3.85
19,279,2.27
19,280,2.63
19,281,8.33
19,282,2.63
19,283,2
19,284,10
19,285,2.38
19,286,2.94
19,287,2.17
19,288,5
19,289,2.27
19,290,2.17
19,291,10
19,292,2.27
19,293,2.94
19,294,2.17
19,295,2.63
19,296,2.94
19,297,5
19,298,5
19,299,2.08
19,300,6.25
19,301,10
19,302,5.56
19,303,2.78
19,304,7.14
19,305,4.55
19,306,3.33
19,307,3.85
19,308,2.94
19,309,2.78
19,310,3.57
19,311,2
19,312,3.57
19,313,2.63
19,314,2.78
19,315,3.85
19,316,6.25
19,317,2
19,318,8.33
19,319,2.08
19,320,2.17
19,321,5.56
19,322,10
19,323,3.13
19,324,3.33
19,325,6.25
19,326,4.17
19,327,2.27
19,328,7.14
19,329,3.33
19,330,7.14
19,331,2.94
19,332,4.17
19,333,6.25
19,334,4.55
19,335,4.55
19,336,3.85
19,337,3.33
19,338,2.17
19,339,2.27
19,340,2.94
19,341,2.63
19,342,7.14
19,343,2.63
19,344,4.17
19,345,5
19,346,7.14
19,347,3.33
19,348,5.56
19,349,2
19,350,2.5
19,351,2.78
19,352,7.14
19,353,3.33
19,354,2.5
19,355,2.38
19,356,2.27
19,357,3.57
19,358,3.13
19,359,8.33
19,360,10
19,361,4.55
19,362,4.17
19,363,2.63
19,364,8.33
19,365,2.38
19,366,2.78
19,367,2.63
19,368,2.27
19,369,2.08
19,370,5.56
19,371,2.17
19,372,2.08
19,373,2.94
19,374,8.33
19,375,6.25
19,376,2.08
19,377,2.27
19,378,2.94
19,379,2.63
19,380,3.85
19,381,10
19,382,5.56
19,383,3.13
19,384,5.56
19,385,6.25
19,386,6.25
19,387,3.85
19,388,6.25
19,389,2.08
19,390,5.56
19,391,5.56
19,392,8.33
19,393,2
19,394,2.38
19,395,4.17
19,396,5.56
19,397,2.5
19,398,10
19,399,2.94
19,400,3.33
19,401,2.5
19,402,3.33
19,403,10
19,404,5.56
19,405,4.17
19,406,2.08
19,407,2.38
19,408,2
19,409,4.55
19,410,2.17
19,411,6.25
19,412,3.13
19,413,2.08
19,414,2
19,415,10
19,416,2.5
19,417,5.56
19,418,8.33
19,419,5
19,420,6.25
19,421,2.5
19,422,7.14
19,423,4.17
19,424,2.38
19,425,3.57
19,426,2.38
19,427,3.13
19,428,2.08
19,429,2.08
19,430,2.17
19,431,4.17
19,432,2.08
19,433,2.5
19,434,2.17
19,435,10
19,436,2.94
19,437,4.17
19,438,5.56
19,439,2
19,440,10
19,441,2
19,442,3.57
19,443,2.5
19,444,5
19,445,3.13
19,446,4.55
19,447,3.33
19,448,7.14
19,449,2.17
19,450,2.17
19,451,2.38
19,452,7.14
19,453,3.13
19,454,2.94
19,455,2.5
19,456,8.33
19,457,5.56
19,458,4.55
19,459,5
19,460,3.85
19,461,2.5
19,462,7.14
19,463,2.63
19,464,3.57
19,465,4.55
19,466,4.55
19,467,2
19,468,2.17
19,469,2.17
19,470,3.13
19,471,2.94
19,472,2.27
19,473,7.14
19,474,6.25
19,475,2.38
19,476,6.25
19,477,3.57
19,478,2
19,479,2.08
19,480,2.27
19,481,2.27
19,482,6.25
19,483,2.94
19,484,7.14
19,485,2.63
19,486,8.33
19,487,3.13
19,488,2.78
19,489,4.55
19,490,3.57
19,491,8.33
19,492,2.94
19,493,2.08
19,494,2.38
19,495,3.57
19,496,3.85
19,497,2.78
19,498,8.33
19,499,8.33
19,500,2.38
20,1,2.27
20,2,4.17
20,3,3.85
20,4,2.08
20,5,2.78
20,6,2.17
20,7,2.38
20,8,5.56
20,9,2.38
20,10,7.14
20,11,2.5
20,12,3.57
20,13,3.57
20,14,2
20,15,2.27
20,16,2.94
20,17,2.5
20,18,2.38
20,19,2.17
20,20,3.57
20,21,2.5
20,22,8.33
20,23,3.13
20,24,2.94
20,25,3.57
20,26,3.33
20,27,2.38
20,28,10
20,29,8.33
20,30,2.38
20,31,3.13
20,32,2.38
20,33,7.14
20,34,3.33
20,35,3.57
20,36,3.85
20,37,3.13
20,38,3.85
20,39,6.25
20,40,2.78
20,41,8.33
20,42,2.63
20,43,3.13
20,44,5
20,45,2.08
20,46,3.57
20,47,10
20,48,4.55
20,49,3.57
20,50,4.55
20,51,6.25
20,52,3.13
20,53,2.63
20,54,2.94
20,55,5.56
20,56,2.94
20,57,6.25
20,58,4.55
20,59,2.94
20,60,2.08
20,61,8.33
20,62,2.27
20,63,2.78
20,64,2.08
20,65,3.33
20,66,5
20,67,6.25
20,68,2.78
20,69,3.85
20,70,2
20,71,2.08
20,72,6.25
20,73,2.27
20,74,3.13
20,75,2.5
20,76,2.94
20,77,2.94
20,78,2.08
20,79,3.57
20,80,2.94
20,81,2.27
20,82,2.94
20,83,3.85
20,84,2.94
20,85,3.13
20,86,6.25
20,87,8.33
20,88,2.08
20,89,5
20,90,5.56
20,91,2.38
20,92,2.63
20,93,3.33
20,94,2.5
20,95,3.33
20,96,7.14
20,97,2.38
20,98,2.63
20,99,5
20,100,5.56
20,101,2.27
20,102,2.38
20,103,3.13
20,104,3.33
20,105,8.33
20,106,2.17
20,107,4.17
20,108,3.85
20,109,6.25
20,110,2
20,111,3.57
20,112,7.14
20,113,4.17
20,114,2.63
20,115,3.13
20,116,2
20,117,2.27
20,118,5.56
20,119,4.17
20,120,4.55
20,121,2.94
20,122,2.27
20,123,2.27
20,124,4.55
20,125,2.78
20,126,6.25
20,127,2.5
20,128,2.27
20,129,2.63
20,130,2
20,131,2.63
20,132,2.63
20,133,3.33
20,134,4.55
20,135,2.94
20,136,3.33
20,137,2.78
20,138,2.78
20,139,6.25
20,140,2.63
20,141,2
20,142,2.38
20,143,2.17
20,144,2.27
20,145,2.5
20,146,3.57
20,147,3.57
20,148,2.08
20,149,5
20,150,2.27
20,151,6.25
20,152,3.33
20,153,2.78
20,154,2.27
20,155,8.33
20,156,8.33
20,157,2.17
20,158,4.55
20,159,2.94
20,160,3.57
20,161,3.13
20,162,2.78
20,163,2.63
20,164,2.27
20,165,7.14
20,166,8.33
20,167,5.56
20,168,2.63
20,169,2.27
20,170,2.63
20,171,2.17
20,172,2.5
20,173,4.55
20,174,2.94
20,175,10
20,176,2.5
20,177,2.08
20,178,3.13
20,179,3.85
20,180,2.27
20,181,2.38
20,182,2.78
20,183,2.78
20,184,4.17
20,185,3.13
20,186,2
20,187,2.17
20,188,3.33
20,189,2.08
20,190,3.33
20,191,3.57
20,192,2.5
20,193,8.33
20,194,3.13
20,195,2.17
20,196,2.94
20,197,8.33
20,198,5
20,199,3.33
20,200,2.27
20,201,2.78
20,202,10
20,203,2.94
20,204,4.55
20,205,3.13
20,206,10
20,207,8.33
20,208,3.33
20,209,2.78
20,210,4.55
20,211,2.17
20,212,2.78
20,213,2.78
20,214,3.13
20,215,4.55
20,216,8.33
20,217,8.33
20,218,2.08
20,219,2.17
20,220,10
20,221,5.56
20,222,4.55
20,223,2.94
20,224,2
20,225,2.08
20,226,2.5
20,227,2.27
20,228,2.5
20,229,4.55
20,230,2.38
20,231,4.55
20,232,2.08
20,233,3.57
20,234,3.13
20,235,2.27
20,236,2.17
20,237,3.33
20,238,7.14
20,239,6.25
20,240,10
20,241,2.17
20,242,5
20,243,2.78
20,244,2
20,245,3.13
20,246,3.57
20,247,5.56
20,248,2
20,249,2
20,250,2.27
20,251,4.55
20,252,3.33
20,253,3.85
20,254,4.17
20,255,2.27
20,256,3.13
20,257,2.38
20,258,2.08
20,259,5
20,260,4.55
20,261,8.33
20,262,3.13
20,263,10
20,264,4.55
20,265,2
20,266,2.94
20,267,3.57
20,268,2.27
20,269,2.17
20,270,2.17
20,271,8.33
20,272,2.5
20,273,2.38
20,274,8.33
20,275,3.33
20,276,7.14
20,277,4.55
20,278,3.33
20,279,5
20,280,2
20,281,2.38
20,282,3.33
20,283,8.33
20,284,10
20,285,3.33
20,286,5
20,287,10
20,288,5
20,289,2.63
20,290,2.27
20,291,2.63
20,292,3.33
20,293,3.57
20,294,2.78
20,295,6.25
20,296,7.14
20,297,2.08
20,298,2.27
20,299,4.17
20,300,5
20,301,7.14
20,302,5
20,303,3.13
20,304,2.08
20,305,2.5
20,306,2.27
20,307,3.85
20,308,2.63
20,309,7.14
20,310,3.85
20,311,2.94
20,312,3.57
20,313,8.33
20,314,4.17
20,315,2.5
20,316,2
20,317,2.38
20,318,4.17
20,319,7.14
20,320,2.27
20,321,3.33
20,322,3.33
20,323,5.56
20,324,5
20,325,3.85
20,326,2.08
20,327,5.56
20,328,6.25
20,329,2.27
20,330,3.13
20,331,2.08
20,332,2.78
20,333,2.78
20,334,2.78
20,335,3.33
20,336,5.56
20,337,3.13
20,338,2.63
20,339,8.33
20,340,2.78
20,341,5.56
20,342,2.63
20,343,2.78
20,344,2.17
20,345,2.5
20,346,2.08
20,347,2.5
20,348,3.85
20,349,8.33
20,350,2.38
20,351,3.33
20,352,2
20,353,2.63
20,354,2.38
20,355,2.38
20,356,6.25
20,357,6.25
20,358,2.94
20,359,5
20,360,4.55
20,361,4.55
20,362,10
20,363,5.56
20,364,7.14
20,365,6.25
20,366,2.5
20,367,2.17
20,368,2.94
20,369,7.14
20,370,8.33
20,371,2.08
20,372,2.5
20,373,2.94
20,374,2
20,375,10
20,376,4.17
20,377,5.56
20,378,2.63
20,379,2.78
20,380,10
20,381,2.94
20,382,2.08
20,383,3.85
20,384,2.17
20,385,4.17
20,386,2.78
20,387,2.27
20,388,2.63
20,389,5.56
20,390,2.08
20,391,3.33
20,392,3.33
20,393,2.08
20,394,2.27
20,395,3.85
20,396,2.08
20,397,3.85
20,398,5.56
20,399,2.5
20,400,5
20,401,2.08
20,402,4.55
20,403,2
20,404,4.55
20,405,3.13
20,406,3.57
20,407,2.94
20,408,3.13
20,409,4.17
20,410,7.14
20,411,2.78
20,412,5.56
20,413,4.17
20,414,3.33
20,415,2.63
20,416,7.14
20,417,2.78
20,418,5.56
20,419,3.57
20,420,3.85
20,421,7.14
20,422,2.27
20,423,7.14
20,424,4.17
20,425,4.17
20,426,4.17
20,427,5.56
20,428,2.27
20,429,3.85
20,430,2.38
20,431,10
20,432,5.56
20,433,2.08
20,434,2.27
20,435,2.63
20,436,2.17
20,437,6.25
20,438,3.33
20,439,4.17
20,440,5
20,441,2.5
20,442,3.85
20,443,10
20,444,4.55
20,445,7.14
20,446,2.78
20,447,2.78
20,448,2.94
20,449,2.17
20,450,2.5
20,451,2.94
20,452,2.94
20,453,3.85
20,454,10
20,455,2.63
20,456,4.55
20,457,3.57
20,458,2.08
20,459,3.85
20,460,2.17
20,461,2.27
20,462,4.17
20,463,4.17
20,464,8.33
20,465,4.17
20,466,2.17
20,467,7.14
20,468,3.33
20,469,2.17
20,470,3.85
20,471,2.94
20,472,2.17
20,473,3.13
20,474,5.56
20,475,4.55
20,476,3.13
20,477,3.33
20,478,3.13
20,479,10
20,480,2.78
20,481,2.78
20,482,2.38
20,483,2.27
20,484,3.33
20,485,2.27
20,486,7.14
20,487,2.08
20,488,2.17
20,489,2.38
20,490,5
20,491,3.85
20,492,8.33
20,493,3.33
20,494,4.17
20,495,2.08
20,496,2.38
20,497,2.08
20,498,2.63
20,499,2.78
20,500,7.14
21,1,2.63
21,2,5
21,3,2.94
21,4,8.33
21,5,2.78
21,6,5
21,7,2
21,8,5
21,9,3.33
21,10,5.56
21,11,5
21,12,6.25
21,13,8.33
21,14,10
21,15,2.08
21,16,8.33
21,17,3.85
21,18,8.33
21,19,3.13
21,20,6.25
21,21,4.17
21,22,4.17
21,23,10
21,24,5
21,25,4.17
21,26,2.27
21,27,3.57
21,28,3.13
21,29,2.38
21,30,6.25
21,31,2.27
21,32,5
21,33,2.08
21,34,2.38
21,35,2.94
21,36,4.17
21,37,2.78
21,38,5
21,39,3.85
21,40,10
21,41,3.85
21,42,2.27
21,43,8.33
21,44,2.38
21,45,4.55
21,46,8.33
21,47,3.13
21,48,8.33
21,49,5
21,50,2.38
21,51,2.94
21,52,3.33
21,53,3.13
21,54,3.13
21,55,3.57
21,56,2.08
21,57,4.17
21,58,2.27
21,59,3.57
21,60,7.14
21,61,5
21,62,8.33
21,63,4.55
21,64,2.94
21,65,7.14
21,66,2.5
21,67,3.13
21,68,3.85
21,69,8.33
21,70,2.08
21,71,2.17
21,72,2.78
21,73,3.13
21,74,2
21,75,2.27
21,76,2
21,77,3.13
21,78,2.94
21,79,5.56
21,80,6.25
21,81,5
21,82,10
21,83,3.33
21,84,2.63
21,85,2.27
21,86,2
21,87,2
21,88,5.56
21,89,2.17
21,90,2.5
21,91,2.17
21,92,5.56
21,93,2.94
21,94,5.56
21,95,4.55
21,96,3.57
21,97,2.38
21,98,4.17
21,99,4.55
21,100,2.63
21,101,8.33
21,102,3.13
21,103,3.57
21,104,7.14
21,105,3.57
21,106,3.33
21,107,2.94
21,108,2.17
21,109,6.25
21,110,8.33
21,111,4.17
21,112,6.25
21,113,3.13
21,114,3.85
21,115,4.17
21,116,8.33
21,117,6.25
21,118,4.55
21,119,6.25
21,120,2.78
21,121,3.33
21,122,2.08
21,123,6.25
21,124,2.17
21,125,3.57
21,126,6.25
21,127,2
21,128,2.38
21,129,2
21,130,2.27
21,131,5.56
21,132,2.94
21,133,2.08
21,134,2.17
21,135,2.94
21,136,6.25
21,137,2.94
21,138,2.08
21,139,2.5
21,140,2
21,141,2.5
21,142,2
21,143,2
21,144,2.63
21,145,2
21,146,2.17
21,147,10
21,148,2.63
21,149,2.27
21,150,2.08
21,151,3.85
21,152,4.17
21,153,3.85
21,154,2
21,155,5
21,156,4.55
21,157,2.94
21,158,2.5
21,159,5
21,160,5
21,161,5
21,162,4.17
21,163,2.38
21,164,3.85
21,165,2.08
21,166,2.78
21,167,4.17
21,168,7.14
21,169,6.25
21,170,3.13
21,171,2.27
21,172,2.17
21,173,5
21,174,2
21,175,3.85
21,176,2.94
21,177,2.08
21,178,3.85
21,179,3.33
21,180,3.57
21,181,2.78
21,182,2.94
21,183,2.63
21,184,6.25
21,185,3.85
21,186,10
21,187,4.17
21,188,3.57
21,189,3.85
21,190,7.14
21,191,2.17
21,192,10
21,193,10
21,194,3.13
21,195,3.57
21,196,2.78
21,197,2.17
21,198,4.55
21,199,4.17
21,200,2
21,201,2.38
21,202,2.38
21,203,2.63
21,204,7.14
21,205,5
21,206,4.17
21,207,6.25
21,208,2.27
21,209,8.33
21,210,2
21,211,4.55
21,212,2.17
21,213,2.94
21,214,5.56
21,215,2.17
21,216,2.78
21,217,2.94
21,218,3.57
21,219,3.13
21,220,7.14
21,221,2
21,222,2.17
21,223,8.33
21,224,2.78
21,225,10
21,226,7.14
21,227,7.14
21,228,2.5
21,229,2.08
21,230,2.38
21,231,5
21,232,8.33
21,233,5.56
21,234,5.56
21,235,2.08
21,236,8.33
21,237,2.94
21,238,2.08
21,239,10
21,240,2.5
21,241,2.5
21,242,2.38
21,243,2.63
21,244,10
21,245,2.63
21,246,2.78
21,247,3.85
21,248,4.55
21,249,7.14
21,250,3.85
21,251,10
21,252,2.17
21,253,2.17
21,254,3.57
21,255,3.57
21,256,5.56
21,257,2.5
21,258,3.13
21,259,5
21,260,3.85
21,261,2.27
21,262,2.08
21,263,3.57
21,264,2
21,265,4.17
21,266,3.85
21,267,2.63
21,268,3.85
21,269,2.27
21,270,2
21,271,3.57
21,272,10
21,273,3.33
21,274,2.5
21,275,2.27
21,276,3.85
21,277,2.78
21,278,3.85
21,279,3.85
21,280,5
21,281,2.94
21,282,3.85
21,283,2.94
21,284,2.94
21,285,7.14
21,286,2.94
21,287,2
21,288,2
21,289,10
21,290,3.85
21,291,4.55
21,292,2
21,293,3.57
21,294,2.17
21,295,5.56
21,296,3.85
21,297,2.5
21,298,2.08
21,299,4.17
21,300,2.17
21,301,5
21,302,4.55
21,303,3.57
21,304,2.08
21,305,3.13
21,306,3.13
21,307,3.57
21,308,3.33
21,309,2.38
21,310,2.5
21,311,5.56
21,312,6.25
21,313,2.27
21,314,2.63
21,315,2.63
21,316,2.78
21,317,5
21,318,5.56
21,319,3.33
21,320,6.25
21,321,2.08
21,322,5.56
21,323,2.63
21,324,2.94
21,325,2
21,326,2.94
21,327,3.57
21,328,3.33
21,329,3.85
21,330,2.94
21,331,4.55
21,332,2.94
21,333,5.56
21,334,3.57
21,335,4.55
21,336,10
21,337,3.57
21,338,3.33
21,339,3.13
21,340,10
21,341,2
21,342,2
21,343,5
21,344,8.33
21,345,4.55
21,346,2.27
21,347,2.5
21,348,2.17
21,349,6.25
21,350,6.25
21,351,7.14
21,352,10
21,353,4.55
21,354,3.85
21,355,3.57
21,356,2.5
21,357,7.14
21,358,2.94
21,359,2.63
21,360,2.5
21,361,2.63
21,362,4.55
21,363,5.56
21,364,2.17
21,365,2.63
21,366,2.5
21,367,3.13
21,368,2.38
21,369,6.25
21,370,10
21,371,8.33
21,372,5.56
21,373,2.5
21,374,8.33
21,375,2.38
21,376,5
21,377,6.25
21,378,4.17
21,379,2.78
21,380,3.33
21,381,5.56
21,382,4.55
21,383,2.63
21,384,2.27
21,385,2
21,386,2.17
21,387,5.56
21,388,3.13
21,389,6.25
21,390,8.33
21,391,2.17
21,392,8.33
21,393,3.13
21,394,8.33
21,395,2.94
21,396,7.14
21,397,5.56
21,398,3.33
21,399,6.25
21,400,2
21,401,8.33
21,402,3.57
21,403,2.27
21,404,3.57
21,405,7.14
21,406,2.27
21,407,2.63
21,408,4.17
21,409,4.55
21,410,6.25
21,411,5.56
21,412,4.17
21,413,7.14
21,414,2.5
21,415,6.25
21,416,2
21,417,10
21,418,2.5
21,419,2.08
21,420,8.33
21,421,2.5
21,422,3.13
21,423,2.63
21,424,2.5
21,425,2.78
21,426,4.55
21,427,2.17
21,428,3.85
21,429,2.38
21,430,3.33
21,431,3.13
21,432,2.27
21,433,5
21,434,3.85
21,435,2.08
21,436,2.5
21,437,7.14
21,438,2
21,439,3.13
21,440,3.13
21,441,5
21,442,10
21,443,3.13
21,444,6.25
21,445,2.38
21,446,3.57
21,447,2.38
21,448,2.94
21,449,3.85
21,450,3.33
21,451,8.33
21,452,2.38
21,453,4.17
21,454,2.94
21,455,3.85
21,456,3.85
21,457,3.57
21,458,3.85
21,459,2.27
21,460,8.33
21,461,2.17
21,462,2.08
21,463,2.17
21,464,2.38
21,465,6.25
21,466,2.27
21,467,2.78
21,468,2
21,469,2.5
21,470,2.94
21,471,2.63
21,472,4.17
21,473,2
21,474,3.57
21,475,2.17
21,476,2.63
21,477,3.57
21,478,7.14
21,479,3.57
21,480,3.13
21,481,4.55
21,482,5
21,483,2.08
21,484,6.25
21,485,2.17
21,486,5
21,487,2.27
21,488,3.57
21,489,2
21,490,10
21,491,5.56
21,492,8.33
21,493,3.33
21,494,4.17
21,495,2.78
21,496,7.14
21,497,3.13
21,498,3.33
21,499,5.56
21,500,2.27
22,1,8.33
22,2,3.33
22,3,2.78
22,4,8.33
22,5,2.38
22,6,2.17
22,7,2
22,8,4.17
22,9,2.38
22,10,3.33
22,11,2.63
22,12,2.27
22,13,2.27
22,14,4.55
22,15,2.5
22,16,2.27
22,17,4.55
22,18,3.13
22,19,3.85
22,20,2.78
22,21,3.85
22,22,2.08
22,23,2.5
22,24,2.17
22,25,7.14
22,26,2.63
22,27,3.13
22,28,2.27
22,29,3.85
22,30,3.33
22,31,4.17
22,32,3.57
22,33,3.33
22,34,2.17
22,35,2.08
22,36,2.38
22,37,4.55
22,38,7.14
22,39,8.33
22,40,2.38
22,41,3.57
22,42,4.55
22,43,2.63
22,44,3.13
22,45,3.57
22,46,10
22,47,3.13
22,48,2.27
22,49,2.27
22,50,7.14
22,51,10
22,52,7.14
22,53,3.13
22,54,6.25
22,55,3.57
22,56,2.38
22,57,4.55
22,58,5
22,59,3.85
22,60,2
22,61,2.78
22,62,5.56
22,63,2.17
22,64,3.57
22,65,6.25
22,66,3.85
22,67,3.33
22,68,5
22,69,5.56
22,70,8.33
22,71,2.94
22,72,3.57
22,73,3.85
22,74,2.08
22,75,5
22,76,7.14
22,77,2.38
22,78,6.25
22,79,2.27
22,80,4.55
22,81,2
22,82,3.57
22,83,4.55
22,84,2.63
22,85,3.85
22,86,2.5
22,87,6.25
22,88,3.85
22,89,6.25
22,90,4.17
22,91,5.56
22,92,2.94
22,93,2.38
22,94,2.08
22,95,2.27
22,96,3.57
22,97,2.94
22,98,2.78
22,99,3.85
22,100,7.14
22,101,2
22,102,5.56
22,103,3.85
22,104,2.08
22,105,2.78
22,106,8.33
22,107,2.27
22,108,3.33
22,109,2.38
22,110,2
22,111,2.08
22,112,2.27
22,113,6.25
22,114,2.78
22,115,2.27
22,116,10
22,117,2
22,118,5
22,119,4.55
22,120,8.33
22,121,3.57
22,122,4.55
22,123,2.94
22,124,3.13
22,125,8.33
22,126,5.56
22,127,10
22,128,2.63
22,129,4.17
22,130,6.25
22,131,2.63
22,132,2.08
22,133,2.78
22,134,4.55
22,135,4.55
22,136,2.5
22,137,2.27
22,138,5.56
22,139,2.17
22,140,5.56
22,141,2
22,142,7.14
22,143,3.13
22,144,2.78
22,145,4.55
22,146,2.08
22,147,3.33
22,148,3.33
22,149,2.38
22,150,2.08
22,151,2.27
22,152,4.17
22,153,10
22,154,4.17
22,155,8.33
22,156,2.94
22,157,3.85
22,158,3.57
22,159,3.57
22,160,2.78
22,161,7.14
22,162,4.55
22,163,4.17
22,164,2.17
22,165,2
22,166,8.33
22,167,3.57
22,168,5
22,169,2.63
22,170,4.17
22,171,2.5
22,172,2.38
22,173,3.85
22,174,6.25
22,175,2.27
22,176,6.25
22,177,2.5
22,178,5.56
22,179,2.38
22,180,5.56
22,181,2.08
22,182,2.5
22,183,2
22,184,7.14
22,185,2.94
22,186,2.17
22,187,2.38
22,188,5.56
22,189,10
22,190,3.33
22,191,5
22,192,7.14
22,193,3.57
22,194,6.25
22,195,2
22,196,2.78
22,197,4.55
22,198,3.85
22,199,5.56
22,200,2.78
22,201,2.38
22,202,2.08
22,203,4.17
22,204,2.27
22,205,2.17
22,206,5
22,207,3.33
22,208,5.56
22,209,7.14
22,210,7.14
22,211,3.33
22,212,7.14
22,213,5.56
22,214,2.78
22,215,2.94
22,216,4.17
22,217,10
22,218,2
22,219,2.27
22,220,2.08
22,221,2.5
22,222,2.78
22,223,2.78
22,224,10
22,225,2.27
22,226,3.85
22,227,7.14
22,228,2.08
22,229,2.63
22,230,8.33
22,231,2.38
22,232,2.08
22,233,2.94
22,234,3.57
22,235,6.25
22,236,2.38
22,237,2
22,238,2.78
22,239,5
22,240,2.08
22,241,10
22,242,4.17
22,243,3.33
22,244,3.13
22,245,5
22,246,10
22,247,3.57
22,248,2.17
22,249,5.56
22,250,2.17
22,251,6.25
22,252,5
22,253,2.63
22,254,2.5
22,255,2.08
22,256,3.57
22,257,10
22,258,3.85
22,259,2.5
22,260,4.17
22,261,2.38
22,262,8.33
22,263,3.33
22,264,3.57
22,265,3.33
22,266,7.14
22,267,4.55
22,268,2.78
22,269,2.38
22,270,3.85
22,271,2.08
22,272,3.33
22,273,2
22,274,2.94
22,275,2.63
22,276,10
22,277,10
22,278,10
22,279,4.17
22,280,3.33
22,281,4.55
22,282,3.13
22,283,10
22,284,2.94
22,285,4.55
22,286,3.13
22,287,2.17
22,288,2.08
22,289,3.33
22,290,2
22,291,6.25
22,292,8.33
22,293,2.78
22,294,2.63
22,295,2.94
22,296,2.94
22,297,3.33
22,298,2.08
22,299,5.56
22,300,3.33
22,301,2.78
22,302,4.17
22,303,2.27
22,304,2.94
22,305,2.5
22,306,3.33
22,307,2.08
22,308,7.14
22,309,2.08
22,310,3.57
22,311,4.17
22,312,2.94
22,313,6.25
22,314,3.33
22,315,7.14
22,316,4.55
22,317,10
22,318,10
22,319,6.25
22,320,4.17
22,321,5
22,322,6.25
22,323,4.55
22,324,2
22,325,2.38
22,326,4.17
22,327,2.5
22,328,2
22,329,3.33
22,330,2.63
22,331,2.38
22,332,2.5
22,333,5.56
22,334,3.85
22,335,4.55
22,336,5.56
22,337,10
22,338,8.33
22,339,2.5
22,340,5
22,341,2.63
22,342,3.57
22,343,3.57
22,344,3.85
22,345,6.25
22,346,5
22,347,2.94
22,348,2.08
22,349,2.5
22,350,2.27
22,351,2.17
22,352,10
22,353,2.17
22,354,2.63
22,355,2.94
22,356,2.17
22,357,4.17
22,358,4.55
22,359,6.25
22,360,2.94
22,361,8.33
22,362,3.13
22,363,3.85
22,364,2.94
22,365,3.85
22,366,5
22,367,2.27
22,368,5.56
22,369,7.14
22,370,3.33
22,371,8.33
22,372,2.5
22,373,3.13
22,374,2.38
22,375,3.13
22,376,7.14
22,377,4.55
22,378,4.17
22,379,2.27
22,380,8.33
22,381,2.17
22,382,2.63
22,383,4.55
22,384,2.38
22,385,6.25
22,386,2.63
22,387,2
22,388,4.17
22,389,3.85
22,390,3.57
22,391,2.17
22,392,8.33
22,393,3.13
22,394,2
22,395,3.33
22,396,3.33
22,397,3.85
22,398,5
22,399,2
22,400,2.27
22,401,7.14
22,402,2.63
22,403,10
22,404,10
22,405,2.17
22,406,2.94
22,407,2.27
22,408,3.57
22,409,2.63
22,410,2.17
22,411,4.55
22,412,8.33
22,413,6.25
22,414,5.56
22,415,2.94
22,416,4.55
22,417,3.85
22,418,3.57
22,419,6.25
22,420,2.38
22,421,2.78
22,422,3.33
22,423,5
22,424,2.5
22,425,2.63
22,426,5
22,427,5
22,428,6.25
22,429,2.27
22,430,4.17
22,431,2.17
22,432,2.78
22,433,3.57
22,434,4.55
22,435,4.55
22,436,2.5
22,437,4.17
22,438,5
22,439,2.27
22,440,3.57
22,441,2.27
22,442,5
22,443,5
22,444,2
22,445,2.94
22,446,5
22,447,4.55
22,448,5
22,449,2.17
22,450,6.25
22,451,2.5
22,452,3.85
22,453,3.33
22,454,8.33
22,455,3.13
22,456,2.63
22,457,2.38
22,458,4.17
22,459,4.55
22,460,2
22,461,2.63
22,462,3.57
22,463,2.78
22,464,2.17
22,465,3.85
22,466,3.33
22,467,2
22,468,4.55
22,469,3.33
22,470,5
22,471,2.5
22,472,2.17
22,473,2.38
22,474,2.17
22,475,3.85
22,476,3.33
22,477,2.38
22,478,7.14
22,479,4.55
22,480,2.38
22,481,2.08
22,482,4.17
22,483,2.94
22,484,4.55
22,485,3.57
22,486,2
22,487,3.33
22,488,3.13
22,489,2.17
22,490,2.17
22,491,3.57
22,492,6.25
22,493,2.5
22,494,6.25
22,495,2.63
22,496,2.78
22,497,2.08
22,498,2
22,499,10
22,500,6.25
23,1,10
23,2,3.33
23,3,2.17
23,4,10
23,5,10
23,6,2.78
23,7,4.55
23,8,3.33
23,9,4.55
23,10,4.17
23,11,5.56
23,12,2.78
23,13,4.55
23,14,3.13
23,15,7.14
23,16,7.14
23,17,2.27
23,18,5
23,19,2.38
23,20,4.55
23,21,3.85
23,22,2.78
23,23,5
23,24,2.94
23,25,2.38
23,26,7.14
23,27,5.56
23,28,2.27
23,29,3.13
23,30,2
23,31,3.33
23,32,5.56
23,33,10
23,34,10
23,35,2.27
23,36,2.78
23,37,3.57
23,38,3.85
23,39,3.13
23,40,4.55
23,41,2.38
23,42,5
23,43,2.08
23,44,5.56
23,45,10
23,46,2.38
23,47,2.63
23,48,2.78
23,49,2
23,50,2.27
23,51,5
23,52,3.85
23,53,4.17
23,54,4.17
23,55,2.38
23,56,5
23,57,6.25
23,58,2.78
23,59,5
23,60,2.5
23,61,2.78
23,62,8.33
23,63,3.85
23,64,2.38
23,65,4.17
23,66,2.38
23,67,2.08
23,68,8.33
23,69,2
23,70,4.17
23,71,2.27
23,72,4.17
23,73,3.85
23,74,3.13
23,75,8.33
23,76,2.27
23,77,3.57
23,78,7.14
23,79,2.17
23,80,5
23,81,2.17
23,82,7.14
23,83,5
23,84,6.25
23,85,7.14
23,86,7.14
23,87,2.94
23,88,4.17
23,89,2.38
23,90,5.56
23,91,5
23,92,5
23,93,3.85
23,94,2.63
23,95,2.94
23,96,3.13
23,97,5.56
23,98,5.56
23,99,3.33
23,100,2.94
23,101,7.14
23,102,2.38
23,103,4.17
23,104,2
23,105,3.85
23,106,7.14
23,107,3.13
23,108,2.38
23,109,2.78
23,110,8.33
23,111,2.94
23,112,2.63
23,113,2.27
23,114,3.33
23,115,3.13
23,116,3.13
23,117,3.13
23,118,6.25
23,119,2.08
23,120,3.57
23,121,2.38
23,122,2.78
23,123,2
23,124,8.33
23,125,3.33
23,126,2.94
23,127,5
23,128,2
23,129,2.78
23,130,2
23,131,3.85
23,132,2.08
23,133,4.17
23,134,2.63
23,135,2.27
23,136,6.25
23,137,5.56
23,138,5.56
23,139,4.17
23,140,3.57
23,141,2.5
23,142,2.78
23,143,2
23,144,2.38
23,145,4.55
23,146,4.17
23,147,6.25
23,148,4.55
23,149,3.57
23,150,2.94
23,151,5
23,152,5.56
23,153,10
23,154,2.94
23,155,3.33
23,156,3.85
23,157,6.25
23,158,3.33
23,159,2
23,160,5.56
23,161,2
23,162,3.57
23,163,2.27
23,164,2.08
23,165,4.55
23,166,2.38
23,167,10
23,168,2.17
23,169,3.85
23,170,2.63
23,171,2.17
23,172,7.14
23,173,8.33
23,174,2.63
23,175,2.17
23,176,2.08
23,177,3.57
23,178,2.5
23,179,4.17
23,180,2.17
23,181,7.14
23,182,2.08
23,183,5.56
23,184,2.5
23,185,6.25
23,186,2.17
23,187,7.14
23,188,6.25
23,189,2
23,190,2.63
23,191,6.25
23,192,7.14
23,193,5.56
23,194,5
23,195,8.33
23,196,10
23,197,3.13
23,198,10
23,199,2.5
23,200,3.33
23,201,3.85
23,202,3.13
23,203,3.85
23,204,7.14
23,205,2.38
23,206,2
23,207,2.78
23,208,3.33
23,209,2.17
23,210,2.63
23,211,2.38
23,212,5.56
23,213,2.27
23,214,3.57
23,215,3.13
23,216,4.17
23,217,2.94
23,218,6.25
23,219,3.33
23,220,6.25
23,221,7.14
23,222,2.63
23,223,3.13
23,224,3.57
23,225,2.17
23,226,2.5
23,227,2.38
23,228,3.57
23,229,5.56
23,230,10
23,231,3.57
23,232,2.38
23,233,7.14
23,234,3.33
23,235,7.14
23,236,2.17
23,237,6.25
23,238,2.94
23,239,3.33
23,240,5.56
23,241,2.78
23,242,2.5
23,243,5
23,244,2.5
23,245,2.78
23,246,2.17
23,247,5.56
23,248,4.55
23,249,6.25
23,250,2.38
23,251,2.17
23,252,6.25
23,253,7.14
23,254,2.94
23,255,7.14
23,256,7.14
23,257,2.5
23,258,2
23,259,2.38
23,260,2
23,261,5.56
23,262,3.33
23,263,2.08
23,264,3.13
23,265,4.17
23,266,2.5
23,267,6.25
23,268,2.78
23,269,8.33
23,270,3.13
23,271,2.27
23,272,5
23,273,7.14
23,274,3.33
23,275,7.14
23,276,4.17
23,277,3.85
23,278,6.25
23,279,7.14
23,280,2.17
23,281,3.13
23,282,4.55
23,283,2.5
23,284,10
23,285,2.63
23,286,5
23,287,4.17
23,288,3.57
23,289,3.13
23,290,3.57
23,291,2.27
23,292,2.63
23,293,2.63
23,294,3.33
23,295,5
23,296,2.63
23,297,2.94
23,298,10
23,299,2
23,300,3.85
23,301,2.17
23,302,2.5
23,303,7.14
23,304,2.5
23,305,5
23,306,4.55
23,307,3.13
23,308,2.78
23,309,6.25
23,310,4.55
23,311,7.14
23,312,5
23,313,4.17
23,314,2.5
23,315,2.78
23,316,5.56
23,317,7.14
23,318,8.33
23,319,2.5
23,320,4.17
23,321,5
23,322,2.38
23,323,3.85
23,324,2.63
23,325,2.08
23,326,2.17
23,327,2.94
23,328,3.57
23,329,7.14
23,330,2
23,331,8.33
23,332,7.14
23,333,2
23,334,8.33
23,335,2
23,336,4.17
23,337,7.14
23,338,2.38
23,339,3.13
23,340,3.33
23,341,2
23,342,2.78
23,343,2.94
23,344,3.13
23,345,2.5
23,346,7.14
23,347,6.25
23,348,2.78
23,349,3.85
23,350,3.33
23,351,3.33
23,352,4.17
23,353,6.25
23,354,2.17
23,355,7.14
23,356,2.17
23,357,2.94
23,358,5
23,359,5
23,360,2.38
23,361,6.25
23,362,8.33
23,363,6.25
23,364,6.25
23,365,2.63
23,366,3.57
23,367,8.33
23,368,2
23,369,2.08
23,370,2.17
23,371,2.5
23,372,2.63
23,373,2
23,374,2.08
23,375,2.38
23,376,2.27
23,377,4.17
23,378,2.27
23,379,8.33
23,380,7.14
23,381,2.17
23,382,3.85
23,383,2.63
23,384,2.38
23,385,8.33
23,386,5
23,387,2.38
23,388,7.14
23,389,2.08
23,390,3.33
23,391,2.63
23,392,2.38
23,393,2
23,394,3.33
23,395,5.56
23,396,2
23,397,3.85
23,398,4.55
23,399,6.25
23,400,2.38
23,401,3.13
23,402,2.78
23,403,7.14
23,404,2.78
23,405,2.38
23,406,2.08
23,407,2.17
23,408,7.14
23,409,2.5
23,410,3.57
23,411,6.25
23,412,3.57
23,413,10
23,414,2.08
23,415,3.57
23,416,2.27
23,417,5.56
23,418,4.17
23,419,10
23,420,3.33
23,421,2.17
23,422,3.85
23,423,10
23,424,2.38
23,425,2.78
23,426,5
23,427,3.85
23,428,2
23,429,10
23,430,2.38
23,431,2.94
23,432,10
23,433,3.33
23,434,6.25
23,435,2.63
23,436,10
23,437,2.94
23,438,4.55
23,439,3.13
23,440,4.55
23,441,2.78
23,442,3.13
23,443,3.13
23,444,2.38
23,445,3.13
23,446,2.17
23,447,7.14
23,448,3.57
23,449,2.5
23,450,3.57
23,451,2
23,452,4.17
23,453,2.5
23,454,2.94
23,455,2.38
23,456,3.33
23,457,10
23,458,3.57
23,459,2.38
23,460,10
23,461,3.57
23,462,5
23,463,4.55
23,464,2.63
23,465,2.08
23,466,3.33
23,467,2.08
23,468,3.57
23,469,2.5
23,470,2.17
23,471,2.5
23,472,2.5
23,473,2.08
23,474,2.94
23,475,2.08
23,476,5.56
23,477,4.17
23,478,8.33
23,479,3.57
23,480,2.17
23,481,3.85
23,482,6.25
23,483,4.17
23,484,2
23,485,2.94
23,486,2
23,487,2.17
23,488,10
23,489,2.63
23,490,2
23,491,3.13
23,492,5.56
23,493,10
23,494,2.08
23,495,7.14
23,496,5
23,497,2.5
23,498,2.63
23,499,2.27
23,500,6.25
24,1,2
24,2,8.33
24,3,2.94
24,4,5
24,5,6.25
24,6,7.14
24,7,4.17
24,8,3.57
24,9,5.56
24,10,3.85
24,11,3.57
24,12,2.63
24,13,4.17
24,14,2.94
24,15,3.13
24,16,10
24,17,2.94
24,18,3.57
24,19,4.17
24,20,5.56
24,21,2
24,22,4.55
24,23,2.38
24,24,5.56
24,25,6.25
24,26,2.27
24,27,3.57
24,28,4.55
24,29,8.33
24,30,4.55
24,31,4.17
24,32,5.56
24,33,2.38
24,34,2.17
24,35,2
24,36,3.57
24,37,5
24,38,3.33
24,39,2.08
24,40,7.14
24,41,10
24,42,2.63
24,43,2.17
24,44,10
24,45,3.57
24,46,8.33
24,47,6.25
24,48,2.08
24,49,5.56
24,50,2.27
24,51,2.5
24,52,5
24,53,2.5
24,54,8.33
24,55,3.57
24,56,3.13
24,57,4.55
24,58,10
24,59,8.33
24,60,5
24,61,2.63
24,62,2
24,63,6.25
24,64,3.85
24,65,2.94
24,66,7.14
24,67,3.85
24,68,5
24,69,3.85
24,70,2.08
24,71,2.63
24,72,4.55
24,73,10
24,74,4.17
24,75,2.78
24,76,8.33
24,77,2.94
24,78,5
24,79,2.08
24,80,4.55
24,81,2.17
24,82,3.33
24,83,5.56
24,84,2.5
24,85,4.55
24,86,2.17
24,87,2
24,88,3.33
24,89,2
24,90,3.33
24,91,3.57
24,92,2.63
24,93,2.5
24,94,2.63
24,95,3.13
24,96,2.27
24,97,2.78
24,98,2
24,99,7.14
24,100,2.78
24,101,2.17
24,102,3.13
24,103,4.17
24,104,2.5
24,105,2.17
24,106,4.17
24,107,2.08
24,108,3.13
24,109,8.33
24,110,2.08
24,111,3.13
24,112,10
24,113,4.17
24,114,7.14
24,115,2.17
24,116,2.5
24,117,8.33
24,118,2.5
24,119,2.78
24,120,6.25
24,121,2.94
24,122,4.55
24,123,3.13
24,124,3.13
24,125,2.94
24,126,4.55
24,127,7.14
24,128,5
24,129,3.85
24,130,10
24,131,2
24,132,2
24,133,2.63
24,134,6.25
24,135,8.33
24,136,2.17
24,137,7.14
24,138,3.85
24,139,2.78
24,140,2.63
24,141,3.85
24,142,4.17
24,143,6.25
24,144,2.08
24,145,10
24,146,3.33
24,147,3.57
24,148,2.78
24,149,2.38
24,150,2.5
24,151,2.08
24,152,7.14
24,153,10
24,154,6.25
24,155,10
24,156,3.13
24,157,2.63
24,158,2.78
24,159,3.57
24,160,4.55
24,161,10
24,162,2.17
24,163,2.5
24,164,2.94
24,165,6.25
24,166,3.85
24,167,5.56
24,168,2.38
24,169,3.33
24,170,3.33
24,171,3.13
24,172,2.78
24,173,2
24,174,5
24,175,7.14
24,176,8.33
24,177,2.38
24,178,2.63
24,179,3.13
24,180,2.27
24,181,5.56
24,182,3.57
24,183,2.78
24,184,2.27
24,185,7.14
24,186,3.85
24,187,5.56
24,188,2.08
24,189,2.08
24,190,3.85
24,191,3.85
24,192,3.85
24,193,2.08
24,194,2.78
24,195,6.25
24,196,3.33
24,197,2.08
24,198,2.17
24,199,4.55
24,200,8.33
24,201,2.5
24,202,2.08
24,203,2.94
24,204,2.17
24,205,2.5
24,206,5
24,207,4.55
24,208,3.33
24,209,7.14
24,210,2.27
24,211,10
24,212,3.33
24,213,3.33
24,214,10
24,215,2.08
24,216,2.94
24,217,3.85
24,218,2.78
24,219,3.33
24,220,8.33
24,221,4.17
24,222,3.13
24,223,4.17
24,224,8.33
24,225,2
24,226,3.57
24,227,3.13
24,228,5
24,229,5.56
24,230,2.38
24,231,3.33
24,232,2.5
24,233,6.25
24,234,4.17
24,235,2.38
24,236,2
24,237,4.17
24,238,8.33
24,239,5
24,240,7.14
24,241,2
24,242,2.5
24,243,10
24,244,2.38
24,245,8.33
24,246,3.57
24,247,2.94
24,248,3.13
24,249,10
24,250,2.63
24,251,2.63
24,252,2.08
24,253,4.17
24,254,2.38
24,255,5
24,256,3.13
24,257,2.08
24,258,2.17
24,259,2.78
24,260,2.27
24,261,4.55
24,262,3.85
24,263,3.85
24,264,2.17
24,265,6.25
24,266,6.25
24,267,2
24,268,10
24,269,2.94
24,270,3.57
24,271,2.5
24,272,2.17
24,273,2.63
24,274,2
24,275,2.5
24,276,2.08
24,277,2
24,278,8.33
24,279,5
24,280,2
24,281,4.55
24,282,3.85
24,283,4.55
24,284,2.17
24,285,2.08
24,286,7.14
24,287,2.38
24,288,2.08
24,289,8.33
24,290,2.38
24,291,4.55
24,292,4.17
24,293,7.14
24,294,3.13
24,295,6.25
24,296,2.17
24,297,2.27
24,298,7.14
24,299,2.17
24,300,3.33
24,301,2.27
24,302,5.56
24,303,6.25
24,304,6.25
24,305,2.27
24,306,3.33
24,307,2.08
24,308,2.5
24,309,8.33
24,310,2
24,311,2.94
24,312,2.27
24,313,4.17
24,314,4.55
24,315,3.33
24,316,6.25
24,317,5.56
24,318,2.08
24,319,2.17
24,320,2.78
24,321,2.94
24,322,2.27
24,323,5.56
24,324,3.85
24,325,3.13
24,326,5
24,327,6.25
24,328,2.17
24,329,10
24,330,10
24,331,2.17
24,332,7.14
24,333,10
24,334,2.27
24,335,2.27
24,336,8.33
24,337,3.57
24,338,4.55
24,339,3.85
24,340,4.17
24,341,2
24,342,2
24,343,2.63
24,344,4.17
24,345,2.78
24,346,2
24,347,2.94
24,348,3.13
24,349,3.57
24,350,2.38
24,351,6.25
24,352,2.27
24,353,7.14
24,354,2.94
24,355,8.33
24,356,2.5
24,357,4.17
24,358,3.57
24,359,2
24,360,10
24,361,4.17
24,362,2
24,363,10
24,364,10
24,365,2.17
24,366,5
24,367,4.17
24,368,2.78
24,369,10
24,370,2.94
24,371,3.33
24,372,2.27
24,373,7.14
24,374,2.63
24,375,2.08
24,376,2.63
24,377,6.25
24,378,2.5
24,379,3.85
24,380,5
24,381,3.13
24,382,8.33
24,383,3.57
24,384,2.08
24,385,2.08
24,386,2.27
24,387,5.56
24,388,3.13
24,389,3.85
24,390,4.55
24,391,2.08
24,392,10
24,393,7.14
24,394,2.63
24,395,8.33
24,396,2
24,397,2.94
24,398,3.85
24,399,7.14
24,400,2
24,401,3.13
24,402,3.33
24,403,8.33
24,404,2.63
24,405,2.38
24,406,2.27
24,407,5
24,408,2.78
24,409,3.57
24,410,3.57
24,411,7.14
24,412,10
24,413,2.63
24,414,3.57
24,415,3.13
24,416,7.14
24,417,3.13
24,418,3.33
24,419,3.13
24,420,2.5
24,421,7.14
24,422,10
24,423,2.17
24,424,3.33
24,425,10
24,426,2.27
24,427,2.78
24,428,10
24,429,4.55
24,430,6.25
24,431,5.56
24,432,2.38
24,433,2.38
24,434,2.08
24,435,3.85
24,436,2.94
24,437,5
24,438,4.55
24,439,8.33
24,440,4.17
24,441,10
24,442,2.08
24,443,3.85
24,444,2.78
24,445,2
24,446,5.56
24,447,2
24,448,8.33
24,449,2.94
24,450,5
24,451,10
24,452,2.63
24,453,10
24,454,2.5
24,455,6.25
24,456,3.33
24,457,2.63
24,458,2.94
24,459,2.08
24,460,4.55
24,461,10
24,462,2.17
24,463,5.56
24,464,3.13
24,465,2.38
24,466,3.13
24,467,5.56
24,468,2.38
24,469,4.55
24,470,2.78
24,471,2.63
24,472,6.25
24,473,4.17
24,474,2.78
24,475,4.17
24,476,2.63
24,477,4.17
24,478,10
24,479,3.57
24,480,2.17
24,481,7.14
24,482,2.17
24,483,2
24,484,8.33
24,485,5
24,486,5.56
24,487,5
24,488,2.5
24,489,3.57
24,490,2.17
24,491,2.5
24,492,2.38
24,493,4.17
24,494,2.17
24,495,2.94
24,496,7.14
24,497,2.78
24,498,4.17
24,499,3.33
24,500,2
25,1,3.13
25,2,5.56
25,3,2.17
25,4,3.13
25,5,4.17
25,6,3.57
25,7,2.08
25,8,3.33
25,9,4.55
25,10,5.56
25,11,2.38
25,12,3.13
25,13,4.55
25,14,10
25,15,2.94
25,16,2.08
25,17,5
25,18,2.78
25,19,2.63
25,20,8.33
25,21,5.56
25,22,2.78
25,23,5.56
25,24,2.94
25,25,3.57
25,26,2.78
25,27,3.85
25,28,8.33
25,29,3.33
25,30,3.57
25,31,3.57
25,32,3.85
25,33,2.5
25,34,5.56
25,35,2.27
25,36,2.5
25,37,3.13
25,38,3.85
25,39,2.38
25,40,2
25,41,2.63
25,42,5
25,43,2.94
25,44,2.78
25,45,2.08
25,46,7.14
25,47,2.27
25,48,8.33
25,49,6.25
25,50,2
25,51,3.57
25,52,2.94
25,53,3.85
25,54,10
25,55,2.78
25,56,2.27
25,57,10
25,58,2
25,59,2.08
25,60,6.25
25,61,6.25
25,62,5.56
25,63,8.33
25,64,6.25
25,65,2.94
25,66,4.55
25,67,8.33
25,68,2.08
25,69,2.38
25,70,2.27
25,71,8.33
25,72,2.38
25,73,2.63
25,74,2
25,75,4.55
25,76,5.56
25,77,2.08
25,78,2.5
25,79,2.38
25,80,4.17
25,81,3.13
25,82,3.13
25,83,3.13
25,84,2.5
25,85,2.27
25,86,2.63
25,87,3.85
25,88,2.94
25,89,3.33
25,90,2.38
25,91,4.17
25,92,4.55
25,93,6.25
25,94,8.33
25,95,5.56
25,96,2.78
25,97,6.25
25,98,2.63
25,99,3.57
25,100,2.17
25,101,2.63
25,102,3.85
25,103,7.14
25,104,10
25,105,3.85
25,106,3.13
25,107,5
25,108,2.27
25,109,4.55
25,110,3.33
25,111,3.13
25,112,5
25,113,3.13
25,114,2.5
25,115,2.78
25,116,5
25,117,6.25
25,118,5.56
25,119,5
25,120,3.33
25,121,2.63
25,122,6.25
25,123,2.38
25,124,2.63
25,125,2.27
25,126,2.94
25,127,3.85
25,128,8.33
25,129,2.94
25,130,2
25,131,7.14
25,132,2.94
25,133,3.13
25,134,10
25,135,4.55
25,136,3.13
25,137,10
25,138,2.38
25,139,2.27
25,140,2.38
25,141,3.33
25,142,2
25,143,3.13
25,144,2
25,145,2.63
25,146,7.14
25,147,6.25
25,148,3.85
25,149,5
25,150,2
25,151,2.5
25,152,2.38
25,153,8.33
25,154,4.17
25,155,6.25
25,156,2.78
25,157,2.38
25,158,2.27
25,159,2.63
25,160,2.5
25,161,7.14
25,162,5
25,163,10
25,164,3.57
25,165,3.57
25,166,3.57
25,167,3.13
25,168,2.38
25,169,6.25
25,170,2.27
25,171,4.17
25,172,3.85
25,173,2.5
25,174,5
25,175,5
25,176,4.17
25,177,6.25
25,178,7.14
25,179,5
25,180,3.85
25,181,5.56
25,182,2.78
25,183,6.25
25,184,4.55
25,185,4.17
25,186,10
25,187,5.56
25,188,2.5
25,189,3.13
25,190,4.17
25,191,3.57
25,192,3.33
25,193,3.33
25,194,3.33
25,195,2.08
25,196,7.14
25,197,2
25,198,2.08
25,199,5.56
25,200,2.78
25,201,2.38
25,202,2.38
25,203,2.94
25,204,5.56
25,205,3.85
25,206,5
25,207,5.56
25,208,2.27
25,209,3.85
25,210,2.5
25,211,2.27
25,212,10
25,213,2.17
25,214,2.78
25,215,3.57
25,216,10
25,217,2.5
25,218,5
25,219,3.57
25,220,2.08
25,221,2.08
25,222,5
25,223,2.94
25,224,8.33
25,225,7.14
25,226,2
25,227,2.63
25,228,5
25,229,4.55
25,230,2.27
25,231,3.85
25,232,3.33
25,233,2.17
25,234,10
25,235,5.56
25,236,2.27
25,237,8.33
25,238,2.17
25,239,7.14
25,240,2.38
25,241,4.55
25,242,2.94
25,243,4.17
25,244,2.63
25,245,2.17
25,246,2.17
25,247,2.17
25,248,5
25,249,2
25,250,3.85
25,251,3.13
25,252,8.33
25,253,8.33
25,254,10
25,255,5
25,256,8.33
25,257,2.38
25,258,3.33
25,259,3.13
25,260,10
25,261,2.17
25,262,2.63
25,263,2
25,264,3.13
25,265,2.94
25,266,2
25,267,6.25
25,268,4.55
25,269,2.38
25,270,2.78
25,271,3.85
25,272,8.33
25,273,3.85
25,274,2.38
25,275,2.5
25,276,3.33
25,277,2.27
25,278,3.33
25,279,2.63
25,280,3.85
25,281,2.78
25,282,5.56
25,283,7.14
25,284,2.78
25,285,2.78
25,286,8.33
25,287,2.08
25,288,2.63
25,289,2.17
25,290,7.14
25,291,4.17
25,292,7.14
25,293,2.08
25,294,10
25,295,2.08
25,296,2
25,297,10
25,298,2.08
25,299,4.55
25,300,2.5
25,301,2
25,302,8.33
25,303,2
25,304,8.33
25,305,2.38
25,306,2.94
25,307,3.33
25,308,3.33
25,309,2.08
25,310,3.33
25,311,2
25,312,4.17
25,313,3.85
25,314,2.5
25,315,4.55
25,316,2.08
25,317,2.38
25,318,2.38
25,319,2.78
25,320,3.57
25,321,6.25
25,322,10
25,323,5
25,324,2.38
25,325,5.56
25,326,3.85
25,327,10
25,328,2.94
25,329,2.5
25,330,2.17
25,331,5
25,332,6.25
25,333,5
25,334,10
25,335,7.14
25,336,5.56
25,337,3.85
25,338,2.78
25,339,3.33
25,340,2.63
25,341,7.14
25,342,2
25,343,3.13
25,344,3.85
25,345,2.78
25,346,6.25
25,347,3.33
25,348,2.27
25,349,2.27
25,350,5.56
25,351,3.57
25,352,2.78
25,353,2.38
25,354,6.25
25,355,3.85
25,356,3.33
25,357,7.14
25,358,2.27
25,359,3.57
25,360,4.17
25,361,2.38
25,362,2.38
25,363,8.33
25,364,2.94
25,365,7.14
25,366,5
25,367,2.94
25,368,7.14
25,369,10
25,370,4.55
25,371,2.63
25,372,6.25
25,373,6.25
25,374,3.13
25,375,2.78
25,376,10
25,377,3.13
25,378,2.27
25,379,7.14
25,380,2.94
25,381,6.25
25,382,2.17
25,383,7.14
25,384,2
25,385,2.17
25,386,3.85
25,387,3.33
25,388,4.17
25,389,2.5
25,390,8.33
25,391,3.33
25,392,3.85
25,393,2.08
25,394,3.33
25,395,2.08
25,396,2.27
25,397,6.25
25,398,2.38
25,399,2.63
25,400,3.57
25,401,3.13
25,402,3.33
25,403,5.56
25,404,2.08
25,405,2.5
25,406,8.33
25,407,5
25,408,5
25,409,4.17
25,410,10
25,411,3.57
25,412,6.25
25,413,7.14
25,414,2.63
25,415,6.25
25,416,5
25,417,10
25,418,3.57
25,419,6.25
25,420,2.5
25,421,5.56
25,422,2.08
25,423,10
25,424,4.55
25,425,8.33
25,426,3.85
25,427,3.33
25,428,4.17
25,429,2
25,430,3.13
25,431,7.14
25,432,5
25,433,2.27
25,434,3.13
25,435,2.78
25,436,2.94
25,437,6.25
25,438,4.55
25,439,2.17
25,440,2.08
25,441,10
25,442,2.08
25,443,8.33
25,444,5
25,445,4.55
25,446,2.08
25,447,4.17
25,448,4.17
25,449,7.14
25,450,10
25,451,2.5
25,452,4.17
25,453,2.17
25,454,5
25,455,2.63
25,456,2.63
25,457,3.33
25,458,2.94
25,459,8.33
25,460,4.55
25,461,3.33
25,462,2.63
25,463,2.27
25,464,2
25,465,6.25
25,466,7.14
25,467,2.63
25,468,2.08
25,469,2.78
25,470,3.85
25,471,2
25,472,3.85
25,473,4.55
25,474,2.94
25,475,2.17
25,476,3.85
25,477,4.17
25,478,2.17
25,479,2.63
25,480,2.78
25,481,2.5
25,482,2.08
25,483,5.56
25,484,3.57
25,485,7.14
25,486,6.25
25,487,2.5
25,488,8.33
25,489,2.08
25,490,3.57
25,491,3.33
25,492,2.94
25,493,2.63
25,494,2.38
25,495,3.57
25,496,2.08
25,497,2.78
25,498,2.5
25,499,2.63
25,500,6.25
26,1,3.57
26,2,2.5
26,3,3.85
26,4,3.33
26,5,2.17
26,6,3.85
26,7,2.27
26,8,3.85
26,9,10
26,10,2
26,11,6.25
26,12,2.38
26,13,5
26,14,2
26,15,5.56
26,16,2.5
26,17,8.33
26,18,2.63
26,19,3.13
26,20,2.78
26,21,4.55
26,22,2.38
26,23,8.33
26,24,7.14
26,25,2
26,26,2.94
26,27,2.63
26,28,2.94
26,29,10
26,30,2.94
26,31,4.17
26,32,2.27
26,33,2.63
26,34,4.55
26,35,2
26,36,2.5
26,37,6.25
26,38,10
26,39,3.33
26,40,10
26,41,2
26,42,6.25
26,43,5
26,44,2.5
26,45,4.17
26,46,3.33
26,47,8.33
26,48,5.56
26,49,2.27
26,50,4.55
26,51,5.56
26,52,2.27
26,53,8.33
26,54,3.13
26,55,2.08
26,56,5.56
26,57,2.5
26,58,10
26,59,2
26,60,6.25
26,61,4.55
26,62,5.56
26,63,7.14
26,64,5.56
26,65,4.55
26,66,4.55
26,67,2.38
26,68,5.56
26,69,2.63
26,70,2.38
26,71,2.63
26,72,3.85
26,73,4.55
26,74,2.17
26,75,3.85
26,76,3.57
26,77,3.33
26,78,2.08
26,79,4.55
26,80,3.85
26,81,7.14
26,82,2.08
26,83,7.14
26,84,5.56
26,85,10
26,86,2.63
26,87,2.17
26,88,3.85
26,89,6.25
26,90,10
26,91,2.5
26,92,2.08
26,93,2
26,94,3.57
26,95,2.17
26,96,2.08
26,97,10
26,98,2.63
26,99,2.78
26,100,2.78
26,101,2
26,102,7.14
26,103,2.17
26,104,5
26,105,2.38
26,106,2.94
26,107,2.38
26,108,3.85
26,109,2.38
26,110,2.17
26,111,6.25
26,112,10
26,113,2.08
26,114,3.85
26,115,3.85
26,116,2.38
26,117,3.33
26,118,3.33
26,119,4.17
26,120,5
26,121,3.85
26,122,2.27
26,123,2.63
26,124,2.63
26,125,2.5
26,126,2
26,127,5.56
26,128,5
26,129,3.57
26,130,5.56
26,131,2.78
26,132,2
26,133,3.13
26,134,7.14
26,135,3.57
26,136,3.57
26,137,2.27
26,138,2.27
26,139,3.33
26,140,2
26,141,8.33
26,142,3.13
26,143,3.33
26,144,2.78
26,145,5
26,146,2.27
26,147,2.94
26,148,2.63
26,149,3.57
26,150,10
26,151,5
26,152,2.08
26,153,4.55
26,154,2.5
26,155,6.25
26,156,4.55
26,157,3.57
26,158,2.08
26,159,2.5
26,160,2.5
26,161,2.94
26,162,2.94
26,163,4.17
26,164,3.57
26,165,2.27
26,166,3.13
26,167,2.08
26,168,3.13
26,169,2.17
26,170,2.27
26,171,3.13
26,172,3.85
26,173,8.33
26,174,2
26,175,2.38
26,176,2.27
26,177,7.14
26,178,2.38
26,179,2.08
26,180,2.17
26,181,10
26,182,7.14
26,183,2.08
26,184,3.13
26,185,2.17
26,186,2.17
26,187,5.56
26,188,3.85
26,189,10
26,190,4.55
26,191,2.38
26,192,2.78
26,193,6.25
26,194,5
26,195,2.78
26,196,2.38
26,197,2
26,198,3.57
26,199,7.14
26,200,2.27
26,201,2.17
26,202,5
26,203,10
26,204,2.78
26,205,2.27
26,206,6.25
26,207,6.25
26,208,2
26,209,2.63
26,210,7.14
26,211,7.14
26,212,2.38
26,213,8.33
26,214,2.5
26,215,2.17
26,216,2.27
26,217,3.57
26,218,3.33
26,219,2
26,220,3.13
26,221,2.08
26,222,2.27
26,223,3.33
26,224,7.14
26,225,3.57
26,226,2.38
26,227,2.27
26,228,2.5
26,229,4.55
26,230,3.85
26,231,3.57
26,232,4.55
26,233,2.63
26,234,2.94
26,235,3.57
26,236,3.57
26,237,2
26,238,2.17
26,239,2.38
26,240,3.85
26,241,6.25
26,242,4.55
26,243,2.63
26,244,2.08
26,245,4.55
26,246,5.56
26,247,3.13
26,248,3.57
26,249,8.33
26,250,2.94
26,251,3.33
26,252,10
26,253,2.27
26,254,6.25
26,255,8.33
26,256,2.17
26,257,3.57
26,258,2.17
26,259,4.17
26,260,2.38
26,261,5
26,262,2.27
26,263,2.5
26,264,6.25
26,265,2.38
26,266,3.33
26,267,2.08
26,268,6.25
26,269,2.17
26,270,5
26,271,2.78
26,272,2.17
26,273,2.78
26,274,3.33
26,275,7.14
26,276,3.13
26,277,2.63
26,278,4.55
26,279,4.17
26,280,3.57
26,281,4.55
26,282,3.33
26,283,2.27
26,284,2.5
26,285,2.5
26,286,2.78
26,287,3.33
26,288,3.85
26,289,8.33
26,290,2.08
26,291,5
26,292,2.08
26,293,2.17
26,294,2.38
26,295,2.38
26,296,2.94
26,297,2.08
26,298,8.33
26,299,3.85
26,300,2.63
26,301,3.13
26,302,2.5
26,303,2.17
26,304,6.25
26,305,2.08
26,306,8.33
26,307,3.33
26,308,6.25
26,309,2.38
26,310,10
26,311,6.25
26,312,3.13
26,313,5.56
26,314,2.27
26,315,5
26,316,5.56
26,317,4.55
26,318,6.25
26,319,4.55
26,320,8.33
26,321,6.25
26,322,5
26,323,2.08
26,324,2.27
26,325,2
26,326,10
26,327,2.27
26,328,2.08
26,329,2
26,330,5.56
26,331,2.94
26,332,5.56
26,333,2
26,334,2.5
26,335,6.25
26,336,4.17
26,337,4.55
26,338,2.5
26,339,4.17
26,340,2.38
26,341,3.85
26,342,4.17
26,343,2.38
26,344,5.56
26,345,4.55
26,346,3.85
26,347,3.85
26,348,2.94
26,349,4.55
26,350,2.78
26,351,2.38
26,352,2.38
26,353,3.13
26,354,6.25
26,355,6.25
26,356,5.56
26,357,2.78
26,358,2.78
26,359,5
26,360,10
26,361,4.55
26,362,2.63
26,363,3.33
26,364,10
26,365,4.55
26,366,4.55
26,367,2.27
26,368,2.17
26,369,4.55
26,370,5
26,371,3.57
26,372,2.94
26,373,2.78
26,374,3.85
26,375,2.08
26,376,2.27
26,377,2.63
26,378,3.57
26,379,2
26,380,3.85
26,381,10
26,382,2.38
26,383,3.13
26,384,2.78
26,385,2.08
26,386,2.08
26,387,5
26,388,3.13
26,389,2.27
26,390,3.33
26,391,3.85
26,392,4.55
26,393,2.17
26,394,2.94
26,395,8.33
26,396,7.14
26,397,5.56
26,398,4.17
26,399,2.94
26,400,10
26,401,2
26,402,6.25
26,403,2.17
26,404,2.38
26,405,10
26,406,2.5
26,407,10
26,408,2.08
26,409,2
26,410,3.13
26,411,2.27
26,412,4.55
26,413,2.5
26,414,2.78
26,415,2.63
26,416,2.38
26,417,2.94
26,418,4.55
26,419,2.5
26,420,2.38
26,421,3.57
26,422,2.38
26,423,2.08
26,424,2.78
26,425,4.17
26,426,4.55
26,427,6.25
26,428,3.57
26,429,2.5
26,430,2.17
26,431,2
26,432,2.63
26,433,5
26,434,2.5
26,435,4.17
26,436,2.17
26,437,3.13
26,438,2.27
26,439,3.33
26,440,3.13
26,441,3.33
26,442,3.33
26,443,5
26,444,5
26,445,7.14
26,446,2.94
26,447,2.08
26,448,7.14
26,449,3.33
26,450,10
26,451,4.17
26,452,4.17
26,453,2.27
26,454,2.63
26,455,2.27
26,456,7.14
26,457,2.94
26,458,2.27
26,459,2
26,460,2.38
26,461,2.63
26,462,4.55
26,463,2.38
26,464,2.08
26,465,2.63
26,466,5.56
26,467,6.25
26,468,2.08
26,469,3.85
26,470,2.17
26,471,6.25
26,472,8.33
26,473,3.13
26,474,3.57
26,475,2.38
26,476,2.08
26,477,2.38
26,478,4.55
26,479,6.25
26,480,3.33
26,481,4.17
26,482,3.85
26,483,3.85
26,484,2.94
26,485,10
26,486,2.38
26,487,5.56
26,488,3.33
26,489,2.38
26,490,5
26,491,2.08
26,492,2.94
26,493,7.14
26,494,6.25
26,495,5.56
26,496,3.13
26,497,2.17
26,498,2.63
26,499,2.94
26,500,3.85
27,1,3.85
27,2,2.94
27,3,2.78
27,4,4.55
27,5,2.78
27,6,2
27,7,2.08
27,8,2.38
27,9,5
27,10,2.78
27,11,7.14
27,12,3.85
27,13,3.85
27,14,4.55
27,15,4.55
27,16,2
27,17,2.17
27,18,2.08
27,19,3.85
27,20,3.13
27,21,2
27,22,8.33
27,23,5.56
27,24,2.63
27,25,8.33
27,26,2.78
27,27,4.55
27,28,2.17
27,29,2.94
27,30,2.78
27,31,5
27,32,8.33
27,33,5.56
27,34,7.14
27,35,2.27
27,36,6.25
27,37,8.33
27,38,2.94
27,39,2
27,40,7.14
27,41,3.57
27,42,2.17
27,43,8.33
27,44,2.08
27,45,2.63
27,46,2.27
27,47,3.13
27,48,4.55
27,49,6.25
27,50,2.5
27,51,2.78
27,52,2.17
27,53,7.14
27,54,3.13
27,55,4.55
27,56,2.27
27,57,8.33
27,58,10
27,59,2
27,60,10
27,61,7.14
27,62,4.55
27,63,2
27,64,8.33
27,65,7.14
27,66,3.85
27,67,3.85
27,68,2.38
27,69,4.55
27,70,2
27,71,4.17
27,72,3.13
27,73,3.33
27,74,3.85
27,75,8.33
27,76,2.38
27,77,2.63
27,78,6.25
27,79,2.38
27,80,2.94
27,81,2.78
27,82,4.17
27,83,4.55
27,84,3.85
27,85,2.27
27,86,2.5
27,87,6.25
27,88,7.14
27,89,2.27
27,90,3.57
27,91,2.27
27,92,4.55
27,93,4.55
27,94,2.5
27,95,3.13
27,96,8.33
27,97,2
27,98,6.25
27,99,2.27
27,100,2.94
27,101,4.17
27,102,2
27,103,2.38
27,104,3.85
27,105,7.14
27,106,4.17
27,107,2.5
27,108,8.33
27,109,3.13
27,110,3.57
27,111,2.08
27,112,4.55
27,113,2.63
27,114,2.94
27,115,2.78
27,116,3.57
27,117,10
27,118,5
27,119,3.85
27,120,8.33
27,121,2.94
27,122,2.08
27,123,2
27,124,2.08
27,125,3.57
27,126,5.56
27,127,2.5
27,128,7.14
27,129,2.38
27,130,4.55
27,131,4.17
27,132,3.57
27,133,2
27,134,2.63
27,135,7.14
27,136,2.08
27,137,6.25
27,138,4.17
27,139,5.56
27,140,7.14
27,141,7.14
27,142,8.33
27,143,5.56
27,144,5.56
27,145,2.17
27,146,2.94
27,147,2
27,148,3.85
27,149,2.5
27,150,2.27
27,151,3.33
27,152,10
27,153,3.13
27,154,4.55
27,155,3.33
27,156,4.55
27,157,3.13
27,158,2.38
27,159,3.85
27,160,2.17
27,161,2.5
27,162,2
27,163,2.63
27,164,3.13
27,165,5.56
27,166,5
27,167,5.56
27,168,2.5
27,169,5
27,170,5.56
27,171,2.08
27,172,10
27,173,8.33
27,174,5.56
27,175,2.94
27,176,2.38
27,177,2.78
27,178,4.55
27,179,5.56
27,180,2.94
27,181,3.57
27,182,2
27,183,2.63
27,184,3.85
27,185,10
27,186,2.27
27,187,4.55
27,188,2.08
27,189,2.78
27,190,4.17
27,191,4.55
27,192,2
27,193,8.33
27,194,3.57
27,195,2
27,196,2.08
27,197,5.56
27,198,4.17
27,199,10
27,200,2.27
27,201,5.56
27,202,2.38
27,203,2.63
27,204,2.5
27,205,2.5
27,206,8.33
27,207,10
27,208,8.33
27,209,2.78
27,210,5.56
27,211,7.14
27,212,2.78
27,213,8.33
27,214,2.27
27,215,2.27
27,216,2.78
27,217,2
27,218,5.56
27,219,3.85
27,220,2.38
27,221,2.08
27,222,2.94
27,223,2.08
27,224,2.63
27,225,10
27,226,5.56
27,227,7.14
27,228,2.27
27,229,10
27,230,2.78
27,231,5.56
27,232,3.33
27,233,3.13
27,234,2.27
27,235,2.63
27,236,3.13
27,237,5.56
27,238,8.33
27,239,5.56
27,240,2.27
27,241,8.33
27,242,2
27,243,2
27,244,3.13
27,245,7.14
27,246,3.85
27,247,6.25
27,248,2
27,249,3.85
27,250,8.33
27,251,8.33
27,252,8.33
27,253,2.08
27,254,3.13
27,255,2.94
27,256,2
27,257,2.17
27,258,2.38
27,259,2.27
27,260,10
27,261,2.5
27,262,2.27
27,263,4.17
27,264,4.17
27,265,5.56
27,266,4.17
27,267,2.17
27,268,3.33
27,269,3.13
27,270,2.27
27,271,5.56
27,272,2
27,273,2.17
27,274,3.33
27,275,2.5
27,276,2.94
27,277,2.94
27,278,7.14
27,279,7.14
27,280,5.56
27,281,4.55
27,282,2.08
27,283,5
27,284,2.27
27,285,6.25
27,286,3.33
27,287,2.38
27,288,4.55
27,289,2
27,290,3.57
27,291,10
27,292,5.56
27,293,2.63
27,294,2.63
27,295,2.08
27,296,2.94
27,297,2
27,298,2
27,299,2.27
27,300,8.33
27,301,7.14
27,302,2.63
27,303,3.57
27,304,5.56
27,305,5.56
27,306,2.27
27,307,8.33
27,308,2.38
27,309,2.5
27,310,2.5
27,311,2.08
27,312,8.33
27,313,4.17
27,314,10
27,315,3.13
27,316,3.85
27,317,3.85
27,318,4.17
27,319,2.17
27,320,4.55
27,321,3.57
27,322,2.27
27,323,2.63
27,324,2
27,325,4.55
27,326,2.78
27,327,2.5
27,328,5.56
27,329,5
27,330,2
27,331,2.5
27,332,3.33
27,333,7.14
27,334,8.33
27,335,2.27
27,336,4.17
27,337,5.56
27,338,2.5
27,339,7.14
27,340,7.14
27,341,2.17
27,342,2.17
27,343,2
27,344,5
27,345,6.25
27,346,5
27,347,3.85
27,348,5.56
27,349,2.08
27,350,10
27,351,2.27
27,352,4.17
27,353,2.08
27,354,2.38
27,355,5
27,356,10
27,357,6.25
27,358,5
27,359,2.38
27,360,2.08
27,361,10
27,362,2.08
27,363,2
27,364,7.14
27,365,4.55
27,366,10
27,367,2.17
27,368,10
27,369,2.38
27,370,2.17
27,371,5.56
27,372,2.27
27,373,7.14
27,374,3.85
27,375,2.5
27,376,3.85
27,377,2.27
27,378,5
27,379,2.5
27,380,4.17
27,381,4.17
27,382,3.57
27,383,2.63
27,384,3.33
27,385,2.5
27,386,2.94
27,387,8.33
27,388,5.56
27,389,2
27,390,8.33
27,391,5.56
27,392,2.08
27,393,2.78
27,394,2.38
27,395,4.55
27,396,3.33
27,397,4.17
27,398,10
27,399,4.17
27,400,2.08
27,401,2.5
27,402,2
27,403,2.38
27,404,3.57
27,405,3.13
27,406,4.55
27,407,10
27,408,5
27,409,2
27,410,3.57
27,411,5.56
27,412,2.94
27,413,2.63
27,414,2.78
27,415,10
27,416,3.13
27,417,2.17
27,418,6.25
27,419,5
27,420,2.63
27,421,3.85
27,422,2.08
27,423,3.33
27,424,3.57
27,425,5.56
27,426,5.56
27,427,4.17
27,428,2.27
27,429,3.13
27,430,2.27
27,431,2.94
27,432,2.17
27,433,8.33
27,434,2.17
27,435,2.5
27,436,3.57
27,437,5
27,438,2
27,439,2.78
27,440,4.55
27,441,4.55
27,442,3.85
27,443,2.63
27,444,5
27,445,8.33
27,446,5.56
27,447,4.17
27,448,7.14
27,449,3.13
27,450,2.08
27,451,2
27,452,3.85
27,453,2.78
27,454,2.78
27,455,6.25
27,456,3.85
27,457,6.25
27,458,4.55
27,459,5
27,460,4.55
27,461,2.27
27,462,3.85
27,463,3.33
27,464,3.57
27,465,5.56
27,466,3.13
27,467,2.78
27,468,3.57
27,469,2.5
27,470,2.5
27,471,6.25
27,472,6.25
27,473,2
27,474,2.78
27,475,8.33
27,476,7.14
27,477,10
27,478,3.13
27,479,4.17
27,480,3.33
27,481,10
27,482,2.63
27,483,4.17
27,484,3.33
27,485,6.25
27,486,3.57
27,487,2.38
27,488,2.17
27,489,5.56
27,490,2.94
27,491,2.27
27,492,3.13
27,493,5.56
27,494,3.57
27,495,2.38
27,496,7.14
27,497,2.17
27,498,2.17
27,499,5
27,500,2.17
28,1,2.5
28,2,2.27
28,3,2.17
28,4,2
28,5,3.33
28,6,3.85
28,7,3.33
28,8,2.78
28,9,3.85
28,10,3.33
28,11,3.57
28,12,3.13
28,13,2.78
28,14,2.17
28,15,2.5
28,16,2.27
28,17,3.13
28,18,2.27
28,19,7.14
28,20,2
28,21,2.94
28,22,3.85
28,23,5.56
28,24,2
28,25,5.56
28,26,2.5
28,27,5.56
28,28,2.94
28,29,3.85
28,30,2.78
28,31,10
28,32,2
28,33,6.25
28,34,2.38
28,35,4.55
28,36,8.33
28,37,8.33
28,38,5.56
28,39,2.38
28,40,3.85
28,41,2.94
28,42,2.78
28,43,2.17
28,44,2
28,45,3.57
28,46,2.78
28,47,2.27
28,48,2.27
28,49,2.27
28,50,2
28,51,5
28,52,3.85
28,53,3.85
28,54,5.56
28,55,4.55
28,56,3.13
28,57,4.17
28,58,2.38
28,59,2.38
28,60,2.38
28,61,5
28,62,5.56
28,63,8.33
28,64,3.85
28,65,4.17
28,66,2
28,67,2.08
28,68,5.56
28,69,5.56
28,70,3.13
28,71,2
28,72,2.17
28,73,2.78
28,74,8.33
28,75,3.13
28,76,2.63
28,77,3.13
28,78,2.63
28,79,2.63
28,80,10
28,81,8.33
28,82,2
28,83,2.08
28,84,5
28,85,10
28,86,2.63
28,87,4.17
28,88,5.56
28,89,4.17
28,90,2.5
28,91,2
28,92,4.17
28,93,4.55
28,94,2.38
28,95,2.27
28,96,3.13
28,97,2.63
28,98,2.63
28,99,2.17
28,100,5
28,101,2.17
28,102,3.57
28,103,2.5
28,104,2
28,105,10
28,106,2.08
28,107,2.17
28,108,3.57
28,109,3.33
28,110,2.78
28,111,2.27
28,112,2.63
28,113,2.17
28,114,2.78
28,115,2.63
28,116,2.38
28,117,5
28,118,2.38
28,119,5
28,120,3.85
28,121,4.17
28,122,3.85
28,123,2
28,124,7.14
28,125,2.63
28,126,2.78
28,127,2.27
28,128,5.56
28,129,2.94
28,130,2.08
28,131,8.33
28,132,8.33
28,133,10
28,134,4.55
28,135,4.55
28,136,5
28,137,2.63
28,138,4.17
28,139,2.08
28,140,7.14
28,141,2.78
28,142,3.33
28,143,2.78
28,144,2.27
28,145,6.25
28,146,7.14
28,147,3.57
28,148,2.78
28,149,2.63
28,150,3.57
28,151,2.08
28,152,4.55
28,153,2.38
28,154,2
28,155,6.25
28,156,2.78
28,157,5.56
28,158,5
28,159,3.85
28,160,2.78
28,161,5.56
28,162,3.57
28,163,10
28,164,2.94
28,165,4.17
28,166,2.5
28,167,2.63
28,168,2.94
28,169,5
28,170,3.13
28,171,8.33
28,172,5.56
28,173,2.78
28,174,2.17
28,175,2
28,176,2.78
28,177,10
28,178,8.33
28,179,6.25
28,180,4.55
28,181,10
28,182,2.63
28,183,2.78
28,184,3.85
28,185,3.57
28,186,3.85
28,187,2.94
28,188,5
28,189,2
28,190,3.85
28,191,5.56
28,192,3.13
28,193,2.08
28,194,2
28,195,6.25
28,196,8.33
28,197,2.63
28,198,6.25
28,199,3.57
28,200,2.38
28,201,4.17
28,202,5.56
28,203,4.55
28,204,2.38
28,205,2.08
28,206,2
28,207,2.78
28,208,4.55
28,209,6.25
28,210,2.38
28,211,2.78
28,212,10
28,213,2.38
28,214,2
28,215,2.08
28,216,2.94
28,217,2.94
28,218,7.14
28,219,3.33
28,220,2.78
28,221,3.13
28,222,5.56
28,223,2.78
28,224,2.63
28,225,8.33
28,226,8.33
28,227,2.94
28,228,4.17
28,229,2.5
28,230,3.57
28,231,8.33
28,232,6.25
28,233,3.33
28,234,3.57
28,235,2.27
28,236,3.85
28,237,2.63
28,238,4.55
28,239,5.56
28,240,2.27
28,241,8.33
28,242,2.17
28,243,4.55
28,244,8.33
28,245,3.57
28,246,2.38
28,247,2.94
28,248,2.27
28,249,10
28,250,3.85
28,251,2.5
28,252,2.27
28,253,2.94
28,254,5
28,255,2.94
28,256,2.27
28,257,7.14
28,258,3.33
28,259,3.85
28,260,2.27
28,261,3.33
28,262,2.63
28,263,6.25
28,264,2.63
28,265,10
28,266,2.63
28,267,2
28,268,4.17
28,269,8.33
28,270,2.78
28,271,3.57
28,272,2.17
28,273,4.55
28,274,3.13
28,275,8.33
28,276,2.94
28,277,4.55
28,278,2
28,279,2.08
28,280,6.25
28,281,3.85
28,282,3.13
28,283,2.63
28,284,2.5
28,285,2.78
28,286,7.14
28,287,3.33
28,288,6.25
28,289,8.33
28,290,4.55
28,291,2
28,292,2.63
28,293,2.78
28,294,3.85
28,295,6.25
28,296,2.5
28,297,4.17
28,298,6.25
28,299,5.56
28,300,2.38
28,301,3.57
28,302,4.17
28,303,2.94
28,304,2
28,305,6.25
28,306,7.14
28,307,2.17
28,308,6.25
28,309,2.08
28,310,5.56
28,311,3.57
28,312,7.14
28,313,6.25
28,314,7.14
28,315,6.25
28,316,5
28,317,2
28,318,3.33
28,319,2.08
28,320,5
28,321,2.17
28,322,2.94
28,323,2.63
28,324,3.85
28,325,10
28,326,2.17
28,327,2.94
28,328,2.27
28,329,3.13
28,330,2.94
28,331,2.38
28,332,2.63
28,333,3.13
28,334,6.25
28,335,10
28,336,2.63
28,337,3.13
28,338,2
28,339,3.33
28,340,7.14
28,341,10
28,342,2.38
28,343,8.33
28,344,8.33
28,345,5.56
28,346,2.94
28,347,2.08
28,348,2.94
28,349,2
28,350,2.78
28,351,2.08
28,352,2.94
28,353,2.5
28,354,8.33
28,355,3.57
28,356,2.17
28,357,5
28,358,2.17
28,359,2.27
28,360,2.38
28,361,2.27
28,362,2.63
28,363,2.27
28,364,6.25
28,365,3.13
28,366,10
28,367,8.33
28,368,4.17
28,369,2
28,370,2.94
28,371,4.55
28,372,3.13
28,373,2.5
28,374,5.56
28,375,2.17
28,376,2.27
28,377,4.17
28,378,2
28,379,2.38
28,380,2.5
28,381,2.94
28,382,2.63
28,383,2.94
28,384,2.38
28,385,2.78
28,386,6.25
28,387,2.5
28,388,3.85
28,389,5.56
28,390,2.5
28,391,2.63
28,392,3.57
28,393,2.17
28,394,10
28,395,2
28,396,2.08
28,397,3.13
28,398,5.56
28,399,2.78
28,400,2.08
28,401,2.5
28,402,2.63
28,403,2.08
28,404,8.33
28,405,10
28,406,4.17
28,407,3.85
28,408,3.57
28,409,2.08
28,410,3.85
28,411,2.08
28,412,6.25
28,413,2.08
28,414,5.56
28,415,3.57
28,416,2.17
28,417,3.13
28,418,6.25
28,419,2.27
28,420,3.57
28,421,3.57
28,422,2.27
28,423,10
28,424,2.94
28,425,3.85
28,426,2.27
28,427,8.33
28,428,2.5
28,429,10
28,430,3.85
28,431,2.94
28,432,8.33
28,433,2
28,434,2.5
28,435,2
28,436,3.57
28,437,8.33
28,438,3.85
28,439,5
28,440,3.33
28,441,5
28,442,7.14
28,443,2.08
28,444,2.5
28,445,4.55
28,446,10
28,447,3.33
28,448,4.17
28,449,2.5
28,450,2.27
28,451,4.17
28,452,2
28,453,3.57
28,454,2.17
28,455,2.63
28,456,4.55
28,457,2.78
28,458,5.56
28,459,2.27
28,460,3.33
28,461,4.17
28,462,2.27
28,463,2
28,464,3.33
28,465,2.08
28,466,2.27
28,467,2.5
28,468,6.25
28,469,2.78
28,470,2.38
28,471,5.56
28,472,2.63
28,473,10
28,474,3.57
28,475,2.27
28,476,2.5
28,477,3.33
28,478,2.08
28,479,2.17
28,480,10
28,481,3.13
28,482,2.5
28,483,2.63
28,484,10
28,485,2
28,486,7.14
28,487,2.38
28,488,4.17
28,489,2.78
28,490,2.38
28,491,2.08
28,492,2.17
28,493,3.57
28,494,4.55
28,495,3.33
28,496,4.55
28,497,10
28,498,5
28,499,2.17
28,500,10
29,1,3.33
29,2,5
29,3,2.5
29,4,3.57
29,5,3.85
29,6,7.14
29,7,2.38
29,8,2.63
29,9,5
29,10,6.25
29,11,2.17
29,12,5.56
29,13,3.33
29,14,6.25
29,15,2.5
29,16,2.08
29,17,3.33
29,18,2.27
29,19,3.33
29,20,2.17
29,21,5
29,22,2.94
29,23,2.38
29,24,7.14
29,25,7.14
29,26,3.57
29,27,3.85
29,28,2
29,29,2
29,30,2
29,31,2.63
29,32,3.13
29,33,2.27
29,34,6.25
29,35,2.78
29,36,6.25
29,37,3.57
29,38,5.56
29,39,3.57
29,40,10
29,41,3.57
29,42,4.55
29,43,3.13
29,44,2.78
29,45,4.17
29,46,2.94
29,47,6.25
29,48,7.14
29,49,2.78
29,50,3.33
29,51,3.33
29,52,2.17
29,53,3.57
29,54,7.14
29,55,7.14
29,56,2.94
29,57,8.33
29,58,2.94
29,59,2.27
29,60,5
29,61,10
29,62,2.27
29,63,2.27
29,64,6.25
29,65,3.33
29,66,2.17
29,67,3.13
29,68,6.25
29,69,2.27
29,70,4.55
29,71,3.57
29,72,2.94
29,73,5.56
29,74,3.57
29,75,7.14
29,76,2.38
29,77,2.5
29,78,3.33
29,79,3.85
29,80,5.56
29,81,3.13
29,82,2.5
29,83,8.33
29,84,2.17
29,85,3.13
29,86,2.94
29,87,2.63
29,88,3.85
29,89,2.78
29,90,2.78
29,91,2.78
29,92,2.38
29,93,3.33
29,94,3.33
29,95,2.38
29,96,2.17
29,97,5
29,98,8.33
29,99,2.38
29,100,8.33
29,101,3.57
29,102,2.78
29,103,5.56
29,104,4.17
29,105,2.17
29,106,10
29,107,2
29,108,2.63
29,109,5.56
29,110,5.56
29,111,3.13
29,112,10
29,113,2.17
29,114,2.27
29,115,8.33
29,116,2.08
29,117,2.78
29,118,3.33
29,119,2.78
29,120,5.56
29,121,2
29,122,4.55
29,123,2.78
29,124,8.33
29,125,2.38
29,126,2.17
29,127,2.94
29,128,2.94
29,129,2.78
29,130,2.63
29,131,2
29,132,2
29,133,2.08
29,134,2.27
29,135,2.38
29,136,8.33
29,137,2
29,138,6.25
29,139,2.17
29,140,2.94
29,141,10
29,142,6.25
29,143,2.27
29,144,4.17
29,145,4.55
29,146,2.08
29,147,8.33
29,148,2.94
29,149,2.94
29,150,3.33
29,151,3.33
29,152,2.08
29,153,3.57
29,154,3.13
29,155,3.85
29,156,4.17
29,157,2.27
29,158,2.78
29,159,5
29,160,3.85
29,161,2
29,162,3.13
29,163,10
29,164,5.56
29,165,5
29,166,7.14
29,167,4.55
29,168,4.55
29,169,3.85
29,170,2
29,171,8.33
29,172,3.85
29,173,8.33
29,174,6.25
29,175,2.63
29,176,5
29,177,3.13
29,178,3.57
29,179,2.5
29,180,4.55
29,181,2.27
29,182,3.57
29,183,6.25
29,184,5
29,185,5
29,186,2
29,187,2
29,188,2.5
29,189,2.94
29,190,2.17
29,191,10
29,192,2.94
29,193,7.14
29,194,7.14
29,195,3.13
29,196,3.57
29,197,8.33
29,198,2.94
29,199,8.33
29,200,2
29,201,2.78
29,202,2.94
29,203,3.33
29,204,5
29,205,2.27
29,206,2
29,207,2.78
29,208,10
29,209,7.14
29,210,5.56
29,211,2.27
29,212,5.56
29,213,2.78
29,214,2
29,215,2.5
29,216,3.85
29,217,10
29,218,5
29,219,2.78
29,220,3.13
29,221,2.5
29,222,3.57
29,223,3.57
29,224,5.56
29,225,4.55
29,226,10
29,227,3.57
29,228,2.94
29,229,7.14
29,230,3.57
29,231,4.55
29,232,2.17
29,233,3.85
29,234,2.38
29,235,2.5
29,236,3.13
29,237,2.5
29,238,5
29,239,3.85
29,240,2.78
29,241,3.33
29,242,6.25
29,243,2.94
29,244,2.5
29,245,4.17
29,246,2.08
29,247,3.57
29,248,2.17
29,249,2.08
29,250,2.17
29,251,4.55
29,252,5
29,253,4.55
29,254,7.14
29,255,3.57
29,256,2.38
29,257,2.38
29,258,2.78
29,259,2.08
29,260,7.14
29,261,2.5
29,262,2.63
29,263,6.25
29,264,2.5
29,265,2.17
29,266,2.94
29,267,5.56
29,268,3.13
29,269,3.57
29,270,3.57
29,271,7.14
29,272,2.08
29,273,2.94
29,274,2.08
29,275,2.5
29,276,2.17
29,277,3.57
29,278,5
29,279,2.17
29,280,2.38
29,281,8.33
29,282,4.17
29,283,2.63
29,284,3.85
29,285,8.33
29,286,2.63
29,287,2.63
29,288,7.14
29,289,3.57
29,290,3.57
29,291,4.17
29,292,7.14
29,293,5
29,294,2.78
29,295,2.94
29,296,8.33
29,297,2.27
29,298,2.27
29,299,2.5
29,300,2.94
29,301,3.85
29,302,5
29,303,2.17
29,304,10
29,305,3.13
29,306,4.17
29,307,5.56
29,308,2.63
29,309,5.56
29,310,7.14
29,311,2.17
29,312,4.17
29,313,3.33
29,314,3.85
29,315,8.33
29,316,2.38
29,317,7.14
29,318,2.94
29,319,7.14
29,320,2.38
29,321,2.17
29,322,3.13
29,323,5
29,324,4.55
29,325,2.38
29,326,4.55
29,327,2.17
29,328,3.33
29,329,8.33
29,330,3.33
29,331,3.13
29,332,6.25
29,333,2.17
29,334,10
29,335,3.57
29,336,5
29,337,2.5
29,338,2.38
29,339,3.13
29,340,2.08
29,341,2.38
29,342,2
29,343,3.33
29,344,2.08
29,345,2.63
29,346,8.33
29,347,2.17
29,348,2.17
29,349,4.17
29,350,4.55
29,351,5
29,352,6.25
29,353,10
29,354,10
29,355,8.33
29,356,2.27
29,357,6.25
29,358,5.56
29,359,3.57
29,360,6.25
29,361,3.13
29,362,6.25
29,363,5.56
29,364,8.33
29,365,3.13
29,366,2.08
29,367,7.14
29,368,2.08
29,369,2.08
29,370,8.33
29,371,2.38
29,372,3.57
29,373,5.56
29,374,2.17
29,375,2
29,376,10
29,377,5.56
29,378,5
29,379,2.78
29,380,3.57
29,381,2
29,382,2.27
29,383,7.14
29,384,2
29,385,2
29,386,4.55
29,387,2.78
29,388,2.27
29,389,2.94
29,390,3.33
29,391,7.14
29,392,3.57
29,393,2.5
29,394,2.17
29,395,2.94
29,396,4.55
29,397,4.55
29,398,3.33
29,399,2.38
29,400,2.78
29,401,2.78
29,402,2.63
29,403,4.17
29,404,5
29,405,2.08
29,406,2.38
29,407,4.55
29,408,7.14
29,409,7.14
29,410,3.85
29,411,2.94
29,412,3.13
29,413,8.33
29,414,2.63
29,415,2.63
29,416,8.33
29,417,2.17
29,418,3.57
29,419,5
29,420,3.33
29,421,3.33
29,422,5.56
29,423,4.55
29,424,2.08
29,425,2.94
29,426,2.17
29,427,2.08
29,428,3.57
29,429,2.38
29,430,2.27
29,431,7.14
29,432,4.17
29,433,2.27
29,434,2.17
29,435,4.55
29,436,2.78
29,437,4.55
29,438,10
29,439,6.25
29,440,2.27
29,441,3.33
29,442,2.17
29,443,2.94
29,444,3.57
29,445,2
29,446,3.33
29,447,2
29,448,2.63
29,449,4.55
29,450,3.57
29,451,2.94
29,452,4.17
29,453,4.17
29,454,2
29,455,2.08
29,456,3.33
29,457,2.38
29,458,4.55
29,459,4.17
29,460,3.13
29,461,2.17
29,462,2.27
29,463,4.55
29,464,2.94
29,465,3.57
29,466,2.27
29,467,3.85
29,468,10
29,469,3.33
29,470,4.17
29,471,2.38
29,472,3.57
29,473,2.78
29,474,2.5
29,475,2.38
29,476,2.78
29,477,10
29,478,2.17
29,479,4.55
29,480,3.57
29,481,2
29,482,8.33
29,483,3.33
29,484,8.33
29,485,5.56
29,486,5.56
29,487,3.33
29,488,2.08
29,489,2.63
29,490,6.25
29,491,5.56
29,492,8.33
29,493,2.94
29,494,5
29,495,8.33
29,496,10
29,497,4.17
29,498,8.33
29,499,2.5
29,500,2.17
30,1,3.85
30,2,5
30,3,8.33
30,4,2.38
30,5,4.55
30,6,6.25
30,7,3.57
30,8,2.5
30,9,3.33
30,10,3.33
30,11,4.55
30,12,2
30,13,4.17
30,14,8.33
30,15,2.27
30,16,2.27
30,17,2.63
30,18,2.17
30,19,2.5
30,20,6.25
30,21,4.55
30,22,4.17
30,23,2.63
30,24,2.78
30,25,10
30,26,2.17
30,27,10
30,28,2.5
30,29,2.94
30,30,3.57
30,31,6.25
30,32,4.17
30,33,3.13
30,34,2.08
30,35,8.33
30,36,2.17
30,37,3.57
30,38,5
30,39,7.14
30,40,4.17
30,41,3.13
30,42,2.63
30,43,3.85
30,44,5.56
30,45,2.08
30,46,2.27
30,47,5.56
30,48,6.25
30,49,5
30,50,2.17
30,51,2.94
30,52,3.57
30,53,2.08
30,54,6.25
30,55,2.08
30,56,2.94
30,57,2.27
30,58,8.33
30,59,3.33
30,60,10
30,61,3.57
30,62,4.17
30,63,5.56
30,64,4.17
30,65,3.57
30,66,5
30,67,2.94
30,68,2.78
30,69,4.55
30,70,2.17
30,71,2.5
30,72,3.13
30,73,4.55
30,74,3.33
30,75,3.57
30,76,8.33
30,77,4.55
30,78,3.33
30,79,5
30,80,2.78
30,81,2.78
30,82,5.56
30,83,2.94
30,84,10
30,85,2.94
30,86,2.08
30,87,2.17
30,88,2
30,89,2.17
30,90,2.5
30,91,7.14
30,92,3.57
30,93,3.13
30,94,2.08
30,95,2.94
30,96,5.56
30,97,3.13
30,98,5.56
30,99,5
30,100,2.5
30,101,6.25
30,102,10
30,103,2.63
30,104,3.85
30,105,6.25
30,106,3.13
30,107,5
30,108,3.57
30,109,2.27
30,110,5
30,111,6.25
30,112,3.57
30,113,8.33
30,114,2.08
30,115,2
30,116,10
30,117,2.08
30,118,2.08
30,119,5.56
30,120,7.14
30,121,3.13
30,122,2
30,123,2
30,124,2.78
30,125,6.25
30,126,2.78
30,127,2.63
30,128,2.38
30,129,2
30,130,4.55
30,131,2.63
30,132,2.63
30,133,5
30,134,2.27
30,135,6.25
30,136,2.08
30,137,2.63
30,138,2.38
30,139,8.33
30,140,10
30,141,2.5
30,142,2.5
30,143,5.56
30,144,2.08
30,145,2.38
30,146,3.33
30,147,2.08
30,148,3.85
30,149,5.56
30,150,4.17
30,151,7.14
30,152,3.13
30,153,2.5
30,154,8.33
30,155,3.13
30,156,4.17
30,157,2.63
30,158,2.27
30,159,2.5
30,160,2.63
30,161,2.17
30,162,2
30,163,2.27
30,164,2.27
30,165,2.27
30,166,2.17
30,167,2.94
30,168,2.17
30,169,5.56
30,170,2.63
30,171,2.08
30,172,2.63
30,173,10
30,174,3.13
30,175,2.5
30,176,5.56
30,177,2
30,178,2.78
30,179,2.17
30,180,3.33
30,181,2.63
30,182,2.27
30,183,2.94
30,184,3.85
30,185,4.55
30,186,5
30,187,7.14
30,188,5.56
30,189,6.25
30,190,6.25
30,191,3.13
30,192,2
30,193,2
30,194,2.38
30,195,3.13
30,196,4.55
30,197,2.5
30,198,2
30,199,4.55
30,200,2.5
30,201,2.5
30,202,2.5
30,203,4.55
30,204,10
30,205,2.63
30,206,2.17
30,207,2
30,208,2
30,209,2.94
30,210,7.14
30,211,2.27
30,212,7.14
30,213,2.17
30,214,4.17
30,215,3.57
30,216,6.25
30,217,5
30,218,2.27
30,219,3.85
30,220,2.94
30,221,4.55
30,222,3.33
30,223,2.27
30,224,2.94
30,225,3.57
30,226,8.33
30,227,4.17
30,228,4.17
30,229,2.17
30,230,2.17
30,231,3.33
30,232,5.56
30,233,2.63
30,234,7.14
30,235,3.85
30,236,2.63
30,237,10
30,238,7.14
30,239,2
30,240,2.27
30,241,2.27
30,242,6.25
30,243,2.63
30,244,3.33
30,245,5
30,246,5
30,247,8.33
30,248,4.55
30,249,3.85
30,250,2.17
30,251,2.5
30,252,2.78
30,253,2.27
30,254,2.5
30,255,2.08
30,256,5
30,257,3.85
30,258,2.17
30,259,5
30,260,10
30,261,2.5
30,262,2.94
30,263,3.57
30,264,2.08
30,265,4.17
30,266,3.85
30,267,2
30,268,3.57
30,269,4.17
30,270,2.17
30,271,3.33
30,272,2.5
30,273,5
30,274,10
30,275,2.94
30,276,6.25
30,277,2.5
30,278,2.78
30,279,5.56
30,280,6.25
30,281,6.25
30,282,2.94
30,283,2.08
30,284,2.63
30,285,2
30,286,2.78
30,287,6.25
30,288,3.85
30,289,2.5
30,290,2.63
30,291,10
30,292,5
30,293,2.94
30,294,3.33
30,295,2.38
30,296,3.57
30,297,6.25
30,298,2.94
30,299,6.25
30,300,3.13
30,301,5
30,302,2.5
30,303,2.78
30,304,6.25
30,305,2.78
30,306,4.55
30,307,5.56
30,308,3.13
30,309,2.78
30,310,10
30,311,5.56
30,312,4.55
30,313,8.33
30,314,2.17
30,315,3.33
30,316,2.17
30,317,2.94
30,318,3.33
30,319,4.17
30,320,8.33
30,321,2.5
30,322,2.38
30,323,2
30,324,3.85
30,325,5.56
30,326,5
30,327,4.17
30,328,6.25
30,329,2.08
30,330,2.38
30,331,3.85
30,332,2.38
30,333,2.78
30,334,2.17
30,335,2
30,336,2
30,337,5
30,338,3.57
30,339,3.85
30,340,2.08
30,341,2
30,342,2.17
30,343,8.33
30,344,3.85
30,345,2.38
30,346,2.17
30,347,3.57
30,348,8.33
30,349,4.55
30,350,2.5
30,351,5.56
30,352,2.27
30,353,7.14
30,354,6.25
30,355,10
30,356,4.55
30,357,2.63
30,358,2.08
30,359,2.78
30,360,5.56
30,361,7.14
30,362,8.33
30,363,3.33
30,364,2
30,365,6.25
30,366,4.17
30,367,2.38
30,368,3.13
30,369,2.38
30,370,2.94
30,371,2.63
30,372,2.5
30,373,3.57
30,374,2.27
30,375,7.14
30,376,3.85
30,377,2.08
30,378,2.63
30,379,5.56
30,380,2.78
30,381,3.85
30,382,2.27
30,383,4.17
30,384,2.78
30,385,2.94
30,386,8.33
30,387,2.08
30,388,3.33
30,389,2.63
30,390,8.33
30,391,3.33
30,392,2.78
30,393,4.55
30,394,4.55
30,395,3.33
30,396,2
30,397,3.57
30,398,3.13
30,399,5.56
30,400,2.5
30,401,4.17
30,402,3.85
30,403,7.14
30,404,2.5
30,405,5
30,406,2
30,407,6.25
30,408,10
30,409,2.78
30,410,2.78
30,411,2.5
30,412,2.17
30,413,4.55
30,414,8.33
30,415,2.27
30,416,3.85
30,417,4.55
30,418,6.25
30,419,2.08
30,420,10
30,421,7.14
30,422,2.17
30,423,2
30,424,2
30,425,4.55
30,426,10
30,427,3.85
30,428,2.17
30,429,2.08
30,430,2.38
30,431,2.63
30,432,2.63
30,433,3.57
30,434,2.78
30,435,4.55
30,436,5.56
30,437,2.08
30,438,3.57
30,439,3.33
30,440,5.56
30,441,3.33
30,442,2.17
30,443,2.17
30,444,3.13
30,445,2.08
30,446,3.57
30,447,2.63
30,448,8.33
30,449,3.57
30,450,4.17
30,451,2.94
30,452,3.57
30,453,3.57
30,454,2.08
30,455,4.55
30,456,6.25
30,457,2.63
30,458,3.57
30,459,2.63
30,460,2.27
30,461,3.13
30,462,4.55
30,463,5
30,464,7.14
30,465,2.27
30,466,8.33
30,467,2.08
30,468,2.78
30,469,2.27
30,470,3.13
30,471,2.5
30,472,2.5
30,473,2.78
30,474,2.94
30,475,2.63
30,476,5.56
30,477,3.13
30,478,5.56
30,479,2.38
30,480,10
30,481,5.56
30,482,5
30,483,2.27
30,484,2.78
30,485,2.5
30,486,3.57
30,487,10
30,488,4.17
30,489,2.38
30,490,3.57
30,491,2.94
30,492,2.08
30,493,2.08
30,494,2.63
30,495,2
30,496,4.17
30,497,2.08
30,498,5.56
30,499,5
30,500,2.08
31,1,2.08
31,2,2.17
31,3,2
31,4,2.08
31,5,7.14
31,6,4.17
31,7,2.5
31,8,2.08
31,9,6.25
31,10,5
31,11,3.85
31,12,2
31,13,4.55
31,14,5.56
31,15,5.56
31,16,3.33
31,17,10
31,18,2
31,19,2
31,20,10
31,21,2.63
31,22,2.27
31,23,4.55
31,24,7.14
31,25,2.27
31,26,4.55
31,27,4.17
31,28,2.5
31,29,4.55
31,30,10
31,31,3.13
31,32,3.85
31,33,2.94
31,34,5.56
31,35,6.25
31,36,2.63
31,37,2.08
31,38,2.38
31,39,2.5
31,40,2.94
31,41,2.27
31,42,5
31,43,4.55
31,44,3.33
31,45,2.27
31,46,7.14
31,47,7.14
31,48,2.27
31,49,2.27
31,50,3.33
31,51,2
31,52,5.56
31,53,2.27
31,54,2.27
31,55,2.78
31,56,2.38
31,57,10
31,58,2.5
31,59,3.33
31,60,2.27
31,61,4.55
31,62,2
31,63,2.08
31,64,7.14
31,65,3.85
31,66,5
31,67,4.17
31,68,2.94
31,69,2.38
31,70,5.56
31,71,2
31,72,2.27
31,73,2.08
31,74,2.94
31,75,2.78
31,76,4.17
31,77,3.33
31,78,4.55
31,79,2.38
31,80,3.13
31,81,2.78
31,82,3.33
31,83,4.17
31,84,2.27
31,85,5
31,86,10
31,87,3.57
31,88,2.08
31,89,2.27
31,90,4.17
31,91,2.08
31,92,2.78
31,93,3.57
31,94,3.33
31,95,10
31,96,10
31,97,2.78
31,98,2.08
31,99,2.94
31,100,6.25
31,101,4.17
31,102,3.13
31,103,2.27
31,104,2.63
31,105,5.56
31,106,7.14
31,107,5
31,108,2.08
31,109,2.5
31,110,2.08
31,111,2.5
31,112,3.13
31,113,8.33
31,114,2.27
31,115,8.33
31,116,6.25
31,117,8.33
31,118,2.94
31,119,3.85
31,120,2.78
31,121,2.63
31,122,2.17
31,123,10
31,124,2.38
31,125,2.38
31,126,8.33
31,127,3.13
31,128,2.5
31,129,3.85
31,130,8.33
31,131,2.17
31,132,3.57
31,133,3.85
31,134,2.63
31,135,2.94
31,136,3.13
31,137,7.14
31,138,2.63
31,139,10
31,140,5
31,141,2.94
31,142,5.56
31,143,3.85
31,144,8.33
31,145,2.38
31,146,8.33
31,147,2.38
31,148,5
31,149,2.38
31,150,5.56
31,151,3.57
31,152,5
31,153,3.13
31,154,4.55
31,155,2.94
31,156,5
31,157,2.38
31,158,3.13
31,159,5
31,160,3.85
31,161,3.57
31,162,5.56
31,163,2.94
31,164,2.38
31,165,2.17
31,166,4.17
31,167,2
31,168,2.63
31,169,5
31,170,4.17
31,171,3.33
31,172,2.63
31,173,4.17
31,174,2.38
31,175,2.63
31,176,3.33
31,177,2
31,178,8.33
31,179,3.33
31,180,2.94
31,181,2
31,182,2.17
31,183,4.17
31,184,2.63
31,185,8.33
31,186,10
31,187,3.13
31,188,2.78
31,189,2
31,190,4.17
31,191,2
31,192,6.25
31,193,2.17
31,194,3.85
31,195,6.25
31,196,8.33
31,197,2.94
31,198,5
31,199,2.63
31,200,3.85
31,201,4.55
31,202,3.57
31,203,5.56
31,204,3.33
31,205,2.38
31,206,2.08
31,207,4.55
31,208,6.25
31,209,2.17
31,210,2.17
31,211,2.94
31,212,4.17
31,213,2.78
31,214,3.57
31,215,3.33
31,216,2.94
31,217,2.17
31,218,3.57
31,219,8.33
31,220,4.55
31,221,4.55
31,222,2.08
31,223,3.13
31,224,6.25
31,225,7.14
31,226,4.17
31,227,2.08
31,228,2.5
31,229,10
31,230,3.13
31,231,2.27
31,232,2.27
31,233,2.94
31,234,2.17
31,235,4.55
31,236,2.27
31,237,2.17
31,238,2.94
31,239,6.25
31,240,3.33
31,241,3.13
31,242,7.14
31,243,8.33
31,244,7.14
31,245,2.27
31,246,3.33
31,247,3.13
31,248,3.33
31,249,5
31,250,2.17
31,251,4.55
31,252,3.57
31,253,2.38
31,254,2.17
31,255,2.27
31,256,3.57
31,257,4.55
31,258,2
31,259,7.14
31,260,2.63
31,261,2
31,262,2.63
31,263,2
31,264,3.85
31,265,8.33
31,266,3.85
31,267,5.56
31,268,2.17
31,269,2.38
31,270,2
31,271,2.08
31,272,3.13
31,273,5.56
31,274,8.33
31,275,2.27
31,276,2.78
31,277,2.17
31,278,10
31,279,3.85
31,280,10
31,281,2.5
31,282,3.33
31,283,7.14
31,284,5
31,285,4.55
31,286,2
31,287,4.17
31,288,3.57
31,289,2.27
31,290,2.38
31,291,3.85
31,292,2.27
31,293,8.33
31,294,5
31,295,5
31,296,3.13
31,297,2.17
31,298,4.17
31,299,4.17
31,300,2.38
31,301,2.17
31,302,2.38
31,303,3.33
31,304,7.14
31,305,2.78
31,306,8.33
31,307,2.27
31,308,2.08
31,309,2.08
31,310,2
31,311,10
31,312,2.94
31,313,2.08
31,314,2.38
31,315,2.5
31,316,3.85
31,317,7.14
31,318,4.55
31,319,2.63
31,320,2.17
31,321,3.85
31,322,7.14
31,323,2.63
31,324,7.14
31,325,2.5
31,326,2.63
31,327,3.85
31,328,3.33
31,329,2.94
31,330,2.5
31,331,3.57
31,332,2.38
31,333,8.33
31,334,2.94
31,335,4.55
31,336,2.78
31,337,6.25
31,338,2.17
31,339,2.38
31,340,2.5
31,341,3.57
31,342,5.56
31,343,2.08
31,344,6.25
31,345,5.56
31,346,2.27
31,347,2.08
31,348,2.5
31,349,2.17
31,350,4.17
31,351,2.78
31,352,2.94
31,353,2
31,354,2.5
31,355,3.57
31,356,2.27
31,357,3.85
31,358,8.33
31,359,2
31,360,2.5
31,361,2.17
31,362,3.57
31,363,4.55
31,364,2.63
31,365,7.14
31,366,2
31,367,4.17
31,368,6.25
31,369,2.08
31,370,5.56
31,371,5.56
31,372,4.55
31,373,3.33
31,374,4.17
31,375,2.27
31,376,2.78
31,377,4.17
31,378,2.63
31,379,2.27
31,380,6.25
31,381,2.08
31,382,2.94
31,383,5.56
31,384,4.55
31,385,5.56
31,386,2.94
31,387,5
31,388,8.33
31,389,2.27
31,390,4.17
31,391,2.78
31,392,2.17
31,393,2.63
31,394,2.63
31,395,5
31,396,2.63
31,397,3.85
31,398,6.25
31,399,2.38
31,400,2.94
31,401,4.17
31,402,10
31,403,2.5
31,404,2.63
31,405,5
31,406,6.25
31,407,4.17
31,408,4.55
31,409,2.27
31,410,2.38
31,411,3.85
31,412,2.27
31,413,3.57
31,414,2.63
31,415,2.78
31,416,2.08
31,417,3.13
31,418,5
31,419,2.78
31,420,2.5
31,421,2.78
31,422,5
31,423,8.33
31,424,3.57
31,425,3.85
31,426,3.85
31,427,2.78
31,428,2.78
31,429,2.17
31,430,2.94
31,431,3.33
31,432,6.25
31,433,2
31,434,2.78
31,435,2.08
31,436,2.17
31,437,7.14
31,438,2.17
31,439,2.17
31,440,2.38
31,441,2.94
31,442,10
31,443,4.17
31,444,3.13
31,445,3.57
31,446,2.38
31,447,8.33
31,448,6.25
31,449,5
31,450,2.94
31,451,2.27
31,452,2.63
31,453,6.25
31,454,2.38
31,455,2.17
31,456,2
31,457,2
31,458,5
31,459,2.08
31,460,2.27
31,461,8.33
31,462,2.63
31,463,4.17
31,464,3.13
31,465,3.57
31,466,2.63
31,467,5.56
31,468,8.33
31,469,4.17
31,470,2
31,471,3.13
31,472,2.5
31,473,7.14
31,474,2.63
31,475,8.33
31,476,7.14
31,477,2.17
31,478,4.17
31,479,3.85
31,480,3.57
31,481,2.27
31,482,2
31,483,8.33
31,484,4.55
31,485,2.17
31,486,10
31,487,10
31,488,2.08
31,489,2.08
31,490,2
31,491,2.27
31,492,2.08
31,493,3.85
31,494,2.63
31,495,2.63
31,496,2.27
31,497,2.38
31,498,2.27
31,499,2.94
31,500,2.94
32,1,10
32,2,2.08
32,3,2.5
32,4,8.33
32,5,10
32,6,2.08
32,7,4.17
32,8,5
32,9,3.13
32,10,2.63
32,11,3.85
32,12,10
32,13,2.63
32,14,10
32,15,4.17
32,16,7.14
32,17,7.14
32,18,2.5
32,19,3.13
32,20,3.57
32,21,2
32,22,3.13
32,23,2.38
32,24,3.57
32,25,10
32,26,3.33
32,27,4.55
32,28,10
32,29,2.94
32,30,2.08
32,31,8.33
32,32,3.85
32,33,3.13
32,34,5.56
32,35,7.14
32,36,10
32,37,7.14
32,38,2.5
32,39,2.94
32,40,3.85
32,41,5
32,42,2.63
32,43,2.08
32,44,5
32,45,7.14
32,46,4.55
32,47,7.14
32,48,2.63
32,49,6.25
32,50,3.33
32,51,4.55
32,52,5
32,53,2.94
32,54,5.56
32,55,4.55
32,56,3.85
32,57,3.85
32,58,5.56
32,59,2.27
32,60,3.33
32,61,2.27
32,62,4.17
32,63,7.14
32,64,3.33
32,65,2.94
32,66,4.55
32,67,2.5
32,68,5.56
32,69,2.94
32,70,4.17
32,71,2.94
32,72,2.38
32,73,2.08
32,74,3.13
32,75,8.33
32,76,3.57
32,77,5.56
32,78,7.14
32,79,2.17
32,80,4.55
32,81,6.25
32,82,3.33
32,83,6.25
32,84,10
32,85,2.38
32,86,2.5
32,87,2.63
32,88,3.33
32,89,3.85
32,90,3.33
32,91,4.55
32,92,4.17
32,93,6.25
32,94,10
32,95,5.56
32,96,2.78
32,97,2.5
32,98,2.17
32,99,2.17
32,100,2.63
32,101,6.25
32,102,7.14
32,103,3.33
32,104,3.85
32,105,4.55
32,106,8.33
32,107,4.17
32,108,5.56
32,109,2.17
32,110,3.33
32,111,2.63
32,112,4.55
32,113,4.17
32,114,2.17
32,115,10
32,116,5
32,117,3.33
32,118,2.27
32,119,8.33
32,120,2.08
32,121,5
32,122,7.14
32,123,10
32,124,7.14
32,125,2.63
32,126,3.13
32,127,3.57
32,128,2.5
32,129,5
32,130,2.38
32,131,2
32,132,2
32,133,3.57
32,134,2.17
32,135,4.17
32,136,2.38
32,137,2.94
32,138,4.17
32,139,2.78
32,140,2.38
32,141,3.13
32,142,3.13
32,143,8.33
32,144,2.63
32,145,2.78
32,146,5.56
32,147,4.17
32,148,2.27
32,149,2.94
32,150,2.63
32,151,2.78
32,152,4.55
32,153,4.55
32,154,2.38
32,155,5
32,156,6.25
32,157,3.33
32,158,2.94
32,159,3.33
32,160,6.25
32,161,2.5
32,162,2.17
32,163,2.63
32,164,3.33
32,165,2.27
32,166,6.25
32,167,5
32,168,2.63
32,169,10
32,170,5.56
32,171,5
32,172,10
32,173,3.57
32,174,10
32,175,4.55
32,176,10
32,177,4.17
32,178,8.33
32,179,3.13
32,180,4.17
32,181,2.38
32,182,2.94
32,183,2.38
32,184,2.38
32,185,6.25
32,186,5.56
32,187,2.94
32,188,2.08
32,189,2.27
32,190,3.57
32,191,2.63
32,192,3.57
32,193,3.33
32,194,3.13
32,195,8.33
32,196,3.57
32,197,2.63
32,198,10
32,199,2.27
32,200,6.25
32,201,2.08
32,202,3.57
32,203,2.08
32,204,3.33
32,205,2.17
32,206,2.17
32,207,2.27
32,208,2.78
32,209,2
32,210,4.55
32,211,2.5
32,212,8.33
32,213,4.55
32,214,3.33
32,215,2
32,216,3.57
32,217,5.56
32,218,6.25
32,219,2.63
32,220,2
32,221,7.14
32,222,2.94
32,223,10
32,224,2.78
32,225,2
32,226,2
32,227,3.13
32,228,2.63
32,229,10
32,230,2.5
32,231,2.5
32,232,7.14
32,233,4.55
32,234,5.56
32,235,4.55
32,236,2.17
32,237,8.33
32,238,6.25
32,239,2.08
32,240,2.08
32,241,2
32,242,8.33
32,243,5
32,244,10
32,245,2.63
32,246,2.17
32,247,3.57
32,248,3.57
32,249,2.08
32,250,5.56
32,251,2.27
32,252,2.63
32,253,2.78
32,254,2.17
32,255,5.56
32,256,3.33
32,257,2.63
32,258,2.17
32,259,5.56
32,260,2.38
32,261,2
32,262,2.5
32,263,2.78
32,264,2.5
32,265,8.33
32,266,4.17
32,267,2
32,268,10
32,269,8.33
32,270,2.78
32,271,3.57
32,272,6.25
32,273,8.33
32,274,2.5
32,275,7.14
32,276,5.56
32,277,5.56
32,278,2.17
32,279,3.13
32,280,2.63
32,281,7.14
32,282,7.14
32,283,2.63
32,284,3.33
32,285,7.14
32,286,2.63
32,287,4.17
32,288,2.27
32,289,8.33
32,290,2
32,291,2.94
32,292,3.85
32,293,5
32,294,2.5
32,295,5
32,296,2.38
32,297,5
32,298,3.57
32,299,3.57
32,300,4.55
32,301,2.38
32,302,3.57
32,303,3.85
32,304,3.33
32,305,8.33
32,306,3.13
32,307,4.55
32,308,2.27
32,309,2.17
32,310,2
32,311,10
32,312,3.85
32,313,8.33
32,314,3.33
32,315,3.57
32,316,7.14
32,317,2.38
32,318,7.14
32,319,7.14
32,320,2.63
32,321,2.94
32,322,2.94
32,323,6.25
32,324,2.08
32,325,2.27
32,326,4.17
32,327,7.14
32,328,2.17
32,329,2.08
32,330,2
32,331,2.38
32,332,10
32,333,2.27
32,334,3.13
32,335,2.78
32,336,2.94
32,337,2.78
32,338,2.08
32,339,2.94
32,340,3.33
32,341,4.55
32,342,3.13
32,343,2.94
32,344,5
32,345,2.5
32,346,3.13
32,347,6.25
32,348,10
32,349,2.5
32,350,5.56
32,351,6.25
32,352,2.78
32,353,2.5
32,354,7.14
32,355,2.78
32,356,3.13
32,357,10
32,358,2.5
32,359,2.94
32,360,3.85
32,361,2.08
32,362,5.56
32,363,4.55
32,364,6.25
32,365,7.14
32,366,7.14
32,367,5
32,368,10
32,369,3.13
32,370,5
32,371,2
32,372,2.27
32,373,2.08
32,374,10
32,375,2.63
32,376,8.33
32,377,4.55
32,378,3.33
32,379,4.55
32,380,2.27
32,381,2.78
32,382,2.27
32,383,2.94
32,384,2
32,385,3.33
32,386,2.17
32,387,2
32,388,2.27
32,389,6.25
32,390,4.55
32,391,3.33
32,392,2.08
32,393,2.08
32,394,10
32,395,2.5
32,396,2.27
32,397,2.38
32,398,2.78
32,399,2.5
32,400,4.55
32,401,7.14
32,402,2.27
32,403,2
32,404,2.17
32,405,3.85
32,406,3.13
32,407,5
32,408,10
32,409,7.14
32,410,3.57
32,411,5
32,412,2.17
32,413,2.78
32,414,2.63
32,415,2.63
32,416,4.55
32,417,3.13
32,418,4.55
32,419,2.08
32,420,5
32,421,2.94
32,422,2.38
32,423,4.17
32,424,3.33
32,425,3.33
32,426,3.33
32,427,2.27
32,428,2.94
32,429,3.33
32,430,8.33
32,431,2.27
32,432,3.57
32,433,2.08
32,434,5
32,435,7.14
32,436,6.25
32,437,2.38
32,438,2.08
32,439,4.17
32,440,2
32,441,2.08
32,442,4.55
32,443,3.33
32,444,10
32,445,2.78
32,446,2.94
32,447,2.27
32,448,7.14
32,449,2.38
32,450,5.56
32,451,10
32,452,2.08
32,453,2.27
32,454,2.38
32,455,6.25
32,456,2.08
32,457,2.94
32,458,2
32,459,3.33
32,460,3.13
32,461,10
32,462,2.38
32,463,5.56
32,464,2.17
32,465,4.17
32,466,2.08
32,467,3.33
32,468,10
32,469,3.57
32,470,6.25
32,471,5.56
32,472,3.13
32,473,5
32,474,2.17
32,475,4.17
32,476,4.17
32,477,4.55
32,478,2.94
32,479,2.5
32,480,7.14
32,481,3.13
32,482,3.57
32,483,3.33
32,484,2.94
32,485,2.63
32,486,3.85
32,487,3.57
32,488,3.85
32,489,2.78
32,490,5
32,491,4.55
32,492,10
32,493,8.33
32,494,2.5
32,495,7.14
32,496,5
32,497,2.08
32,498,2.94
32,499,2.38
32,500,10
33,1,4.17
33,2,4.55
33,3,2.38
33,4,5.56
33,5,3.57
33,6,2.63
33,7,2.08
33,8,3.85
33,9,3.13
33,10,8.33
33,11,4.17
33,12,2.27
33,13,5
33,14,8.33
33,15,2.08
33,16,7.14
33,17,2.08
33,18,3.13
33,19,4.17
33,20,2
33,21,2.27
33,22,4.55
33,23,3.13
33,24,7.14
33,25,5
33,26,2.38
33,27,10
33,28,4.17
33,29,2.17
33,30,2.94
33,31,7.14
33,32,3.85
33,33,6.25
33,34,2.63
33,35,2.08
33,36,7.14
33,37,4.55
33,38,5
33,39,2.38
33,40,2
33,41,2.08
33,42,10
33,43,4.55
33,44,2.08
33,45,5.56
33,46,4.17
33,47,3.85
33,48,2.17
33,49,8.33
33,50,2
33,51,2.38
33,52,4.55
33,53,2.94
33,54,8.33
33,55,2.38
33,56,2.94
33,57,4.55
33,58,7.14
33,59,2.78
33,60,2.08
33,61,3.33
33,62,2.5
33,63,2.38
33,64,6.25
33,65,8.33
33,66,5.56
33,67,7.14
33,68,2.27
33,69,2.38
33,70,8.33
33,71,4.17
33,72,3.33
33,73,2.5
33,74,2.78
33,75,2.94
33,76,4.17
33,77,3.57
33,78,4.55
33,79,3.57
33,80,3.33
33,81,2.38
33,82,6.25
33,83,10
33,84,2.38
33,85,3.85
33,86,5.56
33,87,10
33,88,10
33,89,2.38
33,90,2.17
33,91,5
33,92,4.55
33,93,3.13
33,94,2.27
33,95,8.33
33,96,2.17
33,97,4.17
33,98,3.13
33,99,2.08
33,100,3.13
33,101,4.55
33,102,2.94
33,103,5
33,104,2.17
33,105,2.78
33,106,2.63
33,107,5
33,108,2.08
33,109,2.17
33,110,7.14
33,111,2
33,112,6.25
33,113,6.25
33,114,2.38
33,115,2.63
33,116,8.33
33,117,4.55
33,118,3.13
33,119,2.78
33,120,4.17
33,121,3.85
33,122,2.17
33,123,3.85
33,124,2.5
33,125,3.33
33,126,2.5
33,127,3.57
33,128,4.55
33,129,8.33
33,130,2.27
33,131,2.94
33,132,10
33,133,2.17
33,134,6.25
33,135,2.17
33,136,2
33,137,3.13
33,138,8.33
33,139,2.27
33,140,2.08
33,141,3.33
33,142,2.94
33,143,3.33
33,144,3.13
33,145,5.56
33,146,4.55
33,147,2.94
33,148,4.55
33,149,3.57
33,150,2.63
33,151,2.27
33,152,4.55
33,153,4.55
33,154,8.33
33,155,3.33
33,156,2.08
33,157,2.94
33,158,5.56
33,159,10
33,160,3.33
33,161,2.78
33,162,2.5
33,163,2.17
33,164,2.38
33,165,4.17
33,166,2.5
33,167,2.08
33,168,2
33,169,3.85
33,170,8.33
33,171,3.85
33,172,10
33,173,2.63
33,174,8.33
33,175,2.5
33,176,7.14
33,177,5
33,178,3.13
33,179,2.08
33,180,7.14
33,181,2.78
33,182,2
33,183,4.17
33,184,3.33
33,185,2.27
33,186,2.94
33,187,5
33,188,2.27
33,189,5
33,190,2.38
33,191,2.17
33,192,6.25
33,193,8.33
33,194,2.08
33,195,3.85
33,196,3.33
33,197,4.55
33,198,2.27
33,199,2.63
33,200,2.27
33,201,2.5
33,202,7.14
33,203,2.94
33,204,7.14
33,205,2.78
33,206,2
33,207,2.63
33,208,4.17
33,209,2.38
33,210,2.27
33,211,3.85
33,212,2.78
33,213,2.08
33,214,5.56
33,215,3.13
33,216,2.27
33,217,2.63
33,218,2.94
33,219,2
33,220,2.78
33,221,5.56
33,222,2.5
33,223,5.56
33,224,5
33,225,6.25
33,226,5.56
33,227,2
33,228,4.55
33,229,5.56
33,230,2.08
33,231,3.33
33,232,2.27
33,233,7.14
33,234,2.78
33,235,2
33,236,3.85
33,237,3.13
33,238,2.5
33,239,3.33
33,240,3.85
33,241,2.17
33,242,10
33,243,2
33,244,3.85
33,245,10
33,246,3.85
33,247,5
33,248,2.78
33,249,2.94
33,250,3.13
33,251,2.27
33,252,4.55
33,253,3.33
33,254,8.33
33,255,3.85
33,256,6.25
33,257,4.17
33,258,2.94
33,259,7.14
33,260,4.55
33,261,3.57
33,262,3.33
33,263,10
33,264,6.25
33,265,2.63
33,266,10
33,267,4.55
33,268,3.13
33,269,3.57
33,270,3.33
33,271,4.17
33,272,2.63
33,273,8.33
33,274,4.17
33,275,2.17
33,276,2.78
33,277,3.85
33,278,5.56
33,279,2.63
33,280,5
33,281,7.14
33,282,2
33,283,4.17
33,284,2.27
33,285,4.55
33,286,3.85
33,287,3.33
33,288,2.63
33,289,2.17
33,290,10
33,291,10
33,292,4.55
33,293,5.56
33,294,4.17
33,295,2.94
33,296,4.17
33,297,10
33,298,6.25
33,299,6.25
33,300,4.55
33,301,7.14
33,302,8.33
33,303,2.63
33,304,5
33,305,4.17
33,306,2.78
33,307,3.85
33,308,6.25
33,309,6.25
33,310,2.78
33,311,2
33,312,2.38
33,313,7.14
33,314,7.14
33,315,4.17
33,316,4.55
33,317,3.13
33,318,7.14
33,319,10
33,320,10
33,321,2.08
33,322,2
33,323,6.25
33,324,2.63
33,325,2.63
33,326,2
33,327,2.63
33,328,3.33
33,329,3.13
33,330,10
33,331,2.17
33,332,5.56
33,333,2
33,334,3.13
33,335,4.55
33,336,5
33,337,3.57
33,338,3.57
33,339,7.14
33,340,2.78
33,341,2.08
33,342,2.5
33,343,6.25
33,344,8.33
33,345,2.17
33,346,2.08
33,347,2.08
33,348,3.57
33,349,2.08
33,350,4.17
33,351,4.17
33,352,3.33
33,353,5
33,354,3.85
33,355,4.17
33,356,2.63
33,357,2.27
33,358,4.55
33,359,6.25
33,360,2.38
33,361,3.57
33,362,2.17
33,363,2.63
33,364,5
33,365,10
33,366,3.57
33,367,3.33
33,368,2.38
33,369,3.33
33,370,2.27
33,371,2.5
33,372,2.63
33,373,3.57
33,374,8.33
33,375,4.17
33,376,2.08
33,377,2.94
33,378,4.55
33,379,2
33,380,2.38
33,381,8.33
33,382,3.85
33,383,2.08
33,384,3.85
33,385,2.78
33,386,2.63
33,387,5
33,388,2.63
33,389,3.13
33,390,3.33
33,391,5.56
33,392,2.94
33,393,2
33,394,3.85
33,395,3.57
33,396,2.27
33,397,2.38
33,398,2.08
33,399,3.33
33,400,6.25
33,401,3.33
33,402,2
33,403,3.57
33,404,3.57
33,405,2
33,406,2.17
33,407,2.5
33,408,2.5
33,409,2.94
33,410,2.78
33,411,7.14
33,412,2
33,413,4.55
33,414,10
33,415,4.17
33,416,2.63
33,417,2.17
33,418,10
33,419,5.56
33,420,4.17
33,421,2.38
33,422,10
33,423,2.63
33,424,4.55
33,425,2.27
33,426,8.33
33,427,2.94
33,428,2.94
33,429,3.57
33,430,4.55
33,431,2.38
33,432,2.5
33,433,2.08
33,434,3.13
33,435,4.55
33,436,3.33
33,437,3.57
33,438,3.13
33,439,7.14
33,440,4.55
33,441,2.63
33,442,2
33,443,8.33
33,444,7.14
33,445,7.14
33,446,2.63
33,447,2.78
33,448,2.38
33,449,3.33
33,450,3.85
33,451,2.38
33,452,3.85
33,453,2.27
33,454,2.5
33,455,3.57
33,456,3.33
33,457,4.17
33,458,3.85
33,459,3.33
33,460,3.57
33,461,2.78
33,462,7.14
33,463,8.33
33,464,8.33
33,465,10
33,466,2.63
33,467,2.94
33,468,3.85
33,469,3.33
33,470,7.14
33,471,10
33,472,4.17
33,473,3.13
33,474,7.14
33,475,2.63
33,476,5
33,477,7.14
33,478,3.57
33,479,4.17
33,480,2.17
33,481,2.38
33,482,2.38
33,483,3.33
33,484,3.57
33,485,2.94
33,486,2.27
33,487,2.78
33,488,2.17
33,489,4.55
33,490,8.33
33,491,2.5
33,492,2.38
33,493,3.13
33,494,2.78
33,495,2.94
33,496,3.33
33,497,2.38
33,498,2.94
33,499,3.57
33,500,2.17
34,1,2.27
34,2,3.57
34,3,4.17
34,4,10
34,5,5.56
34,6,7.14
34,7,2.08
34,8,6.25
34,9,2.08
34,10,2.94
34,11,2.08
34,12,5.56
34,13,7.14
34,14,10
34,15,8.33
34,16,2.27
34,17,2.17
34,18,5.56
34,19,4.17
34,20,5.56
34,21,5.56
34,22,5
34,23,2.08
34,24,3.85
34,25,2.5
34,26,3.13
34,27,2.17
34,28,3.57
34,29,6.25
34,30,4.17
34,31,3.57
34,32,2.63
34,33,5.56
34,34,3.57
34,35,5
34,36,8.33
34,37,2.27
34,38,2.94
34,39,2.38
34,40,2.78
34,41,2.27
34,42,5
34,43,5
34,44,2.63
34,45,3.33
34,46,2.27
34,47,2.5
34,48,2
34,49,2.17
34,50,2.17
34,51,10
34,52,2.5
34,53,7.14
34,54,3.13
34,55,4.17
34,56,3.85
34,57,2.27
34,58,5.56
34,59,5
34,60,2.78
34,61,7.14
34,62,3.85
34,63,3.33
34,64,5
34,65,8.33
34,66,3.57
34,67,5
34,68,2.17
34,69,2
34,70,3.13
34,71,3.13
34,72,2.5
34,73,10
34,74,4.55
34,75,3.85
34,76,2.08
34,77,7.14
34,78,4.17
34,79,6.25
34,80,10
34,81,6.25
34,82,4.17
34,83,5.56
34,84,6.25
34,85,3.13
34,86,2.5
34,87,6.25
34,88,2.63
34,89,2.17
34,90,2
34,91,2
34,92,3.57
34,93,3.13
34,94,2
34,95,8.33
34,96,2
34,97,3.33
34,98,3.85
34,99,5.56
34,100,5
34,101,2.08
34,102,7.14
34,103,8.33
34,104,5.56
34,105,3.33
34,106,8.33
34,107,2.17
34,108,2.38
34,109,3.33
34,110,2.27
34,111,3.13
34,112,4.55
34,113,2.08
34,114,4.17
34,115,2.78
34,116,2.5
34,117,8.33
34,118,5.56
34,119,2.08
34,120,2.17
34,121,2.5
34,122,6.25
34,123,5.56
34,124,2.08
34,125,2.63
34,126,2
34,127,2.08
34,128,3.85
34,129,2.38
34,130,5
34,131,2
34,132,5.56
34,133,3.13
34,134,3.33
34,135,3.85
34,136,10
34,137,5.56
34,138,2.78
34,139,2.63
34,140,3.85
34,141,2.94
34,142,8.33
34,143,3.13
34,144,2.38
34,145,2.38
34,146,6.25
34,147,2.63
34,148,2.27
34,149,3.33
34,150,3.13
34,151,3.85
34,152,2.17
34,153,3.13
34,154,4.55
34,155,2.94
34,156,3.85
34,157,4.17
34,158,3.13
34,159,2.08
34,160,4.55
34,161,3.33
34,162,2.27
34,163,3.85
34,164,2.94
34,165,10
34,166,5.56
34,167,6.25
34,168,3.85
34,169,2.27
34,170,2.17
34,171,2.78
34,172,3.57
34,173,3.85
34,174,10
34,175,2.5
34,176,2.27
34,177,2.78
34,178,2.78
34,179,2.38
34,180,4.55
34,181,5
34,182,2.5
34,183,2.27
34,184,2.08
34,185,3.85
34,186,2.5
34,187,3.13
34,188,10
34,189,3.33
34,190,8.33
34,191,8.33
34,192,2.08
34,193,2.5
34,194,2.27
34,195,7.14
34,196,3.57
34,197,2
34,198,3.33
34,199,2.63
34,200,3.13
34,201,3.33
34,202,4.55
34,203,2.78
34,204,4.17
34,205,2.17
34,206,4.55
34,207,4.55
34,208,7.14
34,209,3.57
34,210,4.55
34,211,2.5
34,212,2.63
34,213,3.57
34,214,2.38
34,215,2.27
34,216,2.94
34,217,2.27
34,218,2.63
34,219,2.94
34,220,2.63
34,221,2.78
34,222,3.85
34,223,2
34,224,2.63
34,225,4.17
34,226,2.27
34,227,3.85
34,228,3.33
34,229,3.13
34,230,7.14
34,231,3.33
34,232,2.63
34,233,2
34,234,2.27
34,235,4.55
34,236,2.38
34,237,10
34,238,2.5
34,239,2
34,240,2.17
34,241,3.57
34,242,7.14
34,243,2.94
34,244,2.5
34,245,3.13
34,246,2.63
34,247,3.57
34,248,2.27
34,249,3.85
34,250,3.57
34,251,5
34,252,10
34,253,6.25
34,254,2.08
34,255,3.85
34,256,2.38
34,257,2.17
34,258,3.57
34,259,5.56
34,260,2.17
34,261,3.33
34,262,7.14
34,263,2.78
34,264,2.08
34,265,2
34,266,2
34,267,10
34,268,8.33
34,269,2.5
34,270,8.33
34,271,3.85
34,272,4.17
34,273,2.08
34,274,3.57
34,275,5.56
34,276,2.78
34,277,2.27
34,278,4.17
34,279,2.38
34,280,4.55
34,281,2.5
34,282,8.33
34,283,3.13
34,284,2.78
34,285,5.56
34,286,2.78
34,287,2.94
34,288,3.57
34,289,2.27
34,290,5.56
34,291,2
34,292,3.85
34,293,7.14
34,294,8.33
34,295,3.85
34,296,2.63
34,297,2.27
34,298,7.14
34,299,4.55
34,300,10
34,301,2.17
34,302,2
34,303,2.78
34,304,2.63
34,305,2.17
34,306,2.63
34,307,2.63
34,308,4.17
34,309,3.85
34,310,3.85
34,311,5
34,312,2.38
34,313,7.14
34,314,5
34,315,2.5
34,316,6.25
34,317,4.55
34,318,2.17
34,319,5
34,320,2.94
34,321,2.78
34,322,10
34,323,2.38
34,324,2.5
34,325,7.14
34,326,2.94
34,327,2.5
34,328,2.17
34,329,2.08
34,330,6.25
34,331,2.38
34,332,3.57
34,333,2.27
34,334,3.33
34,335,2.27
34,336,10
34,337,2.63
34,338,2.63
34,339,3.13
34,340,5
34,341,3.57
34,342,2.08
34,343,3.33
34,344,2.17
34,345,7.14
34,346,3.57
34,347,5
34,348,3.33
34,349,3.57
34,350,10
34,351,5.56
34,352,7.14
34,353,10
34,354,3.33
34,355,10
34,356,5
34,357,4.17
34,358,4.17
34,359,3.85
34,360,7.14
34,361,6.25
34,362,7.14
34,363,2.5
34,364,3.33
34,365,3.13
34,366,5
34,367,2.27
34,368,2.78
34,369,6.25
34,370,2.63
34,371,3.33
34,372,2.08
34,373,2.5
34,374,4.55
34,375,4.55
34,376,2
34,377,7.14
34,378,5
34,379,2.27
34,380,5
34,381,2.08
34,382,2
34,383,6.25
34,384,3.33
34,385,2.78
34,386,4.55
34,387,2
34,388,2.78
34,389,2.27
34,390,8.33
34,391,2.5
34,392,5.56
34,393,3.33
34,394,2.08
34,395,5.56
34,396,2
34,397,2.78
34,398,5
34,399,2.27
34,400,3.33
34,401,2.5
34,402,4.17
34,403,5.56
34,404,2.63
34,405,10
34,406,10
34,407,3.33
34,408,3.33
34,409,8.33
34,410,2.5
34,411,8.33
34,412,8.33
34,413,8.33
34,414,2.38
34,415,2
34,416,4.17
34,417,4.17
34,418,2
34,419,5.56
34,420,2.94
34,421,10
34,422,5
34,423,3.85
34,424,2.78
34,425,2.38
34,426,6.25
34,427,3.57
34,428,4.17
34,429,10
34,430,7.14
34,431,3.57
34,432,3.33
34,433,4.55
34,434,2.27
34,435,2.78
34,436,2.38
34,437,2.94
34,438,6.25
34,439,3.13
34,440,4.55
34,441,10
34,442,2.78
34,443,2.17
34,444,2.27
34,445,2.08
34,446,3.13
34,447,2.63
34,448,2.78
34,449,2.27
34,450,3.33
34,451,3.13
34,452,4.17
34,453,4.17
34,454,3.85
34,455,3.33
34,456,8.33
34,457,2.17
34,458,2.94
34,459,2
34,460,2.5
34,461,2.94
34,462,2.78
34,463,2
34,464,4.17
34,465,3.85
34,466,5
34,467,5.56
34,468,2.08
34,469,2.94
34,470,2.17
34,471,3.57
34,472,8.33
34,473,2.08
34,474,2.5
34,475,3.13
34,476,2.78
34,477,2.38
34,478,2.38
34,479,3.85
34,480,2.5
34,481,3.33
34,482,2.27
34,483,5
34,484,2.63
34,485,4.55
34,486,2.78
34,487,3.13
34,488,3.85
34,489,2.63
34,490,3.33
34,491,3.57
34,492,2.38
34,493,2.27
34,494,4.17
34,495,2.78
34,496,7.14
34,497,3.33
34,498,3.85
34,499,2.94
34,500,2
35,1,2.17
35,2,2.27
35,3,2.27
35,4,3.33
35,5,6.25
35,6,6.25
35,7,2.94
35,8,10
35,9,2.08
35,10,10
35,11,4.17
35,12,6.25
35,13,5.56
35,14,6.25
35,15,10
35,16,4.17
35,17,2.17
35,18,2.17
35,19,2.5
35,20,4.17
35,21,2.38
35,22,3.57
35,23,4.55
35,24,5
35,25,3.13
35,26,3.85
35,27,3.57
35,28,2.17
35,29,3.13
35,30,2
35,31,5.56
35,32,3.85
35,33,2.27
35,34,5.56
35,35,3.85
35,36,3.33
35,37,8.33
35,38,3.57
35,39,10
35,40,2.27
35,41,2.38
35,42,2.17
35,43,10
35,44,2.27
35,45,3.85
35,46,2.27
35,47,4.17
35,48,4.17
35,49,2.78
35,50,10
35,51,2.5
35,52,2.38
35,53,5
35,54,2.94
35,55,5
35,56,2
35,57,10
35,58,5.56
35,59,2.17
35,60,6.25
35,61,2
35,62,7.14
35,63,2.94
35,64,5
35,65,3.57
35,66,10
35,67,7.14
35,68,3.13
35,69,10
35,70,8.33
35,71,2.17
35,72,4.17
35,73,2.63
35,74,3.13
35,75,4.55
35,76,4.17
35,77,4.55
35,78,2.94
35,79,2.08
35,80,4.55
35,81,2.38
35,82,3.57
35,83,5
35,84,4.17
35,85,5.56
35,86,3.33
35,87,8.33
35,88,3.13
35,89,2
35,90,3.33
35,91,3.57
35,92,5.56
35,93,2.38
35,94,2.08
35,95,2.63
35,96,2.5
35,97,4.17
35,98,2.78
35,99,10
35,100,3.13
35,101,2.94
35,102,2.38
35,103,7.14
35,104,2.78
35,105,2.08
35,106,2.17
35,107,2.38
35,108,2.78
35,109,3.33
35,110,2.17
35,111,2.17
35,112,2.78
35,113,2.63
35,114,8.33
35,115,5
35,116,2.08
35,117,2
35,118,3.85
35,119,2
35,120,2.27
35,121,2.27
35,122,2.08
35,123,3.57
35,124,3.85
35,125,6.25
35,126,3.57
35,127,2.17
35,128,7.14
35,129,2.38
35,130,2.38
35,131,3.57
35,132,2.5
35,133,7.14
35,134,2
35,135,5.56
35,136,3.33
35,137,5
35,138,2.5
35,139,7.14
35,140,3.33
35,141,2.94
35,142,8.33
35,143,4.55
35,144,4.17
35,145,3.33
35,146,2.78
35,147,2.38
35,148,4.17
35,149,3.13
35,150,10
35,151,2.08
35,152,10
35,153,6.25
35,154,2.17
35,155,4.17
35,156,5
35,157,10
35,158,6.25
35,159,2.63
35,160,3.13
35,161,8.33
35,162,2.94
35,163,4.55
35,164,3.57
35,165,5
35,166,8.33
35,167,8.33
35,168,8.33
35,169,2.08
35,170,2.78
35,171,2.63
35,172,3.33
35,173,2.38
35,174,2
35,175,2.38
35,176,2.38
35,177,2.78
35,178,3.13
35,179,2.08
35,180,3.85
35,181,5.56
35,182,3.13
35,183,4.17
35,184,2.08
35,185,3.57
35,186,6.25
35,187,4.55
35,188,6.25
35,189,7.14
35,190,2.08
35,191,5
35,192,5.56
35,193,6.25
35,194,2.94
35,195,2.38
35,196,6.25
35,197,5.56
35,198,3.13
35,199,2
35,200,5
35,201,2.08
35,202,8.33
35,203,2.27
35,204,2.78
35,205,8.33
35,206,2.94
35,207,6.25
35,208,5.56
35,209,2.27
35,210,2.27
35,211,3.33
35,212,3.33
35,213,2.5
35,214,3.13
35,215,4.17
35,216,2.94
35,217,10
35,218,2
35,219,2
35,220,3.85
35,221,8.33
35,222,2.27
35,223,4.55
35,224,2.17
35,225,4.17
35,226,2.63
35,227,4.55
35,228,2.63
35,229,2.27
35,230,2.63
35,231,6.25
35,232,8.33
35,233,3.13
35,234,3.33
35,235,4.17
35,236,3.33
35,237,4.55
35,238,2.63
35,239,2.08
35,240,7.14
35,241,3.13
35,242,2.27
35,243,2.17
35,244,2.27
35,245,5.56
35,246,5.56
35,247,2.38
35,248,3.33
35,249,2.5
35,250,10
35,251,7.14
35,252,2.27
35,253,3.13
35,254,8.33
35,255,2.78
35,256,2.94
35,257,10
35,258,6.25
35,259,5
35,260,4.17
35,261,8.33
35,262,2.17
35,263,4.17
35,264,3.13
35,265,2.38
35,266,4.55
35,267,3.33
35,268,3.85
35,269,2.08
35,270,10
35,271,2.78
35,272,2.27
35,273,3.13
35,274,2.5
35,275,2.63
35,276,5
35,277,2.17
35,278,2
35,279,2.08
35,280,3.13
35,281,5
35,282,2.78
35,283,2.08
35,284,4.55
35,285,2.5
35,286,2.94
35,287,4.55
35,288,2.78
35,289,2.27
35,290,3.33
35,291,2.94
35,292,3.85
35,293,2.08
35,294,5
35,295,2.17
35,296,2.63
35,297,6.25
35,298,7.14
35,299,2.94
35,300,2.5
35,301,2.78
35,302,3.13
35,303,5.56
35,304,8.33
35,305,2.63
35,306,2.08
35,307,2.17
35,308,4.55
35,309,2.5
35,310,2
35,311,2.27
35,312,10
35,313,2.27
35,314,3.57
35,315,3.85
35,316,6.25
35,317,10
35,318,10
35,319,3.13
35,320,2
35,321,2.08
35,322,5
35,323,4.17
35,324,3.57
35,325,7.14
35,326,2.27
35,327,3.85
35,328,2
35,329,2.5
35,330,3.33
35,331,2.94
35,332,2.17
35,333,3.85
35,334,4.17
35,335,3.13
35,336,2.27
35,337,4.55
35,338,2.38
35,339,7.14
35,340,2.78
35,341,4.17
35,342,2
35,343,3.13
35,344,2.08
35,345,2.08
35,346,10
35,347,7.14
35,348,2.08
35,349,3.85
35,350,3.85
35,351,2
35,352,6.25
35,353,6.25
35,354,2.94
35,355,5
35,356,7.14
35,357,4.55
35,358,6.25
35,359,5
35,360,2.94
35,361,2
35,362,5
35,363,5
35,364,5
35,365,10
35,366,6.25
35,367,2.17
35,368,5
35,369,8.33
35,370,10
35,371,2.94
35,372,3.13
35,373,4.17
35,374,4.17
35,375,2.08
35,376,2.5
35,377,4.55
35,378,7.14
35,379,2.94
35,380,2.08
35,381,3.57
35,382,2.08
35,383,4.55
35,384,2.63
35,385,8.33
35,386,10
35,387,2.08
35,388,2.27
35,389,2.17
35,390,2.94
35,391,2.27
35,392,2.27
35,393,5
35,394,2.27
35,395,3.85
35,396,2.94
35,397,3.57
35,398,2.78
35,399,3.85
35,400,5
35,401,3.13
35,402,2.17
35,403,2.38
35,404,7.14
35,405,3.13
35,406,7.14
35,407,2.94
35,408,8.33
35,409,6.25
35,410,3.57
35,411,2.63
35,412,2.27
35,413,2.17
35,414,8.33
35,415,2.5
35,416,2.63
35,417,4.55
35,418,2.08
35,419,3.85
35,420,5
35,421,2.38
35,422,6.25
35,423,2.38
35,424,3.13
35,425,2.78
35,426,5
35,427,5
35,428,6.25
35,429,3.13
35,430,10
35,431,2.63
35,432,3.57
35,433,2.5
35,434,2.63
35,435,8.33
35,436,5
35,437,2.5
35,438,3.85
35,439,7.14
35,440,3.57
35,441,2.38
35,442,5.56
35,443,2.78
35,444,3.57
35,445,2.17
35,446,2
35,447,2.08
35,448,2.78
35,449,6.25
35,450,2.38
35,451,2.38
35,452,2.38
35,453,2.38
35,454,2
35,455,2.08
35,456,10
35,457,2.17
35,458,8.33
35,459,4.55
35,460,4.17
35,461,2.27
35,462,4.17
35,463,8.33
35,464,2.17
35,465,10
35,466,5
35,467,8.33
35,468,5
35,469,3.85
35,470,5
35,471,2.63
35,472,2.38
35,473,2.27
35,474,10
35,475,4.17
35,476,2.63
35,477,5.56
35,478,2.5
35,479,3.85
35,480,2.08
35,481,2.08
35,482,5
35,483,2.63
35,484,2.08
35,485,4.55
35,486,2.38
35,487,4.55
35,488,2.17
35,489,2.78
35,490,3.85
35,491,2.94
35,492,5
35,493,3.33
35,494,5
35,495,2
35,496,2.17
35,497,2.5
35,498,4.17
35,499,4.17
35,500,4.17
36,1,6.25
36,2,3.33
36,3,2.08
36,4,2.94
36,5,7.14
36,6,3.85
36,7,7.14
36,8,3.85
36,9,5.56
36,10,3.13
36,11,3.13
36,12,2.08
36,13,5
36,14,2.17
36,15,8.33
36,16,4.55
36,17,7.14
36,18,4.17
36,19,2.94
36,20,3.33
36,21,5.56
36,22,2.27
36,23,2.63
36,24,7.14
36,25,2.94
36,26,7.14
36,27,2
36,28,2.17
36,29,2.63
36,30,2.27
36,31,2.08
36,32,3.85
36,33,7.14
36,34,2.17
36,35,5.56
36,36,2.27
36,37,5
36,38,10
36,39,2.63
36,40,2.27
36,41,2.94
36,42,2.94
36,43,2.27
36,44,2.17
36,45,4.55
36,46,4.17
36,47,2.5
36,48,3.33
36,49,3.13
36,50,3.13
36,51,2.38
36,52,2
36,53,8.33
36,54,3.33
36,55,5.56
36,56,3.85
36,57,5
36,58,2.63
36,59,3.85
36,60,5
36,61,3.85
36,62,2.94
36,63,2.17
36,64,2
36,65,3.33
36,66,7.14
36,67,2.27
36,68,4.55
36,69,2.17
36,70,2.63
36,71,3.33
36,72,2.63
36,73,4.55
36,74,3.33
36,75,2.38
36,76,3.57
36,77,4.17
36,78,6.25
36,79,3.85
36,80,6.25
36,81,3.57
36,82,3.57
36,83,2.38
36,84,5
36,85,4.55
36,86,3.13
36,87,2.78
36,88,3.33
36,89,2
36,90,3.85
36,91,2.78
36,92,5
36,93,5.56
36,94,10
36,95,3.57
36,96,2.38
36,97,2
36,98,6.25
36,99,2.08
36,100,2.5
36,101,3.57
36,102,6.25
36,103,3.57
36,104,3.85
36,105,4.17
36,106,7.14
36,107,7.14
36,108,3.57
36,109,3.33
36,110,7.14
36,111,3.13
36,112,2.5
36,113,2.94
36,114,4.17
36,115,2.38
36,116,3.13
36,117,2
36,118,3.57
36,119,4.17
36,120,2
36,121,2
36,122,4.17
36,123,8.33
36,124,5
36,125,4.17
36,126,2.38
36,127,4.17
36,128,3.85
36,129,2.17
36,130,6.25
36,131,3.57
36,132,2.27
36,133,3.33
36,134,5.56
36,135,3.13
36,136,2.63
36,137,2.38
36,138,4.55
36,139,2.94
36,140,3.85
36,141,2.78
36,142,2.78
36,143,4.55
36,144,7.14
36,145,5.56
36,146,3.13
36,147,3.57
36,148,2.08
36,149,2
36,150,3.57
36,151,5.56
36,152,2.5
36,153,5
36,154,2
36,155,2.38
36,156,2.38
36,157,2.94
36,158,8.33
36,159,3.33
36,160,2
36,161,2.78
36,162,3.57
36,163,4.55
36,164,2.08
36,165,5.56
36,166,2.5
36,167,7.14
36,168,2
36,169,2.17
36,170,2.94
36,171,3.33
36,172,2.08
36,173,2.27
36,174,2.94
36,175,3.85
36,176,3.85
36,177,4.55
36,178,4.55
36,179,4.55
36,180,3.57
36,181,2.27
36,182,2.38
36,183,3.33
36,184,2.17
36,185,3.57
36,186,4.55
36,187,5.56
36,188,2.78
36,189,4.55
36,190,4.55
36,191,4.17
36,192,3.33
36,193,5
36,194,2.08
36,195,6.25
36,196,5
36,197,7.14
36,198,2.17
36,199,2.08
36,200,2.17
36,201,2.08
36,202,4.55
36,203,2.38
36,204,2.17
36,205,8.33
36,206,2.78
36,207,2
36,208,5
36,209,3.57
36,210,2.38
36,211,2.63
36,212,3.57
36,213,7.14
36,214,2.38
36,215,2.38
36,216,2.94
36,217,3.13
36,218,2.17
36,219,3.85
36,220,2.94
36,221,3.85
36,222,3.33
36,223,2.94
36,224,2.94
36,225,8.33
36,226,3.33
36,227,4.17
36,228,7.14
36,229,5
36,230,10
36,231,2.27
36,232,3.33
36,233,3.85
36,234,2.63
36,235,2.63
36,236,10
36,237,2.63
36,238,3.57
36,239,2.27
36,240,5.56
36,241,4.17
36,242,2.5
36,243,3.33
36,244,6.25
36,245,5.56
36,246,2.94
36,247,10
36,248,8.33
36,249,2.78
36,250,5
36,251,2.78
36,252,3.57
36,253,2
36,254,6.25
36,255,2.78
36,256,4.55
36,257,4.17
36,258,7.14
36,259,2.78
36,260,2.63
36,261,3.33
36,262,2
36,263,3.13
36,264,7.14
36,265,3.85
36,266,2.27
36,267,3.85
36,268,3.33
36,269,8.33
36,270,4.17
36,271,5
36,272,3.57
36,273,2
36,274,2.5
36,275,5
36,276,2
36,277,3.33
36,278,2.17
36,279,2.27
36,280,10
36,281,6.25
36,282,4.17
36,283,8.33
36,284,2.27
36,285,5.56
36,286,2.17
36,287,6.25
36,288,4.17
36,289,2.38
36,290,3.13
36,291,2.78
36,292,3.85
36,293,2.94
36,294,6.25
36,295,4.17
36,296,2.63
36,297,3.13
36,298,8.33
36,299,2.94
36,300,3.85
36,301,2.63
36,302,2.38
36,303,6.25
36,304,5.56
36,305,2
36,306,7.14
36,307,2.17
36,308,2.38
36,309,5.56
36,310,4.17
36,311,2.17
36,312,2.08
36,313,4.17
36,314,2.94
36,315,8.33
36,316,2.08
36,317,10
36,318,2.08
36,319,4.55
36,320,4.55
36,321,4.17
36,322,3.85
36,323,5
36,324,5
36,325,10
36,326,4.17
36,327,2.63
36,328,2.38
36,329,2.78
36,330,8.33
36,331,5
36,332,5
36,333,10
36,334,3.33
36,335,2.94
36,336,8.33
36,337,2.78
36,338,4.17
36,339,2.17
36,340,2
36,341,2.27
36,342,2
36,343,2.38
36,344,8.33
36,345,5.56
36,346,10
36,347,4.17
36,348,2.08
36,349,2.27
36,350,7.14
36,351,3.85
36,352,3.57
36,353,2.63
36,354,5.56
36,355,4.55
36,356,10
36,357,2.94
36,358,2.08
36,359,2
36,360,5.56
36,361,4.55
36,362,5.56
36,363,2
36,364,7.14
36,365,7.14
36,366,7.14
36,367,2.94
36,368,5
36,369,8.33
36,370,4.55
36,371,2.38
36,372,3.85
36,373,8.33
36,374,3.33
36,375,2.27
36,376,7.14
36,377,2.5
36,378,10
36,379,2.63
36,380,3.13
36,381,5.56
36,382,3.13
36,383,5
36,384,3.57
36,385,5.56
36,386,4.17
36,387,2.27
36,388,6.25
36,389,4.17
36,390,2.27
36,391,2.78
36,392,4.17
36,393,10
36,394,2.78
36,395,10
36,396,2.94
36,397,2.63
36,398,7.14
36,399,10
36,400,2.5
36,401,3.85
36,402,2.94
36,403,2.94
36,404,2.63
36,405,3.13
36,406,3.85
36,407,3.33
36,408,4.17
36,409,6.25
36,410,3.13
36,411,2.17
36,412,2.94
36,413,2.17
36,414,5.56
36,415,2.17
36,416,3.13
36,417,2.78
36,418,3.57
36,419,3.85
36,420,2.08
36,421,6.25
36,422,2.27
36,423,2
36,424,4.17
36,425,6.25
36,426,4.55
36,427,2.08
36,428,4.55
36,429,3.33
36,430,5
36,431,10
36,432,2.38
36,433,8.33
36,434,5.56
36,435,2.78
36,436,7.14
36,437,2.94
36,438,5
36,439,2.38
36,440,10
36,441,4.55
36,442,5
36,443,8.33
36,444,2.38
36,445,2.63
36,446,2.5
36,447,4.17
36,448,2.38
36,449,5.56
36,450,2.17
36,451,2.17
36,452,8.33
36,453,5
36,454,6.25
36,455,2.08
36,456,2.27
36,457,2
36,458,3.13
36,459,2.38
36,460,3.57
36,461,5.56
36,462,8.33
36,463,5
36,464,4.55
36,465,2.17
36,466,3.85
36,467,2.78
36,468,3.85
36,469,2.78
36,470,6.25
36,471,8.33
36,472,3.33
36,473,2.78
36,474,2.63
36,475,10
36,476,2.5
36,477,2.5
36,478,3.85
36,479,4.17
36,480,2.63
36,481,2.17
36,482,3.33
36,483,5.56
36,484,5.56
36,485,2.5
36,486,10
36,487,2
36,488,4.17
36,489,5.56
36,490,6.25
36,491,2
36,492,3.57
36,493,2
36,494,7.14
36,495,6.25
36,496,2.5
36,497,2.38
36,498,2.08
36,499,2.38
36,500,3.33
37,1,3.85
37,2,2.38
37,3,2.27
37,4,4.17
37,5,10
37,6,8.33
37,7,10
37,8,2
37,9,2.94
37,10,4.17
37,11,4.55
37,12,3.33
37,13,3.13
37,14,4.55
37,15,8.33
37,16,2.63
37,17,3.57
37,18,2.27
37,19,10
37,20,5.56
37,21,2.78
37,22,2.08
37,23,8.33
37,24,6.25
37,25,3.57
37,26,2.17
37,27,3.85
37,28,4.17
37,29,5
37,30,3.57
37,31,5
37,32,5.56
37,33,2.94
37,34,5.56
37,35,8.33
37,36,4.55
37,37,2.38
37,38,5.56
37,39,2
37,40,5.56
37,41,2.78
37,42,3.85
37,43,2.27
37,44,3.33
37,45,2
37,46,4.55
37,47,2.5
37,48,8.33
37,49,4.17
37,50,3.13
37,51,2.78
37,52,3.33
37,53,2.08
37,54,2.08
37,55,2.5
37,56,2.94
37,57,3.33
37,58,4.55
37,59,7.14
37,60,2.5
37,61,2
37,62,2.94
37,63,6.25
37,64,2.08
37,65,2.5
37,66,10
37,67,2.63
37,68,2.27
37,69,5
37,70,2.5
37,71,5.56
37,72,3.33
37,73,2.63
37,74,4.17
37,75,2.38
37,76,2.08
37,77,2
37,78,3.13
37,79,2.08
37,80,5.56
37,81,3.85
37,82,6.25
37,83,4.55
37,84,2.63
37,85,5.56
37,86,5.56
37,87,2.5
37,88,2.17
37,89,3.13
37,90,3.33
37,91,2.38
37,92,2.78
37,93,2.17
37,94,2.08
37,95,2.27
37,96,10
37,97,5
37,98,5.56
37,99,2
37,100,2.78
37,101,2.5
37,102,2.5
37,103,5
37,104,7.14
37,105,2.08
37,106,4.55
37,107,8.33
37,108,2.78
37,109,6.25
37,110,2.38
37,111,2.08
37,112,10
37,113,3.33
37,114,2.78
37,115,4.55
37,116,4.55
37,117,3.33
37,118,8.33
37,119,2.17
37,120,2.78
37,121,2.38
37,122,7.14
37,123,6.25
37,124,3.85
37,125,2.38
37,126,5
37,127,6.25
37,128,2.17
37,129,6.25
37,130,4.17
37,131,5
37,132,7.14
37,133,2.27
37,134,5
37,135,2.17
37,136,2.94
37,137,2.27
37,138,2.94
37,139,4.55
37,140,6.25
37,141,2.17
37,142,7.14
37,143,10
37,144,5
37,145,2
37,146,10
37,147,10
37,148,5.56
37,149,2.08
37,150,3.85
37,151,5
37,152,3.85
37,153,7.14
37,154,10
37,155,3.85
37,156,3.33
37,157,3.33
37,158,2.94
37,159,2.38
37,160,2
37,161,2.17
37,162,2.5
37,163,2.17
37,164,2.27
37,165,4.17
37,166,4.55
37,167,2.94
37,168,4.55
37,169,2.17
37,170,3.85
37,171,5.56
37,172,10
37,173,4.17
37,174,3.33
37,175,6.25
37,176,3.13
37,177,3.57
37,178,4.55
37,179,6.25
37,180,2.08
37,181,7.14
37,182,2.38
37,183,4.17
37,184,7.14
37,185,2.5
37,186,8.33
37,187,3.85
37,188,3.33
37,189,2.38
37,190,3.57
37,191,5.56
37,192,2.5
37,193,2.38
37,194,2.27
37,195,3.85
37,196,2.38
37,197,6.25
37,198,3.33
37,199,2
37,200,8.33
37,201,2
37,202,2.5
37,203,2.27
37,204,8.33
37,205,3.85
37,206,2.08
37,207,2.08
37,208,6.25
37,209,2.78
37,210,5.56
37,211,5
37,212,5
37,213,3.57
37,214,4.17
37,215,5.56
37,216,3.57
37,217,5
37,218,4.17
37,219,2.5
37,220,2.63
37,221,2.17
37,222,5
37,223,4.55
37,224,6.25
37,225,4.17
37,226,2
37,227,3.13
37,228,5.56
37,229,4.17
37,230,3.13
37,231,4.55
37,232,2.17
37,233,2.27
37,234,2.08
37,235,2.17
37,236,3.85
37,237,2.27
37,238,2.38
37,239,2.17
37,240,2.27
37,241,10
37,242,3.57
37,243,3.85
37,244,3.57
37,245,10
37,246,2
37,247,8.33
37,248,7.14
37,249,2
37,250,3.13
37,251,2.94
37,252,8.33
37,253,2.78
37,254,7.14
37,255,2.17
37,256,5.56
37,257,7.14
37,258,2.63
37,259,2.17
37,260,6.25
37,261,2.17
37,262,2.78
37,263,4.17
37,264,7.14
37,265,2
37,266,2
37,267,2.5
37,268,2.94
37,269,3.33
37,270,2.5
37,271,5
37,272,10
37,273,2.38
37,274,2.78
37,275,2.27
37,276,2.17
37,277,2.94
37,278,6.25
37,279,6.25
37,280,8.33
37,281,2.5
37,282,3.85
37,283,2.08
37,284,4.55
37,285,3.57
37,286,3.33
37,287,2.38
37,288,10
37,289,4.55
37,290,4.55
37,291,7.14
37,292,10
37,293,8.33
37,294,5
37,295,4.55
37,296,5.56
37,297,7.14
37,298,3.13
37,299,3.13
37,300,3.13
37,301,5.56
37,302,2.5
37,303,3.13
37,304,6.25
37,305,3.13
37,306,2.5
37,307,10
37,308,2.17
37,309,2.63
37,310,2.38
37,311,3.57
37,312,2.08
37,313,6.25
37,314,10
37,315,2.38
37,316,2.63
37,317,2.27
37,318,2.08
37,319,2.63
37,320,2.38
37,321,7.14
37,322,5.56
37,323,2.63
37,324,2.38
37,325,5.56
37,326,3.13
37,327,2.78
37,328,2
37,329,3.13
37,330,5
37,331,2.94
37,332,8.33
37,333,2.94
37,334,2.94
37,335,3.33
37,336,2.63
37,337,3.85
37,338,2.17
37,339,4.17
37,340,2.94
37,341,3.33
37,342,4.55
37,343,10
37,344,2.08
37,345,4.17
37,346,8.33
37,347,6.25
37,348,3.85
37,349,3.33
37,350,4.55
37,351,4.17
37,352,2.38
37,353,2.17
37,354,3.33
37,355,3.13
37,356,3.33
37,357,6.25
37,358,3.57
37,359,8.33
37,360,3.13
37,361,3.57
37,362,2.63
37,363,2.78
37,364,4.17
37,365,5.56
37,366,2.38
37,367,7.14
37,368,6.25
37,369,4.17
37,370,10
37,371,3.13
37,372,2
37,373,5
37,374,2.17
37,375,5.56
37,376,4.17
37,377,2.27
37,378,8.33
37,379,3.13
37,380,2.94
37,381,2.27
37,382,4.55
37,383,5.56
37,384,3.33
37,385,8.33
37,386,2.5
37,387,2.63
37,388,3.57
37,389,2.5
37,390,2.38
37,391,2.38
37,392,4.17
37,393,2.17
37,394,2.5
37,395,2.94
37,396,2.17
37,397,2.78
37,398,2.63
37,399,5
37,400,2.5
37,401,2.38
37,402,3.85
37,403,6.25
37,404,3.57
37,405,2.38
37,406,8.33
37,407,7.14
37,408,4.55
37,409,2.63
37,410,5
37,411,7.14
37,412,2.78
37,413,5.56
37,414,3.13
37,415,2.78
37,416,3.85
37,417,2.5
37,418,2.5
37,419,5
37,420,2.17
37,421,2.94
37,422,3.85
37,423,2.5
37,424,2.5
37,425,3.85
37,426,3.33
37,427,5
37,428,5
37,429,3.57
37,430,2.17
37,431,3.13
37,432,8.33
37,433,4.17
37,434,2.38
37,435,3.57
37,436,10
37,437,2.27
37,438,2.78
37,439,5.56
37,440,2.94
37,441,8.33
37,442,3.13
37,443,10
37,444,8.33
37,445,4.17
37,446,2.5
37,447,3.57
37,448,2.63
37,449,3.33
37,450,6.25
37,451,3.57
37,452,2.78
37,453,2.5
37,454,4.55
37,455,3.57
37,456,10
37,457,2.94
37,458,3.33
37,459,2.27
37,460,4.17
37,461,2.63
37,462,3.85
37,463,5.56
37,464,3.13
37,465,8.33
37,466,2.94
37,467,10
37,468,3.33
37,469,2.17
37,470,3.57
37,471,5.56
37,472,5
37,473,10
37,474,5
37,475,2.5
37,476,3.33
37,477,2.63
37,478,8.33
37,479,2.08
37,480,2.63
37,481,5
37,482,5.56
37,483,8.33
37,484,10
37,485,6.25
37,486,8.33
37,487,2.94
37,488,5
37,489,2.94
37,490,2.38
37,491,2.94
37,492,4.17
37,493,8.33
37,494,7.14
37,495,3.13
37,496,2.5
37,497,3.85
37,498,2.27
37,499,3.33
37,500,3.13
38,1,5.56
38,2,5.56
38,3,3.13
38,4,2.27
38,5,7.14
38,6,3.85
38,7,2.94
38,8,4.17
38,9,3.57
38,10,2.27
38,11,2.5
38,12,5.56
38,13,2.17
38,14,2.63
38,15,3.57
38,16,5
38,17,2.78
38,18,6.25
38,19,3.13
38,20,2.17
38,21,10
38,22,7.14
38,23,6.25
38,24,4.17
38,25,8.33
38,26,2.78
38,27,6.25
38,28,2.63
38,29,6.25
38,30,10
38,31,7.14
38,32,4.55
38,33,5
38,34,5
38,35,2.08
38,36,2
38,37,3.33
38,38,2.08
38,39,2.94
38,40,10
38,41,2.17
38,42,8.33
38,43,3.85
38,44,2.27
38,45,2.78
38,46,2.94
38,47,2.27
38,48,3.85
38,49,4.17
38,50,3.85
38,51,2.17
38,52,2.38
38,53,2.5
38,54,3.57
38,55,2.94
38,56,2
38,57,2.17
38,58,6.25
38,59,10
38,60,3.85
38,61,2
38,62,6.25
38,63,8.33
38,64,5
38,65,2.5
38,66,8.33
38,67,2.08
38,68,2
38,69,2.17
38,70,2.27
38,71,2.78
38,72,4.55
38,73,5
38,74,2.78
38,75,4.55
38,76,5
38,77,2.94
38,78,10
38,79,2.17
38,80,4.55
38,81,2.17
38,82,2.78
38,83,7.14
38,84,2.94
38,85,2
38,86,2.63
38,87,4.17
38,88,2.27
38,89,3.57
38,90,2.78
38,91,10
38,92,2.78
38,93,2.27
38,94,2
38,95,2
38,96,2.5
38,97,2.63
38,98,3.57
38,99,3.85
38,100,2
38,101,2.08
38,102,3.13
38,103,2.08
38,104,2.08
38,105,3.85
38,106,2.27
38,107,4.17
38,108,2.38
38,109,6.25
38,110,2
38,111,7.14
38,112,2.5
38,113,2.63
38,114,4.17
38,115,10
38,116,2.38
38,117,2.38
38,118,2.08
38,119,10
38,120,2.78
38,121,6.25
38,122,4.17
38,123,3.13
38,124,2.94
38,125,2.5
38,126,2.63
38,127,2.27
38,128,2.5
38,129,2.08
38,130,6.25
38,131,3.57
38,132,2.27
38,133,8.33
38,134,2.94
38,135,8.33
38,136,2.78
38,137,8.33
38,138,2.08
38,139,2.27
38,140,2.94
38,141,2.17
38,142,2
38,143,2.5
38,144,2.78
38,145,7.14
38,146,3.85
38,147,3.85
38,148,2.63
38,149,2.78
38,150,2.5
38,151,2.63
38,152,3.13
38,153,4.55
38,154,10
38,155,2.17
38,156,3.33
38,157,8.33
38,158,5
38,159,5.56
38,160,7.14
38,161,2.38
38,162,5.56
38,163,2.78
38,164,10
38,165,3.13
38,166,4.17
38,167,2.5
38,168,2
38,169,2.17
38,170,3.85
38,171,5
38,172,2.94
38,173,4.55
38,174,2.5
38,175,2.38
38,176,2.38
38,177,7.14
38,178,2.08
38,179,3.57
38,180,7.14
38,181,5
38,182,8.33
38,183,2
38,184,2.5
38,185,3.85
38,186,2.63
38,187,2.5
38,188,2.78
38,189,8.33
38,190,5.56
38,191,3.13
38,192,4.55
38,193,2.08
38,194,2.38
38,195,2.78
38,196,4.55
38,197,3.85
38,198,3.13
38,199,3.13
38,200,2.63
38,201,2.63
38,202,2.27
38,203,2.94
38,204,2.63
38,205,2.17
38,206,2.5
38,207,4.55
38,208,3.33
38,209,3.13
38,210,3.13
38,211,2.78
38,212,2.63
38,213,10
38,214,2.94
38,215,2.5
38,216,2.27
38,217,5
38,218,5.56
38,219,2.27
38,220,3.85
38,221,8.33
38,222,2.17
38,223,3.13
38,224,5
38,225,2.63
38,226,5.56
38,227,2.5
38,228,3.57
38,229,3.33
38,230,2.27
38,231,3.13
38,232,2.78
38,233,3.33
38,234,2.08
38,235,4.17
38,236,10
38,237,5.56
38,238,2.27
38,239,5.56
38,240,2.94
38,241,2
38,242,5.56
38,243,2.5
38,244,2.38
38,245,2.5
38,246,6.25
38,247,3.13
38,248,2.38
38,249,4.55
38,250,4.17
38,251,7.14
38,252,2.78
38,253,2.27
38,254,2.27
38,255,3.57
38,256,2.08
38,257,3.85
38,258,2.27
38,259,5
38,260,5
38,261,3.33
38,262,2.63
38,263,8.33
38,264,8.33
38,265,6.25
38,266,2.63
38,267,5.56
38,268,2.94
38,269,5
38,270,8.33
38,271,4.17
38,272,2
38,273,2.78
38,274,2.08
38,275,4.55
38,276,6.25
38,277,3.33
38,278,10
38,279,7.14
38,280,2.08
38,281,6.25
38,282,6.25
38,283,3.57
38,284,4.55
38,285,3.85
38,286,3.13
38,287,6.25
38,288,4.55
38,289,2.17
38,290,8.33
38,291,2.38
38,292,2.17
38,293,2.63
38,294,2.27
38,295,2.5
38,296,5.56
38,297,2.38
38,298,10
38,299,5
38,300,2
38,301,3.33
38,302,3.57
38,303,2.78
38,304,10
38,305,4.55
38,306,6.25
38,307,6.25
38,308,7.14
38,309,2.27
38,310,2.63
38,311,6.25
38,312,5
38,313,10
38,314,5
38,315,5
38,316,10
38,317,2.38
38,318,8.33
38,319,10
38,320,2.17
38,321,2.17
38,322,2.17
38,323,2.63
38,324,3.33
38,325,3.85
38,326,5
38,327,2.27
38,328,2.63
38,329,3.57
38,330,2.38
38,331,4.55
38,332,8.33
38,333,4.17
38,334,2
38,335,3.85
38,336,4.55
38,337,2
38,338,2.38
38,339,5
38,340,3.57
38,341,2.17
38,342,2.17
38,343,2.08
38,344,2.94
38,345,10
38,346,2.78
38,347,2.17
38,348,10
38,349,3.57
38,350,5
38,351,2.5
38,352,7.14
38,353,2.38
38,354,2.27
38,355,3.13
38,356,3.13
38,357,2.17
38,358,2.94
38,359,2.63
38,360,2.08
38,361,2.27
38,362,3.13
38,363,6.25
38,364,2.63
38,365,3.13
38,366,5.56
38,367,2.38
38,368,4.55
38,369,4.17
38,370,2.17
38,371,2.63
38,372,2.5
38,373,2.27
38,374,3.85
38,375,2.27
38,376,7.14
38,377,4.17
38,378,2.5
38,379,7.14
38,380,3.33
38,381,4.55
38,382,3.57
38,383,4.55
38,384,2.17
38,385,3.33
38,386,2.94
38,387,2.63
38,388,7.14
38,389,2.27
38,390,2.17
38,391,3.33
38,392,7.14
38,393,2.38
38,394,2.94
38,395,2.17
38,396,5
38,397,2.17
38,398,3.57
38,399,3.33
38,400,2.5
38,401,5
38,402,2.38
38,403,4.17
38,404,2.17
38,405,3.13
38,406,5
38,407,10
38,408,5.56
38,409,7.14
38,410,3.13
38,411,2.94
38,412,10
38,413,2.78
38,414,3.13
38,415,4.55
38,416,2.08
38,417,5
38,418,2.63
38,419,10
38,420,2.38
38,421,5.56
38,422,5
38,423,4.17
38,424,5
38,425,2.63
38,426,5.56
38,427,3.85
38,428,2.78
38,429,10
38,430,10
38,431,3.33
38,432,2.17
38,433,2.63
38,434,2
38,435,2.38
38,436,2.38
38,437,2.78
38,438,2.5
38,439,5
38,440,2
38,441,7.14
38,442,5.56
38,443,2.17
38,444,2
38,445,3.33
38,446,8.33
38,447,3.33
38,448,3.13
38,449,2
38,450,4.55
38,451,4.55
38,452,10
38,453,2
38,454,3.13
38,455,4.17
38,456,3.33
38,457,10
38,458,3.13
38,459,3.13
38,460,2.5
38,461,2.17
38,462,2.08
38,463,7.14
38,464,2.08
38,465,6.25
38,466,2.63
38,467,5
38,468,2.27
38,469,3.33
38,470,3.57
38,471,2.08
38,472,3.85
38,473,10
38,474,3.85
38,475,2.94
38,476,10
38,477,2.94
38,478,4.17
38,479,3.13
38,480,3.33
38,481,2.63
38,482,3.57
38,483,4.55
38,484,2.08
38,485,4.17
38,486,4.55
38,487,2.38
38,488,5
38,489,8.33
38,490,2.08
38,491,2.38
38,492,10
38,493,5
38,494,3.33
38,495,3.57
38,496,6.25
38,497,2.17
38,498,10
38,499,3.13
38,500,2.5
39,1,10
39,2,3.13
39,3,5
39,4,3.13
39,5,2.94
39,6,5.56
39,7,4.55
39,8,8.33
39,9,2.94
39,10,3.33
39,11,2.94
39,12,8.33
39,13,8.33
39,14,3.85
39,15,6.25
39,16,2.78
39,17,2
39,18,3.13
39,19,3.13
39,20,3.13
39,21,2.38
39,22,3.33
39,23,5.56
39,24,10
39,25,3.57
39,26,2.27
39,27,3.33
39,28,2.78
39,29,2.78
39,30,2.94
39,31,3.57
39,32,2.17
39,33,3.57
39,34,3.85
39,35,4.55
39,36,2.5
39,37,4.55
39,38,2
39,39,3.57
39,40,4.17
39,41,4.55
39,42,4.17
39,43,4.17
39,44,2.78
39,45,2.38
39,46,6.25
39,47,2
39,48,4.55
39,49,7.14
39,50,8.33
39,51,7.14
39,52,2.08
39,53,2.38
39,54,8.33
39,55,6.25
39,56,2.27
39,57,5
39,58,3.85
39,59,3.33
39,60,3.57
39,61,10
39,62,5
39,63,8.33
39,64,2.17
39,65,2.17
39,66,2.5
39,67,3.85
39,68,3.85
39,69,2.38
39,70,5
39,71,2.63
39,72,6.25
39,73,5.56
39,74,2.08
39,75,7.14
39,76,6.25
39,77,2.94
39,78,3.33
39,79,2.08
39,80,5
39,81,2.5
39,82,2.27
39,83,3.33
39,84,2
39,85,3.57
39,86,4.55
39,87,2.38
39,88,3.33
39,89,3.33
39,90,3.57
39,91,3.85
39,92,2.63
39,93,6.25
39,94,7.14
39,95,2
39,96,8.33
39,97,2.08
39,98,3.13
39,99,10
39,100,3.33
39,101,10
39,102,3.13
39,103,3.33
39,104,2.08
39,105,8.33
39,106,3.33
39,107,3.33
39,108,2.17
39,109,5
39,110,4.17
39,111,4.17
39,112,10
39,113,5.56
39,114,5
39,115,4.55
39,116,2.94
39,117,2.63
39,118,3.85
39,119,4.17
39,120,4.17
39,121,3.13
39,122,2
39,123,7.14
39,124,2.5
39,125,3.57
39,126,6.25
39,127,6.25
39,128,5
39,129,6.25
39,130,4.55
39,131,2
39,132,2.5
39,133,3.33
39,134,2
39,135,4.17
39,136,2.78
39,137,5.56
39,138,4.55
39,139,2.63
39,140,6.25
39,141,5
39,142,2.78
39,143,4.55
39,144,2.17
39,145,3.33
39,146,3.85
39,147,4.17
39,148,7.14
39,149,2.63
39,150,2
39,151,7.14
39,152,2.78
39,153,4.55
39,154,2.17
39,155,2.78
39,156,2.63
39,157,7.14
39,158,2.08
39,159,6.25
39,160,2.27
39,161,3.33
39,162,2.78
39,163,2.5
39,164,7.14
39,165,2.08
39,166,2.27
39,167,7.14
39,168,2.78
39,169,6.25
39,170,5.56
39,171,2.08
39,172,3.33
39,173,5
39,174,8.33
39,175,4.17
39,176,4.55
39,177,4.55
39,178,4.55
39,179,6.25
39,180,5
39,181,5
39,182,2.78
39,183,10
39,184,2
39,185,2.38
39,186,2.08
39,187,3.33
39,188,2.63
39,189,7.14
39,190,3.13
39,191,3.85
39,192,2
39,193,2.17
39,194,2.94
39,195,2.94
39,196,7.14
39,197,3.33
39,198,2.78
39,199,5
39,200,3.33
39,201,2.17
39,202,2.63
39,203,6.25
39,204,4.17
39,205,2.08
39,206,5
39,207,3.57
39,208,2.5
39,209,2.63
39,210,2.17
39,211,2.38
39,212,2.17
39,213,5
39,214,3.85
39,215,2.94
39,216,2.78
39,217,2.17
39,218,10
39,219,7.14
39,220,2.5
39,221,2.27
39,222,2.08
39,223,2.63
39,224,2.94
39,225,2.38
39,226,2.78
39,227,2.78
39,228,3.57
39,229,2
39,230,2.08
39,231,2.27
39,232,2.5
39,233,3.13
39,234,3.57
39,235,10
39,236,8.33
39,237,3.13
39,238,7.14
39,239,7.14
39,240,3.85
39,241,6.25
39,242,2
39,243,8.33
39,244,3.85
39,245,2.08
39,246,4.17
39,247,2.5
39,248,2.78
39,249,5
39,250,3.57
39,251,2.78
39,252,2.08
39,253,2.17
39,254,3.85
39,255,10
39,256,3.57
39,257,2.94
39,258,4.17
39,259,3.57
39,260,8.33
39,261,2.78
39,262,3.85
39,263,10
39,264,2.5
39,265,5
39,266,3.33
39,267,7.14
39,268,2.38
39,269,6.25
39,270,6.25
39,271,2.38
39,272,3.33
39,273,4.17
39,274,6.25
39,275,6.25
39,276,3.13
39,277,2.94
39,278,2.78
39,279,3.13
39,280,2
39,281,2.78
39,282,2.27
39,283,3.57
39,284,3.57
39,285,4.17
39,286,4.17
39,287,3.13
39,288,8.33
39,289,4.55
39,290,2.17
39,291,2.63
39,292,2.38
39,293,2.17
39,294,10
39,295,2.5
39,296,2
39,297,2.38
39,298,5.56
39,299,2
39,300,3.85
39,301,8.33
39,302,3.13
39,303,2.17
39,304,2.94
39,305,3.33
39,306,5
39,307,3.57
39,308,6.25
39,309,2.78
39,310,7.14
39,311,3.13
39,312,3.13
39,313,8.33
39,314,4.17
39,315,2
39,316,2.08
39,317,3.85
39,318,3.85
39,319,7.14
39,320,2.63
39,321,5.56
39,322,3.33
39,323,2.17
39,324,2.78
39,325,6.25
39,326,8.33
39,327,2.08
39,328,2.08
39,329,4.55
39,330,10
39,331,3.13
39,332,2.94
39,333,3.57
39,334,2.08
39,335,2.5
39,336,2
39,337,3.13
39,338,7.14
39,339,5
39,340,7.14
39,341,5.56
39,342,3.85
39,343,7.14
39,344,5
39,345,4.55
39,346,2.5
39,347,2
39,348,3.33
39,349,5
39,350,2.38
39,351,2.38
39,352,2.5
39,353,5.56
39,354,5
39,355,3.13
39,356,2.17
39,357,2.08
39,358,2
39,359,2.5
39,360,6.25
39,361,2.94
39,362,2.17
39,363,4.55
39,364,2.78
39,365,2.38
39,366,3.13
39,367,3.13
39,368,7.14
39,369,3.85
39,370,3.13
39,371,5.56
39,372,2.08
39,373,10
39,374,3.33
39,375,2.78
39,376,2.17
39,377,2.78
39,378,3.13
39,379,2.17
39,380,2
39,381,7.14
39,382,2.78
39,383,2.08
39,384,3.85
39,385,3.57
39,386,4.17
39,387,4.55
39,388,5
39,389,3.13
39,390,2.5
39,391,4.17
39,392,2.08
39,393,3.33
39,394,8.33
39,395,3.13
39,396,2.38
39,397,3.33
39,398,4.55
39,399,10
39,400,8.33
39,401,3.85
39,402,2.5
39,403,2.78
39,404,2.08
39,405,2.38
39,406,2.08
39,407,5.56
39,408,3.85
39,409,5.56
39,410,3.33
39,411,10
39,412,5.56
39,413,2.63
39,414,7.14
39,415,2.38
39,416,8.33
39,417,3.85
39,418,2.08
39,419,8.33
39,420,2.08
39,421,2.17
39,422,3.33
39,423,2.27
39,424,2.5
39,425,2.27
39,426,2.78
39,427,4.17
39,428,3.85
39,429,8.33
39,430,5.56
39,431,5.56
39,432,3.85
39,433,2.63
39,434,3.33
39,435,6.25
39,436,2.08
39,437,6.25
39,438,7.14
39,439,2.27
39,440,2.94
39,441,2.78
39,442,7.14
39,443,8.33
39,444,5.56
39,445,10
39,446,4.55
39,447,2.38
39,448,5
39,449,2.94
39,450,7.14
39,451,3.33
39,452,3.57
39,453,2.63
39,454,4.55
39,455,7.14
39,456,4.55
39,457,2.38
39,458,5
39,459,2.5
39,460,3.13
39,461,2.63
39,462,3.57
39,463,2
39,464,3.57
39,465,2.08
39,466,2
39,467,5
39,468,2.27
39,469,2.27
39,470,6.25
39,471,2.5
39,472,4.55
39,473,4.17
39,474,2.38
39,475,2.27
39,476,7.14
39,477,3.13
39,478,5
39,479,6.25
39,480,2.38
39,481,5.56
39,482,6.25
39,483,5
39,484,2.27
39,485,2.5
39,486,3.57
39,487,2.17
39,488,2.5
39,489,2.63
39,490,6.25
39,491,2.94
39,492,2.78
39,493,2.38
39,494,3.85
39,495,2.38
39,496,6.25
39,497,2.17
39,498,2.38
39,499,4.17
39,500,2.08
40,1,3.13
40,2,2.94
40,3,2
40,4,2.17
40,5,2.5
40,6,2.63
40,7,7.14
40,8,3.85
40,9,2.38
40,10,2.5
40,11,6.25
40,12,2.78
40,13,2.5
40,14,2.63
40,15,2.63
40,16,4.55
40,17,8.33
40,18,3.13
40,19,5.56
40,20,2.08
40,21,2.27
40,22,8.33
40,23,2.27
40,24,6.25
40,25,3.57
40,26,3.13
40,27,2.38
40,28,3.13
40,29,5
40,30,5
40,31,2
40,32,3.33
40,33,4.17
40,34,3.13
40,35,4.55
40,36,6.25
40,37,3.57
40,38,2.63
40,39,2.17
40,40,2.78
40,41,6.25
40,42,5
40,43,2.38
40,44,3.33
40,45,4.55
40,46,2.78
40,47,2.08
40,48,3.57
40,49,10
40,50,10
40,51,5.56
40,52,2.08
40,53,3.85
40,54,5
40,55,2.5
40,56,3.57
40,57,6.25
40,58,3.85
40,59,2.63
40,60,2.08
40,61,2.08
40,62,2.78
40,63,2.63
40,64,3.57
40,65,2.08
40,66,2.27
40,67,3.13
40,68,2.08
40,69,6.25
40,70,2.5
40,71,3.57
40,72,2
40,73,5.56
40,74,2.27
40,75,10
40,76,2.78
40,77,2.17
40,78,7.14
40,79,2.94
40,80,10
40,81,8.33
40,82,2.38
40,83,2.78
40,84,3.33
40,85,4.17
40,86,2.94
40,87,3.33
40,88,5
40,89,2.08
40,90,5.56
40,91,3.85
40,92,2.08
40,93,2.08
40,94,2.63
40,95,2.5
40,96,2.17
40,97,2.63
40,98,10
40,99,2
40,100,5
40,101,3.13
40,102,2.5
40,103,2.38
40,104,4.17
40,105,6.25
40,106,2.94
40,107,2.94
40,108,3.13
40,109,3.85
40,110,3.33
40,111,3.57
40,112,2.27
40,113,2.94
40,114,2.17
40,115,2.27
40,116,4.17
40,117,4.17
40,118,2
40,119,2
40,120,2.08
40,121,2
40,122,2.63
40,123,3.85
40,124,5
40,125,7.14
40,126,2.5
40,127,2.94
40,128,4.17
40,129,2.38
40,130,2.38
40,131,2.38
40,132,8.33
40,133,8.33
40,134,3.57
40,135,6.25
40,136,3.33
40,137,2.27
40,138,8.33
40,139,2
40,140,3.13
40,141,5
40,142,8.33
40,143,2.63
40,144,4.55
40,145,7.14
40,146,7.14
40,147,10
40,148,2.38
40,149,2.94
40,150,3.57
40,151,2.08
40,152,2.17
40,153,3.57
40,154,6.25
40,155,2.08
40,156,5.56
40,157,7.14
40,158,2
40,159,3.57
40,160,5
40,161,2.94
40,162,2.08
40,163,2.5
40,164,2.78
40,165,2.94
40,166,3.13
40,167,2
40,168,7.14
40,169,2.78
40,170,4.17
40,171,6.25
40,172,8.33
40,173,2.27
40,174,3.85
40,175,5.56
40,176,3.33
40,177,8.33
40,178,5.56
40,179,3.33
40,180,2.5
40,181,2.27
40,182,2.08
40,183,2
40,184,5
40,185,5.56
40,186,7.14
40,187,4.55
40,188,2.94
40,189,2.17
40,190,3.85
40,191,2.27
40,192,2.27
40,193,4.55
40,194,3.33
40,195,2.38
40,196,3.57
40,197,2.17
40,198,8.33
40,199,4.55
40,200,2.94
40,201,5
40,202,3.85
40,203,2.38
40,204,4.55
40,205,2.27
40,206,3.57
40,207,10
40,208,2.63
40,209,2.78
40,210,5.56
40,211,2.94
40,212,3.13
40,213,5
40,214,10
40,215,4.17
40,216,6.25
40,217,2.78
40,218,2.78
40,219,2.63
40,220,8.33
40,221,8.33
40,222,3.33
40,223,5.56
40,224,2.94
40,225,2.38
40,226,3.57
40,227,3.33
40,228,2.08
40,229,2.63
40,230,5
40,231,5
40,232,3.57
40,233,2
40,234,3.13
40,235,5.56
40,236,3.13
40,237,8.33
40,238,2.08
40,239,2.5
40,240,2.17
40,241,2.94
40,242,3.13
40,243,2.94
40,244,2.17
40,245,8.33
40,246,3.33
40,247,3.13
40,248,6.25
40,249,6.25
40,250,6.25
40,251,6.25
40,252,8.33
40,253,2.17
40,254,6.25
40,255,3.33
40,256,6.25
40,257,3.33
40,258,2.5
40,259,2
40,260,10
40,261,2.38
40,262,2.17
40,263,2.5
40,264,3.33
40,265,4.55
40,266,2.78
40,267,4.17
40,268,2.17
40,269,10
40,270,3.13
40,271,6.25
40,272,5
40,273,5.56
40,274,4.17
40,275,2.17
40,276,10
40,277,3.13
40,278,10
40,279,3.57
40,280,7.14
40,281,2.63
40,282,2.78
40,283,2.78
40,284,2.94
40,285,3.33
40,286,2.27
40,287,2.17
40,288,2.17
40,289,2.94
40,290,3.57
40,291,4.17
40,292,7.14
40,293,7.14
40,294,6.25
40,295,2.78
40,296,8.33
40,297,2.38
40,298,2.94
40,299,3.33
40,300,2.94
40,301,5
40,302,3.33
40,303,8.33
40,304,3.57
40,305,2.08
40,306,3.85
40,307,2.78
40,308,2.08
40,309,3.33
40,310,2.63
40,311,2.17
40,312,7.14
40,313,2.08
40,314,3.57
40,315,10
40,316,2.08
40,317,2.08
40,318,3.33
40,319,2
40,320,2.78
40,321,6.25
40,322,2
40,323,4.55
40,324,2.27
40,325,10
40,326,2.5
40,327,5
40,328,2
40,329,5.56
40,330,2.78
40,331,3.13
40,332,8.33
40,333,5
40,334,6.25
40,335,4.17
40,336,2.27
40,337,3.33
40,338,5
40,339,4.17
40,340,2
40,341,3.57
40,342,2
40,343,8.33
40,344,2.38
40,345,4.17
40,346,5
40,347,2.17
40,348,2.17
40,349,2.08
40,350,4.17
40,351,2.78
40,352,2.94
40,353,2.78
40,354,2
40,355,6.25
40,356,4.55
40,357,2.27
40,358,3.33
40,359,10
40,360,5
40,361,2.27
40,362,4.17
40,363,5
40,364,2.08
40,365,10
40,366,2.94
40,367,2.17
40,368,3.57
40,369,2.17
40,370,2.5
40,371,2.38
40,372,2.78
40,373,2.27
40,374,3.85
40,375,2
40,376,5
40,377,2.27
40,378,6.25
40,379,5
40,380,6.25
40,381,5
40,382,6.25
40,383,5.56
40,384,2.08
40,385,3.33
40,386,4.17
40,387,3.57
40,388,8.33
40,389,2.08
40,390,2.27
40,391,2.63
40,392,2.17
40,393,2.08
40,394,6.25
40,395,5
40,396,2.94
40,397,2.78
40,398,2.08
40,399,2.63
40,400,6.25
40,401,2.5
40,402,2.08
40,403,5.56
40,404,6.25
40,405,2.08
40,406,2.08
40,407,2.17
40,408,5.56
40,409,2.08
40,410,10
40,411,2.38
40,412,5
40,413,6.25
40,414,2.27
40,415,4.55
40,416,3.85
40,417,4.17
40,418,2.27
40,419,8.33
40,420,2.08
40,421,2.08
40,422,2
40,423,3.33
40,424,3.85
40,425,3.85
40,426,2.08
40,427,2.94
40,428,3.57
40,429,5
40,430,2.08
40,431,6.25
40,432,3.33
40,433,6.25
40,434,5
40,435,6.25
40,436,2.38
40,437,8.33
40,438,5
40,439,3.57
40,440,3.13
40,441,3.57
40,442,10
40,443,2.94
40,444,2.38
40,445,10
40,446,5.56
40,447,5.56
40,448,4.17
40,449,4.55
40,450,3.85
40,451,8.33
40,452,7.14
40,453,10
40,454,2.38
40,455,3.85
40,456,3.33
40,457,2.94
40,458,5
40,459,2.38
40,460,2.27
40,461,5.56
40,462,3.57
40,463,2.08
40,464,2.27
40,465,2
40,466,3.57
40,467,5
40,468,5.56
40,469,4.17
40,470,3.85
40,471,2.17
40,472,10
40,473,3.33
40,474,2.27
40,475,4.55
40,476,3.33
40,477,2
40,478,4.55
40,479,5.56
40,480,2
40,481,3.57
40,482,4.55
40,483,5
40,484,2.94
40,485,2.94
40,486,10
40,487,4.17
40,488,3.57
40,489,8.33
40,490,2.38
40,491,7.14
40,492,2.27
40,493,8.33
40,494,6.25
40,495,6.25
40,496,2.17
40,497,10
40,498,2.94
40,499,2.27
40,500,2.63
41,1,5
41,2,3.85
41,3,2.27
41,4,4.55
41,5,3.57
41,6,5.56
41,7,2.38
41,8,3.85
41,9,3.57
41,10,5
41,11,8.33
41,12,3.85
41,13,5
41,14,2.38
41,15,8.33
41,16,2.38
41,17,6.25
41,18,2
41,19,8.33
41,20,3.13
41,21,2.63
41,22,3.85
41,23,2
41,24,4.55
41,25,4.55
41,26,3.57
41,27,7.14
41,28,2.63
41,29,4.55
41,30,2.08
41,31,2.08
41,32,2.17
41,33,5.56
41,34,5.56
41,35,4.55
41,36,6.25
41,37,2.78
41,38,2
41,39,2.5
41,40,2.08
41,41,2.38
41,42,3.57
41,43,5.56
41,44,2.38
41,45,3.13
41,46,8.33
41,47,8.33
41,48,2.5
41,49,8.33
41,50,5
41,51,3.13
41,52,2.38
41,53,5
41,54,8.33
41,55,3.85
41,56,2.94
41,57,7.14
41,58,5
41,59,2.63
41,60,3.13
41,61,5.56
41,62,7.14
41,63,3.33
41,64,3.13
41,65,3.33
41,66,2.94
41,67,10
41,68,2.08
41,69,2.78
41,70,5
41,71,3.85
41,72,10
41,73,7.14
41,74,3.57
41,75,2.78
41,76,2.27
41,77,10
41,78,8.33
41,79,4.17
41,80,2.27
41,81,6.25
41,82,2.27
41,83,2
41,84,2.78
41,85,2.63
41,86,2.27
41,87,4.55
41,88,5
41,89,2.94
41,90,3.33
41,91,2.08
41,92,4.17
41,93,4.17
41,94,4.17
41,95,2.5
41,96,2.63
41,97,2.63
41,98,2.08
41,99,2.5
41,100,5
41,101,10
41,102,8.33
41,103,5
41,104,2.38
41,105,7.14
41,106,4.55
41,107,10
41,108,2.17
41,109,5.56
41,110,3.85
41,111,2.63
41,112,2.17
41,113,2.38
41,114,2.17
41,115,2.5
41,116,6.25
41,117,2.5
41,118,2.78
41,119,2.38
41,120,5.56
41,121,2.27
41,122,2.08
41,123,2.38
41,124,2.08
41,125,5.56
41,126,4.55
41,127,4.55
41,128,3.85
41,129,5
41,130,2.78
41,131,10
41,132,3.33
41,133,2.08
41,134,2.08
41,135,7.14
41,136,5
41,137,2.38
41,138,2.94
41,139,7.14
41,140,2.5
41,141,2
41,142,3.33
41,143,2.38
41,144,2.17
41,145,10
41,146,3.33
41,147,4.55
41,148,4.17
41,149,2.08
41,150,2.94
41,151,2.08
41,152,7.14
41,153,2.08
41,154,3.33
41,155,2.27
41,156,3.33
41,157,7.14
41,158,2.38
41,159,3.33
41,160,3.85
41,161,4.17
41,162,2.94
41,163,4.17
41,164,2.08
41,165,3.13
41,166,7.14
41,167,4.17
41,168,2.5
41,169,6.25
41,170,2.5
41,171,4.17
41,172,3.33
41,173,4.17
41,174,8.33
41,175,2.27
41,176,4.55
41,177,3.85
41,178,3.33
41,179,2.08
41,180,6.25
41,181,10
41,182,3.57
41,183,2.38
41,184,8.33
41,185,5
41,186,2
41,187,3.13
41,188,10
41,189,10
41,190,2.63
41,191,5
41,192,3.33
41,193,3.85
41,194,2.63
41,195,3.33
41,196,3.85
41,197,2.08
41,198,3.85
41,199,2.27
41,200,3.33
41,201,2.08
41,202,4.17
41,203,2.78
41,204,3.57
41,205,2.27
41,206,2.17
41,207,2.27
41,208,5
41,209,2.94
41,210,2.38
41,211,5
41,212,3.33
41,213,3.57
41,214,2
41,215,2.94
41,216,10
41,217,3.85
41,218,4.55
41,219,10
41,220,3.57
41,221,2.27
41,222,2.78
41,223,4.17
41,224,6.25
41,225,3.33
41,226,2.27
41,227,4.17
41,228,2.63
41,229,5.56
41,230,2.08
41,231,10
41,232,3.33
41,233,4.55
41,234,4.55
41,235,5
41,236,6.25
41,237,5.56
41,238,3.57
41,239,8.33
41,240,7.14
41,241,2.17
41,242,3.13
41,243,2.27
41,244,2.17
41,245,5
41,246,3.85
41,247,2.38
41,248,2.17
41,249,2.94
41,250,7.14
41,251,2.78
41,252,2.08
41,253,3.13
41,254,2.08
41,255,3.57
41,256,4.17
41,257,2
41,258,5.56
41,259,4.55
41,260,5
41,261,3.13
41,262,2.63
41,263,5.56
41,264,2.17
41,265,6.25
41,266,3.57
41,267,6.25
41,268,8.33
41,269,2.08
41,270,10
41,271,3.85
41,272,4.17
41,273,3.33
41,274,6.25
41,275,2.94
41,276,3.13
41,277,3.33
41,278,2.63
41,279,7.14
41,280,2.17
41,281,2.5
41,282,7.14
41,283,2.08
41,284,2.17
41,285,10
41,286,3.57
41,287,10
41,288,2.94
41,289,2.94
41,290,10
41,291,2.08
41,292,2
41,293,10
41,294,2
41,295,6.25
41,296,8.33
41,297,5.56
41,298,3.33
41,299,2.5
41,300,5.56
41,301,2.17
41,302,8.33
41,303,5.56
41,304,5.56
41,305,2.5
41,306,3.57
41,307,6.25
41,308,5.56
41,309,4.17
41,310,2.38
41,311,8.33
41,312,5
41,313,3.13
41,314,7.14
41,315,2.27
41,316,5
41,317,2.17
41,318,3.57
41,319,3.57
41,320,4.17
41,321,5
41,322,10
41,323,2
41,324,3.13
41,325,2.63
41,326,2.08
41,327,2.63
41,328,2.38
41,329,4.17
41,330,3.85
41,331,7.14
41,332,3.85
41,333,2.63
41,334,2
41,335,2.5
41,336,2.08
41,337,3.13
41,338,4.17
41,339,5
41,340,2.5
41,341,2.38
41,342,7.14
41,343,3.33
41,344,2.38
41,345,8.33
41,346,2.27
41,347,5.56
41,348,2.63
41,349,2.94
41,350,2.17
41,351,2.08
41,352,2.08
41,353,2.38
41,354,2.38
41,355,5.56
41,356,3.57
41,357,4.17
41,358,2.63
41,359,5.56
41,360,2.63
41,361,3.57
41,362,8.33
41,363,8.33
41,364,3.57
41,365,2.94
41,366,7.14
41,367,2.17
41,368,3.33
41,369,2
41,370,2.5
41,371,4.17
41,372,3.13
41,373,4.55
41,374,2.94
41,375,2.5
41,376,2.63
41,377,4.55
41,378,5
41,379,2.63
41,380,5.56
41,381,4.55
41,382,5.56
41,383,4.55
41,384,7.14
41,385,2.78
41,386,2.78
41,387,4.17
41,388,2.94
41,389,2.17
41,390,3.13
41,391,2.63
41,392,7.14
41,393,2.27
41,394,2.94
41,395,2.78
41,396,5.56
41,397,4.55
41,398,2
41,399,3.85
41,400,2.17
41,401,2.27
41,402,2.17
41,403,2.5
41,404,2.63
41,405,2.63
41,406,3.85
41,407,5
41,408,3.13
41,409,2.08
41,410,3.85
41,411,2.38
41,412,10
41,413,2.78
41,414,2.17
41,415,2.94
41,416,2.63
41,417,2.78
41,418,7.14
41,419,3.85
41,420,4.17
41,421,7.14
41,422,3.85
41,423,2.94
41,424,8.33
41,425,5.56
41,426,2.63
41,427,2
41,428,2.94
41,429,2.17
41,430,3.33
41,431,2.78
41,432,2.17
41,433,2.63
41,434,2.63
41,435,3.57
41,436,4.17
41,437,3.57
41,438,2.38
41,439,2.38
41,440,5.56
41,441,2.5
41,442,4.17
41,443,7.14
41,444,2.78
41,445,2.08
41,446,3.57
41,447,6.25
41,448,5
41,449,8.33
41,450,4.55
41,451,2.63
41,452,3.13
41,453,5.56
41,454,2.94
41,455,2.17
41,456,3.85
41,457,2.94
41,458,2.78
41,459,3.13
41,460,7.14
41,461,2.78
41,462,3.85
41,463,3.57
41,464,2.94
41,465,4.55
41,466,3.13
41,467,3.57
41,468,10
41,469,2.63
41,470,3.57
41,471,2.38
41,472,5
41,473,10
41,474,2
41,475,5
41,476,6.25
41,477,10
41,478,10
41,479,3.33
41,480,2.5
41,481,2.78
41,482,2.94
41,483,2.78
41,484,7.14
41,485,2
41,486,3.85
41,487,4.17
41,488,2.5
41,489,4.55
41,490,8.33
41,491,6.25
41,492,3.57
41,493,2.38
41,494,3.13
41,495,2.17
41,496,2
41,497,2.63
41,498,3.13
41,499,7.14
41,500,2.94
42,1,2.08
42,2,2.5
42,3,8.33
42,4,3.85
42,5,2.17
42,6,3.85
42,7,3.13
42,8,2.17
42,9,2.78
42,10,7.14
42,11,3.57
42,12,3.85
42,13,2.08
42,14,2.94
42,15,4.55
42,16,2.78
42,17,3.85
42,18,3.85
42,19,2.17
42,20,3.13
42,21,2.38
42,22,2.08
42,23,3.85
42,24,3.33
42,25,10
42,26,2.78
42,27,3.33
42,28,3.85
42,29,10
42,30,10
42,31,2.94
42,32,2.17
42,33,2.17
42,34,3.57
42,35,2.38
42,36,2.5
42,37,2.63
42,38,2.27
42,39,2.38
42,40,4.55
42,41,2.17
42,42,3.13
42,43,3.33
42,44,2.27
42,45,3.57
42,46,3.13
42,47,2.94
42,48,2.94
42,49,3.33
42,50,4.55
42,51,2.94
42,52,6.25
42,53,3.57
42,54,3.57
42,55,4.17
42,56,3.85
42,57,3.85
42,58,2.27
42,59,10
42,60,3.33
42,61,10
42,62,4.17
42,63,5
42,64,3.13
42,65,2.5
42,66,2.38
42,67,2.5
42,68,3.13
42,69,3.85
42,70,2
42,71,10
42,72,2.38
42,73,2
42,74,2
42,75,7.14
42,76,8.33
42,77,3.85
42,78,2.94
42,79,3.33
42,80,3.57
42,81,2.94
42,82,7.14
42,83,3.33
42,84,2.63
42,85,3.33
42,86,3.13
42,87,2.08
42,88,2
42,89,2.94
42,90,2.63
42,91,2.08
42,92,2.38
42,93,2.78
42,94,5.56
42,95,2.63
42,96,4.17
42,97,2.38
42,98,2.5
42,99,5
42,100,2.27
42,101,7.14
42,102,3.33
42,103,2.63
42,104,2.63
42,105,3.85
42,106,2.17
42,107,2.78
42,108,3.13
42,109,2.08
42,110,2.78
42,111,4.17
42,112,2.78
42,113,3.33
42,114,5
42,115,2.38
42,116,8.33
42,117,3.57
42,118,2.63
42,119,6.25
42,120,4.55
42,121,5
42,122,2.5
42,123,2.94
42,124,2.08
42,125,3.13
42,126,8.33
42,127,7.14
42,128,2.78
42,129,6.25
42,130,4.55
42,131,2.38
42,132,3.33
42,133,7.14
42,134,3.13
42,135,10
42,136,8.33
42,137,5.56
42,138,3.13
42,139,10
42,140,4.55
42,141,3.85
42,142,5
42,143,5.56
42,144,2.38
42,145,2.27
42,146,2.78
42,147,4.17
42,148,2.94
42,149,3.57
42,150,2.27
42,151,4.17
42,152,3.85
42,153,5
42,154,7.14
42,155,2.17
42,156,3.13
42,157,2.5
42,158,3.57
42,159,5.56
42,160,2
42,161,3.13
42,162,3.13
42,163,2
42,164,3.33
42,165,4.55
42,166,3.33
42,167,3.57
42,168,4.55
42,169,10
42,170,2.63
42,171,2.94
42,172,2.63
42,173,2.27
42,174,3.33
42,175,3.13
42,176,8.33
42,177,4.55
42,178,10
42,179,3.13
42,180,2.08
42,181,6.25
42,182,4.55
42,183,3.85
42,184,5
42,185,5
42,186,7.14
42,187,7.14
42,188,7.14
42,189,5.56
42,190,2
42,191,2.63
42,192,2.78
42,193,2.38
42,194,3.13
42,195,6.25
42,196,5
42,197,4.55
42,198,2.78
42,199,2.38
42,200,3.13
42,201,2.08
42,202,10
42,203,2.94
42,204,8.33
42,205,2.17
42,206,2.27
42,207,2.5
42,208,5.56
42,209,2.08
42,210,3.13
42,211,2.38
42,212,5.56
42,213,4.17
42,214,6.25
42,215,6.25
42,216,2.5
42,217,7.14
42,218,4.55
42,219,3.85
42,220,2.38
42,221,6.25
42,222,7.14
42,223,8.33
42,224,2.08
42,225,2.17
42,226,7.14
42,227,3.57
42,228,7.14
42,229,10
42,230,2.5
42,231,2.94
42,232,4.17
42,233,5.56
42,234,3.13
42,235,7.14
42,236,2.08
42,237,2.63
42,238,3.85
42,239,2.08
42,240,2.17
42,241,3.33
42,242,8.33
42,243,2.94
42,244,2.5
42,245,5.56
42,246,2.17
42,247,2.94
42,248,6.25
42,249,3.57
42,250,4.55
42,251,3.57
42,252,3.13
42,253,3.33
42,254,3.13
42,255,2.17
42,256,2.78
42,257,4.55
42,258,5.56
42,259,2
42,260,2.94
42,261,3.57
42,262,4.17
42,263,10
42,264,2.08
42,265,7.14
42,266,2.27
42,267,4.17
42,268,3.33
42,269,3.33
42,270,7.14
42,271,8.33
42,272,2.5
42,273,3.33
42,274,10
42,275,6.25
42,276,2.5
42,277,2.78
42,278,2.78
42,279,2.78
42,280,2.94
42,281,5
42,282,4.55
42,283,2.08
42,284,3.33
42,285,3.13
42,286,10
42,287,2.27
42,288,2.94
42,289,10
42,290,3.57
42,291,2.78
42,292,3.13
42,293,2.94
42,294,6.25
42,295,3.13
42,296,2.17
42,297,5.56
42,298,3.85
42,299,5
42,300,2.17
42,301,2.5
42,302,10
42,303,2.27
42,304,4.55
42,305,5
42,306,2.38
42,307,8.33
42,308,2.17
42,309,2.63
42,310,6.25
42,311,2.17
42,312,2
42,313,2.38
42,314,8.33
42,315,2.94
42,316,2.08
42,317,6.25
42,318,4.55
42,319,4.55
42,320,5
42,321,6.25
42,322,2.27
42,323,2.38
42,324,2.38
42,325,3.57
42,326,2.94
42,327,6.25
42,328,5.56
42,329,5
42,330,5.56
42,331,5
42,332,8.33
42,333,7.14
42,334,2.63
42,335,2
42,336,2.5
42,337,2.5
42,338,7.14
42,339,3.85
42,340,2.38
42,341,5.56
42,342,2.5
42,343,2.63
42,344,2.27
42,345,5
42,346,8.33
42,347,2.63
42,348,2.5
42,349,3.85
42,350,3.85
42,351,3.57
42,352,2.38
42,353,10
42,354,4.17
42,355,2.17
42,356,2.17
42,357,2.38
42,358,2.63
42,359,2
42,360,2.38
42,361,3.13
42,362,2.94
42,363,2.94
42,364,10
42,365,6.25
42,366,2.94
42,367,2.94
42,368,3.13
42,369,2.5
42,370,2.08
42,371,2.38
42,372,2.5
42,373,3.33
42,374,3.13
42,375,3.33
42,376,2.63
42,377,2.27
42,378,2.38
42,379,2.17
42,380,2.17
42,381,3.33
42,382,3.33
42,383,3.13
42,384,2.08
42,385,2.78
42,386,5
42,387,3.33
42,388,3.13
42,389,2
42,390,3.33
42,391,4.55
42,392,2.17
42,393,2.17
42,394,7.14
42,395,2.94
42,396,5.56
42,397,2.38
42,398,4.17
42,399,2.27
42,400,2.78
42,401,2.17
42,402,6.25
42,403,2.78
42,404,4.17
42,405,6.25
42,406,2.17
42,407,4.55
42,408,3.57
42,409,2
42,410,4.17
42,411,3.85
42,412,2.38
42,413,5
42,414,4.17
42,415,2
42,416,3.57
42,417,10
42,418,4.55
42,419,3.57
42,420,3.33
42,421,2.5
42,422,5
42,423,8.33
42,424,3.85
42,425,3.13
42,426,2.17
42,427,7.14
42,428,7.14
42,429,4.55
42,430,4.17
42,431,3.13
42,432,2
42,433,7.14
42,434,5
42,435,3.85
42,436,10
42,437,3.85
42,438,10
42,439,5.56
42,440,2.5
42,441,2.94
42,442,3.85
42,443,2
42,444,4.17
42,445,3.85
42,446,6.25
42,447,2.17
42,448,3.57
42,449,3.85
42,450,2.27
42,451,5.56
42,452,2
42,453,2.5
42,454,2.08
42,455,8.33
42,456,7.14
42,457,5.56
42,458,8.33
42,459,2.08
42,460,6.25
42,461,4.17
42,462,2.27
42,463,3.57
42,464,4.17
42,465,4.17
42,466,2.63
42,467,2.94
42,468,2.63
42,469,5
42,470,2.5
42,471,8.33
42,472,2
42,473,2.63
42,474,2.17
42,475,2.08
42,476,3.57
42,477,2.94
42,478,3.85
42,479,2.08
42,480,10
42,481,2.63
42,482,2.27
42,483,6.25
42,484,8.33
42,485,3.57
42,486,2.5
42,487,8.33
42,488,6.25
42,489,2
42,490,2.5
42,491,2.63
42,492,3.33
42,493,2.08
42,494,2.5
42,495,4.17
42,496,5.56
42,497,2.38
42,498,2.78
42,499,3.33
42,500,2.17
43,1,2.94
43,2,2.27
43,3,4.17
43,4,6.25
43,5,4.17
43,6,10
43,7,4.17
43,8,5.56
43,9,3.33
43,10,3.85
43,11,2.78
43,12,4.17
43,13,3.85
43,14,3.85
43,15,7.14
43,16,5.56
43,17,6.25
43,18,7.14
43,19,3.33
43,20,10
43,21,3.57
43,22,4.55
43,23,6.25
43,24,5.56
43,25,10
43,26,2.5
43,27,2.94
43,28,7.14
43,29,3.33
43,30,5.56
43,31,3.13
43,32,2.08
43,33,7.14
43,34,2.27
43,35,3.13
43,36,2.94
43,37,6.25
43,38,2.5
43,39,4.55
43,40,5
43,41,10
43,42,2.5
43,43,7.14
43,44,7.14
43,45,5
43,46,7.14
43,47,2.94
43,48,2.27
43,49,2.08
43,50,2.38
43,51,2.5
43,52,2.08
43,53,2.08
43,54,2.78
43,55,4.17
43,56,3.57
43,57,3.33
43,58,6.25
43,59,5.56
43,60,2.94
43,61,3.13
43,62,5
43,63,2.17
43,64,2
43,65,3.57
43,66,4.17
43,67,2.78
43,68,2.38
43,69,7.14
43,70,2.78
43,71,2.38
43,72,2
43,73,5.56
43,74,3.33
43,75,10
43,76,3.13
43,77,4.55
43,78,6.25
43,79,2.08
43,80,10
43,81,3.85
43,82,2.63
43,83,6.25
43,84,2.17
43,85,2.27
43,86,3.85
43,87,2.08
43,88,2.63
43,89,3.57
43,90,4.55
43,91,3.33
43,92,2.17
43,93,4.17
43,94,2.38
43,95,6.25
43,96,5
43,97,2.17
43,98,6.25
43,99,3.57
43,100,2.38
43,101,3.13
43,102,8.33
43,103,2
43,104,10
43,105,3.33
43,106,4.17
43,107,3.33
43,108,10
43,109,3.33
43,110,3.13
43,111,3.85
43,112,2
43,113,2.63
43,114,10
43,115,5.56
43,116,2
43,117,4.17
43,118,2
43,119,2
43,120,7.14
43,121,2.5
43,122,8.33
43,123,3.13
43,124,3.33
43,125,2.38
43,126,3.33
43,127,5.56
43,128,2
43,129,2.08
43,130,5.56
43,131,3.85
43,132,2.38
43,133,2.17
43,134,2.5
43,135,7.14
43,136,5.56
43,137,3.57
43,138,2.08
43,139,2.94
43,140,2.08
43,141,6.25
43,142,2
43,143,2.27
43,144,2.27
43,145,2.17
43,146,7.14
43,147,2.94
43,148,7.14
43,149,5.56
43,150,2.38
43,151,3.57
43,152,2.08
43,153,3.13
43,154,4.55
43,155,4.17
43,156,5
43,157,2
43,158,2.08
43,159,2.08
43,160,2.63
43,161,4.55
43,162,2.17
43,163,8.33
43,164,8.33
43,165,7.14
43,166,10
43,167,2
43,168,4.55
43,169,4.55
43,170,8.33
43,171,6.25
43,172,3.85
43,173,3.13
43,174,8.33
43,175,2.17
43,176,4.17
43,177,2.27
43,178,4.55
43,179,8.33
43,180,2.63
43,181,5.56
43,182,2.27
43,183,6.25
43,184,2
43,185,4.55
43,186,2.78
43,187,2.63
43,188,6.25
43,189,2.94
43,190,5.56
43,191,4.55
43,192,2.63
43,193,3.85
43,194,2.27
43,195,2.08
43,196,8.33
43,197,2.17
43,198,8.33
43,199,4.55
43,200,4.55
43,201,6.25
43,202,2.08
43,203,2.27
43,204,3.33
43,205,3.85
43,206,3.57
43,207,3.33
43,208,4.17
43,209,2
43,210,4.55
43,211,3.85
43,212,3.33
43,213,10
43,214,2
43,215,2.5
43,216,8.33
43,217,4.55
43,218,2.08
43,219,2.78
43,220,8.33
43,221,8.33
43,222,2.17
43,223,6.25
43,224,2
43,225,3.13
43,226,10
43,227,3.57
43,228,3.85
43,229,5
43,230,3.33
43,231,2
43,232,2.38
43,233,10
43,234,4.55
43,235,2.38
43,236,3.85
43,237,2.38
43,238,3.85
43,239,10
43,240,3.57
43,241,10
43,242,2.17
43,243,5.56
43,244,2.78
43,245,2.94
43,246,10
43,247,2.27
43,248,2.38
43,249,2.17
43,250,2.38
43,251,2.08
43,252,2.63
43,253,4.17
43,254,4.55
43,255,2.08
43,256,5
43,257,2.94
43,258,2.63
43,259,8.33
43,260,10
43,261,3.57
43,262,3.13
43,263,4.17
43,264,3.57
43,265,6.25
43,266,3.85
43,267,2.94
43,268,3.57
43,269,7.14
43,270,2
43,271,2.5
43,272,5.56
43,273,8.33
43,274,3.33
43,275,4.55
43,276,4.55
43,277,4.17
43,278,2.38
43,279,2.78
43,280,2.17
43,281,2.08
43,282,3.57
43,283,3.85
43,284,3.33
43,285,2.78
43,286,2
43,287,2.38
43,288,4.55
43,289,2.17
43,290,2
43,291,2.5
43,292,3.85
43,293,2.27
43,294,4.17
43,295,2.63
43,296,5
43,297,2.27
43,298,2.94
43,299,4.55
43,300,2.5
43,301,2.38
43,302,5.56
43,303,2.17
43,304,2
43,305,2.38
43,306,2.94
43,307,3.85
43,308,3.85
43,309,2.17
43,310,2.63
43,311,2
43,312,2.27
43,313,2.5
43,314,2
43,315,2.63
43,316,4.17
43,317,8.33
43,318,2.17
43,319,3.85
43,320,7.14
43,321,5
43,322,3.33
43,323,3.13
43,324,3.33
43,325,10
43,326,2.78
43,327,10
43,328,4.55
43,329,6.25
43,330,4.17
43,331,2
43,332,2
43,333,2.08
43,334,2.94
43,335,4.17
43,336,2.27
43,337,8.33
43,338,7.14
43,339,2.17
43,340,8.33
43,341,10
43,342,5
43,343,2.17
43,344,2.17
43,345,2.38
43,346,2.94
43,347,2.17
43,348,2.5
43,349,8.33
43,350,5
43,351,2.63
43,352,2.38
43,353,2.38
43,354,2.5
43,355,6.25
43,356,2.17
43,357,3.57
43,358,2.5
43,359,7.14
43,360,2.17
43,361,5.56
43,362,2.17
43,363,2.08
43,364,3.33
43,365,5.56
43,366,3.57
43,367,4.17
43,368,3.33
43,369,4.17
43,370,2.17
43,371,5
43,372,5.56
43,373,6.25
43,374,2.38
43,375,2.78
43,376,2.08
43,377,5
43,378,2.94
43,379,10
43,380,2
43,381,5
43,382,5
43,383,2.5
43,384,2.08
43,385,3.33
43,386,4.17
43,387,2.94
43,388,7.14
43,389,7.14
43,390,5
43,391,3.85
43,392,8.33
43,393,2
43,394,3.33
43,395,2.38
43,396,2.78
43,397,2.5
43,398,3.57
43,399,3.33
43,400,2.27
43,401,2.5
43,402,2.5
43,403,4.17
43,404,2.08
43,405,6.25
43,406,2
43,407,3.85
43,408,2.94
43,409,2.94
43,410,3.13
43,411,2.38
43,412,3.33
43,413,3.57
43,414,3.85
43,415,4.55
43,416,2.38
43,417,2.27
43,418,5.56
43,419,4.17
43,420,6.25
43,421,3.85
43,422,3.57
43,423,2.94
43,424,8.33
43,425,2.17
43,426,2.78
43,427,5
43,428,2.63
43,429,7.14
43,430,4.55
43,431,3.33
43,432,2.17
43,433,3.13
43,434,2.78
43,435,6.25
43,436,2
43,437,2.94
43,438,3.33
43,439,2
43,440,3.33
43,441,7.14
43,442,7.14
43,443,8.33
43,444,4.17
43,445,2.27
43,446,8.33
43,447,4.17
43,448,7.14
43,449,3.85
43,450,3.85
43,451,3.13
43,452,2.63
43,453,5
43,454,3.85
43,455,3.33
43,456,10
43,457,6.25
43,458,5
43,459,2.17
43,460,8.33
43,461,4.55
43,462,3.85
43,463,3.33
43,464,2
43,465,2.27
43,466,4.55
43,467,5
43,468,8.33
43,469,6.25
43,470,7.14
43,471,8.33
43,472,2.94
43,473,3.57
43,474,2.5
43,475,4.55
43,476,2.63
43,477,2
43,478,2.27
43,479,2.94
43,480,2.63
43,481,2.63
43,482,8.33
43,483,2.27
43,484,2.08
43,485,4.17
43,486,10
43,487,2.63
43,488,2.63
43,489,8.33
43,490,3.57
43,491,3.13
43,492,2.5
43,493,7.14
43,494,5.56
43,495,2
43,496,2.17
43,497,3.13
43,498,3.57
43,499,3.13
43,500,2.27
44,1,2.27
44,2,2.27
44,3,3.33
44,4,2.63
44,5,5.56
44,6,2.08
44,7,3.33
44,8,2.78
44,9,2.27
44,10,5.56
44,11,3.13
44,12,2.38
44,13,2.94
44,14,2.38
44,15,10
44,16,3.85
44,17,2.08
44,18,3.33
44,19,3.85
44,20,2.63
44,21,8.33
44,22,3.57
44,23,3.85
44,24,7.14
44,25,8.33
44,26,6.25
44,27,3.85
44,28,3.57
44,29,6.25
44,30,2.5
44,31,2.17
44,32,3.85
44,33,5
44,34,2.5
44,35,3.57
44,36,7.14
44,37,4.55
44,38,2.63
44,39,3.57
44,40,2.94
44,41,5.56
44,42,4.55
44,43,2
44,44,3.85
44,45,2.27
44,46,3.85
44,47,2.17
44,48,2
44,49,3.13
44,50,6.25
44,51,4.55
44,52,2.38
44,53,3.33
44,54,3.13
44,55,2.63
44,56,3.85
44,57,2.94
44,58,7.14
44,59,2.94
44,60,3.13
44,61,2
44,62,5
44,63,2.94
44,64,3.85
44,65,3.13
44,66,3.85
44,67,4.55
44,68,2.08
44,69,5
44,70,5.56
44,71,2.27
44,72,3.33
44,73,10
44,74,2.08
44,75,6.25
44,76,4.17
44,77,4.55
44,78,2.17
44,79,3.13
44,80,8.33
44,81,4.55
44,82,2.5
44,83,8.33
44,84,2
44,85,2.78
44,86,2.94
44,87,2.38
44,88,2.17
44,89,2.17
44,90,2.94
44,91,4.17
44,92,5.56
44,93,3.57
44,94,2.08
44,95,2.08
44,96,8.33
44,97,7.14
44,98,6.25
44,99,3.85
44,100,2.63
44,101,6.25
44,102,8.33
44,103,2.38
44,104,6.25
44,105,7.14
44,106,2.63
44,107,2.08
44,108,5
44,109,2.27
44,110,4.17
44,111,2.08
44,112,5
44,113,4.17
44,114,3.13
44,115,2.08
44,116,7.14
44,117,6.25
44,118,2.94
44,119,3.85
44,120,2.94
44,121,4.17
44,122,3.85
44,123,2.63
44,124,2.27
44,125,6.25
44,126,5
44,127,4.55
44,128,5
44,129,7.14
44,130,3.13
44,131,4.17
44,132,2.94
44,133,2.78
44,134,3.85
44,135,4.17
44,136,2.5
44,137,5.56
44,138,2.5
44,139,2.63
44,140,2.38
44,141,5.56
44,142,2.63
44,143,2.63
44,144,2.78
44,145,2.38
44,146,3.57
44,147,7.14
44,148,6.25
44,149,2.17
44,150,3.85
44,151,2.38
44,152,5.56
44,153,2.17
44,154,10
44,155,5.56
44,156,3.13
44,157,2
44,158,3.33
44,159,7.14
44,160,7.14
44,161,2.27
44,162,3.85
44,163,2.27
44,164,3.57
44,165,2
44,166,6.25
44,167,2.08
44,168,7.14
44,169,4.17
44,170,3.33
44,171,2.08
44,172,3.33
44,173,7.14
44,174,10
44,175,10
44,176,10
44,177,4.55
44,178,3.57
44,179,3.13
44,180,8.33
44,181,2.5
44,182,5.56
44,183,8.33
44,184,3.85
44,185,3.33
44,186,5
44,187,2.38
44,188,4.17
44,189,2.94
44,190,2.63
44,191,5
44,192,3.85
44,193,2.78
44,194,5.56
44,195,2.5
44,196,2.17
44,197,3.13
44,198,3.13
44,199,3.13
44,200,4.17
44,201,3.33
44,202,2.38
44,203,3.13
44,204,3.33
44,205,2.78
44,206,3.57
44,207,7.14
44,208,2.78
44,209,2.08
44,210,2.17
44,211,5
44,212,2.27
44,213,2.17
44,214,2.17
44,215,6.25
44,216,2.08
44,217,5
44,218,7.14
44,219,3.57
44,220,7.14
44,221,2.78
44,222,5
44,223,2.38
44,224,7.14
44,225,2.27
44,226,10
44,227,5
44,228,2.08
44,229,4.55
44,230,2
44,231,2
44,232,2.94
44,233,10
44,234,3.13
44,235,2.5
44,236,2.38
44,237,4.17
44,238,6.25
44,239,4.17
44,240,10
44,241,5.56
44,242,3.33
44,243,2.5
44,244,2.38
44,245,4.55
44,246,2.27
44,247,2.38
44,248,2.38
44,249,2.94
44,250,6.25
44,251,2.5
44,252,2.08
44,253,2.17
44,254,2.5
44,255,7.14
44,256,8.33
44,257,2.38
44,258,2.27
44,259,2.38
44,260,3.13
44,261,6.25
44,262,2
44,263,2.63
44,264,4.55
44,265,8.33
44,266,2.38
44,267,2
44,268,2.27
44,269,2.63
44,270,2.78
44,271,3.33
44,272,4.17
44,273,2.17
44,274,2.94
44,275,2.38
44,276,2.78
44,277,3.57
44,278,2.5
44,279,3.33
44,280,2.17
44,281,6.25
44,282,2.08
44,283,3.13
44,284,4.55
44,285,5.56
44,286,8.33
44,287,2
44,288,2.27
44,289,7.14
44,290,6.25
44,291,2.38
44,292,3.33
44,293,2.78
44,294,2.17
44,295,10
44,296,2.17
44,297,6.25
44,298,2.63
44,299,3.85
44,300,7.14
44,301,8.33
44,302,2
44,303,2.63
44,304,2
44,305,6.25
44,306,3.33
44,307,2.5
44,308,3.13
44,309,3.57
44,310,5
44,311,3.57
44,312,7.14
44,313,2.94
44,314,2.08
44,315,3.57
44,316,2.27
44,317,3.33
44,318,2.63
44,319,5
44,320,2
44,321,2.5
44,322,2.38
44,323,5
44,324,3.33
44,325,3.57
44,326,2.27
44,327,2.08
44,328,2
44,329,4.55
44,330,2.5
44,331,2.94
44,332,6.25
44,333,10
44,334,7.14
44,335,3.13
44,336,2.27
44,337,2.38
44,338,2.5
44,339,2.5
44,340,10
44,341,2.94
44,342,2.63
44,343,7.14
44,344,2.78
44,345,2.27
44,346,5
44,347,2.08
44,348,8.33
44,349,2.38
44,350,5.56
44,351,5
44,352,3.13
44,353,10
44,354,2.94
44,355,2.5
44,356,2.94
44,357,10
44,358,2.38
44,359,2.78
44,360,3.57
44,361,2.38
44,362,4.55
44,363,4.55
44,364,2.27
44,365,4.55
44,366,5
44,367,6.25
44,368,2
44,369,2.17
44,370,3.13
44,371,2.17
44,372,6.25
44,373,4.55
44,374,4.17
44,375,3.33
44,376,3.13
44,377,5.56
44,378,2.17
44,379,2.17
44,380,2.63
44,381,2.5
44,382,4.55
44,383,5
44,384,5.56
44,385,2.27
44,386,10
44,387,3.13
44,388,2.27
44,389,7.14
44,390,7.14
44,391,3.57
44,392,10
44,393,2.5
44,394,2
44,395,4.17
44,396,2.08
44,397,2.94
44,398,6.25
44,399,10
44,400,2.5
44,401,2
44,402,4.17
44,403,3.57
44,404,4.55
44,405,4.17
44,406,2.78
44,407,2.38
44,408,2.27
44,409,2
44,410,10
44,411,2.94
44,412,3.33
44,413,10
44,414,2.38
44,415,2.63
44,416,4.17
44,417,8.33
44,418,7.14
44,419,3.33
44,420,8.33
44,421,10
44,422,2.63
44,423,8.33
44,424,2.17
44,425,2.08
44,426,2.38
44,427,2
44,428,2
44,429,2.63
44,430,2.38
44,431,2.63
44,432,2.38
44,433,4.17
44,434,2.94
44,435,2.38
44,436,3.57
44,437,8.33
44,438,4.55
44,439,2.94
44,440,7.14
44,441,2.78
44,442,5
44,443,2.38
44,444,7.14
44,445,4.55
44,446,5
44,447,8.33
44,448,10
44,449,3.57
44,450,3.33
44,451,2.63
44,452,3.13
44,453,2.78
44,454,5.56
44,455,3.85
44,456,2
44,457,6.25
44,458,3.57
44,459,6.25
44,460,4.17
44,461,3.13
44,462,7.14
44,463,4.55
44,464,2.5
44,465,2
44,466,8.33
44,467,2
44,468,5.56
44,469,2.27
44,470,2.17
44,471,2.94
44,472,2.94
44,473,4.55
44,474,2
44,475,5
44,476,6.25
44,477,7.14
44,478,2.27
44,479,2.38
44,480,3.57
44,481,2.63
44,482,2.17
44,483,8.33
44,484,3.85
44,485,2.5
44,486,2
44,487,10
44,488,7.14
44,489,3.33
44,490,2.38
44,491,2.78
44,492,7.14
44,493,2
44,494,2.27
44,495,2.38
44,496,4.17
44,497,5
44,498,2.08
44,499,2.5
44,500,2.78
45,1,4.17
45,2,5.56
45,3,10
45,4,3.33
45,5,2
45,6,2.63
45,7,2.38
45,8,3.57
45,9,3.85
45,10,10
45,11,2.5
45,12,2.08
45,13,3.13
45,14,2.17
45,15,3.85
45,16,2.5
45,17,7.14
45,18,3.85
45,19,2.08
45,20,10
45,21,4.55
45,22,4.55
45,23,2.94
45,24,3.13
45,25,2.5
45,26,2.78
45,27,2.5
45,28,2.78
45,29,7.14
45,30,2.5
45,31,7.14
45,32,2.78
45,33,6.25
45,34,2.08
45,35,10
45,36,4.17
45,37,3.13
45,38,8.33
45,39,3.13
45,40,5
45,41,5
45,42,7.14
45,43,2.38
45,44,2.08
45,45,8.33
45,46,2.38
45,47,4.55
45,48,7.14
45,49,3.57
45,50,3.85
45,51,10
45,52,2.94
45,53,2.38
45,54,3.85
45,55,2.63
45,56,3.33
45,57,7.14
45,58,2.27
45,59,2.17
45,60,3.33
45,61,3.13
45,62,4.17
45,63,3.57
45,64,5.56
45,65,6.25
45,66,2.17
45,67,2.38
45,68,3.57
45,69,5.56
45,70,2.63
45,71,2.78
45,72,5
45,73,2.78
45,74,3.33
45,75,8.33
45,76,2.78
45,77,4.55
45,78,5
45,79,10
45,80,2.78
45,81,7.14
45,82,2.78
45,83,2.78
45,84,2
45,85,3.33
45,86,4.55
45,87,3.85
45,88,3.13
45,89,2.17
45,90,2.63
45,91,4.55
45,92,5
45,93,7.14
45,94,3.85
45,95,8.33
45,96,3.85
45,97,10
45,98,3.57
45,99,3.57
45,100,10
45,101,4.55
45,102,6.25
45,103,10
45,104,2.38
45,105,2.5
45,106,3.57
45,107,2.38
45,108,7.14
45,109,3.13
45,110,4.55
45,111,3.33
45,112,2.08
45,113,2.27
45,114,5
45,115,2.78
45,116,2.63
45,117,3.13
45,118,5.56
45,119,5
45,120,2.63
45,121,2.63
45,122,2.63
45,123,3.13
45,124,8.33
45,125,5
45,126,2.38
45,127,2.27
45,128,3.13
45,129,2.63
45,130,6.25
45,131,5
45,132,4.17
45,133,2.78
45,134,2.27
45,135,2.08
45,136,3.13
45,137,7.14
45,138,2.78
45,139,3.85
45,140,4.55
45,141,2.27
45,142,2.78
45,143,2
45,144,7.14
45,145,2.94
45,146,8.33
45,147,2.5
45,148,3.85
45,149,2.5
45,150,4.55
45,151,2
45,152,2.78
45,153,5.56
45,154,10
45,155,3.85
45,156,8.33
45,157,5.56
45,158,2.27
45,159,3.57
45,160,2
45,161,2.27
45,162,2.78
45,163,3.33
45,164,8.33
45,165,4.55
45,166,4.17
45,167,2.78
45,168,3.85
45,169,2.63
45,170,2.27
45,171,10
45,172,3.33
45,173,8.33
45,174,2.38
45,175,2.94
45,176,8.33
45,177,2.94
45,178,2.63
45,179,2.94
45,180,6.25
45,181,2.78
45,182,10
45,183,4.55
45,184,3.57
45,185,2.94
45,186,8.33
45,187,2.78
45,188,3.13
45,189,2.17
45,190,5.56
45,191,5.56
45,192,2.63
45,193,2.78
45,194,5
45,195,2.94
45,196,3.33
45,197,4.17
45,198,5
45,199,2.08
45,200,2
45,201,2
45,202,2.63
45,203,2.27
45,204,2.5
45,205,8.33
45,206,5.56
45,207,6.25
45,208,2.78
45,209,2.38
45,210,5
45,211,10
45,212,2.27
45,213,2.5
45,214,2.5
45,215,8.33
45,216,2.17
45,217,2.17
45,218,3.57
45,219,10
45,220,10
45,221,2
45,222,2.94
45,223,4.17
45,224,2.78
45,225,3.57
45,226,6.25
45,227,2.94
45,228,10
45,229,10
45,230,7.14
45,231,3.57
45,232,7.14
45,233,7.14
45,234,3.85
45,235,2.94
45,236,3.13
45,237,3.13
45,238,2.63
45,239,7.14
45,240,4.17
45,241,2.17
45,242,2.63
45,243,3.33
45,244,3.85
45,245,2
45,246,3.57
45,247,5.56
45,248,2.17
45,249,3.57
45,250,3.57
45,251,2.08
45,252,7.14
45,253,3.85
45,254,2.5
45,255,3.85
45,256,2.17
45,257,5
45,258,2.94
45,259,2.17
45,260,7.14
45,261,5.56
45,262,2
45,263,8.33
45,264,4.17
45,265,2.38
45,266,4.17
45,267,4.55
45,268,7.14
45,269,2.94
45,270,2.38
45,271,2.27
45,272,10
45,273,10
45,274,2
45,275,2.94
45,276,7.14
45,277,4.55
45,278,3.13
45,279,5
45,280,6.25
45,281,8.33
45,282,5.56
45,283,3.85
45,284,6.25
45,285,2.08
45,286,3.13
45,287,4.55
45,288,8.33
45,289,2.78
45,290,2.38
45,291,2.5
45,292,3.85
45,293,3.33
45,294,2.38
45,295,2.08
45,296,2.17
45,297,2.27
45,298,3.33
45,299,7.14
45,300,2.5
45,301,2.27
45,302,3.57
45,303,10
45,304,3.57
45,305,2.63
45,306,2.78
45,307,2.5
45,308,5.56
45,309,2.27
45,310,4.17
45,311,2.38
45,312,8.33
45,313,4.17
45,314,7.14
45,315,3.85
45,316,2.94
45,317,3.33
45,318,2.94
45,319,3.13
45,320,2.94
45,321,3.85
45,322,5.56
45,323,5
45,324,3.13
45,325,4.55
45,326,3.13
45,327,3.13
45,328,10
45,329,2.63
45,330,3.33
45,331,2.94
45,332,2
45,333,2.63
45,334,6.25
45,335,2.27
45,336,2.27
45,337,3.85
45,338,2.38
45,339,7.14
45,340,4.17
45,341,7.14
45,342,4.17
45,343,2.5
45,344,2.17
45,345,2.63
45,346,3.33
45,347,4.55
45,348,2.94
45,349,2.38
45,350,2.5
45,351,3.57
45,352,8.33
45,353,2.78
45,354,7.14
45,355,2.17
45,356,4.55
45,357,6.25
45,358,3.85
45,359,2.94
45,360,2.27
45,361,2.94
45,362,7.14
45,363,2.38
45,364,4.17
45,365,3.57
45,366,10
45,367,10
45,368,2.08
45,369,2.78
45,370,2.08
45,371,6.25
45,372,2
45,373,3.13
45,374,7.14
45,375,2.78
45,376,7.14
45,377,2.63
45,378,2.38
45,379,6.25
45,380,8.33
45,381,3.85
45,382,2.17
45,383,3.13
45,384,2.5
45,385,2.27
45,386,2.08
45,387,6.25
45,388,5.56
45,389,6.25
45,390,4.55
45,391,3.13
45,392,2.94
45,393,2.08
45,394,4.55
45,395,2.78
45,396,3.33
45,397,2.08
45,398,2.5
45,399,8.33
45,400,8.33
45,401,2.27
45,402,2.78
45,403,2.17
45,404,5
45,405,8.33
45,406,2.08
45,407,2.08
45,408,5
45,409,4.55
45,410,3.57
45,411,5.56
45,412,2.17
45,413,2.08
45,414,2.94
45,415,10
45,416,5
45,417,7.14
45,418,2.27
45,419,2.17
45,420,2
45,421,2
45,422,5.56
45,423,2.17
45,424,3.57
45,425,6.25
45,426,2.5
45,427,2.5
45,428,3.33
45,429,8.33
45,430,2.17
45,431,3.13
45,432,2
45,433,3.85
45,434,2.27
45,435,2.38
45,436,4.17
45,437,10
45,438,2.08
45,439,2.08
45,440,3.33
45,441,2.38
45,442,2.17
45,443,3.33
45,444,2.38
45,445,8.33
45,446,3.85
45,447,3.13
45,448,2.27
45,449,2.63
45,450,5
45,451,2.5
45,452,2.5
45,453,4.55
45,454,7.14
45,455,2.94
45,456,5
45,457,5
45,458,2.38
45,459,4.17
45,460,6.25
45,461,5.56
45,462,2.63
45,463,2
45,464,3.57
45,465,2.94
45,466,3.57
45,467,5
45,468,4.17
45,469,2.38
45,470,2.08
45,471,5
45,472,6.25
45,473,10
45,474,2.08
45,475,7.14
45,476,2.94
45,477,2
45,478,3.33
45,479,2.78
45,480,5
45,481,3.57
45,482,4.55
45,483,3.85
45,484,2.17
45,485,4.55
45,486,2.78
45,487,2.27
45,488,10
45,489,2.17
45,490,6.25
45,491,3.33
45,492,2.27
45,493,3.85
45,494,3.33
45,495,7.14
45,496,2.5
45,497,3.33
45,498,4.17
45,499,8.33
45,500,10
46,1,2.08
46,2,5.56
46,3,5.56
46,4,2.5
46,5,2
46,6,2.38
46,7,2.17
46,8,2.94
46,9,3.85
46,10,10
46,11,2
46,12,2.08
46,13,4.55
46,14,2.94
46,15,7.14
46,16,2.94
46,17,5.56
46,18,2.38
46,19,5
46,20,2.63
46,21,10
46,22,4.17
46,23,5
46,24,3.57
46,25,2.63
46,26,6.25
46,27,5.56
46,28,7.14
46,29,2.27
46,30,10
46,31,2.5
46,32,7.14
46,33,4.17
46,34,10
46,35,3.33
46,36,5.56
46,37,2.17
46,38,5.56
46,39,4.17
46,40,3.33
46,41,2.63
46,42,2.94
46,43,3.13
46,44,2.78
46,45,5
46,46,2.27
46,47,2.78
46,48,2.38
46,49,4.17
46,50,5
46,51,2
46,52,2
46,53,10
46,54,2.5
46,55,2.94
46,56,4.55
46,57,4.17
46,58,7.14
46,59,8.33
46,60,2.5
46,61,10
46,62,6.25
46,63,10
46,64,5
46,65,3.85
46,66,2.17
46,67,2.5
46,68,2.78
46,69,2.17
46,70,5.56
46,71,2.27
46,72,5.56
46,73,2.17
46,74,10
46,75,4.17
46,76,5
46,77,5
46,78,2.27
46,79,2.94
46,80,7.14
46,81,3.33
46,82,2.78
46,83,10
46,84,4.17
46,85,10
46,86,3.85
46,87,5.56
46,88,2.08
46,89,5
46,90,2.94
46,91,3.13
46,92,3.85
46,93,4.55
46,94,10
46,95,2.17
46,96,2.94
46,97,3.57
46,98,2.63
46,99,5.56
46,100,2
46,101,2.17
46,102,2
46,103,2.63
46,104,2
46,105,2.08
46,106,5
46,107,2.27
46,108,4.17
46,109,2.38
46,110,5.56
46,111,3.13
46,112,3.13
46,113,2.63
46,114,5
46,115,5.56
46,116,6.25
46,117,3.85
46,118,2.63
46,119,3.33
46,120,4.17
46,121,6.25
46,122,4.17
46,123,4.17
46,124,5
46,125,5.56
46,126,3.85
46,127,2.38
46,128,4.55
46,129,3.85
46,130,3.13
46,131,2.27
46,132,3.13
46,133,8.33
46,134,3.13
46,135,2.38
46,136,8.33
46,137,5.56
46,138,3.85
46,139,2.08
46,140,8.33
46,141,2
46,142,3.33
46,143,7.14
46,144,2.27
46,145,3.33
46,146,2.63
46,147,10
46,148,2.08
46,149,2.17
46,150,2.63
46,151,4.17
46,152,4.17
46,153,3.57
46,154,2.17
46,155,6.25
46,156,3.13
46,157,3.13
46,158,2
46,159,5
46,160,3.57
46,161,4.55
46,162,2
46,163,3.85
46,164,2.08
46,165,2.38
46,166,3.57
46,167,3.85
46,168,3.85
46,169,2.17
46,170,3.57
46,171,2.78
46,172,4.17
46,173,2.27
46,174,5
46,175,7.14
46,176,4.55
46,177,2.5
46,178,2.27
46,179,2.94
46,180,2.08
46,181,3.57
46,182,2
46,183,2
46,184,2.78
46,185,2.5
46,186,2.5
46,187,2.5
46,188,2.78
46,189,5.56
46,190,2.08
46,191,2
46,192,2
46,193,2.94
46,194,3.33
46,195,3.33
46,196,10
46,197,2.17
46,198,7.14
46,199,2.94
46,200,2
46,201,2.38
46,202,2.17
46,203,2.78
46,204,2.17
46,205,10
46,206,2
46,207,3.13
46,208,5
46,209,2.63
46,210,3.57
46,211,2.08
46,212,6.25
46,213,10
46,214,4.17
46,215,2.38
46,216,10
46,217,8.33
46,218,2.63
46,219,5
46,220,2.08
46,221,7.14
46,222,5.56
46,223,5
46,224,6.25
46,225,3.13
46,226,6.25
46,227,3.33
46,228,2.38
46,229,10
46,230,3.57
46,231,3.33
46,232,2.78
46,233,10
46,234,2.94
46,235,6.25
46,236,7.14
46,237,2.17
46,238,2.17
46,239,7.14
46,240,6.25
46,241,5
46,242,3.85
46,243,2.5
46,244,8.33
46,245,2.38
46,246,2.08
46,247,8.33
46,248,2.17
46,249,7.14
46,250,2.94
46,251,2.94
46,252,2.78
46,253,5.56
46,254,7.14
46,255,2.63
46,256,3.85
46,257,2
46,258,2.63
46,259,2.27
46,260,3.85
46,261,2.38
46,262,3.85
46,263,4.55
46,264,3.13
46,265,3.57
46,266,3.57
46,267,3.57
46,268,2.5
46,269,2.5
46,270,4.17
46,271,3.13
46,272,10
46,273,4.17
46,274,2
46,275,2.94
46,276,4.55
46,277,2
46,278,2.38
46,279,5
46,280,3.85
46,281,3.13
46,282,2
46,283,2.17
46,284,5
46,285,10
46,286,3.57
46,287,2.08
46,288,4.17
46,289,2.38
46,290,7.14
46,291,2.78
46,292,2.17
46,293,3.57
46,294,2.94
46,295,2.27
46,296,2.94
46,297,2.94
46,298,5
46,299,2
46,300,2.08
46,301,2.17
46,302,2.78
46,303,4.17
46,304,3.33
46,305,2.08
46,306,2.78
46,307,2.78
46,308,3.13
46,309,5.56
46,310,2.5
46,311,4.17
46,312,2.27
46,313,2.78
46,314,2.08
46,315,5
46,316,3.13
46,317,6.25
46,318,5.56
46,319,2.38
46,320,2.94
46,321,7.14
46,322,2.08
46,323,2.78
46,324,3.33
46,325,3.57
46,326,2.63
46,327,3.57
46,328,10
46,329,3.33
46,330,2.17
46,331,6.25
46,332,3.33
46,333,2.27
46,334,4.17
46,335,4.55
46,336,2.78
46,337,2.94
46,338,2.63
46,339,2
46,340,4.17
46,341,2.17
46,342,4.17
46,343,2.63
46,344,5.56
46,345,7.14
46,346,7.14
46,347,7.14
46,348,2
46,349,2.94
46,350,8.33
46,351,6.25
46,352,2.17
46,353,3.13
46,354,10
46,355,2.08
46,356,6.25
46,357,2.78
46,358,2
46,359,3.85
46,360,3.33
46,361,8.33
46,362,8.33
46,363,2.38
46,364,2.5
46,365,5
46,366,6.25
46,367,8.33
46,368,3.33
46,369,10
46,370,4.55
46,371,4.55
46,372,2.78
46,373,3.85
46,374,7.14
46,375,6.25
46,376,2.63
46,377,2.17
46,378,4.55
46,379,2.08
46,380,4.55
46,381,2.94
46,382,3.57
46,383,4.17
46,384,10
46,385,7.14
46,386,2.17
46,387,2.78
46,388,2.38
46,389,2.5
46,390,4.17
46,391,3.57
46,392,2.63
46,393,2.27
46,394,2.5
46,395,2.94
46,396,7.14
46,397,8.33
46,398,8.33
46,399,10
46,400,2
46,401,10
46,402,3.85
46,403,7.14
46,404,10
46,405,2.08
46,406,5.56
46,407,3.85
46,408,6.25
46,409,5
46,410,4.17
46,411,2.08
46,412,2.5
46,413,2.78
46,414,6.25
46,415,10
46,416,4.17
46,417,2.63
46,418,4.17
46,419,5.56
46,420,2.27
46,421,4.17
46,422,2
46,423,7.14
46,424,3.85
46,425,2.5
46,426,5
46,427,3.13
46,428,3.85
46,429,5
46,430,3.85
46,431,10
46,432,2.08
46,433,2.63
46,434,2.27
46,435,3.33
46,436,2.08
46,437,5.56
46,438,8.33
46,439,3.13
46,440,4.17
46,441,2.94
46,442,10
46,443,2.08
46,444,2.08
46,445,2.94
46,446,4.17
46,447,2.27
46,448,8.33
46,449,3.33
46,450,5.56
46,451,2.08
46,452,3.33
46,453,2.17
46,454,5.56
46,455,2.78
46,456,7.14
46,457,2.78
46,458,6.25
46,459,3.13
46,460,7.14
46,461,10
46,462,2.38
46,463,8.33
46,464,2
46,465,4.17
46,466,4.55
46,467,2.17
46,468,5.56
46,469,10
46,470,3.57
46,471,4.55
46,472,2.38
46,473,7.14
46,474,2.5
46,475,3.33
46,476,2.94
46,477,2.5
46,478,2.78
46,479,4.55
46,480,10
46,481,2.38
46,482,3.57
46,483,2.08
46,484,3.85
46,485,2.78
46,486,2.27
46,487,3.13
46,488,2.94
46,489,4.17
46,490,4.17
46,491,2.5
46,492,6.25
46,493,4.55
46,494,2
46,495,2.27
46,496,2.5
46,497,2.78
46,498,6.25
46,499,2.17
46,500,5
47,1,4.55
47,2,2.17
47,3,3.13
47,4,3.13
47,5,2
47,6,2
47,7,2
47,8,10
47,9,2.08
47,10,8.33
47,11,2.78
47,12,2.78
47,13,2.17
47,14,2
47,15,3.33
47,16,3.85
47,17,2.38
47,18,2
47,19,2.38
47,20,2.63
47,21,2.17
47,22,10
47,23,10
47,24,7.14
47,25,10
47,26,2
47,27,10
47,28,2.78
47,29,7.14
47,30,3.33
47,31,4.17
47,32,2.08
47,33,4.55
47,34,5.56
47,35,4.55
47,36,5
47,37,3.57
47,38,2.94
47,39,10
47,40,2
47,41,3.13
47,42,5
47,43,3.13
47,44,2.38
47,45,2.27
47,46,8.33
47,47,8.33
47,48,2.63
47,49,2.27
47,50,2.38
47,51,4.55
47,52,2.78
47,53,4.55
47,54,7.14
47,55,2.08
47,56,7.14
47,57,2.17
47,58,3.57
47,59,3.57
47,60,2.27
47,61,10
47,62,8.33
47,63,2.17
47,64,8.33
47,65,5
47,66,4.17
47,67,2.17
47,68,4.55
47,69,2.27
47,70,10
47,71,3.33
47,72,2.5
47,73,2
47,74,5
47,75,4.55
47,76,2.94
47,77,2.17
47,78,2.94
47,79,2.27
47,80,2.63
47,81,2
47,82,5.56
47,83,2.78
47,84,2.78
47,85,2.08
47,86,5.56
47,87,4.55
47,88,4.55
47,89,5
47,90,2.08
47,91,2.38
47,92,6.25
47,93,8.33
47,94,2
47,95,2.17
47,96,5
47,97,2.63
47,98,5.56
47,99,2.94
47,100,2.63
47,101,2.63
47,102,4.17
47,103,10
47,104,2.17
47,105,2.17
47,106,5.56
47,107,3.57
47,108,2.78
47,109,2.38
47,110,2.27
47,111,3.85
47,112,2
47,113,7.14
47,114,3.13
47,115,2.27
47,116,3.85
47,117,2.27
47,118,6.25
47,119,2.78
47,120,2.38
47,121,10
47,122,2.5
47,123,2.94
47,124,8.33
47,125,6.25
47,126,5.56
47,127,5
47,128,2.17
47,129,2.17
47,130,3.13
47,131,4.17
47,132,6.25
47,133,2.94
47,134,8.33
47,135,3.13
47,136,2.78
47,137,3.33
47,138,2.78
47,139,5
47,140,2.08
47,141,4.17
47,142,7.14
47,143,2.63
47,144,2.27
47,145,2.5
47,146,2.27
47,147,2.63
47,148,6.25
47,149,2.17
47,150,2.17
47,151,2.27
47,152,7.14
47,153,4.55
47,154,6.25
47,155,6.25
47,156,7.14
47,157,3.33
47,158,2.78
47,159,3.33
47,160,3.33
47,161,10
47,162,2.5
47,163,2.17
47,164,2.78
47,165,5.56
47,166,5
47,167,2.27
47,168,3.57
47,169,3.85
47,170,5.56
47,171,3.57
47,172,2.38
47,173,4.55
47,174,3.33
47,175,7.14
47,176,4.17
47,177,4.17
47,178,3.33
47,179,5.56
47,180,5.56
47,181,3.13
47,182,7.14
47,183,2.17
47,184,4.55
47,185,3.57
47,186,2.5
47,187,8.33
47,188,3.85
47,189,7.14
47,190,2.27
47,191,2.63
47,192,2.08
47,193,2.94
47,194,3.57
47,195,2.94
47,196,3.33
47,197,2.27
47,198,2.5
47,199,5
47,200,5
47,201,2.78
47,202,5.56
47,203,2.38
47,204,2
47,205,8.33
47,206,3.57
47,207,3.33
47,208,2.63
47,209,3.33
47,210,10
47,211,2.08
47,212,3.13
47,213,5
47,214,2.27
47,215,6.25
47,216,2.38
47,217,5.56
47,218,3.85
47,219,3.33
47,220,6.25
47,221,2.38
47,222,7.14
47,223,5.56
47,224,6.25
47,225,8.33
47,226,2.17
47,227,4.17
47,228,2.27
47,229,3.33
47,230,4.55
47,231,5.56
47,232,3.85
47,233,2
47,234,3.33
47,235,3.85
47,236,2.78
47,237,3.13
47,238,5
47,239,5.56
47,240,7.14
47,241,3.13
47,242,2.78
47,243,7.14
47,244,2.17
47,245,5
47,246,8.33
47,247,2.27
47,248,5
47,249,3.57
47,250,2.5
47,251,2.94
47,252,3.33
47,253,4.17
47,254,2.78
47,255,5
47,256,3.13
47,257,4.17
47,258,2
47,259,4.17
47,260,3.85
47,261,4.55
47,262,3.85
47,263,3.85
47,264,2
47,265,8.33
47,266,2
47,267,2.78
47,268,2.5
47,269,5
47,270,4.55
47,271,2.27
47,272,3.85
47,273,5
47,274,2.78
47,275,5
47,276,3.57
47,277,2.08
47,278,2.27
47,279,4.17
47,280,2.94
47,281,3.57
47,282,2.08
47,283,5.56
47,284,3.13
47,285,5.56
47,286,8.33
47,287,2.5
47,288,2.08
47,289,2.27
47,290,7.14
47,291,4.55
47,292,2.38
47,293,7.14
47,294,2.94
47,295,6.25
47,296,2.17
47,297,8.33
47,298,10
47,299,5.56
47,300,7.14
47,301,2.17
47,302,3.33
47,303,2.63
47,304,4.55
47,305,4.55
47,306,3.57
47,307,3.57
47,308,7.14
47,309,3.57
47,310,2.27
47,311,2
47,312,2.38
47,313,5
47,314,2
47,315,10
47,316,2
47,317,10
47,318,7.14
47,319,7.14
47,320,3.57
47,321,3.33
47,322,2.63
47,323,2.27
47,324,2.5
47,325,8.33
47,326,2.38
47,327,7.14
47,328,2.38
47,329,2.27
47,330,4.55
47,331,4.17
47,332,2.17
47,333,2.17
47,334,2.63
47,335,8.33
47,336,4.55
47,337,6.25
47,338,3.85
47,339,2.63
47,340,2.78
47,341,3.13
47,342,2.5
47,343,2.27
47,344,2.17
47,345,6.25
47,346,2.5
47,347,2.63
47,348,2.27
47,349,3.85
47,350,2
47,351,2.5
47,352,8.33
47,353,7.14
47,354,2.27
47,355,2
47,356,2
47,357,2.63
47,358,4.17
47,359,7.14
47,360,3.13
47,361,2.5
47,362,3.57
47,363,2.08
47,364,4.17
47,365,2.78
47,366,3.57
47,367,3.13
47,368,3.13
47,369,2.27
47,370,2.38
47,371,6.25
47,372,6.25
47,373,5.56
47,374,2
47,375,8.33
47,376,2.5
47,377,3.33
47,378,4.17
47,379,10
47,380,2.63
47,381,3.13
47,382,4.55
47,383,2.38
47,384,2.38
47,385,7.14
47,386,5
47,387,2.38
47,388,2.78
47,389,7.14
47,390,4.17
47,391,2
47,392,2
47,393,2.5
47,394,7.14
47,395,4.55
47,396,3.85
47,397,2.27
47,398,2.5
47,399,2.63
47,400,2.17
47,401,5.56
47,402,5
47,403,3.33
47,404,3.33
47,405,2.63
47,406,2.08
47,407,2.17
47,408,2.5
47,409,5.56
47,410,2
47,411,5
47,412,5.56
47,413,3.85
47,414,5.56
47,415,3.13
47,416,5
47,417,2.5
47,418,8.33
47,419,5.56
47,420,2.78
47,421,2
47,422,3.13
47,423,2.27
47,424,4.17
47,425,2.5
47,426,2.94
47,427,2.78
47,428,3.13
47,429,2.17
47,430,2.27
47,431,2.38
47,432,2.38
47,433,2.78
47,434,2.27
47,435,2.08
47,436,2.78
47,437,2.17
47,438,2.08
47,439,2.27
47,440,2.94
47,441,8.33
47,442,7.14
47,443,8.33
47,444,3.57
47,445,2.94
47,446,5
47,447,3.57
47,448,2.5
47,449,2.27
47,450,4.17
47,451,3.57
47,452,4.55
47,453,2.17
47,454,2.17
47,455,4.55
47,456,2.17
47,457,2.78
47,458,2.38
47,459,6.25
47,460,3.85
47,461,2.78
47,462,10
47,463,3.33
47,464,2.63
47,465,2
47,466,10
47,467,4.17
47,468,4.17
47,469,5.56
47,470,2
47,471,3.33
47,472,8.33
47,473,2.27
47,474,5.56
47,475,3.57
47,476,2.5
47,477,3.13
47,478,2.38
47,479,7.14
47,480,2.5
47,481,3.13
47,482,4.17
47,483,2.63
47,484,5
47,485,2.5
47,486,4.55
47,487,5
47,488,10
47,489,2.27
47,490,8.33
47,491,5.56
47,492,3.13
47,493,6.25
47,494,4.17
47,495,2.78
47,496,4.17
47,497,3.33
47,498,2.78
47,499,4.55
47,500,4.17
48,1,8.33
48,2,2.63
48,3,10
48,4,3.57
48,5,2.78
48,6,2.94
48,7,5
48,8,3.13
48,9,3.33
48,10,2.17
48,11,2.78
48,12,4.55
48,13,2.78
48,14,2
48,15,2.08
48,16,6.25
48,17,4.55
48,18,4.17
48,19,3.85
48,20,5.56
48,21,3.33
48,22,2.78
48,23,5
48,24,2.63
48,25,2.5
48,26,5
48,27,2.17
48,28,8.33
48,29,3.33
48,30,2.27
48,31,3.57
48,32,10
48,33,2.78
48,34,7.14
48,35,2.27
48,36,4.17
48,37,6.25
48,38,8.33
48,39,3.57
48,40,2.78
48,41,2.27
48,42,2.94
48,43,3.57
48,44,2.63
48,45,2.94
48,46,2.5
48,47,5
48,48,2.94
48,49,5.56
48,50,2.78
48,51,2.78
48,52,2.38
48,53,3.33
48,54,7.14
48,55,4.55
48,56,2.78
48,57,2.17
48,58,2.63
48,59,3.13
48,60,5.56
48,61,2.78
48,62,2.63
48,63,2.38
48,64,3.85
48,65,3.57
48,66,4.17
48,67,3.85
48,68,2.63
48,69,7.14
48,70,5
48,71,2
48,72,7.14
48,73,3.85
48,74,2.38
48,75,5
48,76,6.25
48,77,5
48,78,4.55
48,79,3.57
48,80,2.78
48,81,5.56
48,82,6.25
48,83,3.57
48,84,2.27
48,85,10
48,86,3.33
48,87,5.56
48,88,2.94
48,89,3.85
48,90,2.27
48,91,10
48,92,5.56
48,93,6.25
48,94,2.08
48,95,10
48,96,3.13
48,97,2
48,98,3.85
48,99,8.33
48,100,10
48,101,2
48,102,5
48,103,2.78
48,104,2
48,105,2.08
48,106,2
48,107,8.33
48,108,2.38
48,109,3.57
48,110,2.94
48,111,2.63
48,112,2.08
48,113,2.38
48,114,6.25
48,115,2
48,116,5.56
48,117,2.78
48,118,4.17
48,119,2
48,120,2.94
48,121,4.17
48,122,2
48,123,6.25
48,124,5.56
48,125,4.55
48,126,10
48,127,7.14
48,128,2.08
48,129,2
48,130,8.33
48,131,2.08
48,132,4.55
48,133,2.78
48,134,6.25
48,135,7.14
48,136,2
48,137,2.63
48,138,3.13
48,139,2
48,140,2.38
48,141,2
48,142,2.94
48,143,2.27
48,144,5.56
48,145,2.63
48,146,2.63
48,147,2.27
48,148,2.38
48,149,5.56
48,150,3.33
48,151,5.56
48,152,2.27
48,153,2.27
48,154,2
48,155,2
48,156,2.38
48,157,2.38
48,158,2
48,159,3.33
48,160,5
48,161,8.33
48,162,2
48,163,2.5
48,164,2.94
48,165,4.17
48,166,2.08
48,167,3.85
48,168,2.63
48,169,5.56
48,170,3.13
48,171,3.13
48,172,4.17
48,173,2
48,174,2.17
48,175,3.85
48,176,2.5
48,177,2.63
48,178,7.14
48,179,3.57
48,180,2.17
48,181,2.08
48,182,3.85
48,183,2.38
48,184,6.25
48,185,3.57
48,186,4.55
48,187,10
48,188,3.13
48,189,3.13
48,190,2.27
48,191,2.08
48,192,3.57
48,193,6.25
48,194,3.85
48,195,2.08
48,196,2.5
48,197,2.5
48,198,10
48,199,3.13
48,200,3.57
48,201,2.63
48,202,2.27
48,203,10
48,204,2.63
48,205,2.94
48,206,8.33
48,207,4.55
48,208,2.38
48,209,2.78
48,210,2.78
48,211,4.17
48,212,7.14
48,213,2.78
48,214,7.14
48,215,2.94
48,216,2.63
48,217,4.17
48,218,7.14
48,219,3.85
48,220,7.14
48,221,2.17
48,222,3.57
48,223,5
48,224,3.85
48,225,5.56
48,226,3.33
48,227,2.5
48,228,2.63
48,229,3.33
48,230,3.33
48,231,2.08
48,232,10
48,233,2.78
48,234,3.85
48,235,2.27
48,236,2
48,237,8.33
48,238,2.94
48,239,2.78
48,240,3.85
48,241,3.85
48,242,10
48,243,6.25
48,244,4.55
48,245,4.17
48,246,2.38
48,247,2.5
48,248,8.33
48,249,7.14
48,250,6.25
48,251,2.78
48,252,2.94
48,253,2.38
48,254,5
48,255,5.56
48,256,7.14
48,257,5
48,258,3.33
48,259,2.17
48,260,5.56
48,261,3.33
48,262,2.94
48,263,2
48,264,3.57
48,265,2.78
48,266,2.5
48,267,2.08
48,268,4.55
48,269,2.08
48,270,3.33
48,271,3.13
48,272,3.85
48,273,2.94
48,274,3.85
48,275,4.17
48,276,4.55
48,277,5.56
48,278,2.78
48,279,2
48,280,2.63
48,281,5.56
48,282,2.08
48,283,5
48,284,3.13
48,285,2.5
48,286,2.17
48,287,7.14
48,288,3.33
48,289,2.78
48,290,2.08
48,291,2.5
48,292,2.38
48,293,2
48,294,2.94
48,295,4.17
48,296,5
48,297,5
48,298,3.85
48,299,2.5
48,300,5
48,301,6.25
48,302,2.94
48,303,2.17
48,304,8.33
48,305,2.08
48,306,2.5
48,307,2.38
48,308,2.78
48,309,6.25
48,310,5
48,311,5
48,312,2.63
48,313,2.63
48,314,6.25
48,315,2.08
48,316,2.08
48,317,4.17
48,318,2.63
48,319,2.27
48,320,10
48,321,5
48,322,3.85
48,323,2.78
48,324,10
48,325,8.33
48,326,2
48,327,2.17
48,328,10
48,329,3.57
48,330,10
48,331,2.94
48,332,2.94
48,333,4.17
48,334,2.08
48,335,2.38
48,336,8.33
48,337,2.17
48,338,3.57
48,339,2.17
48,340,2.27
48,341,3.33
48,342,6.25
48,343,2.27
48,344,2.5
48,345,2
48,346,2.17
48,347,5
48,348,4.55
48,349,2.17
48,350,2.78
48,351,2.63
48,352,2.78
48,353,2
48,354,2.94
48,355,2.5
48,356,8.33
48,357,2.5
48,358,3.13
48,359,6.25
48,360,2
48,361,3.33
48,362,2
48,363,2.17
48,364,3.33
48,365,6.25
48,366,7.14
48,367,6.25
48,368,6.25
48,369,4.17
48,370,4.55
48,371,2.63
48,372,3.57
48,373,3.85
48,374,5
48,375,2.63
48,376,3.33
48,377,2.08
48,378,3.85
48,379,2.38
48,380,5
48,381,2.63
48,382,4.55
48,383,10
48,384,2.78
48,385,2.38
48,386,4.17
48,387,2.78
48,388,2
48,389,2
48,390,6.25
48,391,5.56
48,392,5
48,393,2.5
48,394,2.5
48,395,8.33
48,396,7.14
48,397,3.33
48,398,3.85
48,399,2.63
48,400,2.63
48,401,4.17
48,402,10
48,403,2.08
48,404,7.14
48,405,2.78
48,406,2.27
48,407,3.85
48,408,3.57
48,409,2.5
48,410,2.78
48,411,4.17
48,412,2.08
48,413,7.14
48,414,8.33
48,415,6.25
48,416,2.63
48,417,2.38
48,418,4.17
48,419,2.38
48,420,2.17
48,421,2.17
48,422,10
48,423,2.94
48,424,2.08
48,425,2.08
48,426,3.13
48,427,2.08
48,428,2
48,429,6.25
48,430,3.13
48,431,3.57
48,432,5.56
48,433,5
48,434,3.57
48,435,3.13
48,436,2.38
48,437,3.57
48,438,2.63
48,439,2.78
48,440,5.56
48,441,2.08
48,442,5.56
48,443,2.5
48,444,8.33
48,445,7.14
48,446,2.94
48,447,3.33
48,448,2.94
48,449,2.5
48,450,2.5
48,451,2.38
48,452,2.78
48,453,2.08
48,454,3.57
48,455,2.27
48,456,3.33
48,457,2.63
48,458,2.17
48,459,2.78
48,460,5
48,461,2.27
48,462,4.17
48,463,2.08
48,464,5
48,465,2.17
48,466,3.57
48,467,3.33
48,468,2.5
48,469,3.85
48,470,3.85
48,471,2.63
48,472,2.27
48,473,2.5
48,474,5
48,475,3.33
48,476,3.85
48,477,2.27
48,478,2.63
48,479,2
48,480,7.14
48,481,5.56
48,482,8.33
48,483,4.17
48,484,10
48,485,2.94
48,486,5
48,487,4.17
48,488,8.33
48,489,3.33
48,490,5
48,491,2.63
48,492,2.17
48,493,4.17
48,494,8.33
48,495,3.33
48,496,5
48,497,3.57
48,498,4.17
48,499,2.17
48,500,2.5
49,1,4.17
49,2,6.25
49,3,5.56
49,4,2.08
49,5,6.25
49,6,2.78
49,7,10
49,8,10
49,9,2.08
49,10,6.25
49,11,2.5
49,12,3.33
49,13,3.13
49,14,2.63
49,15,2.17
49,16,6.25
49,17,7.14
49,18,2.08
49,19,7.14
49,20,2.63
49,21,4.55
49,22,8.33
49,23,2.27
49,24,5.56
49,25,2.17
49,26,2.78
49,27,3.85
49,28,3.57
49,29,6.25
49,30,3.85
49,31,3.13
49,32,7.14
49,33,7.14
49,34,2.5
49,35,8.33
49,36,3.85
49,37,10
49,38,6.25
49,39,3.85
49,40,8.33
49,41,7.14
49,42,2.17
49,43,3.33
49,44,5
49,45,2.78
49,46,10
49,47,3.13
49,48,2.38
49,49,3.57
49,50,2.08
49,51,2.08
49,52,8.33
49,53,3.57
49,54,2.5
49,55,10
49,56,2.17
49,57,8.33
49,58,4.17
49,59,5
49,60,5.56
49,61,2.5
49,62,3.85
49,63,3.57
49,64,7.14
49,65,3.57
49,66,3.57
49,67,2.94
49,68,3.85
49,69,5
49,70,2.5
49,71,5.56
49,72,2.94
49,73,3.33
49,74,2.94
49,75,2.17
49,76,3.57
49,77,3.13
49,78,8.33
49,79,2.78
49,80,2.78
49,81,2.27
49,82,2.08
49,83,8.33
49,84,3.13
49,85,2.17
49,86,2.17
49,87,2.38
49,88,2.94
49,89,2.08
49,90,2.17
49,91,2.78
49,92,7.14
49,93,3.33
49,94,2.17
49,95,3.13
49,96,3.13
49,97,7.14
49,98,2.27
49,99,7.14
49,100,3.33
49,101,2.63
49,102,2
49,103,2
49,104,4.55
49,105,2.08
49,106,2.38
49,107,5
49,108,3.57
49,109,2
49,110,5
49,111,2.08
49,112,10
49,113,2.08
49,114,8.33
49,115,3.57
49,116,5
49,117,2
49,118,3.85
49,119,4.17
49,120,2.27
49,121,7.14
49,122,4.55
49,123,2.38
49,124,3.33
49,125,8.33
49,126,2
49,127,2.5
49,128,2.63
49,129,2.5
49,130,2.27
49,131,3.85
49,132,2.78
49,133,4.17
49,134,3.13
49,135,3.13
49,136,8.33
49,137,2.17
49,138,5
49,139,2.5
49,140,4.55
49,141,10
49,142,5
49,143,2.78
49,144,7.14
49,145,2.63
49,146,3.33
49,147,4.55
49,148,5
49,149,6.25
49,150,4.17
49,151,7.14
49,152,4.17
49,153,2
49,154,5.56
49,155,5
49,156,3.85
49,157,4.17
49,158,4.17
49,159,2.78
49,160,2.38
49,161,2
49,162,2.27
49,163,2
49,164,10
49,165,5.56
49,166,4.55
49,167,3.85
49,168,3.13
49,169,2
49,170,4.55
49,171,5
49,172,7.14
49,173,3.57
49,174,2.94
49,175,3.85
49,176,7.14
49,177,2.17
49,178,5
49,179,2.78
49,180,2.78
49,181,3.57
49,182,2.17
49,183,3.57
49,184,4.55
49,185,2.38
49,186,4.17
49,187,3.85
49,188,6.25
49,189,5
49,190,2.5
49,191,4.17
49,192,5.56
49,193,3.57
49,194,4.17
49,195,4.55
49,196,2.5
49,197,2.78
49,198,2.78
49,199,2
49,200,2.08
49,201,2.27
49,202,5.56
49,203,2.78
49,204,5.56
49,205,4.55
49,206,5.56
49,207,3.33
49,208,5.56
49,209,2.5
49,210,2.27
49,211,3.13
49,212,5
49,213,4.55
49,214,2.5
49,215,7.14
49,216,3.13
49,217,10
49,218,5.56
49,219,2.27
49,220,2
49,221,7.14
49,222,10
49,223,4.17
49,224,10
49,225,2.17
49,226,5
49,227,7.14
49,228,2.63
49,229,2.27
49,230,3.33
49,231,4.17
49,232,2.17
49,233,3.85
49,234,3.33
49,235,3.85
49,236,2.27
49,237,4.55
49,238,3.85
49,239,2.78
49,240,6.25
49,241,3.33
49,242,3.33
49,243,2.63
49,244,3.33
49,245,2.38
49,246,10
49,247,2.17
49,248,2.27
49,249,2.38
49,250,2.63
49,251,3.13
49,252,2.08
49,253,5.56
49,254,2.17
49,255,2.08
49,256,2.38
49,257,4.55
49,258,3.57
49,259,2
49,260,3.85
49,261,4.55
49,262,2.38
49,263,4.17
49,264,2.78
49,265,2
49,266,2.94
49,267,2
49,268,5
49,269,3.13
49,270,2.08
49,271,5.56
49,272,2.63
49,273,2.63
49,274,2.94
49,275,2.94
49,276,2.08
49,277,2.94
49,278,5
49,279,2.27
49,280,4.55
49,281,2
49,282,2.94
49,283,2.63
49,284,2.27
49,285,7.14
49,286,7.14
49,287,2.94
49,288,3.85
49,289,7.14
49,290,2
49,291,3.33
49,292,6.25
49,293,2.94
49,294,2.27
49,295,4.55
49,296,2.78
49,297,5
49,298,2.63
49,299,8.33
49,300,2.38
49,301,2.08
49,302,2.78
49,303,4.17
49,304,3.13
49,305,8.33
49,306,4.17
49,307,3.33
49,308,2.38
49,309,5.56
49,310,7.14
49,311,10
49,312,8.33
49,313,2.5
49,314,3.85
49,315,5.56
49,316,2.17
49,317,2.63
49,318,6.25
49,319,2.94
49,320,2
49,321,8.33
49,322,2.17
49,323,2.63
49,324,2.78
49,325,2.17
49,326,4.55
49,327,6.25
49,328,7.14
49,329,3.57
49,330,6.25
49,331,2.17
49,332,6.25
49,333,2.63
49,334,2.5
49,335,10
49,336,2.38
49,337,3.13
49,338,3.13
49,339,2.63
49,340,4.55
49,341,2.38
49,342,4.55
49,343,7.14
49,344,10
49,345,2.78
49,346,4.55
49,347,5
49,348,2.27
49,349,3.57
49,350,2.27
49,351,2.78
49,352,2
49,353,2.63
49,354,5.56
49,355,2.5
49,356,2.17
49,357,10
49,358,2.94
49,359,10
49,360,2.5
49,361,5
49,362,2.63
49,363,7.14
49,364,2.78
49,365,3.85
49,366,3.33
49,367,7.14
49,368,2.78
49,369,5
49,370,3.33
49,371,4.55
49,372,2.08
49,373,5
49,374,2.17
49,375,8.33
49,376,2.17
49,377,2.78
49,378,3.13
49,379,2.63
49,380,2.94
49,381,6.25
49,382,5.56
49,383,2.27
49,384,3.33
49,385,5.56
49,386,3.33
49,387,7.14
49,388,4.17
49,389,2.94
49,390,2.08
49,391,10
49,392,5
49,393,2.94
49,394,2.38
49,395,3.13
49,396,3.33
49,397,2.94
49,398,6.25
49,399,3.33
49,400,2.17
49,401,5.56
49,402,5.56
49,403,2.94
49,404,2.63
49,405,2.94
49,406,2.38
49,407,3.13
49,408,3.13
49,409,2.5
49,410,6.25
49,411,2.27
49,412,2.27
49,413,3.57
49,414,5.56
49,415,4.55
49,416,7.14
49,417,2.94
49,418,2.08
49,419,3.13
49,420,2.78
49,421,10
49,422,3.85
49,423,2
49,424,2.27
49,425,3.33
49,426,2.78
49,427,3.33
49,428,2.38
49,429,2.63
49,430,2.5
49,431,8.33
49,432,2.17
49,433,2.08
49,434,2.08
49,435,2.27
49,436,3.33
49,437,2.78
49,438,2
49,439,5.56
49,440,6.25
49,441,4.17
49,442,2.63
49,443,3.13
49,444,2.27
49,445,2.17
49,446,2
49,447,10
49,448,8.33
49,449,7.14
49,450,3.33
49,451,2.38
49,452,2.08
49,453,2.78
49,454,2
49,455,2.27
49,456,2.08
49,457,2.78
49,458,2.63
49,459,10
49,460,4.17
49,461,2.27
49,462,7.14
49,463,2.78
49,464,2.08
49,465,6.25
49,466,2.27
49,467,10
49,468,4.55
49,469,2
49,470,2.5
49,471,3.85
49,472,3.13
49,473,2.5
49,474,3.85
49,475,10
49,476,3.57
49,477,3.85
49,478,2.27
49,479,2.5
49,480,2.17
49,481,10
49,482,4.55
49,483,2
49,484,6.25
49,485,3.57
49,486,5.56
49,487,2.78
49,488,3.85
49,489,2.78
49,490,2
49,491,3.57
49,492,2.78
49,493,2.08
49,494,3.85
49,495,2.94
49,496,2.27
49,497,3.57
49,498,8.33
49,499,4.17
49,500,7.14
50,1,8.33
50,2,2.94
50,3,3.33
50,4,2.5
50,5,2.94
50,6,4.55
50,7,2.27
50,8,3.57
50,9,2.17
50,10,2.38
50,11,5
50,12,8.33
50,13,2.78
50,14,5
50,15,4.17
50,16,3.13
50,17,2.17
50,18,2.38
50,19,2.08
50,20,4.17
50,21,3.33
50,22,4.55
50,23,4.17
50,24,2.08
50,25,4.17
50,26,2.17
50,27,5.56
50,28,2
50,29,2.63
50,30,2.38
50,31,2.38
50,32,2.17
50,33,2.08
50,34,6.25
50,35,2.78
50,36,8.33
50,37,3.13
50,38,3.33
50,39,2.5
50,40,4.55
50,41,2.94
50,42,5.56
50,43,6.25
50,44,4.55
50,45,2
50,46,4.55
50,47,2
50,48,2.94
50,49,5.56
50,50,2.38
50,51,4.55
50,52,2.08
50,53,2.17
50,54,2.38
50,55,4.17
50,56,4.17
50,57,7.14
50,58,3.57
50,59,2.17
50,60,2.38
50,61,2.63
50,62,4.55
50,63,3.13
50,64,3.85
50,65,3.57
50,66,2.63
50,67,5
50,68,10
50,69,4.55
50,70,3.33
50,71,2.63
50,72,3.33
50,73,8.33
50,74,2.08
50,75,7.14
50,76,2.94
50,77,4.17
50,78,2.5
50,79,3.57
50,80,5.56
50,81,5
50,82,3.33
50,83,6.25
50,84,7.14
50,85,8.33
50,86,4.55
50,87,10
50,88,2.08
50,89,3.85
50,90,3.85
50,91,10
50,92,10
50,93,5
50,94,3.57
50,95,3.57
50,96,3.33
50,97,5.56
50,98,8.33
50,99,4.17
50,100,2
50,101,2.63
50,102,3.85
50,103,6.25
50,104,2.27
50,105,5.56
50,106,4.17
50,107,3.85
50,108,10
50,109,3.33
50,110,5
50,111,5.56
50,112,2
50,113,2.94
50,114,3.13
50,115,8.33
50,116,5.56
50,117,3.33
50,118,7.14
50,119,3.13
50,120,2.08
50,121,6.25
50,122,2.63
50,123,8.33
50,124,2.78
50,125,3.13
50,126,4.55
50,127,7.14
50,128,10
50,129,5
50,130,10
50,131,2.94
50,132,3.57
50,133,5.56
50,134,6.25
50,135,4.55
50,136,2.27
50,137,2.08
50,138,2.08
50,139,2.27
50,140,5
50,141,6.25
50,142,2.94
50,143,2.08
50,144,6.25
50,145,2.78
50,146,2.5
50,147,5.56
50,148,8.33
50,149,5.56
50,150,2.78
50,151,4.17
50,152,6.25
50,153,5
50,154,2.94
50,155,3.85
50,156,2.08
50,157,2.08
50,158,2.27
50,159,6.25
50,160,3.57
50,161,10
50,162,3.85
50,163,6.25
50,164,7.14
50,165,2.5
50,166,2.38
50,167,2
50,168,2.17
50,169,2.94
50,170,2
50,171,7.14
50,172,3.57
50,173,3.33
50,174,2.38
50,175,2.5
50,176,3.33
50,177,2.08
50,178,3.13
50,179,2.08
50,180,4.17
50,181,2.78
50,182,3.13
50,183,2.5
50,184,3.33
50,185,4.17
50,186,2
50,187,2.38
50,188,6.25
50,189,2
50,190,2
50,191,2.08
50,192,3.85
50,193,2.5
50,194,2.94
50,195,5
50,196,2
50,197,2.5
50,198,6.25
50,199,7.14
50,200,3.85
50,201,2.5
50,202,2.94
50,203,7.14
50,204,3.33
50,205,2
50,206,2.78
50,207,2.78
50,208,3.33
50,209,2.38
50,210,2.94
50,211,2
50,212,2.5
50,213,4.55
50,214,3.85
50,215,5.56
50,216,8.33
50,217,3.33
50,218,5.56
50,219,10
50,220,3.13
50,221,3.57
50,222,4.55
50,223,2.17
50,224,2.27
50,225,2.08
50,226,2
50,227,6.25
50,228,2.5
50,229,2.17
50,230,2.94
50,231,2.08
50,232,4.17
50,233,3.57
50,234,8.33
50,235,10
50,236,2.94
50,237,2.78
50,238,2
50,239,3.13
50,240,2.78
50,241,8.33
50,242,3.57
50,243,3.13
50,244,2.94
50,245,10
50,246,2.94
50,247,5.56
50,248,5.56
50,249,4.55
50,250,5.56
50,251,2.5
50,252,2.94
50,253,6.25
50,254,2.17
50,255,5
50,256,3.13
50,257,5
50,258,2.08
50,259,3.57
50,260,3.57
50,261,6.25
50,262,3.85
50,263,2.08
50,264,10
50,265,3.57
50,266,8.33
50,267,3.85
50,268,2.63
50,269,3.13
50,270,2.78
50,271,2.17
50,272,4.17
50,273,2.63
50,274,6.25
50,275,2.63
50,276,8.33
50,277,5
50,278,5
50,279,2.08
50,280,2.27
50,281,2.78
50,282,5
50,283,3.33
50,284,4.17
50,285,2.63
50,286,2.78
50,287,2.08
50,288,2.5
50,289,5.56
50,290,7.14
50,291,5.56
50,292,4.55
50,293,2.08
50,294,2.17
50,295,2.78
50,296,3.57
50,297,2.08
50,298,3.57
50,299,7.14
50,300,4.55
50,301,2.5
50,302,3.33
50,303,8.33
50,304,4.17
50,305,3.13
50,306,2.63
50,307,5
50,308,5
50,309,2.78
50,310,2.38
50,311,2.27
50,312,3.85
50,313,2.27
50,314,2
50,315,8.33
50,316,4.17
50,317,3.13
50,318,6.25
50,319,3.33
50,320,2.63
50,321,2.5
50,322,5
50,323,5.56
50,324,8.33
50,325,2.5
50,326,2.5
50,327,5
50,328,4.55
50,329,3.85
50,330,4.17
50,331,2.17
50,332,2.63
50,333,2.17
50,334,2.08
50,335,4.17
50,336,2.5
50,337,3.13
50,338,2.27
50,339,2.78
50,340,8.33
50,341,2.63
50,342,3.33
50,343,2.5
50,344,2.17
50,345,2.78
50,346,2.94
50,347,2.17
50,348,2.08
50,349,5
50,350,2.94
50,351,2.94
50,352,2
50,353,2.17
50,354,2.27
50,355,3.13
50,356,8.33
50,357,4.17
50,358,2
50,359,2.94
50,360,8.33
50,361,8.33
50,362,2.78
50,363,2.63
50,364,3.13
50,365,2.63
50,366,3.13
50,367,4.55
50,368,5.56
50,369,2.17
50,370,4.17
50,371,5
50,372,2.08
50,373,3.33
50,374,2.63
50,375,2
50,376,6.25
50,377,6.25
50,378,4.17
50,379,2.38
50,380,6.25
50,381,5.56
50,382,2.27
50,383,2.63
50,384,2.63
50,385,7.14
50,386,10
50,387,5
50,388,5.56
50,389,2
50,390,2.78
50,391,7.14
50,392,7.14
50,393,7.14
50,394,5
50,395,4.17
50,396,2.94
50,397,4.17
50,398,2.08
50,399,2.17
50,400,7.14
50,401,6.25
50,402,2.94
50,403,2.38
50,404,2.27
50,405,5
50,406,2
50,407,2.08
50,408,8.33
50,409,2.08
50,410,3.33
50,411,2.63
50,412,3.13
50,413,2.08
50,414,2.38
50,415,3.57
50,416,3.13
50,417,2.63
50,418,2.94
50,419,2.38
50,420,10
50,421,2.78
50,422,3.85
50,423,3.57
50,424,3.13
50,425,5.56
50,426,4.55
50,427,2
50,428,5.56
50,429,2.08
50,430,4.17
50,431,3.57
50,432,2.5
50,433,2.38
50,434,2.63
50,435,2
50,436,10
50,437,2.08
50,438,4.17
50,439,7.14
50,440,3.57
50,441,2.5
50,442,4.17
50,443,7.14
50,444,3.13
50,445,2
50,446,2.63
50,447,2.5
50,448,7.14
50,449,3.33
50,450,2.27
50,451,5.56
50,452,5.56
50,453,2.94
50,454,2.08
50,455,3.57
50,456,10
50,457,2.08
50,458,3.13
50,459,2.27
50,460,3.57
50,461,8.33
50,462,4.55
50,463,2.63
50,464,2.94
50,465,2.63
50,466,2.5
50,467,2
50,468,4.55
50,469,10
50,470,2.08
50,471,5
50,472,2.08
50,473,6.25
50,474,4.17
50,475,2.17
50,476,2.17
50,477,3.85
50,478,10
50,479,2.17
50,480,2.08
50,481,3.57
50,482,3.57
50,483,2.78
50,484,3.33
50,485,2
50,486,7.14
50,487,6.25
50,488,3.85
50,489,2.08
50,490,10
50,491,2.17
50,492,6.25
50,493,10
50,494,3.13
50,495,2.63
50,496,3.85
50,497,2.08
50,498,5
50,499,2.08
50,500,8.33
51,1,7.14
51,2,2.78
51,3,4.17
51,4,2.5
51,5,4.17
51,6,3.13
51,7,2.17
51,8,2.38
51,9,2
51,10,7.14
51,11,2.63
51,12,6.25
51,13,4.55
51,14,4.17
51,15,5.56
51,16,5
51,17,5.56
51,18,2.5
51,19,3.33
51,20,3.85
51,21,2.27
51,22,4.17
51,23,6.25
51,24,3.57
51,25,2.08
51,26,3.85
51,27,8.33
51,28,2.5
51,29,3.85
51,30,3.85
51,31,5.56
51,32,5
51,33,10
51,34,2
51,35,3.33
51,36,2.78
51,37,2.94
51,38,3.85
51,39,2.63
51,40,2.17
51,41,8.33
51,42,2.38
51,43,3.85
51,44,2.08
51,45,7.14
51,46,7.14
51,47,5
51,48,3.33
51,49,7.14
51,50,2.78
51,51,3.33
51,52,4.17
51,53,3.85
51,54,7.14
51,55,2
51,56,3.57
51,57,2.08
51,58,2.5
51,59,3.33
51,60,3.13
51,61,4.17
51,62,2.63
51,63,2.08
51,64,5
51,65,4.17
51,66,2.78
51,67,3.85
51,68,4.55
51,69,6.25
51,70,2.78
51,71,2.63
51,72,7.14
51,73,2.27
51,74,2.08
51,75,8.33
51,76,2.63
51,77,2.94
51,78,2.63
51,79,4.55
51,80,2
51,81,3.13
51,82,2.08
51,83,8.33
51,84,2.78
51,85,2.63
51,86,5
51,87,5
51,88,2.94
51,89,2.5
51,90,3.85
51,91,5.56
51,92,2.94
51,93,2.27
51,94,4.17
51,95,2
51,96,3.33
51,97,2.63
51,98,7.14
51,99,4.55
51,100,6.25
51,101,3.13
51,102,6.25
51,103,4.55
51,104,7.14
51,105,4.55
51,106,3.13
51,107,2.5
51,108,2.94
51,109,2.08
51,110,5
51,111,2.94
51,112,2
51,113,2.94
51,114,2.5
51,115,2.5
51,116,2.5
51,117,2.78
51,118,8.33
51,119,2.5
51,120,7.14
51,121,7.14
51,122,2.17
51,123,2.63
51,124,8.33
51,125,4.17
51,126,2
51,127,2.17
51,128,2.27
51,129,10
51,130,2.5
51,131,5
51,132,2.08
51,133,3.13
51,134,2.17
51,135,5.56
51,136,4.55
51,137,2.5
51,138,3.13
51,139,2
51,140,2.63
51,141,2.08
51,142,5
51,143,7.14
51,144,2.38
51,145,2.94
51,146,8.33
51,147,3.57
51,148,2.94
51,149,4.17
51,150,3.13
51,151,2.38
51,152,5
51,153,3.57
51,154,8.33
51,155,7.14
51,156,8.33
51,157,5.56
51,158,7.14
51,159,2.27
51,160,3.85
51,161,6.25
51,162,8.33
51,163,8.33
51,164,10
51,165,2.17
51,166,2.94
51,167,3.85
51,168,2.27
51,169,5
51,170,3.33
51,171,5
51,172,3.57
51,173,7.14
51,174,2.78
51,175,2
51,176,10
51,177,2.38
51,178,2.27
51,179,10
51,180,3.57
51,181,2.08
51,182,2.17
51,183,2.38
51,184,2.38
51,185,3.57
51,186,2.17
51,187,2.27
51,188,2.38
51,189,2.27
51,190,2
51,191,4.55
51,192,4.17
51,193,7.14
51,194,2.63
51,195,2.5
51,196,5
51,197,2
51,198,2.94
51,199,2.78
51,200,2.27
51,201,4.17
51,202,3.85
51,203,3.33
51,204,3.13
51,205,5.56
51,206,8.33
51,207,2.08
51,208,2.38
51,209,5
51,210,2.38
51,211,2.94
51,212,2.5
51,213,5
51,214,2.63
51,215,5
51,216,3.85
51,217,5.56
51,218,2.17
51,219,2
51,220,2.08
51,221,2.94
51,222,5.56
51,223,3.57
51,224,2.38
51,225,2.08
51,226,3.33
51,227,2.38
51,228,7.14
51,229,7.14
51,230,8.33
51,231,8.33
51,232,2.17
51,233,3.33
51,234,2.63
51,235,2.27
51,236,5
51,237,2.5
51,238,2.08
51,239,2
51,240,2.08
51,241,4.55
51,242,2
51,243,5
51,244,2.78
51,245,6.25
51,246,2
51,247,7.14
51,248,7.14
51,249,2.08
51,250,4.55
51,251,2.78
51,252,3.85
51,253,2.63
51,254,4.17
51,255,3.85
51,256,6.25
51,257,7.14
51,258,5.56
51,259,2.78
51,260,2
51,261,2.08
51,262,2.78
51,263,2.17
51,264,8.33
51,265,2.08
51,266,2.17
51,267,3.85
51,268,3.57
51,269,6.25
51,270,3.33
51,271,2.78
51,272,5
51,273,10
51,274,7.14
51,275,8.33
51,276,5
51,277,2.5
51,278,2.63
51,279,4.17
51,280,2.27
51,281,3.33
51,282,2.5
51,283,2.08
51,284,2.63
51,285,2.5
51,286,2.17
51,287,10
51,288,2.08
51,289,4.17
51,290,2.94
51,291,4.17
51,292,4.17
51,293,5.56
51,294,5
51,295,2.27
51,296,2.17
51,297,10
51,298,2.38
51,299,2.08
51,300,2.5
51,301,10
51,302,2.63
51,303,2.27
51,304,5
51,305,4.17
51,306,6.25
51,307,3.85
51,308,2.38
51,309,4.17
51,310,5.56
51,311,2.38
51,312,2.27
51,313,3.33
51,314,2.78
51,315,2.38
51,316,2.38
51,317,2.27
51,318,2.94
51,319,6.25
51,320,2.17
51,321,4.55
51,322,2.78
51,323,10
51,324,2.38
51,325,2.08
51,326,2.78
51,327,4.17
51,328,4.55
51,329,5
51,330,2.08
51,331,2.5
51,332,3.13
51,333,4.55
51,334,3.57
51,335,5
51,336,5
51,337,2.08
51,338,5.56
51,339,2.63
51,340,3.33
51,341,2.27
51,342,3.57
51,343,6.25
51,344,3.33
51,345,5
51,346,4.17
51,347,3.33
51,348,8.33
51,349,2.27
51,350,4.55
51,351,8.33
51,352,4.17
51,353,2.17
51,354,2.08
51,355,4.55
51,356,2.38
51,357,2.38
51,358,2.94
51,359,8.33
51,360,2
51,361,8.33
51,362,3.13
51,363,2.27
51,364,2.27
51,365,3.57
51,366,3.33
51,367,2
51,368,3.85
51,369,4.17
51,370,2.63
51,371,2.63
51,372,6.25
51,373,10
51,374,5.56
51,375,2.17
51,376,8.33
51,377,2.63
51,378,3.13
51,379,2.27
51,380,4.55
51,381,5.56
51,382,5
51,383,3.33
51,384,4.55
51,385,3.13
51,386,7.14
51,387,4.17
51,388,10
51,389,4.17
51,390,5.56
51,391,2.27
51,392,6.25
51,393,10
51,394,2.94
51,395,2
51,396,7.14
51,397,6.25
51,398,2.78
51,399,4.55
51,400,2.38
51,401,2.63
51,402,3.13
51,403,2.5
51,404,5.56
51,405,2.5
51,406,8.33
51,407,5
51,408,3.57
51,409,4.17
51,410,4.17
51,411,2.78
51,412,4.17
51,413,5
51,414,2.08
51,415,2.08
51,416,6.25
51,417,2.17
51,418,3.33
51,419,5
51,420,7.14
51,421,5.56
51,422,3.33
51,423,3.13
51,424,7.14
51,425,3.13
51,426,5
51,427,2.08
51,428,6.25
51,429,2.17
51,430,8.33
51,431,2.08
51,432,2.38
51,433,2.17
51,434,2.08
51,435,2.5
51,436,10
51,437,6.25
51,438,4.17
51,439,4.55
51,440,2.63
51,441,5
51,442,3.57
51,443,3.33
51,444,8.33
51,445,3.13
51,446,2.27
51,447,3.13
51,448,6.25
51,449,8.33
51,450,4.17
51,451,4.17
51,452,2.94
51,453,2.94
51,454,10
51,455,4.55
51,456,7.14
51,457,5.56
51,458,7.14
51,459,3.85
51,460,2.08
51,461,6.25
51,462,8.33
51,463,2.27
51,464,3.13
51,465,2.78
51,466,2.78
51,467,3.33
51,468,8.33
51,469,2.38
51,470,4.17
51,471,7.14
51,472,2.17
51,473,8.33
51,474,2.08
51,475,2.5
51,476,4.17
51,477,10
51,478,2.38
51,479,3.85
51,480,3.33
51,481,5.56
51,482,4.17
51,483,5.56
51,484,2.5
51,485,10
51,486,2.17
51,487,3.13
51,488,5
51,489,2.17
51,490,2.94
51,491,5.56
51,492,8.33
51,493,3.85
51,494,3.85
51,495,10
51,496,2.78
51,497,10
51,498,5
51,499,4.55
51,500,2.27
52,1,7.14
52,2,2.08
52,3,3.13
52,4,2
52,5,6.25
52,6,10
52,7,3.33
52,8,2
52,9,7.14
52,10,2.78
52,11,2.38
52,12,5
52,13,4.17
52,14,2.78
52,15,2.38
52,16,7.14
52,17,8.33
52,18,2.17
52,19,2.94
52,20,3.13
52,21,10
52,22,4.17
52,23,5
52,24,6.25
52,25,2.27
52,26,5.56
52,27,7.14
52,28,7.14
52,29,2.94
52,30,8.33
52,31,3.13
52,32,3.33
52,33,4.55
52,34,5.56
52,35,4.17
52,36,2.94
52,37,4.55
52,38,4.17
52,39,2.27
52,40,7.14
52,41,2.78
52,42,2
52,43,3.33
52,44,3.13
52,45,10
52,46,3.57
52,47,3.85
52,48,3.33
52,49,2.94
52,50,10
52,51,2.63
52,52,2.5
52,53,2.5
52,54,2.17
52,55,2.94
52,56,2.63
52,57,6.25
52,58,2
52,59,10
52,60,2.17
52,61,4.17
52,62,2
52,63,6.25
52,64,4.55
52,65,3.33
52,66,2
52,67,2.78
52,68,2.63
52,69,4.17
52,70,2.63
52,71,7.14
52,72,7.14
52,73,2.63
52,74,2.38
52,75,2.08
52,76,3.85
52,77,4.55
52,78,2.5
52,79,3.13
52,80,2
52,81,4.17
52,82,4.17
52,83,3.57
52,84,10
52,85,7.14
52,86,5.56
52,87,10
52,88,8.33
52,89,3.13
52,90,8.33
52,91,3.57
52,92,2.38
52,93,3.13
52,94,5.56
52,95,2.5
52,96,7.14
52,97,2.5
52,98,6.25
52,99,4.17
52,100,3.85
52,101,2
52,102,2.17
52,103,8.33
52,104,2
52,105,5.56
52,106,2.08
52,107,4.55
52,108,5
52,109,2.63
52,110,7.14
52,111,2.5
52,112,5
52,113,2.38
52,114,3.13
52,115,3.85
52,116,5
52,117,3.13
52,118,2.63
52,119,4.17
52,120,2.63
52,121,5.56
52,122,2.08
52,123,5
52,124,2.17
52,125,2.27
52,126,4.17
52,127,4.55
52,128,4.55
52,129,7.14
52,130,5.56
52,131,5
52,132,6.25
52,133,8.33
52,134,3.85
52,135,10
52,136,2.17
52,137,3.33
52,138,2.27
52,139,4.17
52,140,2
52,141,4.55
52,142,2.27
52,143,8.33
52,144,2.27
52,145,2.63
52,146,2.17
52,147,2
52,148,2
52,149,10
52,150,2
52,151,4.17
52,152,10
52,153,2.17
52,154,4.17
52,155,2.27
52,156,3.33
52,157,2.94
52,158,4.17
52,159,4.17
52,160,3.13
52,161,2.5
52,162,8.33
52,163,2.94
52,164,3.33
52,165,8.33
52,166,10
52,167,8.33
52,168,2.08
52,169,3.85
52,170,2.63
52,171,10
52,172,3.57
52,173,4.17
52,174,4.17
52,175,5
52,176,2.5
52,177,3.13
52,178,3.33
52,179,2.5
52,180,5
52,181,3.57
52,182,4.55
52,183,3.85
52,184,2.08
52,185,2.38
52,186,5
52,187,3.57
52,188,10
52,189,2.08
52,190,2.5
52,191,10
52,192,2.94
52,193,8.33
52,194,7.14
52,195,5
52,196,3.57
52,197,7.14
52,198,3.57
52,199,3.33
52,200,2.63
52,201,2.78
52,202,7.14
52,203,6.25
52,204,6.25
52,205,8.33
52,206,2.5
52,207,3.13
52,208,3.85
52,209,2.78
52,210,2.94
52,211,3.13
52,212,2.78
52,213,2.78
52,214,2.94
52,215,2.27
52,216,7.14
52,217,10
52,218,3.33
52,219,2.08
52,220,2.63
52,221,2.94
52,222,2.78
52,223,2.27
52,224,10
52,225,3.85
52,226,5
52,227,6.25
52,228,2.94
52,229,6.25
52,230,2.38
52,231,5.56
52,232,3.57
52,233,3.13
52,234,5.56
52,235,10
52,236,2.08
52,237,5
52,238,3.33
52,239,10
52,240,3.33
52,241,2.08
52,242,4.17
52,243,3.13
52,244,5
52,245,5
52,246,3.33
52,247,4.55
52,248,3.33
52,249,4.17
52,250,5
52,251,5
52,252,3.13
52,253,2
52,254,7.14
52,255,2.08
52,256,3.57
52,257,6.25
52,258,3.13
52,259,10
52,260,2
52,261,2.63
52,262,2.78
52,263,3.57
52,264,3.33
52,265,7.14
52,266,2.94
52,267,2
52,268,2.63
52,269,2.27
52,270,4.17
52,271,3.57
52,272,2.17
52,273,2.5
52,274,7.14
52,275,2.94
52,276,3.33
52,277,3.57
52,278,3.13
52,279,3.85
52,280,2.08
52,281,7.14
52,282,5.56
52,283,10
52,284,6.25
52,285,2.63
52,286,5.56
52,287,2.78
52,288,2.5
52,289,4.55
52,290,4.17
52,291,2.63
52,292,2.27
52,293,2.94
52,294,2
52,295,5
52,296,3.13
52,297,5.56
52,298,10
52,299,8.33
52,300,2.94
52,301,4.17
52,302,3.33
52,303,8.33
52,304,2.94
52,305,5
52,306,3.85
52,307,3.57
52,308,3.85
52,309,2.5
52,310,2
52,311,6.25
52,312,5.56
52,313,2.94
52,314,2.27
52,315,5
52,316,4.55
52,317,2
52,318,8.33
52,319,2
52,320,5
52,321,3.13
52,322,5
52,323,2.78
52,324,7.14
52,325,8.33
52,326,3.85
52,327,2.94
52,328,2.94
52,329,5
52,330,5.56
52,331,5
52,332,10
52,333,3.13
52,334,5.56
52,335,6.25
52,336,7.14
52,337,2.27
52,338,2
52,339,5.56
52,340,10
52,341,2.94
52,342,3.33
52,343,2
52,344,2.08
52,345,2.27
52,346,2.63
52,347,7.14
52,348,4.17
52,349,4.55
52,350,5.56
52,351,8.33
52,352,2.38
52,353,2.08
52,354,3.33
52,355,6.25
52,356,7.14
52,357,3.85
52,358,2.17
52,359,5.56
52,360,2.94
52,361,3.33
52,362,3.13
52,363,2.78
52,364,3.13
52,365,7.14
52,366,4.55
52,367,7.14
52,368,2.94
52,369,8.33
52,370,5
52,371,2.17
52,372,4.55
52,373,3.33
52,374,6.25
52,375,2.08
52,376,3.13
52,377,7.14
52,378,3.85
52,379,2.27
52,380,2.63
52,381,6.25
52,382,4.55
52,383,3.33
52,384,2.27
52,385,3.85
52,386,4.55
52,387,6.25
52,388,3.13
52,389,2
52,390,8.33
52,391,2.17
52,392,4.55
52,393,8.33
52,394,3.33
52,395,2.38
52,396,2.63
52,397,3.85
52,398,2.17
52,399,3.13
52,400,8.33
52,401,3.33
52,402,2.38
52,403,4.17
52,404,2.5
52,405,2.08
52,406,5
52,407,4.17
52,408,4.55
52,409,2.78
52,410,2
52,411,5
52,412,7.14
52,413,8.33
52,414,7.14
52,415,2.38
52,416,3.57
52,417,3.13
52,418,2.27
52,419,3.33
52,420,5
52,421,4.17
52,422,8.33
52,423,6.25
52,424,4.55
52,425,5
52,426,4.17
52,427,4.55
52,428,2.78
52,429,2.5
52,430,3.85
52,431,2.17
52,432,5.56
52,433,3.85
52,434,4.17
52,435,10
52,436,5.56
52,437,6.25
52,438,2.08
52,439,3.33
52,440,4.17
52,441,3.57
52,442,5.56
52,443,2.5
52,444,2.38
52,445,10
52,446,5.56
52,447,2
52,448,5
52,449,2.78
52,450,5.56
52,451,10
52,452,2.94
52,453,5
52,454,2.17
52,455,10
52,456,4.55
52,457,2.38
52,458,2.17
52,459,4.17
52,460,7.14
52,461,4.17
52,462,2.63
52,463,3.13
52,464,5
52,465,3.33
52,466,5.56
52,467,2.94
52,468,2.78
52,469,2.5
52,470,2.94
52,471,10
52,472,7.14
52,473,2.08
52,474,3.13
52,475,4.17
52,476,2.17
52,477,3.13
52,478,5
52,479,2.27
52,480,2
52,481,5
52,482,5
52,483,2
52,484,2.78
52,485,4.17
52,486,2.38
52,487,5
52,488,2.63
52,489,5
52,490,2.17
52,491,3.13
52,492,2.17
52,493,2.38
52,494,7.14
52,495,5
52,496,2.08
52,497,8.33
52,498,2.08
52,499,6.25
52,500,2
53,1,2.63
53,2,5.56
53,3,3.33
53,4,5.56
53,5,3.33
53,6,2.63
53,7,2.08
53,8,5
53,9,3.13
53,10,4.17
53,11,2.94
53,12,2
53,13,4.55
53,14,2.17
53,15,3.85
53,16,2.38
53,17,2
53,18,3.85
53,19,2.38
53,20,6.25
53,21,5.56
53,22,2
53,23,5.56
53,24,5.56
53,25,2.38
53,26,4.55
53,27,10
53,28,8.33
53,29,3.33
53,30,2.17
53,31,3.33
53,32,8.33
53,33,4.55
53,34,5
53,35,5.56
53,36,2.63
53,37,2.17
53,38,3.33
53,39,2.27
53,40,3.85
53,41,5.56
53,42,4.17
53,43,8.33
53,44,3.33
53,45,4.55
53,46,2
53,47,2.63
53,48,5
53,49,4.17
53,50,8.33
53,51,2.27
53,52,5
53,53,5
53,54,10
53,55,7.14
53,56,2.94
53,57,2.27
53,58,2.17
53,59,5.56
53,60,7.14
53,61,3.85
53,62,2.94
53,63,2.94
53,64,7.14
53,65,3.85
53,66,2.38
53,67,2
53,68,2.63
53,69,2.63
53,70,10
53,71,7.14
53,72,2.78
53,73,3.85
53,74,2.5
53,75,2.17
53,76,3.85
53,77,7.14
53,78,5.56
53,79,3.33
53,80,2.63
53,81,2.5
53,82,4.55
53,83,2.78
53,84,2
53,85,5.56
53,86,4.17
53,87,4.17
53,88,10
53,89,4.55
53,90,2.27
53,91,2.5
53,92,3.85
53,93,2.63
53,94,3.57
53,95,5
53,96,2.08
53,97,2.78
53,98,5.56
53,99,7.14
53,100,2.78
53,101,4.17
53,102,2.5
53,103,2.5
53,104,2.78
53,105,2.38
53,106,2
53,107,7.14
53,108,2
53,109,6.25
53,110,5.56
53,111,7.14
53,112,2.27
53,113,2.78
53,114,3.13
53,115,3.33
53,116,3.33
53,117,2.27
53,118,2.38
53,119,5.56
53,120,5
53,121,3.57
53,122,10
53,123,2.5
53,124,2.08
53,125,4.17
53,126,10
53,127,2
53,128,5.56
53,129,5
53,130,2.63
53,131,2.38
53,132,2.78
53,133,3.57
53,134,3.57
53,135,4.55
53,136,2
53,137,2.63
53,138,2.08
53,139,3.33
53,140,3.85
53,141,10
53,142,3.57
53,143,2.5
53,144,2
53,145,2.38
53,146,2.94
53,147,2.5
53,148,10
53,149,2.78
53,150,2.63
53,151,5
53,152,2.63
53,153,2.63
53,154,2.94
53,155,2
53,156,2.38
53,157,2
53,158,3.85
53,159,5.56
53,160,5
53,161,4.55
53,162,2.63
53,163,2
53,164,2
53,165,2.38
53,166,8.33
53,167,10
53,168,7.14
53,169,2
53,170,2
53,171,2.38
53,172,5.56
53,173,2.08
53,174,2.27
53,175,8.33
53,176,3.33
53,177,4.17
53,178,2.5
53,179,2
53,180,2
53,181,2.5
53,182,2.08
53,183,10
53,184,2.27
53,185,3.57
53,186,3.13
53,187,10
53,188,2.5
53,189,2.08
53,190,2.08
53,191,2.08
53,192,2.5
53,193,2
53,194,2.08
53,195,7.14
53,196,6.25
53,197,5
53,198,3.57
53,199,2
53,200,3.57
53,201,3.33
53,202,8.33
53,203,8.33
53,204,4.55
53,205,6.25
53,206,8.33
53,207,2.08
53,208,6.25
53,209,6.25
53,210,5
53,211,3.33
53,212,5.56
53,213,3.85
53,214,5.56
53,215,2.5
53,216,4.55
53,217,4.55
53,218,5.56
53,219,2.08
53,220,3.13
53,221,2.38
53,222,4.17
53,223,2.63
53,224,2.08
53,225,2.38
53,226,3.33
53,227,3.13
53,228,8.33
53,229,3.85
53,230,6.25
53,231,3.85
53,232,3.33
53,233,2.08
53,234,10
53,235,3.57
53,236,2.27
53,237,2
53,238,2.5
53,239,4.17
53,240,2.94
53,241,3.33
53,242,2.5
53,243,5
53,244,2.08
53,245,3.85
53,246,6.25
53,247,10
53,248,3.57
53,249,8.33
53,250,2.5
53,251,2.94
53,252,10
53,253,2.63
53,254,7.14
53,255,3.85
53,256,6.25
53,257,3.57
53,258,2.94
53,259,3.13
53,260,8.33
53,261,5
53,262,2.38
53,263,3.13
53,264,3.57
53,265,3.57
53,266,5
53,267,2.94
53,268,3.33
53,269,2
53,270,3.33
53,271,10
53,272,2
53,273,2.78
53,274,2.94
53,275,2.78
53,276,3.33
53,277,3.13
53,278,10
53,279,2.94
53,280,3.13
53,281,6.25
53,282,2.38
53,283,2.78
53,284,3.33
53,285,10
53,286,4.55
53,287,4.55
53,288,3.85
53,289,3.57
53,290,2.78
53,291,2.27
53,292,4.17
53,293,2.63
53,294,3.33
53,295,6.25
53,296,2.94
53,297,2.27
53,298,4.55
53,299,5.56
53,300,4.55
53,301,5
53,302,10
53,303,3.85
53,304,7.14
53,305,2.94
53,306,4.17
53,307,2.63
53,308,2.08
53,309,8.33
53,310,2.78
53,311,2
53,312,4.55
53,313,7.14
53,314,3.13
53,315,3.57
53,316,2.63
53,317,5.56
53,318,2.08
53,319,4.55
53,320,4.55
53,321,8.33
53,322,2.63
53,323,5
53,324,2.63
53,325,8.33
53,326,2.27
53,327,2.17
53,328,4.17
53,329,5
53,330,4.55
53,331,2.94
53,332,2.5
53,333,2.78
53,334,5.56
53,335,5.56
53,336,8.33
53,337,3.33
53,338,8.33
53,339,3.85
53,340,2.17
53,341,3.85
53,342,7.14
53,343,2
53,344,5
53,345,3.13
53,346,2.08
53,347,2.78
53,348,5
53,349,6.25
53,350,2
53,351,2.78
53,352,6.25
53,353,5.56
53,354,2.27
53,355,3.33
53,356,2.38
53,357,6.25
53,358,2
53,359,8.33
53,360,2.63
53,361,2.08
53,362,10
53,363,4.17
53,364,4.55
53,365,8.33
53,366,7.14
53,367,3.13
53,368,5.56
53,369,2.78
53,370,2.63
53,371,2.08
53,372,2.94
53,373,2
53,374,2.78
53,375,10
53,376,2.08
53,377,3.57
53,378,2.63
53,379,2.08
53,380,2.08
53,381,4.55
53,382,4.55
53,383,2.5
53,384,10
53,385,4.55
53,386,5.56
53,387,5.56
53,388,7.14
53,389,4.55
53,390,3.57
53,391,2.5
53,392,4.55
53,393,2.63
53,394,2.08
53,395,2.17
53,396,5
53,397,3.13
53,398,3.57
53,399,3.57
53,400,2
53,401,8.33
53,402,2.08
53,403,2.27
53,404,2.27
53,405,5.56
53,406,2.5
53,407,7.14
53,408,4.17
53,409,2.94
53,410,4.17
53,411,2.94
53,412,3.57
53,413,3.57
53,414,2
53,415,2.94
53,416,2.63
53,417,5.56
53,418,4.17
53,419,3.13
53,420,5
53,421,4.17
53,422,3.57
53,423,2.27
53,424,10
53,425,2.17
53,426,2.27
53,427,2.78
53,428,2.38
53,429,2.63
53,430,5.56
53,431,7.14
53,432,3.85
53,433,10
53,434,2
53,435,6.25
53,436,6.25
53,437,2.38
53,438,2.63
53,439,2
53,440,7.14
53,441,5
53,442,4.55
53,443,5
53,444,6.25
53,445,3.13
53,446,2.94
53,447,10
53,448,7.14
53,449,2
53,450,3.13
53,451,2.38
53,452,2.08
53,453,4.55
53,454,2.08
53,455,2.17
53,456,5.56
53,457,3.13
53,458,7.14
53,459,4.55
53,460,6.25
53,461,2.94
53,462,2.63
53,463,2.94
53,464,3.57
53,465,3.33
53,466,3.57
53,467,3.13
53,468,3.85
53,469,2.08
53,470,3.57
53,471,3.13
53,472,4.17
53,473,8.33
53,474,10
53,475,2.78
53,476,10
53,477,6.25
53,478,2
53,479,2.08
53,480,4.55
53,481,2
53,482,2.78
53,483,5
53,484,4.17
53,485,4.55
53,486,2.63
53,487,2
53,488,3.33
53,489,2.17
53,490,2.63
53,491,2.38
53,492,4.55
53,493,5.56
53,494,4.17
53,495,3.57
53,496,2.94
53,497,5
53,498,5.56
53,499,10
53,500,6.25
54,1,10
54,2,5
54,3,5
54,4,5
54,5,5.56
54,6,6.25
54,7,2.27
54,8,3.13
54,9,2.63
54,10,2.38
54,11,2.27
54,12,2.78
54,13,3.13
54,14,2.27
54,15,3.85
54,16,5
54,17,2.27
54,18,2.78
54,19,3.85
54,20,2.5
54,21,2.08
54,22,5
54,23,7.14
54,24,2
54,25,7.14
54,26,2.38
54,27,6.25
54,28,10
54,29,4.17
54,30,8.33
54,31,2.5
54,32,2.5
54,33,6.25
54,34,4.55
54,35,2.27
54,36,5.56
54,37,2.63
54,38,5
54,39,8.33
54,40,2.94
54,41,2.08
54,42,6.25
54,43,2.78
54,44,5.56
54,45,6.25
54,46,2.08
54,47,2.5
54,48,5
54,49,2.27
54,50,2.94
54,51,8.33
54,52,2.63
54,53,4.55
54,54,6.25
54,55,2.94
54,56,2.5
54,57,2.08
54,58,5
54,59,4.17
54,60,2.63
54,61,2.78
54,62,2.63
54,63,7.14
54,64,2.08
54,65,2.94
54,66,8.33
54,67,3.57
54,68,2.94
54,69,3.13
54,70,3.85
54,71,2.5
54,72,2
54,73,2.38
54,74,2.38
54,75,6.25
54,76,5.56
54,77,2.08
54,78,3.85
54,79,3.13
54,80,2.38
54,81,2.78
54,82,2.63
54,83,2.27
54,84,2.08
54,85,6.25
54,86,10
54,87,2.38
54,88,5.56
54,89,4.55
54,90,2.08
54,91,2.78
54,92,2.78
54,93,4.55
54,94,3.57
54,95,2.78
54,96,2.08
54,97,2.63
54,98,8.33
54,99,2
54,100,2.08
54,101,2.5
54,102,2.78
54,103,2.08
54,104,10
54,105,6.25
54,106,5
54,107,4.55
54,108,3.33
54,109,7.14
54,110,5
54,111,2.94
54,112,2.17
54,113,3.13
54,114,2.5
54,115,10
54,116,2
54,117,2.78
54,118,5.56
54,119,2.17
54,120,3.33
54,121,6.25
54,122,2.17
54,123,10
54,124,2
54,125,3.13
54,126,5
54,127,5.56
54,128,2.27
54,129,8.33
54,130,2
54,131,2.27
54,132,4.55
54,133,8.33
54,134,3.13
54,135,2.63
54,136,2.94
54,137,5.56
54,138,2
54,139,10
54,140,2.78
54,141,3.57
54,142,2
54,143,2.94
54,144,3.85
54,145,5.56
54,146,10
54,147,3.57
54,148,2.63
54,149,7.14
54,150,2.94
54,151,2.08
54,152,8.33
54,153,5.56
54,154,5.56
54,155,5
54,156,2.94
54,157,2
54,158,2.38
54,159,2.17
54,160,3.85
54,161,5
54,162,7.14
54,163,2.63
54,164,2.38
54,165,2.94
54,166,2.08
54,167,8.33
54,168,3.13
54,169,5
54,170,10
54,171,3.13
54,172,7.14
54,173,4.55
54,174,6.25
54,175,2.94
54,176,5
54,177,2.17
54,178,6.25
54,179,5.56
54,180,2.94
54,181,6.25
54,182,6.25
54,183,2.27
54,184,7.14
54,185,8.33
54,186,5.56
54,187,8.33
54,188,2.5
54,189,3.13
54,190,4.17
54,191,3.57
54,192,2.38
54,193,6.25
54,194,2.38
54,195,3.13
54,196,4.17
54,197,2.38
54,198,5
54,199,8.33
54,200,5.56
54,201,2.17
54,202,2.27
54,203,2.17
54,204,3.57
54,205,8.33
54,206,5
54,207,2.78
54,208,3.85
54,209,3.13
54,210,5
54,211,3.33
54,212,2.94
54,213,3.57
54,214,3.57
54,215,3.57
54,216,2.38
54,217,4.55
54,218,2.78
54,219,4.17
54,220,2.63
54,221,3.33
54,222,2.94
54,223,2
54,224,2.78
54,225,4.55
54,226,7.14
54,227,2.27
54,228,5
54,229,3.85
54,230,7.14
54,231,4.17
54,232,7.14
54,233,2.27
54,234,3.85
54,235,2.27
54,236,3.13
54,237,3.13
54,238,2.17
54,239,2.63
54,240,2.5
54,241,8.33
54,242,2.63
54,243,10
54,244,3.33
54,245,10
54,246,10
54,247,10
54,248,2.63
54,249,3.33
54,250,2.27
54,251,4.17
54,252,3.57
54,253,6.25
54,254,2.5
54,255,6.25
54,256,3.85
54,257,3.85
54,258,3.33
54,259,3.57
54,260,3.33
54,261,8.33
54,262,2.94
54,263,5
54,264,4.17
54,265,3.57
54,266,2.08
54,267,3.33
54,268,4.55
54,269,2.17
54,270,7.14
54,271,2.08
54,272,5
54,273,8.33
54,274,2.38
54,275,5.56
54,276,2.27
54,277,5
54,278,2.17
54,279,2.78
54,280,4.55
54,281,2.08
54,282,3.85
54,283,6.25
54,284,2
54,285,2.5
54,286,2.27
54,287,2.17
54,288,2.78
54,289,2.63
54,290,2.17
54,291,8.33
54,292,4.55
54,293,4.17
54,294,5.56
54,295,2.94
54,296,3.33
54,297,6.25
54,298,3.33
54,299,3.85
54,300,4.17
54,301,2.78
54,302,7.14
54,303,2.63
54,304,2.08
54,305,6.25
54,306,4.55
54,307,4.17
54,308,2.78
54,309,2.08
54,310,3.57
54,311,2.63
54,312,3.57
54,313,8.33
54,314,3.57
54,315,2
54,316,2.94
54,317,2.17
54,318,4.17
54,319,8.33
54,320,7.14
54,321,2.17
54,322,2.94
54,323,2.27
54,324,3.85
54,325,2.38
54,326,10
54,327,2
54,328,2.78
54,329,5
54,330,7.14
54,331,7.14
54,332,3.85
54,333,2.63
54,334,5
54,335,5.56
54,336,3.13
54,337,3.33
54,338,2.38
54,339,4.17
54,340,3.13
54,341,2.5
54,342,2.38
54,343,6.25
54,344,2.78
54,345,3.13
54,346,5
54,347,8.33
54,348,2.5
54,349,2.63
54,350,2.94
54,351,2.38
54,352,2.17
54,353,5
54,354,5
54,355,8.33
54,356,5
54,357,3.33
54,358,2.17
54,359,5
54,360,5
54,361,10
54,362,7.14
54,363,2.27
54,364,4.55
54,365,2
54,366,2.63
54,367,2.38
54,368,8.33
54,369,3.57
54,370,3.85
54,371,4.55
54,372,3.85
54,373,2.94
54,374,4.55
54,375,6.25
54,376,2.78
54,377,5
54,378,8.33
54,379,3.57
54,380,2.94
54,381,3.57
54,382,4.17
54,383,2
54,384,2.63
54,385,2.27
54,386,3.85
54,387,5
54,388,3.13
54,389,2.78
54,390,6.25
54,391,4.17
54,392,2.27
54,393,6.25
54,394,2.27
54,395,4.17
54,396,4.55
54,397,2.5
54,398,3.85
54,399,6.25
54,400,3.85
54,401,2.17
54,402,5
54,403,2.27
54,404,7.14
54,405,3.33
54,406,2.5
54,407,2
54,408,8.33
54,409,7.14
54,410,5
54,411,5.56
54,412,2.08
54,413,2.63
54,414,3.85
54,415,4.55
54,416,2.38
54,417,6.25
54,418,7.14
54,419,4.17
54,420,2.27
54,421,5
54,422,7.14
54,423,5
54,424,3.57
54,425,3.57
54,426,2.08
54,427,2.17
54,428,2.08
54,429,2.17
54,430,2.94
54,431,2.38
54,432,2.27
54,433,3.85
54,434,3.85
54,435,3.33
54,436,7.14
54,437,5.56
54,438,5
54,439,2.08
54,440,4.55
54,441,2.08
54,442,2.27
54,443,2.78
54,444,6.25
54,445,2.78
54,446,5.56
54,447,6.25
54,448,3.33
54,449,7.14
54,450,3.57
54,451,2.5
54,452,5
54,453,3.57
54,454,5
54,455,3.33
54,456,4.17
54,457,2.5
54,458,2
54,459,7.14
54,460,3.13
54,461,2.5
54,462,2.17
54,463,2.08
54,464,2.63
54,465,5.56
54,466,2.08
54,467,2.38
54,468,2.5
54,469,2
54,470,5.56
54,471,3.13
54,472,5
54,473,4.55
54,474,7.14
54,475,5
54,476,4.55
54,477,2.78
54,478,2.63
54,479,2.94
54,480,2.08
54,481,4.17
54,482,2
54,483,5
54,484,2.94
54,485,10
54,486,2.78
54,487,7.14
54,488,7.14
54,489,2.94
54,490,3.85
54,491,2.27
54,492,3.33
54,493,4.55
54,494,5.56
54,495,3.33
54,496,2.94
54,497,5
54,498,2
54,499,2.08
54,500,10
55,1,3.13
55,2,3.57
55,3,2.38
55,4,3.13
55,5,5.56
55,6,5
55,7,2.08
55,8,2
55,9,2.17
55,10,2.78
55,11,7.14
55,12,3.85
55,13,6.25
55,14,2.27
55,15,4.17
55,16,2.5
55,17,3.57
55,18,7.14
55,19,2
55,20,2.5
55,21,3.33
55,22,5
55,23,7.14
55,24,3.13
55,25,4.55
55,26,2.5
55,27,3.57
55,28,4.55
55,29,8.33
55,30,2.27
55,31,3.33
55,32,6.25
55,33,2.27
55,34,2.94
55,35,2.94
55,36,5
55,37,5.56
55,38,2.94
55,39,4.17
55,40,8.33
55,41,5
55,42,2
55,43,5.56
55,44,2.63
55,45,3.57
55,46,5
55,47,5
55,48,4.17
55,49,2
55,50,3.33
55,51,2
55,52,7.14
55,53,4.55
55,54,4.17
55,55,10
55,56,5.56
55,57,4.55
55,58,10
55,59,4.55
55,60,2.27
55,61,5
55,62,3.33
55,63,2.17
55,64,6.25
55,65,2.78
55,66,2.27
55,67,2.63
55,68,2.63
55,69,5
55,70,3.33
55,71,2.17
55,72,3.85
55,73,2.08
55,74,2.27
55,75,2
55,76,2.63
55,77,2.5
55,78,5.56
55,79,2.17
55,80,10
55,81,2.78
55,82,4.17
55,83,2.78
55,84,2.27
55,85,5.56
55,86,2.27
55,87,10
55,88,2.63
55,89,2.17
55,90,6.25
55,91,2.38
55,92,2.08
55,93,5
55,94,7.14
55,95,8.33
55,96,2.63
55,97,2.78
55,98,2.08
55,99,8.33
55,100,3.57
55,101,6.25
55,102,2.94
55,103,4.17
55,104,2.78
55,105,2.08
55,106,7.14
55,107,2.38
55,108,2.38
55,109,2
55,110,2.38
55,111,2.5
55,112,2.08
55,113,8.33
55,114,3.33
55,115,4.17
55,116,4.55
55,117,2.08
55,118,3.33
55,119,2.38
55,120,6.25
55,121,3.85
55,122,2.63
55,123,2
55,124,3.33
55,125,4.17
55,126,2.94
55,127,4.55
55,128,2.38
55,129,2.08
55,130,3.85
55,131,6.25
55,132,4.55
55,133,3.57
55,134,5
55,135,3.13
55,136,3.85
55,137,2.17
55,138,2.27
55,139,2.63
55,140,6.25
55,141,3.13
55,142,10
55,143,10
55,144,2.63
55,145,5
55,146,4.55
55,147,2.27
55,148,4.17
55,149,2.78
55,150,5.56
55,151,2.94
55,152,2.08
55,153,2.94
55,154,6.25
55,155,5
55,156,5
55,157,10
55,158,2.94
55,159,3.57
55,160,5
55,161,3.33
55,162,2.94
55,163,7.14
55,164,8.33
55,165,2.78
55,166,7.14
55,167,3.57
55,168,7.14
55,169,4.17
55,170,10
55,171,2.27
55,172,4.55
55,173,5.56
55,174,2.94
55,175,3.85
55,176,2.08
55,177,2.27
55,178,5
55,179,7.14
55,180,2.63
55,181,5.56
55,182,5.56
55,183,2.78
55,184,10
55,185,4.55
55,186,4.55
55,187,2.17
55,188,2.08
55,189,8.33
55,190,4.55
55,191,3.33
55,192,10
55,193,2.78
55,194,7.14
55,195,3.57
55,196,2.94
55,197,6.25
55,198,2.78
55,199,6.25
55,200,3.57
55,201,2.94
55,202,2.17
55,203,2.78
55,204,2
55,205,2.17
55,206,3.13
55,207,2.5
55,208,4.55
55,209,2.78
55,210,3.13
55,211,4.17
55,212,3.57
55,213,2
55,214,4.55
55,215,2.27
55,216,2
55,217,7.14
55,218,3.33
55,219,4.17
55,220,2.5
55,221,8.33
55,222,3.13
55,223,7.14
55,224,3.57
55,225,10
55,226,4.17
55,227,2.17
55,228,8.33
55,229,2.27
55,230,2.5
55,231,3.13
55,232,8.33
55,233,2.38
55,234,8.33
55,235,10
55,236,2.38
55,237,4.17
55,238,3.57
55,239,2.27
55,240,5
55,241,2.08
55,242,3.85
55,243,4.55
55,244,2.94
55,245,5
55,246,3.13
55,247,4.55
55,248,8.33
55,249,5.56
55,250,2.17
55,251,3.57
55,252,2.08
55,253,2.17
55,254,5
55,255,2
55,256,2.08
55,257,2.17
55,258,2
55,259,4.55
55,260,2.5
55,261,4.55
55,262,7.14
55,263,6.25
55,264,3.13
55,265,2.78
55,266,7.14
55,267,5.56
55,268,3.85
55,269,3.57
55,270,2.5
55,271,2.08
55,272,2.94
55,273,4.17
55,274,2.27
55,275,2.27
55,276,2.17
55,277,2.63
55,278,2.27
55,279,3.13
55,280,2.78
55,281,2.78
55,282,4.55
55,283,2.38
55,284,2.17
55,285,4.55
55,286,2.38
55,287,7.14
55,288,2
55,289,3.13
55,290,2.27
55,291,3.85
55,292,2.5
55,293,8.33
55,294,8.33
55,295,3.85
55,296,4.17
55,297,2.63
55,298,10
55,299,4.55
55,300,2.38
55,301,2.78
55,302,7.14
55,303,2.08
55,304,5.56
55,305,2.63
55,306,5.56
55,307,2.27
55,308,7.14
55,309,5
55,310,5.56
55,311,8.33
55,312,6.25
55,313,5.56
55,314,8.33
55,315,2.78
55,316,2.63
55,317,7.14
55,318,2.08
55,319,3.57
55,320,7.14
55,321,4.17
55,322,2
55,323,2
55,324,4.17
55,325,2.08
55,326,8.33
55,327,3.13
55,328,10
55,329,2.27
55,330,2.63
55,331,10
55,332,6.25
55,333,10
55,334,2.94
55,335,5
55,336,2.94
55,337,10
55,338,2.78
55,339,5
55,340,10
55,341,2.08
55,342,6.25
55,343,4.55
55,344,3.33
55,345,3.57
55,346,8.33
55,347,5.56
55,348,2.38
55,349,10
55,350,4.17
55,351,4.17
55,352,5.56
55,353,7.14
55,354,5.56
55,355,2.63
55,356,7.14
55,357,2.17
55,358,3.13
55,359,6.25
55,360,10
55,361,7.14
55,362,2.27
55,363,3.13
55,364,2.5
55,365,7.14
55,366,3.13
55,367,2.63
55,368,2.27
55,369,3.57
55,370,2
55,371,2.27
55,372,3.57
55,373,2.17
55,374,2
55,375,4.55
55,376,7.14
55,377,4.17
55,378,2.78
55,379,8.33
55,380,2
55,381,2.27
55,382,8.33
55,383,2.08
55,384,3.33
55,385,5
55,386,4.17
55,387,10
55,388,3.85
55,389,2
55,390,2
55,391,2
55,392,2.78
55,393,2.27
55,394,2.17
55,395,2.94
55,396,2.17
55,397,2.78
55,398,2.38
55,399,3.85
55,400,8.33
55,401,2.94
55,402,3.57
55,403,4.55
55,404,4.17
55,405,2.27
55,406,4.55
55,407,2.63
55,408,6.25
55,409,6.25
55,410,2.94
55,411,2.38
55,412,10
55,413,2.63
55,414,7.14
55,415,10
55,416,3.13
55,417,6.25
55,418,2.78
55,419,7.14
55,420,3.57
55,421,7.14
55,422,2.5
55,423,2.38
55,424,5.56
55,425,2.38
55,426,2.94
55,427,2.63
55,428,2.27
55,429,5.56
55,430,2.94
55,431,2
55,432,3.57
55,433,6.25
55,434,2.17
55,435,2.78
55,436,2
55,437,4.55
55,438,2.17
55,439,3.13
55,440,2.78
55,441,4.17
55,442,2.94
55,443,2.17
55,444,2.94
55,445,3.13
55,446,10
55,447,7.14
55,448,5.56
55,449,4.55
55,450,2.08
55,451,7.14
55,452,2.5
55,453,2.27
55,454,2.78
55,455,5
55,456,3.85
55,457,8.33
55,458,8.33
55,459,5
55,460,10
55,461,2.38
55,462,10
55,463,2.63
55,464,2.17
55,465,5
55,466,2.5
55,467,2.78
55,468,3.33
55,469,3.13
55,470,5.56
55,471,6.25
55,472,2.08
55,473,2.94
55,474,2.17
55,475,4.17
55,476,5.56
55,477,4.55
55,478,5
55,479,2
55,480,5
55,481,5.56
55,482,3.85
55,483,2.5
55,484,2.5
55,485,4.17
55,486,5.56
55,487,2.38
55,488,2.78
55,489,2.27
55,490,2.17
55,491,2.63
55,492,3.13
55,493,2.94
55,494,10
55,495,3.85
55,496,2.63
55,497,2.5
55,498,2.5
55,499,2.63
55,500,2.63
56,1,5
56,2,5
56,3,2.78
56,4,4.55
56,5,3.57
56,6,2.5
56,7,2.27
56,8,8.33
56,9,2.63
56,10,2.94
56,11,2.63
56,12,2.5
56,13,2.08
56,14,4.17
56,15,3.85
56,16,3.85
56,17,3.33
56,18,2.5
56,19,3.33
56,20,3.85
56,21,3.85
56,22,2.5
56,23,2.63
56,24,2
56,25,3.85
56,26,2.27
56,27,2.08
56,28,7.14
56,29,2.08
56,30,3.85
56,31,3.85
56,32,6.25
56,33,2.63
56,34,3.85
56,35,3.33
56,36,10
56,37,3.85
56,38,2.5
56,39,2.17
56,40,5
56,41,3.85
56,42,3.57
56,43,8.33
56,44,2.17
56,45,2.08
56,46,2.27
56,47,2.27
56,48,5
56,49,2.17
56,50,8.33
56,51,2.94
56,52,4.55
56,53,2.94
56,54,2.27
56,55,5
56,56,3.33
56,57,4.55
56,58,2.78
56,59,3.85
56,60,2.5
56,61,8.33
56,62,2.5
56,63,3.13
56,64,4.17
56,65,8.33
56,66,3.57
56,67,3.57
56,68,4.55
56,69,2.94
56,70,6.25
56,71,2.17
56,72,2.38
56,73,2.94
56,74,2.17
56,75,4.55
56,76,3.85
56,77,10
56,78,4.55
56,79,3.85
56,80,3.85
56,81,2.08
56,82,2
56,83,2.78
56,84,2.94
56,85,2.17
56,86,8.33
56,87,4.17
56,88,5.56
56,89,5
56,90,4.17
56,91,6.25
56,92,2.17
56,93,2.63
56,94,3.13
56,95,10
56,96,2.5
56,97,2.38
56,98,3.33
56,99,2.94
56,100,3.33
56,101,8.33
56,102,5
56,103,10
56,104,2.94
56,105,3.13
56,106,2.5
56,107,3.85
56,108,3.13
56,109,2.5
56,110,3.33
56,111,2.08
56,112,7.14
56,113,5
56,114,2.63
56,115,5.56
56,116,5.56
56,117,8.33
56,118,2.08
56,119,4.55
56,120,8.33
56,121,3.13
56,122,5.56
56,123,5.56
56,124,3.57
56,125,2.63
56,126,3.57
56,127,2.27
56,128,3.33
56,129,2.17
56,130,3.57
56,131,4.17
56,132,2.27
56,133,3.85
56,134,2.38
56,135,6.25
56,136,5
56,137,2.17
56,138,2.08
56,139,2
56,140,8.33
56,141,10
56,142,2.94
56,143,4.55
56,144,3.57
56,145,2.27
56,146,10
56,147,2
56,148,3.13
56,149,5
56,150,3.57
56,151,2
56,152,10
56,153,4.55
56,154,2.5
56,155,3.33
56,156,2.63
56,157,2.78
56,158,5.56
56,159,2.5
56,160,2.78
56,161,2.78
56,162,8.33
56,163,10
56,164,3.85
56,165,5.56
56,166,7.14
56,167,2
56,168,2.38
56,169,3.33
56,170,2.38
56,171,3.33
56,172,2.63
56,173,10
56,174,2.38
56,175,7.14
56,176,10
56,177,2.94
56,178,2.78
56,179,6.25
56,180,2.5
56,181,5
56,182,8.33
56,183,4.17
56,184,2.17
56,185,2.38
56,186,7.14
56,187,8.33
56,188,8.33
56,189,2
56,190,4.55
56,191,2.27
56,192,2
56,193,3.13
56,194,8.33
56,195,10
56,196,3.57
56,197,2.08
56,198,2.27
56,199,2.63
56,200,3.33
56,201,2.78
56,202,2.17
56,203,3.33
56,204,2.17
56,205,2.78
56,206,6.25
56,207,2.27
56,208,2.27
56,209,3.13
56,210,2.08
56,211,2.63
56,212,3.85
56,213,2.5
56,214,4.17
56,215,2.17
56,216,2.94
56,217,2.17
56,218,5
56,219,4.55
56,220,10
56,221,2.5
56,222,3.57
56,223,2.38
56,224,6.25
56,225,2.17
56,226,3.13
56,227,2.27
56,228,2.38
56,229,2.78
56,230,5.56
56,231,8.33
56,232,4.17
56,233,2.08
56,234,2.94
56,235,4.17
56,236,2
56,237,2
56,238,7.14
56,239,2.5
56,240,7.14
56,241,10
56,242,2.38
56,243,7.14
56,244,4.55
56,245,2
56,246,10
56,247,3.13
56,248,2.17
56,249,2.27
56,250,3.57
56,251,3.13
56,252,2
56,253,2.78
56,254,2
56,255,2.63
56,256,3.85
56,257,2.94
56,258,2
56,259,2.27
56,260,2.94
56,261,2.08
56,262,7.14
56,263,5.56
56,264,3.85
56,265,5
56,266,3.33
56,267,4.17
56,268,2
56,269,2.27
56,270,3.85
56,271,2.5
56,272,4.17
56,273,6.25
56,274,4.55
56,275,5
56,276,3.85
56,277,4.17
56,278,2.08
56,279,8.33
56,280,2.63
56,281,2.38
56,282,7.14
56,283,3.57
56,284,4.55
56,285,2.08
56,286,2.78
56,287,2.5
56,288,3.13
56,289,2.27
56,290,3.13
56,291,3.13
56,292,7.14
56,293,2.27
56,294,2
56,295,3.13
56,296,8.33
56,297,2.78
56,298,2.38
56,299,4.17
56,300,2.08
56,301,3.33
56,302,2.63
56,303,2.17
56,304,2.94
56,305,2.5
56,306,7.14
56,307,4.17
56,308,6.25
56,309,5
56,310,2.17
56,311,2.38
56,312,2.38
56,313,2.17
56,314,2.17
56,315,4.17
56,316,3.85
56,317,2.78
56,318,3.13
56,319,2
56,320,2.5
56,321,2.63
56,322,2.94
56,323,2.38
56,324,3.85
56,325,2.27
56,326,2.94
56,327,5.56
56,328,2.5
56,329,5.56
56,330,8.33
56,331,3.13
56,332,7.14
56,333,10
56,334,4.55
56,335,3.13
56,336,3.57
56,337,2.08
56,338,10
56,339,2.5
56,340,8.33
56,341,6.25
56,342,4.55
56,343,3.57
56,344,6.25
56,345,8.33
56,346,10
56,347,6.25
56,348,8.33
56,349,2.27
56,350,2.08
56,351,7.14
56,352,7.14
56,353,2.17
56,354,10
56,355,5
56,356,6.25
56,357,2.5
56,358,3.13
56,359,4.17
56,360,2
56,361,10
56,362,2.5
56,363,5.56
56,364,6.25
56,365,4.17
56,366,4.55
56,367,2.08
56,368,2
56,369,8.33
56,370,2.27
56,371,2.78
56,372,3.57
56,373,8.33
56,374,2.94
56,375,7.14
56,376,7.14
56,377,3.13
56,378,3.33
56,379,2.5
56,380,4.55
56,381,4.55
56,382,5.56
56,383,8.33
56,384,3.13
56,385,2.38
56,386,4.17
56,387,3.85
56,388,2.94
56,389,5
56,390,2.5
56,391,6.25
56,392,2
56,393,3.85
56,394,2.78
56,395,10
56,396,6.25
56,397,7.14
56,398,7.14
56,399,10
56,400,3.13
56,401,2.08
56,402,8.33
56,403,2.17
56,404,7.14
56,405,2.78
56,406,2.94
56,407,2.63
56,408,7.14
56,409,4.17
56,410,4.55
56,411,2.38
56,412,3.57
56,413,3.13
56,414,2.38
56,415,2.94
56,416,2.38
56,417,7.14
56,418,2.78
56,419,2.08
56,420,4.55
56,421,2.78
56,422,2.17
56,423,2.5
56,424,2.27
56,425,10
56,426,2.63
56,427,2.78
56,428,8.33
56,429,8.33
56,430,2.94
56,431,2.17
56,432,3.85
56,433,2.5
56,434,4.55
56,435,5.56
56,436,2.63
56,437,6.25
56,438,8.33
56,439,2.17
56,440,6.25
56,441,3.33
56,442,2.63
56,443,3.13
56,444,6.25
56,445,2.94
56,446,8.33
56,447,2
56,448,2
56,449,3.85
56,450,2.94
56,451,2.17
56,452,10
56,453,2
56,454,3.33
56,455,3.33
56,456,2
56,457,3.85
56,458,2.38
56,459,2.78
56,460,3.33
56,461,2.5
56,462,2.08
56,463,2.27
56,464,3.33
56,465,6.25
56,466,7.14
56,467,2.78
56,468,6.25
56,469,2.63
56,470,3.57
56,471,7.14
56,472,4.55
56,473,2.5
56,474,2.17
56,475,2.94
56,476,4.55
56,477,3.33
56,478,3.57
56,479,2.38
56,480,3.13
56,481,3.85
56,482,7.14
56,483,3.57
56,484,4.55
56,485,2.5
56,486,7.14
56,487,3.13
56,488,3.57
56,489,2.17
56,490,7.14
56,491,3.57
56,492,7.14
56,493,2.78
56,494,3.13
56,495,5.56
56,496,2.17
56,497,5
56,498,4.17
56,499,3.13
56,500,10
57,1,2.17
57,2,3.57
57,3,2.08
57,4,3.85
57,5,3.33
57,6,3.85
57,7,2.38
57,8,3.13
57,9,3.85
57,10,3.57
57,11,2.5
57,12,8.33
57,13,5.56
57,14,3.33
57,15,3.85
57,16,7.14
57,17,4.55
57,18,2.38
57,19,10
57,20,4.55
57,21,10
57,22,3.85
57,23,4.55
57,24,7.14
57,25,8.33
57,26,10
57,27,2.17
57,28,3.85
57,29,2.38
57,30,3.13
57,31,2.5
57,32,3.13
57,33,7.14
57,34,3.85
57,35,3.57
57,36,6.25
57,37,6.25
57,38,2.17
57,39,2.78
57,40,2.63
57,41,8.33
57,42,2.63
57,43,2.63
57,44,7.14
57,45,6.25
57,46,3.13
57,47,6.25
57,48,2.38
57,49,8.33
57,50,2.17
57,51,4.17
57,52,2.17
57,53,2.08
57,54,3.57
57,55,2
57,56,2.17
57,57,3.33
57,58,3.13
57,59,2.78
57,60,2.08
57,61,8.33
57,62,3.57
57,63,2.63
57,64,2.94
57,65,2.78
57,66,3.57
57,67,3.57
57,68,4.17
57,69,2.27
57,70,2.27
57,71,2.38
57,72,2.5
57,73,5
57,74,2.27
57,75,2.63
57,76,7.14
57,77,4.17
57,78,10
57,79,4.17
57,80,5.56
57,81,2.27
57,82,5
57,83,2.63
57,84,3.57
57,85,8.33
57,86,2
57,87,8.33
57,88,2.38
57,89,2.94
57,90,2.38
57,91,5
57,92,2.78
57,93,2.94
57,94,2.17
57,95,5.56
57,96,2.27
57,97,10
57,98,5
57,99,2.63
57,100,3.57
57,101,10
57,102,2.5
57,103,2.78
57,104,8.33
57,105,5
57,106,2.94
57,107,4.17
57,108,10
57,109,2.17
57,110,8.33
57,111,2.5
57,112,5.56
57,113,2.63
57,114,2.27
57,115,2.17
57,116,3.57
57,117,2
57,118,2.17
57,119,3.57
57,120,3.85
57,121,3.33
57,122,8.33
57,123,7.14
57,124,10
57,125,2.94
57,126,2.63
57,127,2
57,128,3.57
57,129,10
57,130,2.5
57,131,2.08
57,132,6.25
57,133,3.57
57,134,2.38
57,135,4.17
57,136,2.94
57,137,2.78
57,138,3.13
57,139,2.38
57,140,8.33
57,141,2.27
57,142,2.27
57,143,5.56
57,144,4.17
57,145,2.5
57,146,2.27
57,147,3.85
57,148,2.38
57,149,2.5
57,150,4.55
57,151,2.78
57,152,3.57
57,153,6.25
57,154,3.33
57,155,2.38
57,156,7.14
57,157,3.13
57,158,2.78
57,159,2.27
57,160,3.33
57,161,5
57,162,5.56
57,163,3.13
57,164,8.33
57,165,2.08
57,166,4.55
57,167,8.33
57,168,3.13
57,169,3.57
57,170,2
57,171,3.13
57,172,7.14
57,173,2.38
57,174,5.56
57,175,8.33
57,176,2.27
57,177,8.33
57,178,5.56
57,179,6.25
57,180,3.33
57,181,2.17
57,182,3.33
57,183,3.57
57,184,6.25
57,185,3.57
57,186,2.38
57,187,3.33
57,188,2
57,189,2.27
57,190,4.17
57,191,10
57,192,2.08
57,193,2.5
57,194,5.56
57,195,3.13
57,196,2.78
57,197,2.17
57,198,2.94
57,199,2.5
57,200,7.14
57,201,2.38
57,202,4.17
57,203,5.56
57,204,2.78
57,205,10
57,206,6.25
57,207,2.27
57,208,2.94
57,209,2.27
57,210,4.17
57,211,3.13
57,212,5
57,213,2.63
57,214,8.33
57,215,3.33
57,216,2.5
57,217,2.94
57,218,2.08
57,219,2
57,220,8.33
57,221,4.17
57,222,2.27
57,223,4.55
57,224,4.55
57,225,10
57,226,2.38
57,227,2.78
57,228,4.55
57,229,2.5
57,230,7.14
57,231,3.13
57,232,8.33
57,233,4.55
57,234,3.13
57,235,2.63
57,236,2.38
57,237,4.17
57,238,6.25
57,239,3.13
57,240,2.17
57,241,4.17
57,242,6.25
57,243,2
57,244,4.17
57,245,4.17
57,246,5.56
57,247,5.56
57,248,4.55
57,249,6.25
57,250,3.85
57,251,3.33
57,252,3.57
57,253,4.55
57,254,7.14
57,255,3.13
57,256,2.78
57,257,2.78
57,258,10
57,259,2.27
57,260,10
57,261,2
57,262,2.63
57,263,3.13
57,264,2.5
57,265,3.13
57,266,3.33
57,267,10
57,268,2
57,269,4.17
57,270,2.5
57,271,2.08
57,272,2
57,273,2.08
57,274,10
57,275,3.57
57,276,2.63
57,277,3.13
57,278,4.17
57,279,2.63
57,280,2.27
57,281,4.55
57,282,2.08
57,283,6.25
57,284,4.55
57,285,3.85
57,286,3.85
57,287,3.57
57,288,2.78
57,289,2
57,290,10
57,291,2
57,292,3.85
57,293,2.94
57,294,4.17
57,295,5
57,296,8.33
57,297,2.94
57,298,2.94
57,299,2.63
57,300,2.08
57,301,5.56
57,302,3.13
57,303,5.56
57,304,2.27
57,305,2.63
57,306,2.38
57,307,3.13
57,308,2.27
57,309,2.63
57,310,2.17
57,311,6.25
57,312,2.27
57,313,3.57
57,314,2
57,315,2.38
57,316,3.33
57,317,2.94
57,318,2.5
57,319,8.33
57,320,6.25
57,321,2.5
57,322,4.55
57,323,7.14
57,324,2.38
57,325,8.33
57,326,4.55
57,327,4.55
57,328,2.5
57,329,2.5
57,330,2.94
57,331,2.5
57,332,3.33
57,333,2.27
57,334,2.38
57,335,3.13
57,336,2.5
57,337,2.63
57,338,3.33
57,339,10
57,340,2.27
57,341,7.14
57,342,3.85
57,343,2.38
57,344,5
57,345,2.17
57,346,3.57
57,347,2.08
57,348,2.27
57,349,5
57,350,10
57,351,3.33
57,352,3.85
57,353,2.27
57,354,2.94
57,355,2.78
57,356,6.25
57,357,4.17
57,358,3.85
57,359,7.14
57,360,2.38
57,361,5
57,362,3.33
57,363,4.55
57,364,2.63
57,365,2.17
57,366,2.63
57,367,2.08
57,368,2
57,369,2.08
57,370,2.27
57,371,2
57,372,6.25
57,373,2.94
57,374,2.63
57,375,3.85
57,376,4.55
57,377,3.33
57,378,4.55
57,379,6.25
57,380,2
57,381,2.17
57,382,2.38
57,383,4.55
57,384,2.78
57,385,5.56
57,386,2.94
57,387,2.08
57,388,5.56
57,389,3.57
57,390,2.63
57,391,5.56
57,392,3.57
57,393,4.55
57,394,3.33
57,395,5
57,396,2.63
57,397,2.17
57,398,2.63
57,399,2.5
57,400,4.17
57,401,4.17
57,402,5.56
57,403,2.78
57,404,2.38
57,405,2.38
57,406,2.17
57,407,4.17
57,408,3.33
57,409,2.94
57,410,3.57
57,411,10
57,412,2.27
57,413,5.56
57,414,4.55
57,415,2.63
57,416,5.56
57,417,2.27
57,418,5
57,419,2.08
57,420,2.17
57,421,6.25
57,422,10
57,423,3.85
57,424,5.56
57,425,2.17
57,426,5.56
57,427,2
57,428,7.14
57,429,3.57
57,430,2.17
57,431,2.27
57,432,8.33
57,433,3.85
57,434,4.55
57,435,2.63
57,436,2.17
57,437,2.17
57,438,2.78
57,439,4.55
57,440,2.78
57,441,3.33
57,442,2.08
57,443,8.33
57,444,4.17
57,445,5
57,446,2
57,447,2.63
57,448,6.25
57,449,2.17
57,450,2.5
57,451,2.78
57,452,2.94
57,453,2
57,454,5.56
57,455,5
57,456,4.17
57,457,2.08
57,458,5.56
57,459,2.78
57,460,2.17
57,461,2.5
57,462,2.94
57,463,7.14
57,464,4.17
57,465,2.08
57,466,3.85
57,467,2.27
57,468,3.13
57,469,2.38
57,470,2.94
57,471,2.78
57,472,4.55
57,473,2.63
57,474,2.94
57,475,3.57
57,476,2.38
57,477,2.38
57,478,3.13
57,479,7.14
57,480,2.27
57,481,5.56
57,482,2
57,483,7.14
57,484,2.08
57,485,10
57,486,3.13
57,487,4.55
57,488,2.5
57,489,4.55
57,490,3.57
57,491,6.25
57,492,8.33
57,493,10
57,494,2.38
57,495,2.27
57,496,2.17
57,497,3.33
57,498,2.38
57,499,10
57,500,2.17
58,1,3.13
58,2,3.85
58,3,2.94
58,4,7.14
58,5,2.08
58,6,4.17
58,7,2.5
58,8,6.25
58,9,6.25
58,10,4.17
58,11,2
58,12,2.5
58,13,3.85
58,14,2.38
58,15,2
58,16,4.55
58,17,2.27
58,18,2.38
58,19,2.63
58,20,7.14
58,21,2.08
58,22,3.33
58,23,4.17
58,24,10
58,25,3.57
58,26,2.94
58,27,2
58,28,3.33
58,29,2.08
58,30,2.94
58,31,4.17
58,32,2.27
58,33,5
58,34,2.94
58,35,2.38
58,36,4.55
58,37,2.27
58,38,10
58,39,3.85
58,40,4.55
58,41,2.17
58,42,2.38
58,43,6.25
58,44,7.14
58,45,6.25
58,46,2
58,47,8.33
58,48,6.25
58,49,3.85
58,50,3.85
58,51,6.25
58,52,2.94
58,53,4.55
58,54,3.85
58,55,2.17
58,56,5.56
58,57,2.27
58,58,2.08
58,59,2.38
58,60,2.5
58,61,2.5
58,62,6.25
58,63,8.33
58,64,2.63
58,65,2.17
58,66,2
58,67,2.08
58,68,2.17
58,69,3.33
58,70,2.63
58,71,3.57
58,72,7.14
58,73,3.57
58,74,2.63
58,75,2
58,76,2
58,77,5.56
58,78,4.55
58,79,2.5
58,80,4.17
58,81,8.33
58,82,2.27
58,83,3.33
58,84,3.85
58,85,2.63
58,86,4.17
58,87,2.5
58,88,2.27
58,89,2.38
58,90,2.5
58,91,4.17
58,92,4.55
58,93,7.14
58,94,2.5
58,95,2.38
58,96,8.33
58,97,10
58,98,2
58,99,3.85
58,100,2.08
58,101,2
58,102,3.85
58,103,2.17
58,104,7.14
58,105,3.13
58,106,3.85
58,107,2.63
58,108,3.85
58,109,2.63
58,110,4.55
58,111,4.17
58,112,4.55
58,113,7.14
58,114,2.5
58,115,5
58,116,2.38
58,117,8.33
58,118,3.85
58,119,5
58,120,4.17
58,121,2.63
58,122,2
58,123,10
58,124,2.38
58,125,4.55
58,126,5
58,127,5
58,128,2.38
58,129,3.13
58,130,3.57
58,131,3.33
58,132,3.85
58,133,2.78
58,134,4.17
58,135,3.13
58,136,3.85
58,137,2.17
58,138,3.85
58,139,3.85
58,140,3.13
58,141,2.27
58,142,5
58,143,3.85
58,144,3.85
58,145,2
58,146,2
58,147,8.33
58,148,2.94
58,149,2.17
58,150,2.63
58,151,2.38
58,152,6.25
58,153,3.33
58,154,2.08
58,155,2.17
58,156,10
58,157,4.55
58,158,3.57
58,159,3.57
58,160,2.63
58,161,4.17
58,162,2.94
58,163,2.63
58,164,4.55
58,165,2
58,166,5.56
58,167,8.33
58,168,2
58,169,2.5
58,170,2.94
58,171,2.08
58,172,3.57
58,173,2.5
58,174,4.55
58,175,3.13
58,176,5
58,177,2.17
58,178,5
58,179,2.08
58,180,4.17
58,181,4.55
58,182,5.56
58,183,6.25
58,184,7.14
58,185,3.33
58,186,2.17
58,187,2.78
58,188,2.63
58,189,2.27
58,190,3.85
58,191,5
58,192,2.78
58,193,5
58,194,4.17
58,195,4.55
58,196,2.17
58,197,2
58,198,2.38
58,199,8.33
58,200,2.27
58,201,2.27
58,202,8.33
58,203,2.38
58,204,6.25
58,205,7.14
58,206,3.57
58,207,4.55
58,208,3.33
58,209,3.85
58,210,2.63
58,211,2.38
58,212,7.14
58,213,6.25
58,214,3.33
58,215,3.85
58,216,2.78
58,217,3.13
58,218,2.17
58,219,4.17
58,220,10
58,221,3.85
58,222,2.08
58,223,3.13
58,224,3.13
58,225,5
58,226,10
58,227,2.63
58,228,2.08
58,229,3.57
58,230,2.08
58,231,2.63
58,232,2.5
58,233,6.25
58,234,2.78
58,235,2.17
58,236,3.85
58,237,4.55
58,238,2.5
58,239,3.85
58,240,2.17
58,241,2
58,242,5
58,243,2.63
58,244,6.25
58,245,5.56
58,246,3.85
58,247,2.27
58,248,2
58,249,2.63
58,250,4.17
58,251,4.17
58,252,5.56
58,253,3.13
58,254,8.33
58,255,4.17
58,256,3.85
58,257,10
58,258,3.33
58,259,3.57
58,260,2.38
58,261,2.17
58,262,2.5
58,263,3.85
58,264,5
58,265,7.14
58,266,2.38
58,267,2.5
58,268,4.17
58,269,2.27
58,270,7.14
58,271,6.25
58,272,2
58,273,6.25
58,274,6.25
58,275,8.33
58,276,2
58,277,3.85
58,278,2
58,279,2.17
58,280,8.33
58,281,7.14
58,282,10
58,283,2.94
58,284,2.17
58,285,2
58,286,2.5
58,287,2.94
58,288,2.5
58,289,2.63
58,290,2.5
58,291,2.5
58,292,2.27
58,293,2.78
58,294,2.94
58,295,2.78
58,296,2.27
58,297,2.17
58,298,3.13
58,299,3.13
58,300,2.17
58,301,4.55
58,302,3.33
58,303,6.25
58,304,3.13
58,305,2.27
58,306,7.14
58,307,2.17
58,308,10
58,309,3.33
58,310,2.08
58,311,7.14
58,312,2.63
58,313,2.17
58,314,2.78
58,315,3.13
58,316,2.17
58,317,5
58,318,3.13
58,319,7.14
58,320,3.13
58,321,2.94
58,322,2.94
58,323,2.78
58,324,5.56
58,325,2.27
58,326,2
58,327,7.14
58,328,10
58,329,8.33
58,330,7.14
58,331,3.33
58,332,2.5
58,333,3.57
58,334,4.55
58,335,6.25
58,336,5.56
58,337,2.5
58,338,4.55
58,339,6.25
58,340,3.33
58,341,2.08
58,342,2.27
58,343,2.5
58,344,2.5
58,345,6.25
58,346,2.27
58,347,6.25
58,348,2.38
58,349,2.5
58,350,3.85
58,351,2.38
58,352,3.57
58,353,6.25
58,354,3.85
58,355,2.17
58,356,2.38
58,357,7.14
58,358,5.56
58,359,5
58,360,3.33
58,361,2.5
58,362,2.5
58,363,2.27
58,364,2.78
58,365,7.14
58,366,5
58,367,2.63
58,368,8.33
58,369,3.33
58,370,2.5
58,371,2
58,372,4.55
58,373,2
58,374,2
58,375,3.13
58,376,2.38
58,377,10
58,378,2.94
58,379,2.38
58,380,7.14
58,381,4.17
58,382,2.5
58,383,7.14
58,384,6.25
58,385,2.27
58,386,3.33
58,387,2.17
58,388,3.13
58,389,2
58,390,5.56
58,391,7.14
58,392,4.17
58,393,7.14
58,394,3.13
58,395,3.57
58,396,2.63
58,397,5.56
58,398,2.78
58,399,10
58,400,2.38
58,401,7.14
58,402,2.94
58,403,2.08
58,404,5.56
58,405,10
58,406,3.57
58,407,3.33
58,408,2
58,409,2.78
58,410,4.17
58,411,6.25
58,412,2.08
58,413,2.08
58,414,2.17
58,415,2.5
58,416,3.57
58,417,3.85
58,418,2
58,419,4.17
58,420,2.63
58,421,3.13
58,422,2.08
58,423,2.17
58,424,10
58,425,2.27
58,426,5
58,427,3.57
58,428,10
58,429,5.56
58,430,3.57
58,431,5.56
58,432,10
58,433,2.63
58,434,4.55
58,435,3.57
58,436,4.17
58,437,4.55
58,438,2.27
58,439,3.85
58,440,2.63
58,441,2.78
58,442,2.94
58,443,2.63
58,444,4.55
58,445,2.38
58,446,3.33
58,447,4.17
58,448,3.33
58,449,2.08
58,450,2.08
58,451,4.55
58,452,2.08
58,453,2.5
58,454,2.38
58,455,3.13
58,456,2.27
58,457,7.14
58,458,2
58,459,3.13
58,460,4.55
58,461,4.17
58,462,2.08
58,463,2.17
58,464,3.33
58,465,3.33
58,466,4.17
58,467,5
58,468,2.5
58,469,4.17
58,470,2.38
58,471,2.38
58,472,2.5
58,473,2.78
58,474,5.56
58,475,2.08
58,476,4.17
58,477,2.38
58,478,2.78
58,479,7.14
58,480,5.56
58,481,2.27
58,482,2.38
58,483,2.5
58,484,2.5
58,485,2
58,486,6.25
58,487,3.13
58,488,4.17
58,489,2.27
58,490,5
58,491,2.27
58,492,10
58,493,3.57
58,494,4.55
58,495,2
58,496,10
58,497,2.94
58,498,2.78
58,499,10
58,500,2.5
59,1,5.56
59,2,2
59,3,2
59,4,5.56
59,5,3.33
59,6,2.08
59,7,3.85
59,8,4.17
59,9,2.17
59,10,2.17
59,11,8.33
59,12,4.17
59,13,2.38
59,14,3.13
59,15,3.13
59,16,2.5
59,17,2.94
59,18,2.5
59,19,2.38
59,20,3.13
59,21,3.13
59,22,2.94
59,23,3.33
59,24,2.94
59,25,5
59,26,2.5
59,27,2.94
59,28,2.63
59,29,8.33
59,30,2.78
59,31,5
59,32,7.14
59,33,2.78
59,34,5
59,35,2.27
59,36,5
59,37,3.57
59,38,2.5
59,39,3.85
59,40,2.08
59,41,2.78
59,42,3.57
59,43,8.33
59,44,2.17
59,45,2.94
59,46,10
59,47,2.5
59,48,8.33
59,49,5
59,50,3.57
59,51,3.85
59,52,2.5
59,53,5.56
59,54,2.78
59,55,2.38
59,56,5
59,57,3.13
59,58,3.13
59,59,3.13
59,60,2.27
59,61,8.33
59,62,10
59,63,2.94
59,64,8.33
59,65,3.33
59,66,2.78
59,67,2.94
59,68,5
59,69,3.33
59,70,3.57
59,71,2.63
59,72,8.33
59,73,2.5
59,74,4.17
59,75,2.27
59,76,3.13
59,77,3.85
59,78,10
59,79,3.85
59,80,10
59,81,5
59,82,3.85
59,83,4.55
59,84,5
59,85,4.17
59,86,2.5
59,87,2.63
59,88,4.55
59,89,5
59,90,3.33
59,91,2.27
59,92,3.13
59,93,2.38
59,94,4.55
59,95,2.63
59,96,2.08
59,97,6.25
59,98,2.5
59,99,3.33
59,100,4.55
59,101,2.08
59,102,2.94
59,103,2.5
59,104,2.17
59,105,5.56
59,106,2.63
59,107,3.13
59,108,4.55
59,109,5
59,110,2.94
59,111,3.33
59,112,2.17
59,113,2.08
59,114,2.08
59,115,2.94
59,116,2.27
59,117,10
59,118,3.57
59,119,4.17
59,120,2.27
59,121,5.56
59,122,7.14
59,123,5
59,124,2.17
59,125,4.55
59,126,2.17
59,127,8.33
59,128,2.5
59,129,2.78
59,130,8.33
59,131,3.85
59,132,2.17
59,133,2.27
59,134,4.17
59,135,2
59,136,4.55
59,137,2.38
59,138,5.56
59,139,2.27
59,140,3.33
59,141,3.33
59,142,5
59,143,4.55
59,144,5
59,145,2.27
59,146,2.27
59,147,2.5
59,148,2.08
59,149,2.94
59,150,3.57
59,151,2.78
59,152,3.13
59,153,10
59,154,2.63
59,155,2.08
59,156,2
59,157,2.38
59,158,2.17
59,159,2.94
59,160,2.5
59,161,2.08
59,162,2.17
59,163,5.56
59,164,7.14
59,165,3.85
59,166,2
59,167,2.94
59,168,2.27
59,169,3.13
59,170,4.17
59,171,3.33
59,172,2.17
59,173,5
59,174,2.94
59,175,3.57
59,176,2.78
59,177,5
59,178,10
59,179,4.17
59,180,2.38
59,181,6.25
59,182,2.94
59,183,2
59,184,2.5
59,185,2.08
59,186,6.25
59,187,2
59,188,5
59,189,10
59,190,2.63
59,191,2.38
59,192,4.17
59,193,3.13
59,194,2.27
59,195,5.56
59,196,2.63
59,197,2.27
59,198,10
59,199,4.17
59,200,4.17
59,201,5
59,202,4.17
59,203,6.25
59,204,2.08
59,205,4.17
59,206,3.33
59,207,6.25
59,208,2.08
59,209,2.63
59,210,2.63
59,211,2.08
59,212,5
59,213,2.94
59,214,3.13
59,215,2.63
59,216,8.33
59,217,2.08
59,218,4.55
59,219,3.57
59,220,4.55
59,221,3.57
59,222,10
59,223,3.13
59,224,3.33
59,225,5
59,226,5
59,227,2.63
59,228,5
59,229,2.78
59,230,5.56
59,231,7.14
59,232,3.85
59,233,6.25
59,234,3.13
59,235,3.33
59,236,5
59,237,2.63
59,238,3.57
59,239,4.55
59,240,2.5
59,241,3.57
59,242,4.55
59,243,2.63
59,244,3.33
59,245,5
59,246,2.78
59,247,6.25
59,248,3.85
59,249,8.33
59,250,10
59,251,8.33
59,252,6.25
59,253,5
59,254,8.33
59,255,8.33
59,256,4.17
59,257,10
59,258,3.33
59,259,2.38
59,260,4.55
59,261,3.57
59,262,2
59,263,8.33
59,264,4.55
59,265,5
59,266,2
59,267,2.63
59,268,3.13
59,269,3.57
59,270,4.17
59,271,3.85
59,272,2.08
59,273,10
59,274,2.08
59,275,8.33
59,276,2.27
59,277,2.78
59,278,2.27
59,279,7.14
59,280,2.17
59,281,3.57
59,282,2.08
59,283,2.94
59,284,2
59,285,3.57
59,286,2.38
59,287,2.63
59,288,6.25
59,289,2.94
59,290,2.78
59,291,2.78
59,292,2
59,293,8.33
59,294,2.5
59,295,5.56
59,296,2.63
59,297,8.33
59,298,2.94
59,299,2.27
59,300,2.78
59,301,4.55
59,302,2.27
59,303,3.85
59,304,8.33
59,305,3.57
59,306,2.27
59,307,3.85
59,308,3.33
59,309,2.5
59,310,5
59,311,6.25
59,312,2.5
59,313,2.5
59,314,2.94
59,315,2.5
59,316,2
59,317,2.63
59,318,2.38
59,319,4.17
59,320,3.85
59,321,2.27
59,322,4.17
59,323,3.57
59,324,3.85
59,325,5.56
59,326,5.56
59,327,2.38
59,328,3.13
59,329,2.08
59,330,5.56
59,331,2.5
59,332,3.13
59,333,6.25
59,334,2
59,335,2.27
59,336,2.63
59,337,2.5
59,338,2.5
59,339,5
59,340,3.57
59,341,2.63
59,342,2
59,343,2.17
59,344,4.17
59,345,8.33
59,346,2.38
59,347,2.94
59,348,2
59,349,5.56
59,350,2.5
59,351,8.33
59,352,5.56
59,353,2.5
59,354,2.63
59,355,2.63
59,356,2.38
59,357,2.94
59,358,4.55
59,359,4.55
59,360,3.33
59,361,3.33
59,362,2.17
59,363,10
59,364,3.85
59,365,5
59,366,2.63
59,367,10
59,368,5
59,369,3.57
59,370,3.13
59,371,5.56
59,372,3.33
59,373,3.57
59,374,3.13
59,375,2.78
59,376,3.57
59,377,6.25
59,378,2.38
59,379,3.33
59,380,3.85
59,381,8.33
59,382,10
59,383,4.55
59,384,2.5
59,385,2.63
59,386,2.78
59,387,4.55
59,388,2.78
59,389,5.56
59,390,4.17
59,391,3.13
59,392,5
59,393,2.94
59,394,2.94
59,395,2.63
59,396,4.17
59,397,3.85
59,398,2.08
59,399,2.94
59,400,3.85
59,401,7.14
59,402,7.14
59,403,3.85
59,404,10
59,405,4.17
59,406,2.5
59,407,4.17
59,408,2.63
59,409,5
59,410,4.17
59,411,10
59,412,2
59,413,4.55
59,414,10
59,415,2.63
59,416,3.13
59,417,6.25
59,418,2.27
59,419,6.25
59,420,5
59,421,3.57
59,422,7.14
59,423,3.33
59,424,2.94
59,425,2.27
59,426,6.25
59,427,3.13
59,428,5.56
59,429,2.5
59,430,3.85
59,431,5
59,432,2.27
59,433,2.5
59,434,2.27
59,435,5
59,436,2
59,437,10
59,438,5.56
59,439,2.27
59,440,6.25
59,441,2.27
59,442,5.56
59,443,3.13
59,444,4.17
59,445,2.08
59,446,6.25
59,447,5
59,448,2.94
59,449,7.14
59,450,7.14
59,451,2.94
59,452,3.85
59,453,2.63
59,454,3.13
59,455,5
59,456,4.17
59,457,7.14
59,458,2.27
59,459,2.94
59,460,10
59,461,5
59,462,3.13
59,463,2.94
59,464,2.5
59,465,2.94
59,466,10
59,467,5.56
59,468,3.57
59,469,3.13
59,470,3.33
59,471,4.17
59,472,2.38
59,473,4.55
59,474,5
59,475,5.56
59,476,3.33
59,477,3.85
59,478,3.57
59,479,3.33
59,480,6.25
59,481,2.78
59,482,5
59,483,3.13
59,484,2.94
59,485,2.08
59,486,2
59,487,3.57
59,488,3.13
59,489,2.63
59,490,3.13
59,491,6.25
59,492,2.27
59,493,7.14
59,494,2.17
59,495,2.78
59,496,6.25
59,497,2.38
59,498,2.38
59,499,2.78
59,500,2.17
60,1,2.78
60,2,2
60,3,2.08
60,4,3.57
60,5,4.55
60,6,2.94
60,7,2.38
60,8,3.85
60,9,4.17
60,10,2.78
60,11,4.17
60,12,4.55
60,13,2.63
60,14,3.57
60,15,2.78
60,16,3.57
60,17,3.57
60,18,2.08
60,19,5
60,20,3.57
60,21,2.38
60,22,2.08
60,23,2.17
60,24,2.63
60,25,2.38
60,26,2
60,27,2.38
60,28,2.38
60,29,3.33
60,30,3.57
60,31,2.63
60,32,3.57
60,33,4.55
60,34,5.56
60,35,8.33
60,36,6.25
60,37,2.94
60,38,2.94
60,39,2.17
60,40,10
60,41,2
60,42,2
60,43,2
60,44,2.08
60,45,5
60,46,2.63
60,47,3.33
60,48,6.25
60,49,2.27
60,50,4.17
60,51,2.27
60,52,2
60,53,2.94
60,54,4.55
60,55,3.57
60,56,2.94
60,57,2.08
60,58,2.27
60,59,2
60,60,3.85
60,61,6.25
60,62,4.17
60,63,2.63
60,64,2.63
60,65,3.13
60,66,4.17
60,67,6.25
60,68,6.25
60,69,3.13
60,70,2.94
60,71,2
60,72,2
60,73,2
60,74,2.63
60,75,2.27
60,76,4.55
60,77,3.33
60,78,8.33
60,79,3.33
60,80,2.08
60,81,2.63
60,82,8.33
60,83,2
60,84,6.25
60,85,6.25
60,86,2.63
60,87,3.85
60,88,2
60,89,2.5
60,90,2.78
60,91,10
60,92,2.63
60,93,10
60,94,2.63
60,95,2.63
60,96,3.57
60,97,2.78
60,98,5.56
60,99,2.08
60,100,3.33
60,101,5.56
60,102,2.78
60,103,2.5
60,104,3.33
60,105,3.33
60,106,4.55
60,107,2.38
60,108,2.38
60,109,3.13
60,110,8.33
60,111,4.17
60,112,5
60,113,4.17
60,114,2
60,115,2
60,116,2.08
60,117,2.27
60,118,2
60,119,2.94
60,120,2.38
60,121,3.57
60,122,5
60,123,10
60,124,10
60,125,10
60,126,5
60,127,10
60,128,5
60,129,2.38
60,130,2.5
60,131,6.25
60,132,4.55
60,133,2.17
60,134,2.17
60,135,3.33
60,136,2.27
60,137,10
60,138,2.27
60,139,2.94
60,140,10
60,141,3.57
60,142,2.17
60,143,6.25
60,144,5
60,145,2.17
60,146,2.08
60,147,2.78
60,148,7.14
60,149,4.55
60,150,2.08
60,151,4.17
60,152,2
60,153,8.33
60,154,10
60,155,2.5
60,156,6.25
60,157,10
60,158,2.78
60,159,7.14
60,160,3.33
60,161,2.94
60,162,5.56
60,163,3.33
60,164,5
60,165,3.57
60,166,4.55
60,167,2.17
60,168,2.63
60,169,2.5
60,170,2.94
60,171,3.13
60,172,3.13
60,173,2.78
60,174,3.33
60,175,4.17
60,176,5.56
60,177,10
60,178,2.17
60,179,3.57
60,180,8.33
60,181,4.17
60,182,2
60,183,7.14
60,184,5
60,185,3.33
60,186,2.5
60,187,3.57
60,188,2.5
60,189,2.78
60,190,2.38
60,191,2.78
60,192,2.5
60,193,2.5
60,194,2.38
60,195,8.33
60,196,2
60,197,2.08
60,198,3.85
60,199,4.17
60,200,3.85
60,201,4.17
60,202,6.25
60,203,7.14
60,204,6.25
60,205,2.27
60,206,6.25
60,207,3.33
60,208,2.17
60,209,2.94
60,210,8.33
60,211,2.5
60,212,2.17
60,213,2.78
60,214,5
60,215,2.17
60,216,2.78
60,217,7.14
60,218,10
60,219,3.57
60,220,2.08
60,221,2.27
60,222,7.14
60,223,8.33
60,224,2.94
60,225,2.78
60,226,2.17
60,227,2.63
60,228,2.63
60,229,5
60,230,2.08
60,231,10
60,232,2.78
60,233,2.08
60,234,3.33
60,235,2.08
60,236,8.33
60,237,6.25
60,238,5.56
60,239,6.25
60,240,5.56
60,241,5.56
60,242,4.55
60,243,3.13
60,244,4.17
60,245,2.27
60,246,4.55
60,247,2.17
60,248,2
60,249,10
60,250,2.94
60,251,3.33
60,252,2.5
60,253,2.38
60,254,2.63
60,255,4.55
60,256,2.94
60,257,2.78
60,258,8.33
60,259,2.08
60,260,3.33
60,261,3.13
60,262,5
60,263,3.33
60,264,3.13
60,265,3.13
60,266,10
60,267,2.27
60,268,2.94
60,269,5.56
60,270,3.13
60,271,2.78
60,272,2.94
60,273,6.25
60,274,8.33
60,275,5.56
60,276,3.85
60,277,8.33
60,278,2.78
60,279,3.85
60,280,2.38
60,281,2.94
60,282,4.17
60,283,3.13
60,284,3.33
60,285,7.14
60,286,8.33
60,287,2.5
60,288,5
60,289,2.63
60,290,4.17
60,291,2
60,292,2.08
60,293,2
60,294,2.5
60,295,3.33
60,296,5
60,297,2.78
60,298,2.78
60,299,4.17
60,300,2.17
60,301,6.25
60,302,2.94
60,303,7.14
60,304,5.56
60,305,2.78
60,306,2
60,307,3.13
60,308,3.33
60,309,2.17
60,310,2.27
60,311,10
60,312,5
60,313,4.55
60,314,2.78
60,315,2.5
60,316,8.33
60,317,2.17
60,318,2
60,319,10
60,320,2
60,321,2.38
60,322,2.38
60,323,6.25
60,324,3.85
60,325,2.27
60,326,7.14
60,327,3.13
60,328,7.14
60,329,2.17
60,330,2.94
60,331,3.13
60,332,3.13
60,333,3.13
60,334,2.17
60,335,7.14
60,336,4.17
60,337,3.33
60,338,2.17
60,339,8.33
60,340,10
60,341,3.57
60,342,5.56
60,343,10
60,344,8.33
60,345,2.78
60,346,3.13
60,347,2
60,348,3.13
60,349,2.17
60,350,7.14
60,351,8.33
60,352,2.17
60,353,2.27
60,354,2.63
60,355,10
60,356,10
60,357,2.5
60,358,5.56
60,359,2
60,360,3.33
60,361,3.57
60,362,2.94
60,363,4.17
60,364,2.94
60,365,2.63
60,366,2.63
60,367,10
60,368,3.57
60,369,4.17
60,370,2.17
60,371,2.5
60,372,2.17
60,373,10
60,374,3.57
60,375,6.25
60,376,3.13
60,377,2.5
60,378,2.08
60,379,3.13
60,380,4.17
60,381,7.14
60,382,4.17
60,383,3.33
60,384,3.13
60,385,4.17
60,386,4.55
60,387,4.55
60,388,4.17
60,389,4.17
60,390,2.17
60,391,8.33
60,392,5
60,393,2.17
60,394,4.17
60,395,6.25
60,396,6.25
60,397,2.94
60,398,4.55
60,399,2.27
60,400,3.33
60,401,2.27
60,402,10
60,403,3.13
60,404,2.17
60,405,3.85
60,406,3.33
60,407,10
60,408,2.38
60,409,2.5
60,410,3.57
60,411,2.17
60,412,7.14
60,413,2
60,414,3.57
60,415,2.08
60,416,2.94
60,417,3.57
60,418,2.5
60,419,3.33
60,420,3.85
60,421,10
60,422,2.17
60,423,6.25
60,424,6.25
60,425,2.38
60,426,2.17
60,427,3.57
60,428,2.27
60,429,10
60,430,2.5
60,431,10
60,432,3.13
60,433,5.56
60,434,2.08
60,435,2.17
60,436,2
60,437,3.57
60,438,2.63
60,439,4.17
60,440,7.14
60,441,2.94
60,442,2.94
60,443,4.17
60,444,2.38
60,445,2.38
60,446,3.85
60,447,7.14
60,448,2.63
60,449,6.25
60,450,2.78
60,451,2.08
60,452,3.13
60,453,7.14
60,454,2.17
60,455,2.5
60,456,7.14
60,457,5
60,458,7.14
60,459,3.57
60,460,3.33
60,461,2
60,462,3.57
60,463,3.13
60,464,3.13
60,465,2.78
60,466,7.14
60,467,2.63
60,468,6.25
60,469,3.57
60,470,2.63
60,471,2.38
60,472,2.5
60,473,2.5
60,474,7.14
60,475,7.14
60,476,2.78
60,477,2.78
60,478,3.13
60,479,10
60,480,2
60,481,4.55
60,482,8.33
60,483,5
60,484,3.85
60,485,2.63
60,486,10
60,487,2
60,488,2.38
60,489,3.85
60,490,4.55
60,491,2.78
60,492,2.94
60,493,3.33
60,494,2.94
60,495,5.56
60,496,5
60,497,6.25
60,498,3.85
60,499,8.33
60,500,2.63
61,1,2.94
61,2,8.33
61,3,2.63
61,4,2.08
61,5,6.25
61,6,2.94
61,7,2.38
61,8,10
61,9,2.17
61,10,2
61,11,7.14
61,12,2.08
61,13,2.08
61,14,7.14
61,15,2.17
61,16,3.13
61,17,3.33
61,18,4.55
61,19,2.38
61,20,5.56
61,21,3.57
61,22,2.38
61,23,4.55
61,24,6.25
61,25,2.63
61,26,2.17
61,27,7.14
61,28,3.33
61,29,2.78
61,30,4.17
61,31,2.5
61,32,4.17
61,33,2.17
61,34,2.63
61,35,2.94
61,36,4.55
61,37,3.57
61,38,6.25
61,39,2.38
61,40,10
61,41,8.33
61,42,2.17
61,43,2.63
61,44,4.17
61,45,2.94
61,46,5.56
61,47,10
61,48,2.27
61,49,3.33
61,50,4.17
61,51,2.5
61,52,2.5
61,53,10
61,54,2.94
61,55,8.33
61,56,4.17
61,57,3.57
61,58,7.14
61,59,2.38
61,60,4.17
61,61,10
61,62,2.5
61,63,2.27
61,64,2.17
61,65,2.78
61,66,2.17
61,67,3.57
61,68,6.25
61,69,3.13
61,70,3.13
61,71,10
61,72,2.78
61,73,6.25
61,74,2.78
61,75,6.25
61,76,2.38
61,77,2.38
61,78,3.57
61,79,5.56
61,80,6.25
61,81,7.14
61,82,2
61,83,3.57
61,84,4.55
61,85,2.63
61,86,2.17
61,87,2.94
61,88,4.55
61,89,2
61,90,2.63
61,91,4.55
61,92,5.56
61,93,7.14
61,94,3.57
61,95,2.5
61,96,10
61,97,4.55
61,98,2
61,99,3.57
61,100,2.08
61,101,3.85
61,102,5.56
61,103,3.13
61,104,2
61,105,2.5
61,106,7.14
61,107,2.94
61,108,2.27
61,109,3.85
61,110,5.56
61,111,2.94
61,112,2.17
61,113,2.63
61,114,3.85
61,115,2.27
61,116,3.33
61,117,2.38
61,118,3.85
61,119,2.78
61,120,2.27
61,121,3.33
61,122,2.17
61,123,10
61,124,5.56
61,125,3.33
61,126,2.63
61,127,5.56
61,128,2.78
61,129,3.13
61,130,2.94
61,131,4.55
61,132,3.57
61,133,3.33
61,134,2.94
61,135,3.13
61,136,3.13
61,137,5.56
61,138,2.08
61,139,6.25
61,140,3.57
61,141,2.94
61,142,2.08
61,143,10
61,144,2.17
61,145,3.85
61,146,2.38
61,147,3.85
61,148,2.63
61,149,5.56
61,150,3.13
61,151,2
61,152,2.38
61,153,2.5
61,154,7.14
61,155,5
61,156,2.27
61,157,3.85
61,158,4.55
61,159,2.78
61,160,3.57
61,161,2.08
61,162,3.13
61,163,2
61,164,5
61,165,3.85
61,166,6.25
61,167,2.27
61,168,6.25
61,169,2.08
61,170,2.38
61,171,5.56
61,172,5.56
61,173,2.27
61,174,2.5
61,175,6.25
61,176,2.27
61,177,2.78
61,178,2.94
61,179,2.94
61,180,2.27
61,181,3.85
61,182,4.17
61,183,3.13
61,184,3.85
61,185,2.17
61,186,2.08
61,187,3.33
61,188,4.17
61,189,2.38
61,190,6.25
61,191,3.57
61,192,2.17
61,193,5
61,194,7.14
61,195,2.78
61,196,3.57
61,197,10
61,198,4.17
61,199,2.63
61,200,2.08
61,201,2.27
61,202,2.78
61,203,5
61,204,4.55
61,205,2.5
61,206,3.85
61,207,2.94
61,208,2.63
61,209,3.33
61,210,4.17
61,211,7.14
61,212,5.56
61,213,3.85
61,214,2.94
61,215,4.55
61,216,4.17
61,217,2.38
61,218,3.57
61,219,3.85
61,220,2.78
61,221,3.13
61,222,2.38
61,223,2.08
61,224,2.38
61,225,6.25
61,226,4.55
61,227,3.33
61,228,3.85
61,229,2
61,230,8.33
61,231,3.33
61,232,2.08
61,233,4.55
61,234,6.25
61,235,2.08
61,236,4.17
61,237,6.25
61,238,6.25
61,239,3.13
61,240,2.5
61,241,3.13
61,242,7.14
61,243,2.08
61,244,2.63
61,245,2.94
61,246,7.14
61,247,5.56
61,248,2.27
61,249,7.14
61,250,4.55
61,251,3.85
61,252,8.33
61,253,2.17
61,254,2.17
61,255,3.33
61,256,6.25
61,257,8.33
61,258,5.56
61,259,2.78
61,260,2.38
61,261,3.33
61,262,4.55
61,263,4.17
61,264,2.63
61,265,5.56
61,266,2.27
61,267,10
61,268,2.27
61,269,7.14
61,270,6.25
61,271,7.14
61,272,3.85
61,273,3.85
61,274,2.78
61,275,2.63
61,276,4.17
61,277,2.27
61,278,3.13
61,279,5.56
61,280,7.14
61,281,2
61,282,2.94
61,283,2
61,284,2.94
61,285,7.14
61,286,4.55
61,287,4.55
61,288,6.25
61,289,10
61,290,10
61,291,2.38
61,292,6.25
61,293,3.13
61,294,2
61,295,10
61,296,5
61,297,2.78
61,298,2.94
61,299,2.27
61,300,4.55
61,301,5
61,302,2.38
61,303,5
61,304,2.17
61,305,10
61,306,2.94
61,307,3.85
61,308,4.55
61,309,2.27
61,310,2
61,311,2.63
61,312,2.27
61,313,2.38
61,314,5
61,315,4.17
61,316,10
61,317,4.17
61,318,3.33
61,319,4.17
61,320,2.63
61,321,5
61,322,3.85
61,323,2.78
61,324,3.57
61,325,2.08
61,326,10
61,327,2.17
61,328,2.78
61,329,3.33
61,330,2.08
61,331,6.25
61,332,7.14
61,333,4.55
61,334,6.25
61,335,2.27
61,336,3.57
61,337,2.78
61,338,3.33
61,339,10
61,340,2.17
61,341,2.94
61,342,2.27
61,343,2.27
61,344,2.08
61,345,2.78
61,346,7.14
61,347,2.78
61,348,3.85
61,349,4.17
61,350,2.5
61,351,2.17
61,352,2
61,353,5
61,354,6.25
61,355,2.38
61,356,2.17
61,357,2.78
61,358,8.33
61,359,2.94
61,360,2.5
61,361,8.33
61,362,2.5
61,363,10
61,364,4.17
61,365,5.56
61,366,5
61,367,2
61,368,4.17
61,369,5
61,370,4.55
61,371,6.25
61,372,2.63
61,373,8.33
61,374,2.5
61,375,4.17
61,376,4.55
61,377,8.33
61,378,2.5
61,379,2
61,380,2.94
61,381,2.5
61,382,3.85
61,383,7.14
61,384,2.78
61,385,2.5
61,386,2.38
61,387,2.5
61,388,2.63
61,389,3.33
61,390,3.57
61,391,3.57
61,392,2.08
61,393,4.17
61,394,2.17
61,395,2.08
61,396,8.33
61,397,4.17
61,398,2.63
61,399,5.56
61,400,4.17
61,401,3.13
61,402,5
61,403,2.63
61,404,5
61,405,3.13
61,406,2.63
61,407,2.27
61,408,4.55
61,409,6.25
61,410,4.55
61,411,4.55
61,412,3.85
61,413,4.55
61,414,5
61,415,7.14
61,416,4.55
61,417,4.17
61,418,5
61,419,8.33
61,420,5.56
61,421,10
61,422,3.13
61,423,2.5
61,424,3.57
61,425,3.57
61,426,4.17
61,427,4.55
61,428,3.33
61,429,2.38
61,430,2.63
61,431,6.25
61,432,2.27
61,433,3.13
61,434,4.17
61,435,5.56
61,436,2
61,437,6.25
61,438,5
61,439,4.17
61,440,2.08
61,441,2.17
61,442,2.08
61,443,7.14
61,444,8.33
61,445,3.13
61,446,2.63
61,447,2.63
61,448,2.94
61,449,4.55
61,450,5.56
61,451,4.17
61,452,2.27
61,453,2.38
61,454,3.13
61,455,6.25
61,456,10
61,457,4.55
61,458,5.56
61,459,2.38
61,460,3.57
61,461,3.85
61,462,2.38
61,463,2
61,464,2.78
61,465,2.38
61,466,3.57
61,467,2
61,468,2.08
61,469,2.78
61,470,7.14
61,471,3.33
61,472,2.27
61,473,8.33
61,474,2.78
61,475,4.55
61,476,5
61,477,3.13
61,478,7.14
61,479,2.63
61,480,3.13
61,481,4.17
61,482,2.94
61,483,8.33
61,484,2.17
61,485,3.33
61,486,4.55
61,487,2.5
61,488,2.17
61,489,3.33
61,490,6.25
61,491,6.25
61,492,10
61,493,6.25
61,494,4.17
61,495,3.33
61,496,2.17
61,497,5
61,498,2.78
61,499,3.33
61,500,2.08
62,1,6.25
62,2,8.33
62,3,8.33
62,4,2.17
62,5,3.13
62,6,8.33
62,7,2.17
62,8,5
62,9,3.85
62,10,2.17
62,11,3.33
62,12,6.25
62,13,3.85
62,14,5.56
62,15,2.17
62,16,2.94
62,17,2.08
62,18,5
62,19,5.56
62,20,4.55
62,21,3.85
62,22,4.17
62,23,6.25
62,24,2.5
62,25,8.33
62,26,3.57
62,27,5.56
62,28,2.27
62,29,7.14
62,30,2.17
62,31,2.27
62,32,2.38
62,33,7.14
62,34,2.27
62,35,8.33
62,36,2
62,37,5.56
62,38,5
62,39,2.27
62,40,2.17
62,41,2.17
62,42,2.63
62,43,2.63
62,44,2.08
62,45,2.78
62,46,2.38
62,47,5
62,48,2.5
62,49,2.27
62,50,8.33
62,51,2.38
62,52,2.17
62,53,6.25
62,54,2
62,55,6.25
62,56,3.85
62,57,8.33
62,58,2.27
62,59,5.56
62,60,7.14
62,61,2.94
62,62,5
62,63,2.78
62,64,4.55
62,65,2
62,66,5
62,67,2.5
62,68,2
62,69,5.56
62,70,6.25
62,71,3.33
62,72,5.56
62,73,8.33
62,74,6.25
62,75,10
62,76,2.38
62,77,10
62,78,2.27
62,79,8.33
62,80,2.27
62,81,2.17
62,82,2.63
62,83,3.33
62,84,8.33
62,85,10
62,86,4.55
62,87,2.08
62,88,3.33
62,89,3.57
62,90,2.27
62,91,3.57
62,92,2.17
62,93,10
62,94,3.85
62,95,4.55
62,96,10
62,97,2.27
62,98,2.27
62,99,3.85
62,100,2.5
62,101,2.27
62,102,3.57
62,103,2.27
62,104,2.27
62,105,3.57
62,106,3.57
62,107,3.85
62,108,3.13
62,109,3.33
62,110,6.25
62,111,4.17
62,112,2.5
62,113,2
62,114,3.57
62,115,10
62,116,3.85
62,117,2
62,118,7.14
62,119,2
62,120,7.14
62,121,8.33
62,122,7.14
62,123,2.94
62,124,2.17
62,125,3.33
62,126,8.33
62,127,3.33
62,128,2.27
62,129,2
62,130,3.33
62,131,8.33
62,132,4.17
62,133,2.63
62,134,2
62,135,2.38
62,136,2.5
62,137,8.33
62,138,3.13
62,139,7.14
62,140,3.13
62,141,2.5
62,142,2.17
62,143,6.25
62,144,2.38
62,145,3.33
62,146,3.57
62,147,3.57
62,148,2.17
62,149,3.85
62,150,3.57
62,151,2
62,152,6.25
62,153,5
62,154,10
62,155,2.17
62,156,10
62,157,2.63
62,158,5.56
62,159,6.25
62,160,6.25
62,161,7.14
62,162,2.38
62,163,2.17
62,164,4.55
62,165,5.56
62,166,2.5
62,167,2
62,168,2.5
62,169,3.57
62,170,8.33
62,171,6.25
62,172,10
62,173,10
62,174,10
62,175,2.17
62,176,2.94
62,177,3.57
62,178,2.5
62,179,2.27
62,180,2.27
62,181,2
62,182,3.57
62,183,2.63
62,184,8.33
62,185,3.85
62,186,5.56
62,187,8.33
62,188,8.33
62,189,5.56
62,190,3.57
62,191,2.63
62,192,5.56
62,193,2.38
62,194,10
62,195,2.5
62,196,2.5
62,197,2.38
62,198,4.55
62,199,2.63
62,200,6.25
62,201,3.85
62,202,2.17
62,203,2.5
62,204,6.25
62,205,2.17
62,206,2.27
62,207,10
62,208,2
62,209,2.08
62,210,3.13
62,211,3.13
62,212,4.17
62,213,8.33
62,214,5
62,215,3.57
62,216,8.33
62,217,2.27
62,218,3.33
62,219,3.33
62,220,7.14
62,221,5
62,222,7.14
62,223,2.08
62,224,2.38
62,225,6.25
62,226,2.17
62,227,3.13
62,228,5
62,229,3.57
62,230,3.85
62,231,3.33
62,232,2.5
62,233,2.08
62,234,5
62,235,10
62,236,2.94
62,237,3.33
62,238,10
62,239,3.13
62,240,2.63
62,241,2.5
62,242,2.5
62,243,2.5
62,244,3.33
62,245,8.33
62,246,3.57
62,247,6.25
62,248,3.85
62,249,5
62,250,4.17
62,251,8.33
62,252,4.17
62,253,3.57
62,254,2.38
62,255,2.5
62,256,3.13
62,257,10
62,258,2.94
62,259,2.94
62,260,3.13
62,261,3.13
62,262,3.33
62,263,3.13
62,264,2.78
62,265,5.56
62,266,2
62,267,2.94
62,268,4.17
62,269,2.17
62,270,6.25
62,271,3.33
62,272,2.5
62,273,4.55
62,274,2.08
62,275,3.33
62,276,2.63
62,277,2.38
62,278,7.14
62,279,10
62,280,3.57
62,281,3.85
62,282,2.63
62,283,4.55
62,284,3.85
62,285,2.94
62,286,4.55
62,287,2.08
62,288,5
62,289,4.17
62,290,2.63
62,291,4.17
62,292,3.85
62,293,8.33
62,294,10
62,295,3.13
62,296,4.55
62,297,3.57
62,298,2.63
62,299,2.27
62,300,2.94
62,301,3.85
62,302,8.33
62,303,2.08
62,304,2.38
62,305,8.33
62,306,2.08
62,307,3.85
62,308,2
62,309,2.63
62,310,7.14
62,311,3.33
62,312,2.78
62,313,2.38
62,314,6.25
62,315,3.57
62,316,4.17
62,317,3.85
62,318,3.13
62,319,2.27
62,320,3.13
62,321,2.08
62,322,3.57
62,323,2.5
62,324,5.56
62,325,3.85
62,326,10
62,327,2.38
62,328,2.63
62,329,2.63
62,330,2.78
62,331,2.17
62,332,3.33
62,333,3.13
62,334,2.78
62,335,2.5
62,336,5.56
62,337,2.63
62,338,2.5
62,339,5
62,340,4.17
62,341,3.85
62,342,3.33
62,343,4.17
62,344,2.63
62,345,2.08
62,346,10
62,347,3.57
62,348,2.78
62,349,2.38
62,350,4.17
62,351,2.27
62,352,2.17
62,353,2.94
62,354,5
62,355,5
62,356,5.56
62,357,3.85
62,358,2.27
62,359,2.5
62,360,10
62,361,3.33
62,362,2.27
62,363,3.33
62,364,2.17
62,365,4.17
62,366,2.08
62,367,2.63
62,368,10
62,369,8.33
62,370,3.13
62,371,3.13
62,372,2.5
62,373,3.13
62,374,3.85
62,375,6.25
62,376,2.63
62,377,8.33
62,378,2.08
62,379,8.33
62,380,2.78
62,381,10
62,382,3.57
62,383,5.56
62,384,8.33
62,385,2.17
62,386,5.56
62,387,7.14
62,388,6.25
62,389,2.38
62,390,2.94
62,391,7.14
62,392,2
62,393,2
62,394,5.56
62,395,2.27
62,396,2.38
62,397,4.55
62,398,2
62,399,5
62,400,2.63
62,401,7.14
62,402,3.33
62,403,3.85
62,404,2.27
62,405,2.17
62,406,7.14
62,407,8.33
62,408,2
62,409,4.17
62,410,4.17
62,411,2.27
62,412,4.55
62,413,2.63
62,414,10
62,415,3.57
62,416,3.85
62,417,6.25
62,418,5.56
62,419,3.13
62,420,3.13
62,421,2.38
62,422,2.94
62,423,2
62,424,2.63
62,425,2
62,426,4.55
62,427,2.63
62,428,5
62,429,4.17
62,430,5
62,431,4.17
62,432,2.78
62,433,2.17
62,434,2
62,435,3.13
62,436,2.17
62,437,4.17
62,438,2.27
62,439,6.25
62,440,3.85
62,441,3.13
62,442,2
62,443,2
62,444,2
62,445,2.38
62,446,2
62,447,3.85
62,448,3.13
62,449,10
62,450,2.5
62,451,2.78
62,452,8.33
62,453,3.13
62,454,7.14
62,455,4.17
62,456,7.14
62,457,3.13
62,458,5
62,459,3.85
62,460,5
62,461,2.63
62,462,5
62,463,6.25
62,464,6.25
62,465,2.27
62,466,2
62,467,8.33
62,468,7.14
62,469,5
62,470,3.13
62,471,2.94
62,472,10
62,473,2.08
62,474,5.56
62,475,2.94
62,476,3.85
62,477,8.33
62,478,4.55
62,479,3.57
62,480,5.56
62,481,4.55
62,482,2.08
62,483,3.13
62,484,2.63
62,485,4.17
62,486,6.25
62,487,6.25
62,488,10
62,489,5.56
62,490,5
62,491,2.63
62,492,2.63
62,493,2
62,494,2.5
62,495,2.27
62,496,6.25
62,497,3.33
62,498,6.25
62,499,10
62,500,2.17
63,1,2.78
63,2,3.57
63,3,6.25
63,4,2.38
63,5,4.17
63,6,8.33
63,7,2.17
63,8,2.38
63,9,5.56
63,10,2.5
63,11,10
63,12,3.57
63,13,3.85
63,14,7.14
63,15,3.57
63,16,2.63
63,17,2.27
63,18,2.17
63,19,2.78
63,20,4.55
63,21,3.85
63,22,2
63,23,4.55
63,24,10
63,25,4.55
63,26,10
63,27,2.94
63,28,2
63,29,5.56
63,30,3.13
63,31,2.08
63,32,2.17
63,33,5.56
63,34,2.38
63,35,3.13
63,36,4.17
63,37,5
63,38,2.78
63,39,3.13
63,40,2.27
63,41,4.17
63,42,7.14
63,43,8.33
63,44,2.94
63,45,4.17
63,46,2.63
63,47,2
63,48,10
63,49,4.55
63,50,2.78
63,51,3.33
63,52,3.33
63,53,2.27
63,54,2.17
63,55,4.17
63,56,2.5
63,57,3.85
63,58,2.17
63,59,6.25
63,60,3.85
63,61,4.17
63,62,8.33
63,63,2.08
63,64,4.55
63,65,3.85
63,66,4.17
63,67,2.38
63,68,4.17
63,69,5.56
63,70,3.57
63,71,2
63,72,5.56
63,73,2.94
63,74,2.27
63,75,2.38
63,76,2.27
63,77,2
63,78,3.33
63,79,4.55
63,80,2.27
63,81,2.38
63,82,2.17
63,83,3.33
63,84,3.57
63,85,2.08
63,86,4.55
63,87,4.55
63,88,3.57
63,89,3.13
63,90,4.55
63,91,4.17
63,92,5
63,93,7.14
63,94,2.78
63,95,5
63,96,2.17
63,97,2.63
63,98,2
63,99,5
63,100,2.78
63,101,5
63,102,5.56
63,103,3.85
63,104,10
63,105,3.57
63,106,7.14
63,107,5.56
63,108,2.17
63,109,8.33
63,110,4.55
63,111,7.14
63,112,4.55
63,113,3.57
63,114,4.55
63,115,2.63
63,116,3.85
63,117,10
63,118,2.94
63,119,7.14
63,120,7.14
63,121,5
63,122,2.94
63,123,6.25
63,124,4.55
63,125,8.33
63,126,2.17
63,127,4.55
63,128,4.55
63,129,3.33
63,130,10
63,131,4.55
63,132,2.08
63,133,3.33
63,134,2.94
63,135,2.63
63,136,2.63
63,137,2
63,138,2.94
63,139,5.56
63,140,4.55
63,141,2.78
63,142,2.08
63,143,3.33
63,144,8.33
63,145,5
63,146,2.38
63,147,3.57
63,148,2.17
63,149,6.25
63,150,4.55
63,151,10
63,152,3.85
63,153,3.13
63,154,6.25
63,155,2.38
63,156,2.5
63,157,5.56
63,158,4.17
63,159,4.55
63,160,3.57
63,161,2.63
63,162,2.63
63,163,3.13
63,164,2.94
63,165,5
63,166,2.5
63,167,2.27
63,168,2.78
63,169,10
63,170,4.55
63,171,2.5
63,172,3.85
63,173,2
63,174,2.27
63,175,2.38
63,176,2
63,177,8.33
63,178,2.08
63,179,5
63,180,2.78
63,181,2
63,182,5.56
63,183,5
63,184,3.33
63,185,2.38
63,186,5.56
63,187,6.25
63,188,4.17
63,189,3.13
63,190,2.63
63,191,2.78
63,192,2.08
63,193,2.94
63,194,4.17
63,195,2.27
63,196,8.33
63,197,2.27
63,198,2.78
63,199,2.38
63,200,2
63,201,2.5
63,202,3.33
63,203,2.27
63,204,2.38
63,205,3.57
63,206,5
63,207,2.17
63,208,2.5
63,209,3.13
63,210,2.38
63,211,10
63,212,8.33
63,213,8.33
63,214,2
63,215,6.25
63,216,4.55
63,217,4.17
63,218,2
63,219,3.13
63,220,2.5
63,221,2.38
63,222,2.63
63,223,3.57
63,224,5
63,225,2.5
63,226,5.56
63,227,10
63,228,4.17
63,229,2.78
63,230,2.94
63,231,2.27
63,232,2.27
63,233,6.25
63,234,7.14
63,235,4.55
63,236,3.85
63,237,2.17
63,238,3.57
63,239,7.14
63,240,2.38
63,241,2.08
63,242,4.17
63,243,2.27
63,244,5
63,245,4.17
63,246,7.14
63,247,2.94
63,248,8.33
63,249,2.08
63,250,5
63,251,4.55
63,252,2
63,253,10
63,254,4.17
63,255,2.38
63,256,8.33
63,257,4.55
63,258,5.56
63,259,5.56
63,260,3.13
63,261,3.13
63,262,5
63,263,2.27
63,264,3.85
63,265,3.13
63,266,2.38
63,267,5.56
63,268,5.56
63,269,3.57
63,270,2.08
63,271,4.55
63,272,7.14
63,273,4.55
63,274,2.63
63,275,3.85
63,276,4.17
63,277,3.57
63,278,2.5
63,279,5
63,280,10
63,281,3.33
63,282,3.33
63,283,3.85
63,284,2
63,285,7.14
63,286,3.33
63,287,2.94
63,288,3.13
63,289,6.25
63,290,3.13
63,291,3.85
63,292,2.08
63,293,3.85
63,294,2.5
63,295,2.27
63,296,7.14
63,297,2.78
63,298,2.17
63,299,4.55
63,300,3.57
63,301,3.85
63,302,2.17
63,303,2.27
63,304,4.17
63,305,3.33
63,306,2.5
63,307,3.85
63,308,2.08
63,309,2.5
63,310,5
63,311,2.38
63,312,5
63,313,3.85
63,314,2.94
63,315,2.27
63,316,2.27
63,317,3.33
63,318,6.25
63,319,2.38
63,320,2.78
63,321,10
63,322,5
63,323,7.14
63,324,2.63
63,325,3.85
63,326,2.17
63,327,2.17
63,328,2.38
63,329,8.33
63,330,2.94
63,331,2.94
63,332,2.5
63,333,3.57
63,334,2
63,335,2.94
63,336,10
63,337,3.57
63,338,2
63,339,3.33
63,340,2.08
63,341,10
63,342,3.85
63,343,4.17
63,344,4.55
63,345,3.57
63,346,2.17
63,347,2.78
63,348,2.78
63,349,8.33
63,350,5
63,351,7.14
63,352,3.57
63,353,2.08
63,354,2.5
63,355,7.14
63,356,2.63
63,357,3.13
63,358,3.13
63,359,2.94
63,360,3.33
63,361,5
63,362,2.38
63,363,5.56
63,364,3.33
63,365,2.63
63,366,3.13
63,367,2.17
63,368,2
63,369,7.14
63,370,4.55
63,371,10
63,372,7.14
63,373,2
63,374,7.14
63,375,5
63,376,3.85
63,377,4.55
63,378,3.57
63,379,2.5
63,380,4.55
63,381,2.17
63,382,3.57
63,383,7.14
63,384,3.13
63,385,6.25
63,386,3.13
63,387,3.57
63,388,2.78
63,389,7.14
63,390,5.56
63,391,2.78
63,392,2.08
63,393,2.17
63,394,3.13
63,395,5.56
63,396,8.33
63,397,2
63,398,10
63,399,3.57
63,400,2.38
63,401,2.17
63,402,2.5
63,403,2
63,404,2.38
63,405,6.25
63,406,2.94
63,407,10
63,408,4.17
63,409,3.85
63,410,2.78
63,411,2.5
63,412,4.55
63,413,2.08
63,414,2.17
63,415,5
63,416,10
63,417,2.38
63,418,10
63,419,2.08
63,420,2.27
63,421,2.38
63,422,8.33
63,423,5
63,424,5
63,425,2.27
63,426,5
63,427,3.57
63,428,3.57
63,429,8.33
63,430,4.55
63,431,4.55
63,432,2.27
63,433,3.13
63,434,3.85
63,435,2.17
63,436,6.25
63,437,2.94
63,438,2.5
63,439,7.14
63,440,4.55
63,441,2.94
63,442,2.17
63,443,2.38
63,444,2.78
63,445,3.85
63,446,2.78
63,447,10
63,448,5
63,449,8.33
63,450,3.57
63,451,4.55
63,452,3.33
63,453,3.85
63,454,6.25
63,455,2.78
63,456,5
63,457,5.56
63,458,2.08
63,459,2
63,460,5
63,461,5.56
63,462,2
63,463,4.55
63,464,4.55
63,465,2
63,466,2.08
63,467,2.78
63,468,2.27
63,469,5.56
63,470,8.33
63,471,2.38
63,472,4.17
63,473,6.25
63,474,2.38
63,475,2.38
63,476,2.78
63,477,2.94
63,478,10
63,479,3.57
63,480,2.27
63,481,6.25
63,482,8.33
63,483,5.56
63,484,2.94
63,485,5
63,486,3.33
63,487,2.17
63,488,2.78
63,489,2
63,490,2.78
63,491,3.85
63,492,10
63,493,3.85
63,494,6.25
63,495,10
63,496,3.57
63,497,4.55
63,498,5.56
63,499,3.85
63,500,3.85
64,1,3.85
64,2,6.25
64,3,3.33
64,4,10
64,5,3.33
64,6,2.78
64,7,3.13
64,8,3.85
64,9,2.38
64,10,10
64,11,2
64,12,2
64,13,7.14
64,14,2.5
64,15,3.57
64,16,2.17
64,17,3.13
64,18,2.17
64,19,2.38
64,20,2.08
64,21,2.17
64,22,2.27
64,23,6.25
64,24,3.85
64,25,6.25
64,26,2.5
64,27,2.08
64,28,4.17
64,29,4.55
64,30,8.33
64,31,2.78
64,32,6.25
64,33,2.17
64,34,5.56
64,35,3.85
64,36,2.08
64,37,8.33
64,38,2.38
64,39,2.27
64,40,4.17
64,41,5
64,42,5
64,43,2.27
64,44,2
64,45,5
64,46,2
64,47,2.08
64,48,2.17
64,49,3.85
64,50,6.25
64,51,5.56
64,52,2.17
64,53,2.94
64,54,2.94
64,55,10
64,56,2.78
64,57,2.5
64,58,2.63
64,59,2.08
64,60,5.56
64,61,8.33
64,62,2.78
64,63,2.17
64,64,2.08
64,65,10
64,66,2.63
64,67,2.5
64,68,5
64,69,2.08
64,70,2.94
64,71,5.56
64,72,2.5
64,73,3.33
64,74,5
64,75,3.85
64,76,4.17
64,77,2.38
64,78,6.25
64,79,3.57
64,80,2.94
64,81,5
64,82,2
64,83,2.78
64,84,3.85
64,85,4.17
64,86,4.17
64,87,2.63
64,88,2.5
64,89,5
64,90,6.25
64,91,2.78
64,92,3.13
64,93,5.56
64,94,2.94
64,95,4.55
64,96,3.13
64,97,6.25
64,98,5.56
64,99,3.13
64,100,2.38
64,101,3.33
64,102,3.33
64,103,3.33
64,104,2
64,105,3.33
64,106,5
64,107,2.94
64,108,2.27
64,109,3.13
64,110,3.33
64,111,2.38
64,112,3.33
64,113,5.56
64,114,3.57
64,115,4.55
64,116,2.38
64,117,2.5
64,118,2.63
64,119,2.63
64,120,10
64,121,2.38
64,122,2.27
64,123,2.78
64,124,3.33
64,125,4.55
64,126,2.17
64,127,7.14
64,128,2.08
64,129,2.17
64,130,8.33
64,131,8.33
64,132,2.78
64,133,2.38
64,134,6.25
64,135,2.08
64,136,5
64,137,5
64,138,3.85
64,139,4.17
64,140,2.27
64,141,3.13
64,142,8.33
64,143,2.78
64,144,3.85
64,145,7.14
64,146,6.25
64,147,2.63
64,148,4.55
64,149,5.56
64,150,5.56
64,151,4.55
64,152,2.63
64,153,2.08
64,154,2.5
64,155,3.85
64,156,5
64,157,3.13
64,158,3.13
64,159,3.57
64,160,2.78
64,161,7.14
64,162,3.33
64,163,2.38
64,164,2.63
64,165,2.27
64,166,3.85
64,167,4.55
64,168,5
64,169,4.55
64,170,2.78
64,171,2.38
64,172,2.27
64,173,7.14
64,174,2.38
64,175,8.33
64,176,3.85
64,177,5
64,178,2.08
64,179,3.85
64,180,2.5
64,181,2.94
64,182,2.17
64,183,10
64,184,2.63
64,185,4.17
64,186,3.13
64,187,6.25
64,188,2
64,189,3.85
64,190,3.13
64,191,7.14
64,192,3.85
64,193,5
64,194,8.33
64,195,2.63
64,196,3.33
64,197,6.25
64,198,10
64,199,4.55
64,200,2.94
64,201,4.55
64,202,2
64,203,7.14
64,204,2.78
64,205,5
64,206,3.85
64,207,2.63
64,208,3.85
64,209,2.17
64,210,2.38
64,211,2.17
64,212,4.17
64,213,2.38
64,214,2.5
64,215,2.08
64,216,7.14
64,217,2.27
64,218,4.55
64,219,5.56
64,220,6.25
64,221,3.57
64,222,2.17
64,223,2.63
64,224,3.85
64,225,5.56
64,226,2.5
64,227,3.13
64,228,2.17
64,229,2.63
64,230,7.14
64,231,2.5
64,232,3.13
64,233,2.94
64,234,4.17
64,235,2.08
64,236,2.94
64,237,2.78
64,238,3.85
64,239,3.85
64,240,2.5
64,241,2.27
64,242,4.17
64,243,2.94
64,244,2.17
64,245,3.57
64,246,8.33
64,247,2.27
64,248,3.13
64,249,6.25
64,250,7.14
64,251,2
64,252,6.25
64,253,5
64,254,2.94
64,255,2.94
64,256,2
64,257,7.14
64,258,2.17
64,259,5
64,260,2.94
64,261,5
64,262,2.78
64,263,4.55
64,264,2.5
64,265,5
64,266,7.14
64,267,3.13
64,268,2.08
64,269,5.56
64,270,2.5
64,271,3.85
64,272,2.78
64,273,3.85
64,274,7.14
64,275,2.94
64,276,3.85
64,277,2.08
64,278,4.55
64,279,3.85
64,280,7.14
64,281,7.14
64,282,2.38
64,283,3.57
64,284,4.17
64,285,10
64,286,2.08
64,287,2.78
64,288,2.78
64,289,2.78
64,290,3.33
64,291,3.13
64,292,2
64,293,2.08
64,294,2
64,295,2.63
64,296,5.56
64,297,2.78
64,298,8.33
64,299,6.25
64,300,5.56
64,301,8.33
64,302,5.56
64,303,2
64,304,3.33
64,305,2.17
64,306,7.14
64,307,8.33
64,308,3.85
64,309,2.5
64,310,2.63
64,311,2.08
64,312,5
64,313,2.38
64,314,5
64,315,5
64,316,3.57
64,317,2.08
64,318,5.56
64,319,3.85
64,320,8.33
64,321,8.33
64,322,3.13
64,323,2.63
64,324,2.17
64,325,2.63
64,326,4.17
64,327,2.78
64,328,2.17
64,329,2
64,330,2.78
64,331,2.5
64,332,2.5
64,333,2
64,334,2.27
64,335,2.63
64,336,2.08
64,337,8.33
64,338,10
64,339,4.17
64,340,2.17
64,341,2.17
64,342,4.55
64,343,8.33
64,344,2.94
64,345,2.38
64,346,2.17
64,347,2.63
64,348,3.57
64,349,3.13
64,350,5
64,351,5.56
64,352,2.5
64,353,4.55
64,354,8.33
64,355,2.5
64,356,5
64,357,2.27
64,358,3.33
64,359,2.94
64,360,3.57
64,361,3.57
64,362,3.85
64,363,2.94
64,364,2.38
64,365,4.55
64,366,7.14
64,367,3.13
64,368,3.57
64,369,3.85
64,370,3.13
64,371,6.25
64,372,2.08
64,373,7.14
64,374,6.25
64,375,2.17
64,376,2.5
64,377,3.57
64,378,2.63
64,379,2
64,380,2.78
64,381,2.08
64,382,5
64,383,8.33
64,384,7.14
64,385,6.25
64,386,3.57
64,387,2.94
64,388,5.56
64,389,2
64,390,2.08
64,391,2.63
64,392,4.55
64,393,3.13
64,394,7.14
64,395,2.38
64,396,3.85
64,397,6.25
64,398,8.33
64,399,2.08
64,400,3.33
64,401,5.56
64,402,7.14
64,403,3.57
64,404,10
64,405,10
64,406,3.13
64,407,3.85
64,408,7.14
64,409,2.08
64,410,2.94
64,411,4.17
64,412,4.55
64,413,5.56
64,414,6.25
64,415,4.55
64,416,2.38
64,417,4.17
64,418,2.27
64,419,2.63
64,420,8.33
64,421,5.56
64,422,2.63
64,423,2.17
64,424,2.63
64,425,2.17
64,426,10
64,427,2.5
64,428,7.14
64,429,3.85
64,430,2.94
64,431,6.25
64,432,2.63
64,433,2.08
64,434,2.08
64,435,6.25
64,436,2.27
64,437,8.33
64,438,2.78
64,439,2.5
64,440,3.85
64,441,2.94
64,442,3.85
64,443,3.57
64,444,2.94
64,445,3.33
64,446,2.78
64,447,2.08
64,448,10
64,449,4.55
64,450,4.17
64,451,3.85
64,452,8.33
64,453,7.14
64,454,4.17
64,455,7.14
64,456,2.08
64,457,2.08
64,458,8.33
64,459,6.25
64,460,2.08
64,461,4.17
64,462,5
64,463,2.17
64,464,8.33
64,465,5
64,466,5.56
64,467,6.25
64,468,4.55
64,469,3.85
64,470,3.33
64,471,4.55
64,472,7.14
64,473,3.33
64,474,2.63
64,475,3.33
64,476,2.27
64,477,6.25
64,478,3.33
64,479,2.5
64,480,2
64,481,5.56
64,482,2.63
64,483,6.25
64,484,10
64,485,3.85
64,486,2.08
64,487,3.13
64,488,5.56
64,489,2.94
64,490,2
64,491,2
64,492,6.25
64,493,2.27
64,494,2.78
64,495,4.55
64,496,4.55
64,497,2.27
64,498,5.56
64,499,10
64,500,2.38
65,1,2.63
65,2,3.33
65,3,10
65,4,2.08
65,5,4.55
65,6,2.78
65,7,3.33
65,8,2.78
65,9,7.14
65,10,2.08
65,11,2.17
65,12,2.63
65,13,2.38
65,14,2.38
65,15,3.57
65,16,2.63
65,17,2.17
65,18,2.08
65,19,2
65,20,3.33
65,21,4.55
65,22,5.56
65,23,2.17
65,24,2.78
65,25,2.94
65,26,2.94
65,27,2.94
65,28,6.25
65,29,2.38
65,30,2.78
65,31,8.33
65,32,10
65,33,4.17
65,34,5
65,35,4.17
65,36,2.27
65,37,5
65,38,3.85
65,39,2.17
65,40,4.17
65,41,2.08
65,42,2.5
65,43,3.85
65,44,2.5
65,45,2
65,46,2.63
65,47,3.13
65,48,2
65,49,6.25
65,50,3.57
65,51,2.5
65,52,2.63
65,53,4.17
65,54,3.13
65,55,5.56
65,56,10
65,57,2.38
65,58,10
65,59,2.94
65,60,5.56
65,61,4.55
65,62,8.33
65,63,3.13
65,64,10
65,65,3.13
65,66,2.27
65,67,5.56
65,68,2.17
65,69,5.56
65,70,8.33
65,71,3.13
65,72,3.13
65,73,2.38
65,74,2.78
65,75,2.94
65,76,2.78
65,77,7.14
65,78,2.63
65,79,2.63
65,80,2.5
65,81,7.14
65,82,2.27
65,83,2
65,84,3.33
65,85,3.57
65,86,4.55
65,87,5.56
65,88,4.17
65,89,4.17
65,90,3.13
65,91,2.27
65,92,3.13
65,93,4.55
65,94,2
65,95,2.38
65,96,5.56
65,97,2.08
65,98,8.33
65,99,4.55
65,100,4.17
65,101,6.25
65,102,2.63
65,103,2
65,104,5
65,105,2.17
65,106,2.27
65,107,6.25
65,108,2.94
65,109,3.85
65,110,3.57
65,111,2.17
65,112,2.27
65,113,2.27
65,114,3.13
65,115,3.33
65,116,3.85
65,117,3.33
65,118,2.78
65,119,3.33
65,120,3.57
65,121,4.55
65,122,2.63
65,123,2.63
65,124,3.33
65,125,2.5
65,126,2.38
65,127,3.33
65,128,10
65,129,2.63
65,130,2
65,131,10
65,132,8.33
65,133,3.13
65,134,2.63
65,135,4.55
65,136,2.78
65,137,3.13
65,138,6.25
65,139,2.63
65,140,2
65,141,2.38
65,142,3.13
65,143,2.78
65,144,2.38
65,145,2
65,146,8.33
65,147,3.85
65,148,3.33
65,149,2.27
65,150,2.08
65,151,10
65,152,3.33
65,153,2
65,154,2.27
65,155,2.63
65,156,3.13
65,157,10
65,158,4.17
65,159,3.85
65,160,2.94
65,161,3.13
65,162,2.5
65,163,3.33
65,164,2.78
65,165,3.85
65,166,2.94
65,167,3.33
65,168,3.13
65,169,3.33
65,170,2.38
65,171,3.13
65,172,2.27
65,173,7.14
65,174,3.33
65,175,3.33
65,176,2.78
65,177,5
65,178,10
65,179,7.14
65,180,4.55
65,181,2.5
65,182,5.56
65,183,2.08
65,184,7.14
65,185,2.17
65,186,5
65,187,4.17
65,188,10
65,189,2.38
65,190,2.5
65,191,4.55
65,192,7.14
65,193,5
65,194,2
65,195,8.33
65,196,5
65,197,4.55
65,198,8.33
65,199,2.17
65,200,3.85
65,201,6.25
65,202,4.17
65,203,2.94
65,204,2.63
65,205,10
65,206,3.33
65,207,2.94
65,208,2.17
65,209,3.33
65,210,2
65,211,4.17
65,212,10
65,213,3.13
65,214,2.08
65,215,7.14
65,216,2
65,217,3.13
65,218,3.57
65,219,5
65,220,2.08
65,221,3.33
65,222,3.85
65,223,10
65,224,3.13
65,225,3.85
65,226,2.5
65,227,6.25
65,228,2
65,229,2.63
65,230,6.25
65,231,10
65,232,2.78
65,233,5
65,234,2.38
65,235,4.55
65,236,2.27
65,237,2.08
65,238,2.08
65,239,4.55
65,240,6.25
65,241,3.57
65,242,4.17
65,243,2.08
65,244,5
65,245,2.78
65,246,2.38
65,247,2.38
65,248,4.17
65,249,7.14
65,250,2.27
65,251,2
65,252,5
65,253,4.17
65,254,5
65,255,2
65,256,10
65,257,6.25
65,258,2.63
65,259,3.13
65,260,2.27
65,261,3.13
65,262,2.5
65,263,2.63
65,264,2.78
65,265,6.25
65,266,3.85
65,267,3.85
65,268,2.17
65,269,4.55
65,270,6.25
65,271,7.14
65,272,2.63
65,273,6.25
65,274,6.25
65,275,3.33
65,276,2.08
65,277,2
65,278,5.56
65,279,2.94
65,280,4.55
65,281,8.33
65,282,3.85
65,283,2.94
65,284,3.57
65,285,3.33
65,286,2.5
65,287,2.5
65,288,4.55
65,289,3.85
65,290,8.33
65,291,2.38
65,292,2.08
65,293,2.63
65,294,2.78
65,295,5
65,296,3.57
65,297,7.14
65,298,6.25
65,299,2.78
65,300,3.13
65,301,2.5
65,302,2
65,303,7.14
65,304,2.94
65,305,4.17
65,306,3.85
65,307,6.25
65,308,2.38
65,309,10
65,310,2.94
65,311,2.17
65,312,3.85
65,313,2.5
65,314,3.33
65,315,8.33
65,316,3.57
65,317,5.56
65,318,5
65,319,3.57
65,320,2.5
65,321,2.27
65,322,2.27
65,323,2.5
65,324,2.38
65,325,5
65,326,2.17
65,327,3.57
65,328,2.5
65,329,7.14
65,330,2.94
65,331,2.78
65,332,3.13
65,333,10
65,334,8.33
65,335,5
65,336,4.55
65,337,2.63
65,338,8.33
65,339,4.55
65,340,2.63
65,341,10
65,342,8.33
65,343,5
65,344,3.13
65,345,5.56
65,346,2.63
65,347,3.57
65,348,2.27
65,349,7.14
65,350,2.17
65,351,3.33
65,352,2.08
65,353,2.94
65,354,2.5
65,355,2.63
65,356,6.25
65,357,3.33
65,358,3.33
65,359,3.57
65,360,10
65,361,2.78
65,362,2.5
65,363,2.5
65,364,2.38
65,365,3.57
65,366,2.27
65,367,2.38
65,368,6.25
65,369,3.85
65,370,3.57
65,371,3.57
65,372,2.08
65,373,2.27
65,374,3.33
65,375,2.78
65,376,2.78
65,377,3.13
65,378,3.85
65,379,2.5
65,380,8.33
65,381,2.5
65,382,5.56
65,383,2.27
65,384,3.57
65,385,2.78
65,386,3.57
65,387,2.63
65,388,4.55
65,389,2.17
65,390,10
65,391,2.94
65,392,3.57
65,393,2.17
65,394,4.55
65,395,2
65,396,3.57
65,397,4.55
65,398,2.27
65,399,2.17
65,400,2.38
65,401,5.56
65,402,2.27
65,403,4.17
65,404,3.85
65,405,2.78
65,406,4.55
65,407,5.56
65,408,2.78
65,409,5
65,410,3.57
65,411,3.57
65,412,2.94
65,413,5
65,414,2.08
65,415,2.38
65,416,6.25
65,417,2.17
65,418,10
65,419,7.14
65,420,3.57
65,421,3.57
65,422,2.63
65,423,4.17
65,424,3.85
65,425,5.56
65,426,5
65,427,2.08
65,428,2.78
65,429,2.17
65,430,3.57
65,431,7.14
65,432,10
65,433,3.13
65,434,5
65,435,3.13
65,436,2.17
65,437,2.27
65,438,5.56
65,439,5
65,440,8.33
65,441,4.17
65,442,5.56
65,443,4.17
65,444,10
65,445,3.57
65,446,3.57
65,447,4.17
65,448,5.56
65,449,2.17
65,450,2.08
65,451,4.17
65,452,2
65,453,2.38
65,454,3.33
65,455,3.57
65,456,3.13
65,457,7.14
65,458,2.94
65,459,4.55
65,460,6.25
65,461,2.17
65,462,4.17
65,463,2.5
65,464,5
65,465,4.55
65,466,6.25
65,467,4.55
65,468,8.33
65,469,2.17
65,470,2.63
65,471,3.85
65,472,2.63
65,473,5.56
65,474,4.55
65,475,2
65,476,3.85
65,477,2.27
65,478,4.17
65,479,8.33
65,480,4.17
65,481,2.17
65,482,2.63
65,483,6.25
65,484,2.17
65,485,2.27
65,486,10
65,487,3.57
65,488,4.17
65,489,3.85
65,490,8.33
65,491,2.78
65,492,5.56
65,493,10
65,494,7.14
65,495,2.78
65,496,10
65,497,7.14
65,498,2
65,499,2.63
65,500,4.55
66,1,2.78
66,2,2.78
66,3,5.56
66,4,2.78
66,5,2.27
66,6,2.38
66,7,3.57
66,8,2.5
66,9,3.13
66,10,3.13
66,11,2.94
66,12,6.25
66,13,2
66,14,2
66,15,2
66,16,4.17
66,17,3.85
66,18,2.38
66,19,7.14
66,20,2.94
66,21,4.17
66,22,8.33
66,23,2.17
66,24,5
66,25,5.56
66,26,3.57
66,27,2
66,28,2.5
66,29,3.13
66,30,7.14
66,31,3.85
66,32,3.33
66,33,5.56
66,34,2.38
66,35,5.56
66,36,6.25
66,37,3.33
66,38,2.94
66,39,3.33
66,40,2.27
66,41,3.33
66,42,3.33
66,43,8.33
66,44,4.17
66,45,3.57
66,46,8.33
66,47,2.08
66,48,3.57
66,49,2.08
66,50,2.94
66,51,4.55
66,52,3.85
66,53,5
66,54,2.94
66,55,3.33
66,56,7.14
66,57,8.33
66,58,2.63
66,59,8.33
66,60,2
66,61,2.08
66,62,2.27
66,63,4.55
66,64,5
66,65,2.38
66,66,2.38
66,67,2.38
66,68,2.94
66,69,2.63
66,70,2
66,71,2.38
66,72,3.57
66,73,2.08
66,74,5
66,75,7.14
66,76,2.08
66,77,2
66,78,3.85
66,79,4.17
66,80,2.5
66,81,5
66,82,2.27
66,83,2
66,84,5.56
66,85,2.78
66,86,2
66,87,2.63
66,88,3.57
66,89,10
66,90,4.55
66,91,2.5
66,92,3.57
66,93,2.5
66,94,8.33
66,95,4.55
66,96,2.78
66,97,2.94
66,98,3.85
66,99,2.78
66,100,2.63
66,101,2.17
66,102,2.63
66,103,6.25
66,104,3.57
66,105,2.27
66,106,2.5
66,107,2.5
66,108,2
66,109,4.55
66,110,2.78
66,111,2.38
66,112,5
66,113,4.55
66,114,10
66,115,2.17
66,116,2.27
66,117,3.57
66,118,2.63
66,119,3.57
66,120,10
66,121,7.14
66,122,2.5
66,123,2.27
66,124,2
66,125,3.33
66,126,2.08
66,127,2
66,128,4.17
66,129,2.27
66,130,5.56
66,131,2.5
66,132,3.57
66,133,7.14
66,134,2.27
66,135,3.33
66,136,2.17
66,137,4.55
66,138,2.27
66,139,2
66,140,6.25
66,141,2.94
66,142,2.38
66,143,3.85
66,144,5
66,145,7.14
66,146,2.38
66,147,2.63
66,148,5
66,149,10
66,150,8.33
66,151,5.56
66,152,2.63
66,153,7.14
66,154,2
66,155,2.5
66,156,3.57
66,157,2.78
66,158,2.08
66,159,2.5
66,160,2.38
66,161,2.94
66,162,2.38
66,163,2
66,164,2.17
66,165,2.78
66,166,2.27
66,167,2.17
66,168,2.94
66,169,2.63
66,170,10
66,171,2.94
66,172,3.33
66,173,3.85
66,174,6.25
66,175,5
66,176,2
66,177,3.33
66,178,7.14
66,179,6.25
66,180,2.27
66,181,2.08
66,182,4.17
66,183,2.94
66,184,3.33
66,185,2.27
66,186,2.08
66,187,7.14
66,188,2.63
66,189,2
66,190,2.94
66,191,2.78
66,192,3.57
66,193,2.08
66,194,10
66,195,5.56
66,196,2.78
66,197,8.33
66,198,10
66,199,2.5
66,200,2.38
66,201,8.33
66,202,2.38
66,203,4.17
66,204,7.14
66,205,3.13
66,206,3.33
66,207,3.33
66,208,2.08
66,209,6.25
66,210,2.27
66,211,8.33
66,212,2
66,213,7.14
66,214,3.33
66,215,3.13
66,216,8.33
66,217,5
66,218,2.78
66,219,5.56
66,220,3.33
66,221,6.25
66,222,10
66,223,2.17
66,224,8.33
66,225,2.94
66,226,2.5
66,227,3.57
66,228,2.94
66,229,2.78
66,230,2.27
66,231,2.78
66,232,4.17
66,233,3.33
66,234,2.5
66,235,4.17
66,236,3.33
66,237,2.27
66,238,6.25
66,239,2.08
66,240,2.38
66,241,4.55
66,242,5
66,243,2.94
66,244,2.63
66,245,2.27
66,246,2.27
66,247,4.17
66,248,2.63
66,249,8.33
66,250,4.55
66,251,8.33
66,252,2.08
66,253,3.33
66,254,2
66,255,2.63
66,256,2.08
66,257,7.14
66,258,4.55
66,259,2
66,260,2.78
66,261,5
66,262,5
66,263,3.13
66,264,2.5
66,265,2.94
66,266,10
66,267,3.57
66,268,2.17
66,269,3.33
66,270,2.17
66,271,2.94
66,272,6.25
66,273,3.57
66,274,8.33
66,275,2.27
66,276,3.13
66,277,2
66,278,6.25
66,279,2.63
66,280,8.33
66,281,4.17
66,282,5
66,283,5.56
66,284,2.94
66,285,3.33
66,286,2
66,287,3.33
66,288,8.33
66,289,2.17
66,290,7.14
66,291,3.85
66,292,3.13
66,293,2.5
66,294,2.63
66,295,5
66,296,3.33
66,297,8.33
66,298,3.33
66,299,2.38
66,300,4.55
66,301,5.56
66,302,2.94
66,303,8.33
66,304,2.38
66,305,7.14
66,306,10
66,307,10
66,308,7.14
66,309,4.55
66,310,2.94
66,311,3.85
66,312,5.56
66,313,2.27
66,314,5.56
66,315,5
66,316,3.85
66,317,2.63
66,318,10
66,319,2.94
66,320,5
66,321,8.33
66,322,8.33
66,323,2
66,324,3.85
66,325,2.08
66,326,2.94
66,327,5.56
66,328,7.14
66,329,5
66,330,3.13
66,331,8.33
66,332,5
66,333,2.27
66,334,2
66,335,2.78
66,336,2.78
66,337,4.55
66,338,2.08
66,339,2.63
66,340,4.55
66,341,3.33
66,342,10
66,343,2
66,344,5.56
66,345,2.27
66,346,8.33
66,347,4.17
66,348,7.14
66,349,5.56
66,350,4.55
66,351,2.78
66,352,2.94
66,353,2.27
66,354,2.08
66,355,10
66,356,3.57
66,357,2
66,358,5
66,359,3.13
66,360,8.33
66,361,10
66,362,2.38
66,363,2.17
66,364,2.38
66,365,2.94
66,366,2.17
66,367,7.14
66,368,2.27
66,369,3.33
66,370,3.85
66,371,8.33
66,372,2.38
66,373,2.27
66,374,2.94
66,375,4.55
66,376,3.85
66,377,4.17
66,378,7.14
66,379,2.27
66,380,2
66,381,10
66,382,3.33
66,383,4.17
66,384,3.57
66,385,3.13
66,386,5
66,387,2.17
66,388,2.27
66,389,3.13
66,390,8.33
66,391,2.5
66,392,2.08
66,393,3.85
66,394,2.94
66,395,6.25
66,396,2.38
66,397,5
66,398,5
66,399,10
66,400,3.13
66,401,6.25
66,402,3.33
66,403,2.08
66,404,2.63
66,405,3.33
66,406,2.38
66,407,2.94
66,408,2.27
66,409,8.33
66,410,2.08
66,411,2.17
66,412,2.17
66,413,5.56
66,414,6.25
66,415,3.33
66,416,5
66,417,2
66,418,3.57
66,419,10
66,420,2.5
66,421,3.57
66,422,2.08
66,423,3.57
66,424,2.78
66,425,3.57
66,426,3.33
66,427,6.25
66,428,2
66,429,3.33
66,430,2.17
66,431,2.94
66,432,4.17
66,433,3.13
66,434,4.55
66,435,10
66,436,5.56
66,437,2.94
66,438,2.5
66,439,2.78
66,440,2.78
66,441,10
66,442,3.33
66,443,2.38
66,444,2
66,445,2.38
66,446,7.14
66,447,3.85
66,448,2.94
66,449,10
66,450,2.78
66,451,5
66,452,10
66,453,3.33
66,454,2.5
66,455,2.78
66,456,4.55
66,457,2.17
66,458,2.27
66,459,4.17
66,460,4.17
66,461,4.55
66,462,5
66,463,3.33
66,464,2.78
66,465,10
66,466,2.17
66,467,2.38
66,468,3.57
66,469,6.25
66,470,2.38
66,471,3.13
66,472,3.33
66,473,2.17
66,474,2.78
66,475,3.85
66,476,2.94
66,477,3.85
66,478,3.13
66,479,2
66,480,3.57
66,481,2.94
66,482,2.08
66,483,2.38
66,484,2.78
66,485,2.38
66,486,2.78
66,487,2.94
66,488,2.63
66,489,2.78
66,490,4.17
66,491,2.63
66,492,2.63
66,493,2.78
66,494,2.27
66,495,5.56
66,496,7.14
66,497,3.57
66,498,4.17
66,499,2.5
66,500,2.5
67,1,4.55
67,2,2.94
67,3,2.38
67,4,10
67,5,2.94
67,6,5
67,7,2.94
67,8,3.33
67,9,2.27
67,10,3.33
67,11,2.27
67,12,3.33
67,13,2.27
67,14,8.33
67,15,5
67,16,2.78
67,17,4.55
67,18,2.5
67,19,3.57
67,20,8.33
67,21,3.57
67,22,2
67,23,2.38
67,24,3.57
67,25,2.17
67,26,5
67,27,4.17
67,28,3.13
67,29,2.08
67,30,2.27
67,31,4.55
67,32,2.38
67,33,3.85
67,34,5.56
67,35,8.33
67,36,7.14
67,37,2.27
67,38,3.85
67,39,3.13
67,40,3.33
67,41,2.78
67,42,4.55
67,43,2.5
67,44,3.57
67,45,2.17
67,46,3.57
67,47,2.27
67,48,3.57
67,49,2.63
67,50,3.13
67,51,10
67,52,5
67,53,3.57
67,54,4.17
67,55,3.33
67,56,6.25
67,57,2.27
67,58,7.14
67,59,3.13
67,60,6.25
67,61,3.57
67,62,2.78
67,63,2.17
67,64,3.33
67,65,2.17
67,66,2.78
67,67,2.78
67,68,2.27
67,69,7.14
67,70,2.17
67,71,3.33
67,72,7.14
67,73,3.33
67,74,2
67,75,2.94
67,76,2.94
67,77,2.38
67,78,3.57
67,79,4.55
67,80,2.94
67,81,3.57
67,82,2.38
67,83,2.78
67,84,10
67,85,7.14
67,86,2.94
67,87,2.5
67,88,4.55
67,89,5.56
67,90,10
67,91,8.33
67,92,2.94
67,93,3.13
67,94,3.13
67,95,5
67,96,2
67,97,2.38
67,98,4.17
67,99,3.57
67,100,3.57
67,101,6.25
67,102,2.17
67,103,3.57
67,104,2.27
67,105,7.14
67,106,5.56
67,107,7.14
67,108,5
67,109,2.94
67,110,2.78
67,111,2.38
67,112,4.55
67,113,5
67,114,3.57
67,115,3.33
67,116,2.17
67,117,8.33
67,118,4.17
67,119,2.17
67,120,3.13
67,121,2.08
67,122,10
67,123,2.38
67,124,6.25
67,125,8.33
67,126,5
67,127,2.38
67,128,2.78
67,129,3.33
67,130,2.27
67,131,2.27
67,132,3.13
67,133,2.17
67,134,3.85
67,135,2.38
67,136,2.27
67,137,2.17
67,138,2.5
67,139,2
67,140,2
67,141,3.33
67,142,2
67,143,8.33
67,144,5.56
67,145,3.85
67,146,2.5
67,147,4.17
67,148,8.33
67,149,2.27
67,150,2
67,151,3.85
67,152,2
67,153,2.38
67,154,2.63
67,155,2.94
67,156,2.63
67,157,10
67,158,2.63
67,159,2.27
67,160,6.25
67,161,2
67,162,6.25
67,163,3.85
67,164,2.08
67,165,4.55
67,166,3.33
67,167,3.13
67,168,5
67,169,3.33
67,170,5
67,171,5.56
67,172,5.56
67,173,2
67,174,4.17
67,175,3.85
67,176,4.55
67,177,2.5
67,178,3.85
67,179,2.94
67,180,2.27
67,181,3.57
67,182,4.17
67,183,2.17
67,184,2.08
67,185,2.94
67,186,2
67,187,3.33
67,188,8.33
67,189,2.94
67,190,2.38
67,191,5.56
67,192,2.27
67,193,8.33
67,194,2.17
67,195,2
67,196,4.17
67,197,5.56
67,198,2.63
67,199,4.55
67,200,2.63
67,201,2.63
67,202,5
67,203,3.57
67,204,2
67,205,3.85
67,206,5.56
67,207,2.38
67,208,2.63
67,209,4.17
67,210,2.38
67,211,5
67,212,8.33
67,213,4.17
67,214,2.94
67,215,2.38
67,216,2.63
67,217,4.17
67,218,4.55
67,219,3.13
67,220,6.25
67,221,2.17
67,222,2.94
67,223,2.63
67,224,3.13
67,225,7.14
67,226,2
67,227,5
67,228,10
67,229,5.56
67,230,2.27
67,231,2.08
67,232,4.55
67,233,2.63
67,234,3.57
67,235,2.17
67,236,2.38
67,237,2
67,238,4.17
67,239,2.27
67,240,2.5
67,241,3.13
67,242,4.17
67,243,8.33
67,244,8.33
67,245,2.27
67,246,2.38
67,247,6.25
67,248,5.56
67,249,4.17
67,250,4.17
67,251,2.94
67,252,5.56
67,253,6.25
67,254,8.33
67,255,2.08
67,256,4.55
67,257,3.33
67,258,3.85
67,259,3.33
67,260,3.33
67,261,2.38
67,262,2.63
67,263,5.56
67,264,5
67,265,2.78
67,266,2.5
67,267,2
67,268,4.55
67,269,2.17
67,270,2.78
67,271,2.08
67,272,2.27
67,273,5
67,274,2
67,275,2
67,276,5
67,277,2
67,278,5.56
67,279,2.78
67,280,3.57
67,281,3.57
67,282,4.17
67,283,10
67,284,5.56
67,285,3.33
67,286,6.25
67,287,2.08
67,288,6.25
67,289,8.33
67,290,2
67,291,7.14
67,292,2
67,293,2.38
67,294,4.55
67,295,2.27
67,296,7.14
67,297,2.78
67,298,7.14
67,299,3.85
67,300,8.33
67,301,3.57
67,302,2.38
67,303,2.17
67,304,2.27
67,305,2.63
67,306,2
67,307,2
67,308,4.17
67,309,3.57
67,310,10
67,311,2.5
67,312,6.25
67,313,2.63
67,314,4.17
67,315,3.33
67,316,2.5
67,317,2.63
67,318,4.17
67,319,4.17
67,320,2.63
67,321,7.14
67,322,3.57
67,323,2.27
67,324,8.33
67,325,3.33
67,326,7.14
67,327,3.85
67,328,4.55
67,329,2.63
67,330,7.14
67,331,3.85
67,332,7.14
67,333,8.33
67,334,3.57
67,335,8.33
67,336,2.63
67,337,3.85
67,338,2
67,339,10
67,340,8.33
67,341,2.38
67,342,3.13
67,343,5.56
67,344,2.38
67,345,8.33
67,346,3.57
67,347,4.55
67,348,2.27
67,349,5
67,350,6.25
67,351,8.33
67,352,2.17
67,353,2.94
67,354,3.57
67,355,2.5
67,356,2.08
67,357,5.56
67,358,10
67,359,10
67,360,2
67,361,2.17
67,362,3.57
67,363,5.56
67,364,2.17
67,365,10
67,366,3.33
67,367,3.57
67,368,2.78
67,369,4.17
67,370,3.85
67,371,2.63
67,372,3.13
67,373,4.17
67,374,3.13
67,375,3.85
67,376,3.13
67,377,3.85
67,378,2.08
67,379,4.17
67,380,5
67,381,3.85
67,382,2.94
67,383,3.33
67,384,4.55
67,385,2.78
67,386,6.25
67,387,2.27
67,388,2.17
67,389,5.56
67,390,2.94
67,391,5.56
67,392,2.17
67,393,2.78
67,394,10
67,395,8.33
67,396,2.38
67,397,2.5
67,398,3.57
67,399,3.57
67,400,6.25
67,401,3.13
67,402,2.08
67,403,3.13
67,404,4.17
67,405,3.57
67,406,2.94
67,407,3.13
67,408,2.63
67,409,3.57
67,410,6.25
67,411,2.5
67,412,2.08
67,413,2.38
67,414,3.57
67,415,8.33
67,416,2.38
67,417,8.33
67,418,4.17
67,419,10
67,420,6.25
67,421,5
67,422,4.55
67,423,3.13
67,424,3.85
67,425,10
67,426,5
67,427,3.33
67,428,3.85
67,429,2.27
67,430,5
67,431,3.57
67,432,6.25
67,433,5.56
67,434,2.08
67,435,4.17
67,436,2.78
67,437,2.38
67,438,8.33
67,439,7.14
67,440,2.17
67,441,3.57
67,442,6.25
67,443,2.5
67,444,2.08
67,445,3.57
67,446,3.13
67,447,2.27
67,448,5
67,449,6.25
67,450,8.33
67,451,4.17
67,452,2.94
67,453,2.38
67,454,2.63
67,455,2
67,456,5
67,457,2.63
67,458,2.63
67,459,3.13
67,460,2.08
67,461,3.33
67,462,2.27
67,463,3.57
67,464,2.08
67,465,8.33
67,466,2.27
67,467,2.5
67,468,2.63
67,469,4.55
67,470,2.5
67,471,3.13
67,472,8.33
67,473,3.13
67,474,5
67,475,3.13
67,476,3.57
67,477,5
67,478,3.13
67,479,2.38
67,480,8.33
67,481,2.78
67,482,2.08
67,483,2.5
67,484,5.56
67,485,10
67,486,2.27
67,487,10
67,488,5
67,489,3.85
67,490,2.08
67,491,2.94
67,492,2.78
67,493,4.17
67,494,6.25
67,495,4.17
67,496,8.33
67,497,2.78
67,498,2.94
67,499,5
67,500,2.63
68,1,4.17
68,2,3.33
68,3,2.63
68,4,3.85
68,5,2.17
68,6,4.17
68,7,2
68,8,3.33
68,9,4.55
68,10,5.56
68,11,2.94
68,12,2.27
68,13,2
68,14,2.27
68,15,3.33
68,16,2
68,17,3.13
68,18,5.56
68,19,10
68,20,2.63
68,21,6.25
68,22,4.17
68,23,2.38
68,24,5
68,25,5
68,26,2.08
68,27,3.13
68,28,2.38
68,29,2.17
68,30,2.08
68,31,2.08
68,32,4.55
68,33,5.56
68,34,6.25
68,35,2.94
68,36,2.78
68,37,2.94
68,38,10
68,39,3.13
68,40,6.25
68,41,2
68,42,10
68,43,7.14
68,44,4.17
68,45,2.63
68,46,2.38
68,47,2
68,48,7.14
68,49,2
68,50,4.55
68,51,8.33
68,52,2.78
68,53,4.55
68,54,3.57
68,55,3.85
68,56,3.57
68,57,2.5
68,58,3.57
68,59,2.27
68,60,3.85
68,61,8.33
68,62,7.14
68,63,5
68,64,6.25
68,65,2.38
68,66,3.85
68,67,2
68,68,2.17
68,69,5
68,70,5
68,71,2.78
68,72,2.5
68,73,8.33
68,74,5.56
68,75,4.17
68,76,7.14
68,77,2.78
68,78,2.27
68,79,2.63
68,80,2.38
68,81,2.38
68,82,5.56
68,83,5
68,84,3.85
68,85,2.78
68,86,2
68,87,7.14
68,88,3.57
68,89,2.63
68,90,8.33
68,91,2.94
68,92,2.38
68,93,7.14
68,94,2.94
68,95,3.57
68,96,2.63
68,97,4.55
68,98,3.33
68,99,2.94
68,100,2.17
68,101,10
68,102,2.5
68,103,5.56
68,104,2.63
68,105,3.85
68,106,7.14
68,107,3.85
68,108,2.27
68,109,2.27
68,110,7.14
68,111,2.78
68,112,8.33
68,113,3.13
68,114,2.94
68,115,5
68,116,2.94
68,117,3.85
68,118,5
68,119,3.13
68,120,2.38
68,121,10
68,122,5.56
68,123,2.27
68,124,2.94
68,125,4.55
68,126,6.25
68,127,3.33
68,128,2.78
68,129,2.94
68,130,2.17
68,131,3.13
68,132,2.08
68,133,2
68,134,3.13
68,135,4.55
68,136,2.63
68,137,3.33
68,138,6.25
68,139,2.94
68,140,10
68,141,8.33
68,142,2.38
68,143,3.85
68,144,2.08
68,145,10
68,146,6.25
68,147,4.55
68,148,3.13
68,149,2.27
68,150,5
68,151,2.17
68,152,5.56
68,153,2
68,154,2.63
68,155,5
68,156,5.56
68,157,3.33
68,158,3.13
68,159,8.33
68,160,5
68,161,2.08
68,162,2.94
68,163,3.33
68,164,4.17
68,165,4.55
68,166,2
68,167,6.25
68,168,2.17
68,169,2.27
68,170,3.33
68,171,8.33
68,172,2.78
68,173,2.08
68,174,5.56
68,175,10
68,176,2.63
68,177,3.85
68,178,2.38
68,179,4.17
68,180,3.13
68,181,2.94
68,182,3.85
68,183,4.17
68,184,2.38
68,185,7.14
68,186,6.25
68,187,4.55
68,188,2.08
68,189,2.94
68,190,8.33
68,191,3.85
68,192,7.14
68,193,2.27
68,194,3.85
68,195,2.08
68,196,2.27
68,197,7.14
68,198,7.14
68,199,5
68,200,10
68,201,2.94
68,202,3.13
68,203,2.78
68,204,5.56
68,205,6.25
68,206,3.57
68,207,7.14
68,208,2
68,209,7.14
68,210,5
68,211,10
68,212,10
68,213,4.55
68,214,2.94
68,215,3.85
68,216,3.57
68,217,10
68,218,7.14
68,219,3.13
68,220,2
68,221,3.13
68,222,4.55
68,223,3.13
68,224,2.5
68,225,7.14
68,226,2.63
68,227,5
68,228,6.25
68,229,10
68,230,2.5
68,231,2.27
68,232,3.85
68,233,4.17
68,234,4.17
68,235,2
68,236,3.57
68,237,2.5
68,238,5
68,239,4.17
68,240,2.38
68,241,2.78
68,242,6.25
68,243,3.85
68,244,7.14
68,245,7.14
68,246,3.85
68,247,3.57
68,248,3.33
68,249,2.94
68,250,2.78
68,251,2
68,252,4.55
68,253,4.55
68,254,2.17
68,255,3.85
68,256,4.55
68,257,7.14
68,258,8.33
68,259,3.57
68,260,2
68,261,2.27
68,262,2.08
68,263,5
68,264,2.63
68,265,6.25
68,266,3.13
68,267,2
68,268,3.13
68,269,2.17
68,270,5.56
68,271,3.33
68,272,2.17
68,273,5
68,274,2.63
68,275,3.33
68,276,3.85
68,277,5
68,278,2
68,279,3.13
68,280,3.33
68,281,4.17
68,282,2.94
68,283,2.78
68,284,7.14
68,285,2.08
68,286,4.55
68,287,2.08
68,288,3.33
68,289,2.63
68,290,3.13
68,291,2.27
68,292,2.94
68,293,6.25
68,294,6.25
68,295,5.56
68,296,3.13
68,297,2.17
68,298,6.25
68,299,2.94
68,300,2.63
68,301,5.56
68,302,3.85
68,303,8.33
68,304,2.5
68,305,3.85
68,306,4.17
68,307,2.17
68,308,10
68,309,5
68,310,2
68,311,4.55
68,312,8.33
68,313,10
68,314,2.94
68,315,3.33
68,316,4.55
68,317,5.56
68,318,3.85
68,319,3.57
68,320,4.17
68,321,2.08
68,322,5.56
68,323,2
68,324,2.5
68,325,6.25
68,326,6.25
68,327,3.85
68,328,2.63
68,329,8.33
68,330,3.33
68,331,2.5
68,332,2
68,333,2.08
68,334,4.55
68,335,4.17
68,336,2.78
68,337,10
68,338,2.27
68,339,2.5
68,340,2.78
68,341,3.85
68,342,3.13
68,343,5.56
68,344,2.94
68,345,2.27
68,346,2.17
68,347,7.14
68,348,2.27
68,349,6.25
68,350,5
68,351,10
68,352,3.13
68,353,2.5
68,354,3.13
68,355,5
68,356,2.5
68,357,4.17
68,358,4.55
68,359,8.33
68,360,2.27
68,361,6.25
68,362,2.08
68,363,6.25
68,364,3.13
68,365,2.08
68,366,3.33
68,367,2.27
68,368,3.85
68,369,3.57
68,370,2.78
68,371,2.17
68,372,2.78
68,373,3.57
68,374,2.38
68,375,8.33
68,376,2.27
68,377,2.27
68,378,3.33
68,379,8.33
68,380,2.38
68,381,5
68,382,4.17
68,383,3.13
68,384,8.33
68,385,2.27
68,386,7.14
68,387,2.17
68,388,3.85
68,389,2.78
68,390,5
68,391,2.38
68,392,3.57
68,393,3.33
68,394,7.14
68,395,2.08
68,396,3.33
68,397,2.38
68,398,2
68,399,10
68,400,7.14
68,401,2.63
68,402,2.27
68,403,10
68,404,7.14
68,405,2.63
68,406,5
68,407,2.63
68,408,2.27
68,409,3.85
68,410,5
68,411,8.33
68,412,10
68,413,2.94
68,414,8.33
68,415,7.14
68,416,4.17
68,417,4.55
68,418,2.08
68,419,10
68,420,2.5
68,421,2.78
68,422,10
68,423,2.17
68,424,3.85
68,425,5.56
68,426,8.33
68,427,2.38
68,428,4.55
68,429,2.94
68,430,4.17
68,431,10
68,432,2.63
68,433,8.33
68,434,7.14
68,435,2.63
68,436,2.27
68,437,5
68,438,4.17
68,439,3.13
68,440,2.38
68,441,7.14
68,442,4.17
68,443,2.94
68,444,6.25
68,445,3.57
68,446,5
68,447,2.38
68,448,2.94
68,449,3.13
68,450,2.94
68,451,2.5
68,452,5.56
68,453,3.33
68,454,2.5
68,455,6.25
68,456,2.78
68,457,4.17
68,458,8.33
68,459,2.08
68,460,2.08
68,461,2.38
68,462,10
68,463,2.63
68,464,2.94
68,465,2.63
68,466,2
68,467,2.27
68,468,3.13
68,469,7.14
68,470,2.38
68,471,3.33
68,472,2
68,473,2.94
68,474,5.56
68,475,4.55
68,476,4.55
68,477,8.33
68,478,6.25
68,479,2.78
68,480,5.56
68,481,3.85
68,482,3.33
68,483,4.17
68,484,4.55
68,485,2
68,486,4.55
68,487,2.27
68,488,3.33
68,489,2.94
68,490,4.17
68,491,4.55
68,492,7.14
68,493,3.57
68,494,8.33
68,495,4.55
68,496,6.25
68,497,10
68,498,6.25
68,499,6.25
68,500,2.08
69,1,10
69,2,7.14
69,3,5.56
69,4,6.25
69,5,2.08
69,6,5.56
69,7,2.94
69,8,2.5
69,9,5.56
69,10,2.63
69,11,3.33
69,12,3.85
69,13,10
69,14,3.57
69,15,2.63
69,16,6.25
69,17,8.33
69,18,6.25
69,19,3.57
69,20,10
69,21,2.17
69,22,8.33
69,23,2.94
69,24,2.5
69,25,3.33
69,26,2.08
69,27,2.5
69,28,2.38
69,29,7.14
69,30,2.63
69,31,4.55
69,32,5.56
69,33,3.85
69,34,2.38
69,35,2.27
69,36,6.25
69,37,2.94
69,38,4.55
69,39,2.38
69,40,3.57
69,41,2.27
69,42,5
69,43,3.33
69,44,2
69,45,3.85
69,46,6.25
69,47,10
69,48,2.5
69,49,8.33
69,50,5.56
69,51,10
69,52,3.57
69,53,2.78
69,54,5.56
69,55,2.63
69,56,2.78
69,57,3.85
69,58,3.85
69,59,2.78
69,60,3.13
69,61,2.17
69,62,2.17
69,63,3.85
69,64,7.14
69,65,2.5
69,66,4.17
69,67,2.08
69,68,10
69,69,5
69,70,3.13
69,71,2.63
69,72,2.27
69,73,4.17
69,74,5
69,75,3.13
69,76,3.13
69,77,3.85
69,78,8.33
69,79,8.33
69,80,2.27
69,81,4.55
69,82,5.56
69,83,2.94
69,84,2.17
69,85,4.17
69,86,5
69,87,3.13
69,88,3.57
69,89,4.55
69,90,10
69,91,7.14
69,92,3.33
69,93,3.57
69,94,2.08
69,95,10
69,96,5.56
69,97,2.63
69,98,2.94
69,99,6.25
69,100,2.08
69,101,10
69,102,2.27
69,103,4.55
69,104,2.5
69,105,3.85
69,106,4.17
69,107,8.33
69,108,5
69,109,7.14
69,110,2.08
69,111,3.85
69,112,3.13
69,113,2.17
69,114,2.38
69,115,2
69,116,6.25
69,117,2
69,118,3.13
69,119,2.27
69,120,7.14
69,121,6.25
69,122,2
69,123,3.85
69,124,2.17
69,125,5
69,126,2.5
69,127,2.78
69,128,3.13
69,129,3.13
69,130,6.25
69,131,5.56
69,132,3.13
69,133,3.57
69,134,10
69,135,2.08
69,136,2.27
69,137,2.78
69,138,4.17
69,139,4.17
69,140,2.5
69,141,2.94
69,142,2.5
69,143,5.56
69,144,3.85
69,145,2.5
69,146,2.63
69,147,5.56
69,148,4.55
69,149,10
69,150,2.17
69,151,2.17
69,152,2.94
69,153,2.27
69,154,2.08
69,155,2.5
69,156,8.33
69,157,2.78
69,158,3.33
69,159,6.25
69,160,5.56
69,161,3.57
69,162,4.55
69,163,2.08
69,164,2.08
69,165,5.56
69,166,10
69,167,2
69,168,2.63
69,169,2.17
69,170,2.63
69,171,8.33
69,172,3.57
69,173,2.94
69,174,2.08
69,175,2.17
69,176,8.33
69,177,4.55
69,178,2
69,179,5
69,180,2.38
69,181,2.38
69,182,3.57
69,183,2.17
69,184,2.63
69,185,4.17
69,186,2.38
69,187,2.08
69,188,4.55
69,189,10
69,190,6.25
69,191,8.33
69,192,10
69,193,3.33
69,194,2.63
69,195,2.5
69,196,2.78
69,197,5.56
69,198,2.78
69,199,4.17
69,200,2
69,201,10
69,202,6.25
69,203,3.57
69,204,2
69,205,4.17
69,206,4.55
69,207,2
69,208,3.57
69,209,2.5
69,210,3.85
69,211,2.17
69,212,5.56
69,213,6.25
69,214,3.33
69,215,7.14
69,216,2.78
69,217,6.25
69,218,3.33
69,219,2.78
69,220,5.56
69,221,2.78
69,222,3.85
69,223,3.85
69,224,3.57
69,225,2.27
69,226,7.14
69,227,2.5
69,228,3.33
69,229,4.17
69,230,5
69,231,4.55
69,232,8.33
69,233,3.57
69,234,2.94
69,235,3.13
69,236,2.94
69,237,6.25
69,238,2.94
69,239,6.25
69,240,2.38
69,241,6.25
69,242,2.27
69,243,3.13
69,244,2.5
69,245,2.08
69,246,3.13
69,247,2.08
69,248,5.56
69,249,2.08
69,250,3.57
69,251,5.56
69,252,2.78
69,253,2.94
69,254,2.38
69,255,3.13
69,256,5
69,257,4.17
69,258,3.85
69,259,3.13
69,260,2.5
69,261,2.94
69,262,5
69,263,7.14
69,264,4.17
69,265,5
69,266,3.33
69,267,3.57
69,268,2.63
69,269,5
69,270,4.17
69,271,2.27
69,272,5.56
69,273,4.17
69,274,7.14
69,275,2.5
69,276,2.94
69,277,8.33
69,278,2.63
69,279,5
69,280,2.17
69,281,2
69,282,3.85
69,283,2.78
69,284,3.85
69,285,7.14
69,286,7.14
69,287,2.63
69,288,2
69,289,2.38
69,290,5
69,291,10
69,292,2
69,293,2.27
69,294,2.5
69,295,2
69,296,3.33
69,297,2.08
69,298,2.17
69,299,3.57
69,300,2.78
69,301,2
69,302,2.5
69,303,2.17
69,304,4.55
69,305,2.38
69,306,7.14
69,307,2.17
69,308,2.38
69,309,5
69,310,2.08
69,311,3.57
69,312,3.33
69,313,8.33
69,314,2
69,315,8.33
69,316,2.63
69,317,2
69,318,2.78
69,319,10
69,320,2.38
69,321,5.56
69,322,2.27
69,323,2
69,324,8.33
69,325,3.85
69,326,2.17
69,327,8.33
69,328,8.33
69,329,2.27
69,330,5.56
69,331,3.13
69,332,3.13
69,333,3.57
69,334,3.13
69,335,5.56
69,336,2.17
69,337,2.63
69,338,2
69,339,10
69,340,2.94
69,341,7.14
69,342,2.08
69,343,7.14
69,344,2.38
69,345,4.17
69,346,2
69,347,2.08
69,348,4.17
69,349,2.78
69,350,2.78
69,351,2.27
69,352,4.17
69,353,3.85
69,354,2
69,355,7.14
69,356,3.13
69,357,6.25
69,358,3.57
69,359,5
69,360,2.27
69,361,2.94
69,362,2
69,363,4.55
69,364,6.25
69,365,3.85
69,366,7.14
69,367,7.14
69,368,10
69,369,7.14
69,370,7.14
69,371,10
69,372,2.27
69,373,5.56
69,374,2
69,375,3.33
69,376,5
69,377,2.63
69,378,3.13
69,379,2.08
69,380,6.25
69,381,5
69,382,3.33
69,383,3.13
69,384,2
69,385,5.56
69,386,3.85
69,387,2.94
69,388,2.17
69,389,2.78
69,390,2
69,391,2.5
69,392,3.33
69,393,2.38
69,394,10
69,395,3.57
69,396,6.25
69,397,2.08
69,398,8.33
69,399,10
69,400,4.17
69,401,4.55
69,402,2
69,403,3.85
69,404,5
69,405,2.38
69,406,2.78
69,407,3.13
69,408,3.13
69,409,3.33
69,410,3.85
69,411,3.33
69,412,2.17
69,413,2.78
69,414,2.78
69,415,2.78
69,416,3.13
69,417,2.27
69,418,5.56
69,419,2.94
69,420,2.17
69,421,2.63
69,422,2.78
69,423,2.17
69,424,3.33
69,425,5.56
69,426,6.25
69,427,4.17
69,428,3.13
69,429,3.57
69,430,2.08
69,431,2.08
69,432,2
69,433,6.25
69,434,2.63
69,435,3.33
69,436,2.63
69,437,3.13
69,438,3.13
69,439,3.33
69,440,3.85
69,441,3.13
69,442,8.33
69,443,3.33
69,444,5.56
69,445,5.56
69,446,5.56
69,447,7.14
69,448,2.17
69,449,2
69,450,5.56
69,451,4.55
69,452,2
69,453,3.33
69,454,2.27
69,455,3.85
69,456,4.55
69,457,3.13
69,458,2
69,459,2.63
69,460,2.63
69,461,5.56
69,462,10
69,463,3.57
69,464,4.55
69,465,2.38
69,466,7.14
69,467,8.33
69,468,3.13
69,469,5.56
69,470,2.78
69,471,7.14
69,472,2.78
69,473,3.13
69,474,2.38
69,475,4.17
69,476,10
69,477,10
69,478,2.63
69,479,7.14
69,480,3.57
69,481,3.33
69,482,2
69,483,7.14
69,484,7.14
69,485,5.56
69,486,2.27
69,487,2.08
69,488,4.17
69,489,8.33
69,490,2.78
69,491,2.63
69,492,2.5
69,493,7.14
69,494,10
69,495,2.38
69,496,5.56
69,497,2.27
69,498,8.33
69,499,8.33
69,500,5
70,1,10
70,2,2.63
70,3,2.27
70,4,2.63
70,5,2
70,6,7.14
70,7,2.38
70,8,3.57
70,9,4.55
70,10,8.33
70,11,3.33
70,12,2
70,13,5.56
70,14,2.17
70,15,10
70,16,2.08
70,17,2.08
70,18,4.17
70,19,3.13
70,20,3.13
70,21,2.94
70,22,2.38
70,23,2.63
70,24,2.38
70,25,3.33
70,26,4.55
70,27,4.17
70,28,2.17
70,29,10
70,30,3.57
70,31,4.55
70,32,8.33
70,33,2.27
70,34,8.33
70,35,3.13
70,36,5
70,37,7.14
70,38,3.33
70,39,2.94
70,40,4.55
70,41,10
70,42,2.17
70,43,2.27
70,44,2
70,45,2.27
70,46,5.56
70,47,2
70,48,2.78
70,49,2.94
70,50,2.08
70,51,2.38
70,52,8.33
70,53,2.17
70,54,2.94
70,55,2.63
70,56,10
70,57,2
70,58,4.17
70,59,2.38
70,60,5.56
70,61,8.33
70,62,2.17
70,63,6.25
70,64,2.38
70,65,5.56
70,66,3.85
70,67,2
70,68,3.13
70,69,5.56
70,70,2.63
70,71,6.25
70,72,2.08
70,73,3.85
70,74,10
70,75,2.5
70,76,2.08
70,77,2.78
70,78,2.78
70,79,3.33
70,80,7.14
70,81,2.63
70,82,2.08
70,83,7.14
70,84,4.55
70,85,2
70,86,2.17
70,87,2.17
70,88,10
70,89,2.5
70,90,5
70,91,2.94
70,92,2.78
70,93,4.55
70,94,5
70,95,2.38
70,96,2.78
70,97,8.33
70,98,3.13
70,99,2.17
70,100,2.63
70,101,2.27
70,102,2.63
70,103,2.78
70,104,2
70,105,3.85
70,106,2.38
70,107,7.14
70,108,3.85
70,109,4.17
70,110,4.55
70,111,2.63
70,112,5
70,113,2.78
70,114,10
70,115,2.27
70,116,2.27
70,117,4.55
70,118,2
70,119,3.57
70,120,2.08
70,121,2.17
70,122,3.13
70,123,10
70,124,2.17
70,125,2.94
70,126,8.33
70,127,10
70,128,3.13
70,129,2.94
70,130,8.33
70,131,4.55
70,132,2.94
70,133,2.94
70,134,4.55
70,135,2.27
70,136,8.33
70,137,2.38
70,138,2.94
70,139,2.63
70,140,2.17
70,141,8.33
70,142,2.17
70,143,2.63
70,144,2.27
70,145,6.25
70,146,3.85
70,147,2.17
70,148,6.25
70,149,4.55
70,150,2
70,151,10
70,152,3.33
70,153,3.33
70,154,2.78
70,155,10
70,156,2.63
70,157,2.08
70,158,4.55
70,159,4.17
70,160,6.25
70,161,8.33
70,162,3.33
70,163,7.14
70,164,2.08
70,165,3.33
70,166,4.55
70,167,3.33
70,168,2.08
70,169,7.14
70,170,7.14
70,171,3.13
70,172,3.33
70,173,2.08
70,174,10
70,175,6.25
70,176,2.78
70,177,2.17
70,178,2.27
70,179,5
70,180,3.85
70,181,2.5
70,182,3.33
70,183,6.25
70,184,2.17
70,185,2.94
70,186,2.5
70,187,3.57
70,188,2.27
70,189,7.14
70,190,6.25
70,191,3.13
70,192,4.17
70,193,2.17
70,194,8.33
70,195,8.33
70,196,5
70,197,3.13
70,198,2.5
70,199,3.85
70,200,3.13
70,201,7.14
70,202,5.56
70,203,3.33
70,204,2.94
70,205,2.5
70,206,5.56
70,207,2.08
70,208,3.57
70,209,8.33
70,210,2.78
70,211,5
70,212,7.14
70,213,5.56
70,214,2.08
70,215,3.85
70,216,2.17
70,217,2.63
70,218,5.56
70,219,10
70,220,8.33
70,221,10
70,222,7.14
70,223,5.56
70,224,8.33
70,225,2
70,226,2.5
70,227,2.78
70,228,3.13
70,229,3.33
70,230,3.85
70,231,2.08
70,232,2.08
70,233,3.33
70,234,2.38
70,235,2
70,236,2.38
70,237,2.5
70,238,2.38
70,239,2
70,240,4.55
70,241,2
70,242,2
70,243,3.33
70,244,2.63
70,245,2.08
70,246,4.55
70,247,2.27
70,248,5
70,249,3.13
70,250,2
70,251,4.17
70,252,4.17
70,253,7.14
70,254,3.57
70,255,7.14
70,256,2.17
70,257,3.85
70,258,3.57
70,259,10
70,260,2.5
70,261,2.38
70,262,10
70,263,5
70,264,10
70,265,10
70,266,2.94
70,267,3.33
70,268,3.33
70,269,2.94
70,270,2.94
70,271,2
70,272,3.33
70,273,2.63
70,274,8.33
70,275,2.17
70,276,5.56
70,277,7.14
70,278,2.17
70,279,5.56
70,280,3.85
70,281,8.33
70,282,3.13
70,283,7.14
70,284,7.14
70,285,2.08
70,286,5
70,287,7.14
70,288,2.17
70,289,3.33
70,290,2.63
70,291,2.17
70,292,4.17
70,293,2.27
70,294,2.38
70,295,2.08
70,296,2
70,297,3.57
70,298,2.63
70,299,3.13
70,300,2.08
70,301,2.17
70,302,2.27
70,303,2
70,304,8.33
70,305,6.25
70,306,2.38
70,307,5.56
70,308,6.25
70,309,4.17
70,310,5.56
70,311,4.17
70,312,5
70,313,3.57
70,314,2.17
70,315,3.85
70,316,2.27
70,317,2
70,318,3.57
70,319,2.94
70,320,4.55
70,321,5
70,322,2.27
70,323,2
70,324,2.38
70,325,6.25
70,326,8.33
70,327,2.78
70,328,5
70,329,7.14
70,330,3.57
70,331,3.33
70,332,2.5
70,333,2.38
70,334,3.13
70,335,3.33
70,336,2.27
70,337,2.08
70,338,2.17
70,339,8.33
70,340,2.5
70,341,4.55
70,342,2.78
70,343,2.78
70,344,8.33
70,345,2.08
70,346,2.63
70,347,8.33
70,348,3.57
70,349,2.27
70,350,3.57
70,351,5.56
70,352,5.56
70,353,7.14
70,354,2.78
70,355,2.38
70,356,4.17
70,357,5
70,358,2.78
70,359,10
70,360,6.25
70,361,2.17
70,362,8.33
70,363,3.13
70,364,2.78
70,365,2.17
70,366,3.13
70,367,6.25
70,368,2.08
70,369,4.55
70,370,6.25
70,371,3.57
70,372,2.08
70,373,4.55
70,374,2.94
70,375,10
70,376,3.33
70,377,2.94
70,378,3.13
70,379,2.5
70,380,2.08
70,381,8.33
70,382,7.14
70,383,7.14
70,384,2.27
70,385,2
70,386,2.38
70,387,2.17
70,388,2.5
70,389,2.5
70,390,3.57
70,391,2
70,392,8.33
70,393,3.85
70,394,2.08
70,395,2.08
70,396,6.25
70,397,2.63
70,398,2.5
70,399,2.17
70,400,5
70,401,4.55
70,402,7.14
70,403,3.57
70,404,2.08
70,405,2.78
70,406,2.17
70,407,2.78
70,408,3.33
70,409,2.5
70,410,2
70,411,2.94
70,412,3.57
70,413,4.17
70,414,2
70,415,7.14
70,416,2.27
70,417,2.38
70,418,2.08
70,419,2.17
70,420,3.33
70,421,4.55
70,422,2.94
70,423,2.08
70,424,4.55
70,425,2
70,426,2.38
70,427,2.17
70,428,2.08
70,429,6.25
70,430,3.85
70,431,7.14
70,432,2.08
70,433,2.27
70,434,2.78
70,435,4.17
70,436,2.27
70,437,6.25
70,438,2.27
70,439,7.14
70,440,10
70,441,2.17
70,442,3.85
70,443,4.17
70,444,2.27
70,445,6.25
70,446,6.25
70,447,5
70,448,10
70,449,2.27
70,450,2
70,451,2.78
70,452,2.17
70,453,2.08
70,454,10
70,455,7.14
70,456,2.5
70,457,7.14
70,458,2.63
70,459,3.13
70,460,10
70,461,2.63
70,462,7.14
70,463,3.57
70,464,2
70,465,2.27
70,466,4.55
70,467,2.08
70,468,2.63
70,469,3.57
70,470,2.08
70,471,4.17
70,472,2.27
70,473,6.25
70,474,2.17
70,475,4.17
70,476,4.55
70,477,2.27
70,478,2.38
70,479,4.55
70,480,3.33
70,481,3.85
70,482,2.38
70,483,5.56
70,484,3.13
70,485,7.14
70,486,10
70,487,2.63
70,488,6.25
70,489,6.25
70,490,3.85
70,491,3.33
70,492,2.78
70,493,3.85
70,494,2.78
70,495,2.78
70,496,3.57
70,497,2.63
70,498,2.78
70,499,4.17
70,500,2.08
71,1,7.14
71,2,2
71,3,4.17
71,4,3.85
71,5,10
71,6,2.5
71,7,4.17
71,8,2.08
71,9,4.17
71,10,2.78
71,11,4.17
71,12,4.17
71,13,4.55
71,14,5.56
71,15,3.13
71,16,3.33
71,17,6.25
71,18,2.08
71,19,3.33
71,20,4.55
71,21,2.08
71,22,3.13
71,23,3.57
71,24,2.94
71,25,2.17
71,26,4.17
71,27,3.85
71,28,10
71,29,5
71,30,8.33
71,31,8.33
71,32,2.63
71,33,3.57
71,34,2.5
71,35,2.78
71,36,5.56
71,37,3.57
71,38,3.85
71,39,2.17
71,40,2.78
71,41,4.17
71,42,2.5
71,43,10
71,44,2.27
71,45,2.08
71,46,3.57
71,47,8.33
71,48,4.17
71,49,2.78
71,50,2.5
71,51,5.56
71,52,3.33
71,53,6.25
71,54,2.08
71,55,3.57
71,56,8.33
71,57,2.63
71,58,5
71,59,3.33
71,60,4.17
71,61,2.27
71,62,4.17
71,63,4.55
71,64,8.33
71,65,5.56
71,66,2.17
71,67,2
71,68,2.63
71,69,3.85
71,70,7.14
71,71,3.33
71,72,3.57
71,73,4.55
71,74,8.33
71,75,2.27
71,76,2.38
71,77,5
71,78,2.27
71,79,3.13
71,80,3.85
71,81,2
71,82,2.5
71,83,2.94
71,84,2
71,85,2.27
71,86,3.13
71,87,2.5
71,88,2
71,89,7.14
71,90,4.17
71,91,5
71,92,3.57
71,93,5.56
71,94,4.17
71,95,7.14
71,96,3.33
71,97,2.63
71,98,4.17
71,99,6.25
71,100,2
71,101,7.14
71,102,4.17
71,103,4.55
71,104,4.55
71,105,2.27
71,106,3.33
71,107,10
71,108,3.13
71,109,2.78
71,110,4.55
71,111,2.94
71,112,2.5
71,113,3.85
71,114,5.56
71,115,3.33
71,116,2.17
71,117,2.94
71,118,4.55
71,119,2
71,120,3.13
71,121,4.55
71,122,5
71,123,3.13
71,124,2.78
71,125,3.85
71,126,2.08
71,127,2.08
71,128,2.08
71,129,6.25
71,130,2.5
71,131,2.63
71,132,8.33
71,133,3.57
71,134,3.33
71,135,8.33
71,136,3.33
71,137,5.56
71,138,4.55
71,139,3.33
71,140,3.85
71,141,2.17
71,142,6.25
71,143,3.13
71,144,3.33
71,145,6.25
71,146,3.33
71,147,3.33
71,148,2.27
71,149,3.13
71,150,2.5
71,151,2.94
71,152,3.13
71,153,3.13
71,154,3.13
71,155,2.08
71,156,2.08
71,157,2.78
71,158,3.33
71,159,3.13
71,160,3.33
71,161,2.78
71,162,2.78
71,163,8.33
71,164,5
71,165,2.27
71,166,6.25
71,167,3.85
71,168,3.13
71,169,2.5
71,170,8.33
71,171,6.25
71,172,3.33
71,173,10
71,174,10
71,175,2
71,176,5
71,177,4.17
71,178,8.33
71,179,2.63
71,180,3.85
71,181,2
71,182,2.63
71,183,2.94
71,184,2.78
71,185,2.5
71,186,6.25
71,187,2.63
71,188,2.63
71,189,2.38
71,190,7.14
71,191,2
71,192,2.94
71,193,2.63
71,194,2.27
71,195,4.17
71,196,2.17
71,197,2
71,198,2.08
71,199,2.63
71,200,7.14
71,201,4.17
71,202,2.94
71,203,3.85
71,204,3.85
71,205,5
71,206,5.56
71,207,6.25
71,208,2.27
71,209,2.17
71,210,4.17
71,211,2
71,212,2
71,213,8.33
71,214,5.56
71,215,3.57
71,216,2.94
71,217,2.17
71,218,7.14
71,219,2.17
71,220,3.33
71,221,2.63
71,222,2.38
71,223,2.08
71,224,4.55
71,225,2.17
71,226,7.14
71,227,8.33
71,228,4.55
71,229,6.25
71,230,4.17
71,231,8.33
71,232,3.85
71,233,5.56
71,234,2.08
71,235,2
71,236,5.56
71,237,3.33
71,238,5.56
71,239,2.08
71,240,8.33
71,241,3.85
71,242,7.14
71,243,2.17
71,244,2.38
71,245,2.63
71,246,8.33
71,247,2.38
71,248,3.13
71,249,2
71,250,3.13
71,251,3.85
71,252,2.94
71,253,2.78
71,254,2.63
71,255,2
71,256,4.17
71,257,2.78
71,258,2.38
71,259,2.63
71,260,2.17
71,261,3.85
71,262,3.13
71,263,2
71,264,6.25
71,265,4.55
71,266,2.5
71,267,5
71,268,8.33
71,269,2.63
71,270,2.5
71,271,10
71,272,2.63
71,273,2.27
71,274,2.5
71,275,4.17
71,276,3.33
71,277,3.13
71,278,2.5
71,279,3.13
71,280,2.5
71,281,7.14
71,282,2.38
71,283,6.25
71,284,8.33
71,285,10
71,286,2.5
71,287,2.5
71,288,5
71,289,2.17
71,290,5
71,291,6.25
71,292,2.38
71,293,5.56
71,294,2.63
71,295,2.63
71,296,2.63
71,297,4.17
71,298,3.13
71,299,6.25
71,300,2.38
71,301,2.63
71,302,2.63
71,303,8.33
71,304,2.63
71,305,2.17
71,306,2.5
71,307,3.57
71,308,3.85
71,309,10
71,310,2.78
71,311,5
71,312,2
71,313,10
71,314,2.17
71,315,5.56
71,316,2.5
71,317,3.85
71,318,2.17
71,319,2
71,320,2.63
71,321,4.17
71,322,10
71,323,4.17
71,324,10
71,325,3.57
71,326,2.17
71,327,2.17
71,328,10
71,329,3.85
71,330,8.33
71,331,2
71,332,3.85
71,333,5
71,334,7.14
71,335,7.14
71,336,2.17
71,337,2.5
71,338,5.56
71,339,5
71,340,3.13
71,341,3.13
71,342,6.25
71,343,2
71,344,2.17
71,345,2
71,346,2.78
71,347,3.13
71,348,3.57
71,349,6.25
71,350,4.17
71,351,2
71,352,2.5
71,353,2.38
71,354,3.33
71,355,2
71,356,8.33
71,357,2.08
71,358,3.85
71,359,2.38
71,360,5.56
71,361,5.56
71,362,2.5
71,363,3.13
71,364,7.14
71,365,3.57
71,366,4.55
71,367,2.63
71,368,2.5
71,369,3.33
71,370,2.17
71,371,2.5
71,372,2.5
71,373,2.5
71,374,4.55
71,375,6.25
71,376,2.78
71,377,5
71,378,7.14
71,379,10
71,380,7.14
71,381,4.17
71,382,7.14
71,383,2.38
71,384,3.85
71,385,2.08
71,386,10
71,387,2.38
71,388,2.94
71,389,4.17
71,390,5
71,391,2.08
71,392,2.38
71,393,3.57
71,394,5.56
71,395,2.5
71,396,8.33
71,397,3.13
71,398,6.25
71,399,2.08
71,400,2.38
71,401,4.17
71,402,2
71,403,2.63
71,404,3.33
71,405,4.55
71,406,2.5
71,407,2.17
71,408,4.55
71,409,4.17
71,410,2.78
71,411,8.33
71,412,2.17
71,413,8.33
71,414,3.85
71,415,3.85
71,416,3.13
71,417,8.33
71,418,2
71,419,6.25
71,420,4.55
71,421,7.14
71,422,8.33
71,423,3.57
71,424,3.13
71,425,2.5
71,426,2.08
71,427,4.17
71,428,2
71,429,8.33
71,430,2.38
71,431,3.33
71,432,2.17
71,433,8.33
71,434,2.63
71,435,2.78
71,436,2.5
71,437,2.78
71,438,3.33
71,439,10
71,440,2.5
71,441,2.94
71,442,2.27
71,443,4.55
71,444,2.27
71,445,2.08
71,446,2.17
71,447,8.33
71,448,2.17
71,449,3.85
71,450,6.25
71,451,5.56
71,452,4.17
71,453,8.33
71,454,3.57
71,455,3.13
71,456,7.14
71,457,2.94
71,458,7.14
71,459,4.55
71,460,2.08
71,461,7.14
71,462,2
71,463,7.14
71,464,3.57
71,465,2.38
71,466,3.33
71,467,2
71,468,3.57
71,469,8.33
71,470,2.08
71,471,2.5
71,472,2.5
71,473,2.5
71,474,2.63
71,475,4.17
71,476,2.5
71,477,6.25
71,478,7.14
71,479,2.5
71,480,3.85
71,481,2.94
71,482,2
71,483,10
71,484,2.63
71,485,2.08
71,486,2.17
71,487,5.56
71,488,2.08
71,489,3.33
71,490,2
71,491,8.33
71,492,2.5
71,493,2.63
71,494,2.78
71,495,2.94
71,496,2.78
71,497,4.55
71,498,8.33
71,499,10
71,500,2.17
72,1,4.17
72,2,4.55
72,3,3.13
72,4,6.25
72,5,6.25
72,6,10
72,7,2.63
72,8,2.27
72,9,8.33
72,10,6.25
72,11,7.14
72,12,2.63
72,13,10
72,14,2.63
72,15,3.57
72,16,2.17
72,17,2
72,18,4.55
72,19,2.94
72,20,8.33
72,21,2.08
72,22,3.85
72,23,2
72,24,2
72,25,4.17
72,26,7.14
72,27,3.57
72,28,10
72,29,3.13
72,30,7.14
72,31,5
72,32,2.5
72,33,2.17
72,34,3.33
72,35,3.85
72,36,2.78
72,37,4.17
72,38,10
72,39,8.33
72,40,6.25
72,41,2.08
72,42,2.63
72,43,10
72,44,5
72,45,2.17
72,46,5
72,47,5
72,48,3.33
72,49,2.27
72,50,7.14
72,51,3.57
72,52,2.5
72,53,8.33
72,54,2.94
72,55,4.55
72,56,2.78
72,57,2.78
72,58,3.13
72,59,5.56
72,60,10
72,61,6.25
72,62,3.85
72,63,10
72,64,2.94
72,65,5.56
72,66,2.27
72,67,4.17
72,68,3.57
72,69,8.33
72,70,10
72,71,3.57
72,72,2.17
72,73,2.78
72,74,2.08
72,75,2.08
72,76,2.27
72,77,2.94
72,78,4.55
72,79,3.85
72,80,6.25
72,81,5
72,82,2.17
72,83,3.33
72,84,8.33
72,85,5
72,86,8.33
72,87,3.13
72,88,2.5
72,89,4.55
72,90,2.5
72,91,3.33
72,92,3.33
72,93,3.85
72,94,5.56
72,95,3.13
72,96,2.78
72,97,2.17
72,98,3.57
72,99,2.38
72,100,2.08
72,101,2.5
72,102,5
72,103,2
72,104,3.85
72,105,6.25
72,106,2.5
72,107,8.33
72,108,2.63
72,109,5.56
72,110,2.38
72,111,10
72,112,4.55
72,113,5.56
72,114,4.17
72,115,7.14
72,116,2.94
72,117,2.94
72,118,7.14
72,119,3.85
72,120,2.94
72,121,2.63
72,122,2.38
72,123,2.17
72,124,2.63
72,125,2.08
72,126,2
72,127,4.55
72,128,3.33
72,129,2
72,130,5.56
72,131,2.94
72,132,2.27
72,133,3.85
72,134,2.94
72,135,8.33
72,136,4.55
72,137,3.85
72,138,3.33
72,139,2
72,140,2
72,141,3.57
72,142,6.25
72,143,5.56
72,144,5.56
72,145,3.33
72,146,3.85
72,147,2.5
72,148,10
72,149,2.63
72,150,7.14
72,151,3.13
72,152,2.5
72,153,4.17
72,154,2.78
72,155,3.13
72,156,3.33
72,157,8.33
72,158,2.78
72,159,2.78
72,160,8.33
72,161,2.5
72,162,3.57
72,163,2.38
72,164,10
72,165,2.78
72,166,2.5
72,167,3.33
72,168,3.33
72,169,5
72,170,2
72,171,2.38
72,172,8.33
72,173,4.55
72,174,3.85
72,175,2.78
72,176,2.63
72,177,3.57
72,178,3.33
72,179,3.57
72,180,2.94
72,181,2.27
72,182,6.25
72,183,2.78
72,184,5.56
72,185,2.94
72,186,6.25
72,187,2.38
72,188,3.13
72,189,10
72,190,3.85
72,191,2.38
72,192,2.78
72,193,2.63
72,194,3.33
72,195,3.57
72,196,2
72,197,4.17
72,198,5.56
72,199,3.13
72,200,4.17
72,201,3.57
72,202,2.78
72,203,8.33
72,204,2.94
72,205,5
72,206,3.57
72,207,4.17
72,208,7.14
72,209,3.13
72,210,7.14
72,211,7.14
72,212,2.5
72,213,3.57
72,214,7.14
72,215,2.63
72,216,3.13
72,217,6.25
72,218,2.38
72,219,3.13
72,220,2.08
72,221,2
72,222,6.25
72,223,2.17
72,224,4.17
72,225,2.38
72,226,10
72,227,5.56
72,228,2
72,229,3.33
72,230,5
72,231,6.25
72,232,2.38
72,233,2.63
72,234,2.5
72,235,5
72,236,4.17
72,237,6.25
72,238,4.17
72,239,5
72,240,2.5
72,241,7.14
72,242,2.63
72,243,5.56
72,244,2.27
72,245,2.94
72,246,2.63
72,247,6.25
72,248,4.17
72,249,2.5
72,250,3.57
72,251,2.27
72,252,2.17
72,253,2.78
72,254,4.55
72,255,2.08
72,256,2.08
72,257,2.94
72,258,2.78
72,259,10
72,260,7.14
72,261,10
72,262,3.13
72,263,2.78
72,264,3.13
72,265,6.25
72,266,7.14
72,267,3.85
72,268,4.17
72,269,5.56
72,270,2.94
72,271,2.17
72,272,10
72,273,5
72,274,2.63
72,275,2.94
72,276,2
72,277,3.85
72,278,4.55
72,279,2.38
72,280,7.14
72,281,3.13
72,282,2
72,283,3.57
72,284,2.5
72,285,2.38
72,286,2.08
72,287,2.08
72,288,5
72,289,3.13
72,290,2.5
72,291,4.55
72,292,3.13
72,293,2.94
72,294,6.25
72,295,10
72,296,2.08
72,297,2
72,298,4.55
72,299,4.55
72,300,5.56
72,301,2.94
72,302,5
72,303,2.5
72,304,5.56
72,305,3.57
72,306,3.13
72,307,2.78
72,308,4.55
72,309,3.33
72,310,2.5
72,311,8.33
72,312,4.17
72,313,2.27
72,314,8.33
72,315,2.5
72,316,2.94
72,317,3.13
72,318,2
72,319,2.5
72,320,2.63
72,321,8.33
72,322,10
72,323,2.63
72,324,3.13
72,325,5.56
72,326,6.25
72,327,3.33
72,328,2.17
72,329,2.5
72,330,8.33
72,331,3.33
72,332,3.85
72,333,2.27
72,334,6.25
72,335,2.5
72,336,2.08
72,337,4.17
72,338,7.14
72,339,2.78
72,340,5.56
72,341,3.33
72,342,8.33
72,343,2.27
72,344,5
72,345,2
72,346,2.27
72,347,5
72,348,5
72,349,2.78
72,350,2.27
72,351,2.38
72,352,2
72,353,8.33
72,354,10
72,355,4.17
72,356,3.13
72,357,5
72,358,2.08
72,359,2.38
72,360,2.94
72,361,3.13
72,362,2.94
72,363,2.38
72,364,5
72,365,2.27
72,366,3.85
72,367,2.27
72,368,4.17
72,369,4.17
72,370,2.63
72,371,2.78
72,372,7.14
72,373,3.33
72,374,5.56
72,375,3.57
72,376,4.17
72,377,2.38
72,378,3.13
72,379,5.56
72,380,2.5
72,381,5.56
72,382,2.5
72,383,2
72,384,8.33
72,385,3.57
72,386,7.14
72,387,10
72,388,4.55
72,389,4.17
72,390,2
72,391,4.55
72,392,7.14
72,393,3.13
72,394,7.14
72,395,3.85
72,396,2.94
72,397,2
72,398,7.14
72,399,3.13
72,400,2.38
72,401,10
72,402,3.85
72,403,5.56
72,404,2
72,405,2.63
72,406,7.14
72,407,2.78
72,408,10
72,409,7.14
72,410,3.13
72,411,5
72,412,3.33
72,413,3.33
72,414,2.38
72,415,5.56
72,416,5
72,417,5
72,418,5
72,419,2.08
72,420,2.08
72,421,7.14
72,422,5
72,423,4.55
72,424,2.08
72,425,3.33
72,426,2.38
72,427,8.33
72,428,2.94
72,429,7.14
72,430,8.33
72,431,4.17
72,432,2.5
72,433,4.17
72,434,2.17
72,435,2.63
72,436,5.56
72,437,10
72,438,3.13
72,439,2.63
72,440,2.27
72,441,5.56
72,442,4.55
72,443,2.5
72,444,2.78
72,445,3.13
72,446,2.5
72,447,3.85
72,448,7.14
72,449,3.33
72,450,7.14
72,451,6.25
72,452,7.14
72,453,2.38
72,454,8.33
72,455,4.17
72,456,2.78
72,457,7.14
72,458,5.56
72,459,2.27
72,460,4.17
72,461,8.33
72,462,2.63
72,463,5.56
72,464,2.78
72,465,2.27
72,466,4.55
72,467,7.14
72,468,3.33
72,469,2.5
72,470,7.14
72,471,2.27
72,472,3.33
72,473,4.17
72,474,2.27
72,475,2.17
72,476,3.85
72,477,3.57
72,478,7.14
72,479,6.25
72,480,4.17
72,481,5
72,482,4.55
72,483,4.55
72,484,2.63
72,485,4.55
72,486,3.85
72,487,2.38
72,488,2.78
72,489,2.78
72,490,5
72,491,5
72,492,3.57
72,493,2.38
72,494,4.55
72,495,2.38
72,496,3.33
72,497,4.17
72,498,2.27
72,499,6.25
72,500,4.55
73,1,4.17
73,2,3.57
73,3,4.55
73,4,2
73,5,3.85
73,6,2
73,7,3.57
73,8,3.33
73,9,4.55
73,10,2.08
73,11,10
73,12,2.5
73,13,3.85
73,14,8.33
73,15,5.56
73,16,2.27
73,17,2.08
73,18,6.25
73,19,5.56
73,20,2.78
73,21,3.85
73,22,2
73,23,2.27
73,24,2.38
73,25,2.27
73,26,7.14
73,27,8.33
73,28,10
73,29,2.17
73,30,10
73,31,2.08
73,32,3.57
73,33,7.14
73,34,2.63
73,35,5
73,36,2.94
73,37,3.33
73,38,3.85
73,39,2.94
73,40,7.14
73,41,2.5
73,42,2.5
73,43,5
73,44,2.17
73,45,2.08
73,46,8.33
73,47,2.63
73,48,5.56
73,49,5
73,50,8.33
73,51,4.17
73,52,3.13
73,53,2.38
73,54,3.13
73,55,2
73,56,2.27
73,57,4.55
73,58,8.33
73,59,6.25
73,60,2
73,61,3.13
73,62,5.56
73,63,2.27
73,64,2
73,65,2.94
73,66,2.78
73,67,10
73,68,5.56
73,69,8.33
73,70,2.08
73,71,4.55
73,72,2.17
73,73,2.63
73,74,6.25
73,75,8.33
73,76,3.13
73,77,2.5
73,78,4.55
73,79,5.56
73,80,2
73,81,2.63
73,82,3.85
73,83,4.55
73,84,8.33
73,85,2.5
73,86,6.25
73,87,2.27
73,88,6.25
73,89,2.38
73,90,2.5
73,91,2.17
73,92,2.63
73,93,2.17
73,94,5.56
73,95,2.5
73,96,2.38
73,97,10
73,98,3.13
73,99,5
73,100,8.33
73,101,2.17
73,102,2
73,103,2.27
73,104,7.14
73,105,5.56
73,106,3.85
73,107,5.56
73,108,5.56
73,109,3.57
73,110,3.33
73,111,2.5
73,112,2.94
73,113,2.27
73,114,2.08
73,115,2.63
73,116,2
73,117,4.17
73,118,4.17
73,119,8.33
73,120,3.85
73,121,5.56
73,122,2.63
73,123,2.08
73,124,10
73,125,8.33
73,126,2.38
73,127,2.63
73,128,3.13
73,129,3.57
73,130,4.17
73,131,2.27
73,132,4.17
73,133,2.08
73,134,5
73,135,3.85
73,136,6.25
73,137,10
73,138,3.57
73,139,2.17
73,140,3.13
73,141,3.57
73,142,3.33
73,143,4.17
73,144,3.57
73,145,2.63
73,146,3.57
73,147,4.55
73,148,2.78
73,149,5
73,150,2.08
73,151,3.85
73,152,3.13
73,153,7.14
73,154,5.56
73,155,2.78
73,156,2.63
73,157,3.13
73,158,4.17
73,159,2.5
73,160,2.5
73,161,2.5
73,162,2
73,163,3.13
73,164,2.94
73,165,8.33
73,166,6.25
73,167,7.14
73,168,5
73,169,2
73,170,3.33
73,171,3.13
73,172,6.25
73,173,5.56
73,174,8.33
73,175,2.08
73,176,8.33
73,177,3.13
73,178,3.13
73,179,2.78
73,180,10
73,181,3.13
73,182,2.63
73,183,3.85
73,184,2.63
73,185,3.85
73,186,2.38
73,187,2.27
73,188,3.57
73,189,7.14
73,190,2.5
73,191,2.94
73,192,5
73,193,6.25
73,194,6.25
73,195,2.5
73,196,8.33
73,197,10
73,198,2.5
73,199,2.27
73,200,3.13
73,201,8.33
73,202,2.38
73,203,4.17
73,204,3.13
73,205,5
73,206,8.33
73,207,3.57
73,208,10
73,209,7.14
73,210,2.94
73,211,2.94
73,212,3.33
73,213,7.14
73,214,2.38
73,215,2.5
73,216,3.57
73,217,5
73,218,2.63
73,219,10
73,220,10
73,221,5.56
73,222,5.56
73,223,5
73,224,5
73,225,3.85
73,226,3.85
73,227,2.5
73,228,4.17
73,229,3.57
73,230,2.5
73,231,2.63
73,232,10
73,233,2
73,234,2.78
73,235,2.17
73,236,3.33
73,237,4.55
73,238,2.78
73,239,4.17
73,240,10
73,241,3.57
73,242,3.57
73,243,2.78
73,244,2
73,245,2.78
73,246,3.85
73,247,6.25
73,248,8.33
73,249,4.17
73,250,3.85
73,251,2.78
73,252,4.55
73,253,2.63
73,254,2.94
73,255,3.57
73,256,2.63
73,257,2
73,258,6.25
73,259,10
73,260,6.25
73,261,2.38
73,262,4.55
73,263,4.55
73,264,4.55
73,265,2.08
73,266,4.55
73,267,4.17
73,268,2.63
73,269,7.14
73,270,2.63
73,271,2.5
73,272,2.38
73,273,2.17
73,274,5.56
73,275,2.78
73,276,2.27
73,277,2.78
73,278,2.5
73,279,5.56
73,280,6.25
73,281,6.25
73,282,2.5
73,283,2.5
73,284,3.85
73,285,3.33
73,286,3.85
73,287,2.17
73,288,2.78
73,289,3.33
73,290,2.78
73,291,10
73,292,7.14
73,293,4.55
73,294,2.27
73,295,2.17
73,296,2.27
73,297,6.25
73,298,3.85
73,299,3.57
73,300,10
73,301,3.13
73,302,10
73,303,2
73,304,2.17
73,305,6.25
73,306,3.57
73,307,7.14
73,308,2.78
73,309,4.55
73,310,2.38
73,311,5.56
73,312,2.5
73,313,2
73,314,2.63
73,315,2.38
73,316,2.5
73,317,3.33
73,318,6.25
73,319,2.5
73,320,4.17
73,321,2.63
73,322,2.08
73,323,2.5
73,324,2.27
73,325,2.08
73,326,10
73,327,3.33
73,328,10
73,329,3.33
73,330,2.94
73,331,3.57
73,332,7.14
73,333,4.55
73,334,2.17
73,335,3.85
73,336,2.5
73,337,3.85
73,338,3.33
73,339,5.56
73,340,8.33
73,341,7.14
73,342,6.25
73,343,2.5
73,344,2.94
73,345,3.13
73,346,3.85
73,347,2.78
73,348,6.25
73,349,3.85
73,350,3.33
73,351,4.17
73,352,2.08
73,353,2.94
73,354,3.13
73,355,2.5
73,356,2.17
73,357,2
73,358,2.08
73,359,2.08
73,360,10
73,361,5.56
73,362,7.14
73,363,2.63
73,364,2.5
73,365,2.63
73,366,8.33
73,367,2.27
73,368,3.13
73,369,2.27
73,370,2.63
73,371,7.14
73,372,2.38
73,373,6.25
73,374,3.33
73,375,7.14
73,376,5
73,377,7.14
73,378,2.5
73,379,7.14
73,380,2.78
73,381,7.14
73,382,2.17
73,383,2.17
73,384,5.56
73,385,5
73,386,7.14
73,387,2.38
73,388,10
73,389,2.63
73,390,2.38
73,391,2.78
73,392,2.08
73,393,2.94
73,394,7.14
73,395,4.55
73,396,2.63
73,397,5.56
73,398,2.27
73,399,2.27
73,400,3.57
73,401,5
73,402,2.5
73,403,2.63
73,404,3.57
73,405,3.13
73,406,3.57
73,407,5
73,408,2.63
73,409,3.13
73,410,2.94
73,411,10
73,412,2.08
73,413,2.63
73,414,2.17
73,415,3.13
73,416,3.85
73,417,10
73,418,6.25
73,419,7.14
73,420,5.56
73,421,2.38
73,422,4.55
73,423,4.17
73,424,2
73,425,3.13
73,426,2
73,427,3.85
73,428,3.57
73,429,2.94
73,430,2.08
73,431,2
73,432,2.08
73,433,2.78
73,434,10
73,435,6.25
73,436,2.94
73,437,2
73,438,3.85
73,439,2.27
73,440,2.38
73,441,2
73,442,6.25
73,443,6.25
73,444,2.94
73,445,10
73,446,2.38
73,447,5.56
73,448,4.55
73,449,7.14
73,450,6.25
73,451,6.25
73,452,6.25
73,453,6.25
73,454,2.08
73,455,2.94
73,456,10
73,457,7.14
73,458,2
73,459,2.94
73,460,3.33
73,461,5
73,462,6.25
73,463,4.55
73,464,3.57
73,465,2.63
73,466,6.25
73,467,4.55
73,468,3.57
73,469,2.5
73,470,2.78
73,471,8.33
73,472,6.25
73,473,3.57
73,474,2
73,475,6.25
73,476,5
73,477,2.17
73,478,10
73,479,3.13
73,480,3.33
73,481,8.33
73,482,3.85
73,483,2.08
73,484,2.38
73,485,4.17
73,486,6.25
73,487,2.08
73,488,2.63
73,489,4.55
73,490,8.33
73,491,3.33
73,492,2.27
73,493,2.63
73,494,4.17
73,495,4.17
73,496,4.17
73,497,3.57
73,498,2.08
73,499,2.17
73,500,4.55
74,1,2.63
74,2,5.56
74,3,2.38
74,4,2.08
74,5,2.63
74,6,3.57
74,7,2.94
74,8,4.55
74,9,3.33
74,10,2.78
74,11,2
74,12,3.33
74,13,10
74,14,4.55
74,15,2.63
74,16,3.13
74,17,4.55
74,18,2.5
74,19,5
74,20,2.38
74,21,5
74,22,2.17
74,23,4.55
74,24,4.55
74,25,3.57
74,26,2.63
74,27,2.63
74,28,5.56
74,29,8.33
74,30,3.85
74,31,2.78
74,32,5
74,33,3.85
74,34,2.17
74,35,7.14
74,36,3.13
74,37,7.14
74,38,2.5
74,39,2.5
74,40,8.33
74,41,3.13
74,42,6.25
74,43,8.33
74,44,2.94
74,45,3.85
74,46,7.14
74,47,2.38
74,48,10
74,49,5.56
74,50,6.25
74,51,2.63
74,52,2.27
74,53,2.63
74,54,2.38
74,55,2.38
74,56,3.57
74,57,5.56
74,58,2.08
74,59,4.55
74,60,7.14
74,61,7.14
74,62,3.57
74,63,2.27
74,64,8.33
74,65,2.5
74,66,3.33
74,67,4.55
74,68,2.78
74,69,3.85
74,70,2.94
74,71,3.33
74,72,3.33
74,73,5
74,74,2.27
74,75,3.33
74,76,2.27
74,77,5
74,78,3.57
74,79,2.78
74,80,2.27
74,81,4.55
74,82,5
74,83,7.14
74,84,4.17
74,85,2
74,86,2.08
74,87,7.14
74,88,2.63
74,89,6.25
74,90,3.85
74,91,2.17
74,92,4.17
74,93,3.13
74,94,5.56
74,95,2.08
74,96,4.55
74,97,5
74,98,2.78
74,99,3.33
74,100,3.33
74,101,4.55
74,102,4.17
74,103,5
74,104,5.56
74,105,10
74,106,10
74,107,2.27
74,108,2.78
74,109,2.94
74,110,4.17
74,111,6.25
74,112,4.17
74,113,3.57
74,114,4.55
74,115,2.78
74,116,2.27
74,117,10
74,118,2.5
74,119,6.25
74,120,5.56
74,121,3.33
74,122,7.14
74,123,2.63
74,124,7.14
74,125,3.13
74,126,4.55
74,127,2
74,128,3.57
74,129,4.17
74,130,2.63
74,131,10
74,132,2.08
74,133,3.13
74,134,5.56
74,135,2.08
74,136,4.17
74,137,2.38
74,138,3.57
74,139,5.56
74,140,8.33
74,141,3.85
74,142,7.14
74,143,2.94
74,144,2.5
74,145,3.13
74,146,2.08
74,147,3.13
74,148,2.27
74,149,3.85
74,150,5.56
74,151,3.33
74,152,3.57
74,153,10
74,154,3.85
74,155,4.55
74,156,2.27
74,157,2.08
74,158,3.57
74,159,3.33
74,160,3.13
74,161,8.33
74,162,2.5
74,163,2.38
74,164,5
74,165,5
74,166,2.08
74,167,3.57
74,168,2.94
74,169,2.17
74,170,6.25
74,171,3.33
74,172,4.55
74,173,4.55
74,174,4.17
74,175,5
74,176,6.25
74,177,2.08
74,178,2.17
74,179,8.33
74,180,2.08
74,181,3.85
74,182,3.85
74,183,3.57
74,184,3.85
74,185,4.17
74,186,4.55
74,187,4.55
74,188,5
74,189,2
74,190,2.78
74,191,7.14
74,192,8.33
74,193,6.25
74,194,10
74,195,2.17
74,196,6.25
74,197,2.78
74,198,4.55
74,199,4.17
74,200,2.94
74,201,3.13
74,202,2.63
74,203,10
74,204,2.17
74,205,3.33
74,206,2.38
74,207,2.38
74,208,2
74,209,3.33
74,210,2.5
74,211,4.17
74,212,4.17
74,213,4.17
74,214,3.85
74,215,2.17
74,216,6.25
74,217,2.27
74,218,4.55
74,219,2.94
74,220,5
74,221,7.14
74,222,2.63
74,223,3.33
74,224,7.14
74,225,2.5
74,226,4.17
74,227,2.08
74,228,10
74,229,2.5
74,230,2.78
74,231,2.78
74,232,6.25
74,233,3.33
74,234,2.63
74,235,6.25
74,236,2.94
74,237,2.38
74,238,2
74,239,3.85
74,240,5
74,241,2.38
74,242,2.63
74,243,3.13
74,244,2
74,245,3.85
74,246,2
74,247,6.25
74,248,10
74,249,2.27
74,250,2.63
74,251,3.33
74,252,2.78
74,253,2.63
74,254,2.5
74,255,2.63
74,256,10
74,257,8.33
74,258,5.56
74,259,5.56
74,260,5
74,261,10
74,262,2.08
74,263,4.17
74,264,6.25
74,265,3.85
74,266,2.78
74,267,7.14
74,268,2.63
74,269,2.5
74,270,2.94
74,271,2.5
74,272,3.13
74,273,5.56
74,274,3.33
74,275,4.17
74,276,5
74,277,2.94
74,278,2.27
74,279,3.57
74,280,3.13
74,281,10
74,282,5
74,283,2.38
74,284,10
74,285,3.13
74,286,2.78
74,287,4.17
74,288,2.17
74,289,3.85
74,290,6.25
74,291,7.14
74,292,2.27
74,293,2.38
74,294,3.13
74,295,8.33
74,296,3.33
74,297,5.56
74,298,2.08
74,299,3.33
74,300,2.08
74,301,3.33
74,302,6.25
74,303,7.14
74,304,4.17
74,305,2.5
74,306,2.5
74,307,2
74,308,7.14
74,309,2.5
74,310,10
74,311,4.17
74,312,2.38
74,313,6.25
74,314,3.13
74,315,4.17
74,316,8.33
74,317,2.78
74,318,4.17
74,319,2.27
74,320,2.38
74,321,2.63
74,322,8.33
74,323,2.94
74,324,2.38
74,325,5
74,326,3.33
74,327,8.33
74,328,3.33
74,329,2.94
74,330,4.17
74,331,2.94
74,332,10
74,333,3.57
74,334,2.08
74,335,3.57
74,336,2.17
74,337,4.17
74,338,3.85
74,339,6.25
74,340,4.17
74,341,3.85
74,342,2
74,343,5.56
74,344,4.17
74,345,2.5
74,346,8.33
74,347,3.33
74,348,2.38
74,349,4.55
74,350,7.14
74,351,2.63
74,352,6.25
74,353,2.08
74,354,3.85
74,355,4.55
74,356,2.63
74,357,2.94
74,358,2
74,359,6.25
74,360,5
74,361,2.38
74,362,4.55
74,363,3.85
74,364,3.85
74,365,2
74,366,2.5
74,367,2.17
74,368,8.33
74,369,8.33
74,370,2.38
74,371,10
74,372,2.94
74,373,3.57
74,374,5.56
74,375,3.33
74,376,2.94
74,377,2.08
74,378,7.14
74,379,7.14
74,380,2.38
74,381,2.08
74,382,3.33
74,383,7.14
74,384,2.38
74,385,3.13
74,386,2.08
74,387,8.33
74,388,2
74,389,2.27
74,390,3.57
74,391,2.94
74,392,4.17
74,393,2.5
74,394,3.33
74,395,2.94
74,396,2.5
74,397,2.27
74,398,3.13
74,399,10
74,400,2.27
74,401,2.27
74,402,8.33
74,403,6.25
74,404,2.5
74,405,4.55
74,406,4.17
74,407,2.5
74,408,5.56
74,409,4.17
74,410,2.27
74,411,8.33
74,412,3.13
74,413,4.17
74,414,2
74,415,4.55
74,416,2.08
74,417,2.94
74,418,8.33
74,419,4.17
74,420,3.13
74,421,3.33
74,422,2.94
74,423,3.57
74,424,2
74,425,3.13
74,426,2.08
74,427,3.57
74,428,3.57
74,429,2.94
74,430,3.57
74,431,3.33
74,432,4.17
74,433,3.33
74,434,2.38
74,435,2.17
74,436,6.25
74,437,4.55
74,438,2.5
74,439,4.17
74,440,3.57
74,441,2.38
74,442,2
74,443,5.56
74,444,2
74,445,3.85
74,446,6.25
74,447,5.56
74,448,4.17
74,449,3.57
74,450,5
74,451,3.33
74,452,2.63
74,453,2.08
74,454,4.17
74,455,8.33
74,456,2.17
74,457,4.17
74,458,3.85
74,459,2.08
74,460,3.57
74,461,3.33
74,462,2.08
74,463,6.25
74,464,7.14
74,465,2.5
74,466,2.38
74,467,5
74,468,6.25
74,469,2
74,470,3.33
74,471,3.33
74,472,10
74,473,6.25
74,474,10
74,475,2.27
74,476,6.25
74,477,3.57
74,478,2.78
74,479,7.14
74,480,2
74,481,7.14
74,482,5.56
74,483,2.08
74,484,5
74,485,2.78
74,486,2
74,487,3.33
74,488,3.57
74,489,3.33
74,490,2
74,491,2.94
74,492,2.17
74,493,5
74,494,8.33
74,495,2.5
74,496,10
74,497,7.14
74,498,2.5
74,499,8.33
74,500,2.5
75,1,2
75,2,10
75,3,2.5
75,4,5.56
75,5,2.27
75,6,4.55
75,7,2.5
75,8,2.17
75,9,2.63
75,10,3.33
75,11,6.25
75,12,3.85
75,13,2
75,14,2.38
75,15,4.55
75,16,2.63
75,17,2.63
75,18,2.63
75,19,3.85
75,20,7.14
75,21,2.38
75,22,2.78
75,23,3.57
75,24,2
75,25,2.5
75,26,3.13
75,27,2.78
75,28,2.78
75,29,4.17
75,30,3.33
75,31,5.56
75,32,2
75,33,3.33
75,34,8.33
75,35,2.63
75,36,2.27
75,37,3.57
75,38,2
75,39,2.78
75,40,6.25
75,41,5.56
75,42,2.63
75,43,2.94
75,44,3.33
75,45,10
75,46,3.57
75,47,2.63
75,48,2.5
75,49,4.17
75,50,2.27
75,51,5
75,52,5.56
75,53,2.63
75,54,2.08
75,55,2.63
75,56,7.14
75,57,3.85
75,58,10
75,59,3.85
75,60,5
75,61,2.94
75,62,5
75,63,3.13
75,64,10
75,65,2.94
75,66,2.08
75,67,3.85
75,68,2.08
75,69,2.27
75,70,2.08
75,71,4.17
75,72,2.27
75,73,4.17
75,74,2.38
75,75,3.13
75,76,2.27
75,77,2.78
75,78,10
75,79,2.5
75,80,5.56
75,81,10
75,82,2.5
75,83,3.85
75,84,8.33
75,85,2.78
75,86,2.17
75,87,2
75,88,3.33
75,89,3.13
75,90,2.94
75,91,4.55
75,92,4.55
75,93,2.08
75,94,3.85
75,95,3.33
75,96,7.14
75,97,6.25
75,98,6.25
75,99,3.85
75,100,3.85
75,101,2.94
75,102,3.85
75,103,2
75,104,2.5
75,105,2.17
75,106,6.25
75,107,3.33
75,108,3.85
75,109,7.14
75,110,2.08
75,111,5
75,112,7.14
75,113,4.55
75,114,2
75,115,3.85
75,116,2.78
75,117,5
75,118,2.27
75,119,2.78
75,120,5.56
75,121,2.63
75,122,3.85
75,123,10
75,124,8.33
75,125,10
75,126,2.94
75,127,4.55
75,128,10
75,129,5
75,130,4.17
75,131,2.63
75,132,5.56
75,133,2
75,134,7.14
75,135,6.25
75,136,2.94
75,137,5.56
75,138,10
75,139,10
75,140,5
75,141,2.78
75,142,6.25
75,143,2.17
75,144,8.33
75,145,3.85
75,146,2.5
75,147,2.63
75,148,2
75,149,2.27
75,150,2.27
75,151,2.27
75,152,3.33
75,153,6.25
75,154,3.57
75,155,3.33
75,156,5.56
75,157,4.55
75,158,2.38
75,159,3.85
75,160,4.55
75,161,5
75,162,2.27
75,163,4.17
75,164,3.33
75,165,2.78
75,166,2.94
75,167,8.33
75,168,3.33
75,169,7.14
75,170,2.78
75,171,2.78
75,172,4.17
75,173,2.08
75,174,3.33
75,175,10
75,176,8.33
75,177,4.17
75,178,2.5
75,179,4.55
75,180,3.85
75,181,4.17
75,182,4.17
75,183,2.78
75,184,2.94
75,185,2.27
75,186,2
75,187,4.17
75,188,8.33
75,189,2.38
75,190,2.78
75,191,3.13
75,192,3.85
75,193,5.56
75,194,2.17
75,195,2
75,196,2.94
75,197,6.25
75,198,3.57
75,199,2.17
75,200,4.17
75,201,5
75,202,6.25
75,203,8.33
75,204,5.56
75,205,2
75,206,2.27
75,207,2.94
75,208,4.17
75,209,2.63
75,210,5
75,211,3.33
75,212,2.78
75,213,2.78
75,214,3.85
75,215,2.63
75,216,2.38
75,217,3.85
75,218,3.13
75,219,2.17
75,220,2.78
75,221,8.33
75,222,3.33
75,223,2
75,224,2.63
75,225,3.57
75,226,2.38
75,227,2.63
75,228,7.14
75,229,2.63
75,230,7.14
75,231,2
75,232,2.63
75,233,3.57
75,234,2.17
75,235,10
75,236,2.17
75,237,8.33
75,238,10
75,239,2.08
75,240,2.08
75,241,3.13
75,242,2.5
75,243,2.78
75,244,2.27
75,245,2.27
75,246,2.94
75,247,2.38
75,248,4.17
75,249,2
75,250,2.94
75,251,2.94
75,252,4.17
75,253,5.56
75,254,3.85
75,255,2
75,256,10
75,257,2.78
75,258,5
75,259,3.13
75,260,8.33
75,261,7.14
75,262,5.56
75,263,4.55
75,264,2.63
75,265,5
75,266,2.38
75,267,5.56
75,268,6.25
75,269,2.27
75,270,3.85
75,271,4.55
75,272,2.78
75,273,3.33
75,274,3.85
75,275,2.08
75,276,3.33
75,277,8.33
75,278,3.57
75,279,3.33
75,280,2.63
75,281,2.27
75,282,2.78
75,283,4.17
75,284,3.13
75,285,7.14
75,286,10
75,287,3.57
75,288,4.17
75,289,7.14
75,290,2.63
75,291,10
75,292,2.78
75,293,4.17
75,294,2.27
75,295,10
75,296,2
75,297,3.57
75,298,2.08
75,299,2.78
75,300,3.13
75,301,4.17
75,302,2.78
75,303,2.38
75,304,4.17
75,305,2.27
75,306,8.33
75,307,2.94
75,308,7.14
75,309,2.38
75,310,2.08
75,311,2.63
75,312,8.33
75,313,3.85
75,314,2.17
75,315,5.56
75,316,3.33
75,317,6.25
75,318,3.13
75,319,3.33
75,320,2.17
75,321,3.33
75,322,2.38
75,323,2.08
75,324,3.33
75,325,5
75,326,2.17
75,327,2.78
75,328,3.85
75,329,5
75,330,10
75,331,7.14
75,332,10
75,333,5.56
75,334,8.33
75,335,3.33
75,336,5
75,337,2.38
75,338,6.25
75,339,2.27
75,340,2.17
75,341,7.14
75,342,8.33
75,343,2.38
75,344,8.33
75,345,2.5
75,346,5.56
75,347,2.94
75,348,3.33
75,349,10
75,350,2.63
75,351,2.27
75,352,3.33
75,353,3.13
75,354,2
75,355,3.33
75,356,2.27
75,357,2.08
75,358,3.85
75,359,2.94
75,360,2.63
75,361,5
75,362,10
75,363,2
75,364,2.17
75,365,8.33
75,366,7.14
75,367,4.17
75,368,3.13
75,369,2.63
75,370,4.17
75,371,3.85
75,372,7.14
75,373,2.94
75,374,3.13
75,375,3.57
75,376,2.27
75,377,7.14
75,378,2.38
75,379,3.33
75,380,2
75,381,10
75,382,7.14
75,383,6.25
75,384,8.33
75,385,5.56
75,386,2.17
75,387,10
75,388,2.78
75,389,10
75,390,3.33
75,391,3.33
75,392,7.14
75,393,2.78
75,394,6.25
75,395,5.56
75,396,2.5
75,397,3.57
75,398,2.78
75,399,6.25
75,400,5.56
75,401,5.56
75,402,3.57
75,403,2.08
75,404,2.27
75,405,4.55
75,406,7.14
75,407,5
75,408,2.38
75,409,3.57
75,410,8.33
75,411,4.55
75,412,2.17
75,413,5
75,414,8.33
75,415,3.85
75,416,6.25
75,417,2.38
75,418,3.57
75,419,4.55
75,420,10
75,421,2.27
75,422,2
75,423,8.33
75,424,7.14
75,425,2.94
75,426,5.56
75,427,10
75,428,2.17
75,429,3.13
75,430,8.33
75,431,4.17
75,432,2.17
75,433,4.55
75,434,2.94
75,435,2.08
75,436,2.94
75,437,4.55
75,438,2.63
75,439,2.5
75,440,2.5
75,441,2.27
75,442,2.17
75,443,3.57
75,444,3.85
75,445,3.33
75,446,6.25
75,447,3.33
75,448,2
75,449,2.17
75,450,2.38
75,451,2.08
75,452,4.55
75,453,2.27
75,454,2.08
75,455,2.63
75,456,10
75,457,4.17
75,458,5.56
75,459,10
75,460,7.14
75,461,7.14
75,462,2.5
75,463,2.5
75,464,2.38
75,465,2.38
75,466,10
75,467,2.08
75,468,2.5
75,469,2.94
75,470,6.25
75,471,3.85
75,472,2.5
75,473,4.17
75,474,3.13
75,475,5.56
75,476,3.85
75,477,5.56
75,478,10
75,479,7.14
75,480,2.78
75,481,7.14
75,482,2.27
75,483,5.56
75,484,2.94
75,485,2.94
75,486,4.55
75,487,6.25
75,488,5
75,489,3.33
75,490,10
75,491,2.38
75,492,2.63
75,493,3.85
75,494,5
75,495,6.25
75,496,4.17
75,497,8.33
75,498,2.38
75,499,6.25
75,500,2.08
76,1,8.33
76,2,4.17
76,3,3.85
76,4,2.78
76,5,3.13
76,6,8.33
76,7,3.85
76,8,2.38
76,9,2.27
76,10,2
76,11,2.38
76,12,5.56
76,13,3.13
76,14,2.38
76,15,2.78
76,16,2.38
76,17,7.14
76,18,7.14
76,19,3.13
76,20,2
76,21,3.85
76,22,3.33
76,23,6.25
76,24,3.13
76,25,5.56
76,26,2.38
76,27,3.85
76,28,3.57
76,29,2.38
76,30,2.27
76,31,5.56
76,32,3.13
76,33,2.27
76,34,5.56
76,35,3.33
76,36,2
76,37,2
76,38,2.27
76,39,2.5
76,40,2
76,41,2.27
76,42,2.08
76,43,2.17
76,44,3.57
76,45,8.33
76,46,2.94
76,47,3.57
76,48,7.14
76,49,6.25
76,50,3.33
76,51,3.85
76,52,3.33
76,53,2.94
76,54,2.27
76,55,6.25
76,56,5.56
76,57,2.5
76,58,3.85
76,59,8.33
76,60,7.14
76,61,3.13
76,62,4.17
76,63,2
76,64,6.25
76,65,2.5
76,66,2.27
76,67,2.5
76,68,5
76,69,2.78
76,70,2.17
76,71,7.14
76,72,3.13
76,73,5.56
76,74,8.33
76,75,2
76,76,8.33
76,77,3.85
76,78,4.17
76,79,2.38
76,80,2.27
76,81,2
76,82,6.25
76,83,7.14
76,84,3.33
76,85,3.33
76,86,2.78
76,87,3.13
76,88,10
76,89,3.57
76,90,2.78
76,91,2
76,92,4.17
76,93,2.63
76,94,2.27
76,95,3.85
76,96,2.94
76,97,2.94
76,98,8.33
76,99,10
76,100,3.85
76,101,3.33
76,102,2.17
76,103,3.85
76,104,4.55
76,105,5
76,106,2
76,107,5.56
76,108,5.56
76,109,3.57
76,110,3.57
76,111,2.78
76,112,2.17
76,113,2
76,114,2.08
76,115,3.13
76,116,2.08
76,117,2.94
76,118,5
76,119,3.85
76,120,2.08
76,121,2.27
76,122,2.08
76,123,2.38
76,124,2.94
76,125,2.63
76,126,2.94
76,127,3.33
76,128,5.56
76,129,2.78
76,130,8.33
76,131,8.33
76,132,2.38
76,133,2.27
76,134,2.27
76,135,2.78
76,136,4.55
76,137,2.38
76,138,2.17
76,139,2.38
76,140,2.17
76,141,7.14
76,142,2.38
76,143,2
76,144,8.33
76,145,8.33
76,146,10
76,147,2.08
76,148,2
76,149,3.13
76,150,3.85
76,151,2.63
76,152,3.13
76,153,2.63
76,154,6.25
76,155,2.08
76,156,2.08
76,157,10
76,158,4.17
76,159,3.33
76,160,3.57
76,161,4.17
76,162,10
76,163,2.08
76,164,3.13
76,165,3.33
76,166,6.25
76,167,5
76,168,2.27
76,169,2.27
76,170,2.27
76,171,4.17
76,172,3.33
76,173,6.25
76,174,2.27
76,175,4.55
76,176,2
76,177,6.25
76,178,2.94
76,179,2.78
76,180,3.57
76,181,3.33
76,182,2.94
76,183,2
76,184,2.38
76,185,8.33
76,186,6.25
76,187,5.56
76,188,4.55
76,189,2
76,190,3.57
76,191,3.85
76,192,7.14
76,193,2.08
76,194,8.33
76,195,2.5
76,196,4.17
76,197,4.17
76,198,2.08
76,199,2.5
76,200,2.17
76,201,5.56
76,202,2.78
76,203,2.63
76,204,3.85
76,205,7.14
76,206,2.94
76,207,5
76,208,5.56
76,209,2.27
76,210,4.55
76,211,2.5
76,212,5
76,213,6.25
76,214,3.13
76,215,2.17
76,216,8.33
76,217,10
76,218,3.33
76,219,3.13
76,220,3.33
76,221,4.17
76,222,2
76,223,3.33
76,224,2.08
76,225,3.57
76,226,8.33
76,227,3.13
76,228,5.56
76,229,2.17
76,230,5.56
76,231,10
76,232,5.56
76,233,10
76,234,2.78
76,235,2.5
76,236,7.14
76,237,8.33
76,238,3.85
76,239,2.5
76,240,2.5
76,241,2.94
76,242,2.08
76,243,7.14
76,244,2.38
76,245,4.55
76,246,2.08
76,247,8.33
76,248,2.94
76,249,5.56
76,250,2.94
76,251,6.25
76,252,3.33
76,253,2.78
76,254,2.5
76,255,2.94
76,256,8.33
76,257,7.14
76,258,3.85
76,259,4.17
76,260,5.56
76,261,2.94
76,262,2.63
76,263,5
76,264,8.33
76,265,2.27
76,266,4.17
76,267,3.85
76,268,2.94
76,269,2.94
76,270,4.55
76,271,2.94
76,272,8.33
76,273,2
76,274,3.33
76,275,2.94
76,276,2
76,277,2.78
76,278,2.63
76,279,4.17
76,280,3.13
76,281,2.17
76,282,4.55
76,283,2.5
76,284,3.85
76,285,2
76,286,4.17
76,287,2.17
76,288,2.78
76,289,2.63
76,290,2.27
76,291,3.57
76,292,2.5
76,293,2.94
76,294,2.27
76,295,7.14
76,296,2.38
76,297,6.25
76,298,3.57
76,299,3.13
76,300,2.17
76,301,4.17
76,302,5
76,303,2.5
76,304,7.14
76,305,3.85
76,306,5
76,307,2.27
76,308,2.17
76,309,5
76,310,2.08
76,311,5
76,312,2.08
76,313,5.56
76,314,3.13
76,315,4.55
76,316,2.27
76,317,7.14
76,318,10
76,319,3.33
76,320,5
76,321,2
76,322,5.56
76,323,2.63
76,324,5.56
76,325,8.33
76,326,2.38
76,327,2.38
76,328,2.17
76,329,5
76,330,6.25
76,331,2.63
76,332,7.14
76,333,5
76,334,2
76,335,2.94
76,336,3.85
76,337,3.85
76,338,2.78
76,339,3.85
76,340,2.27
76,341,3.13
76,342,3.57
76,343,3.13
76,344,2.27
76,345,4.55
76,346,8.33
76,347,2
76,348,4.17
76,349,2.78
76,350,2
76,351,2.63
76,352,3.13
76,353,2.5
76,354,6.25
76,355,2.5
76,356,2.17
76,357,2.94
76,358,10
76,359,2.27
76,360,2.63
76,361,3.57
76,362,8.33
76,363,2.17
76,364,2.78
76,365,2.17
76,366,2.5
76,367,4.17
76,368,3.13
76,369,6.25
76,370,2.94
76,371,2.78
76,372,7.14
76,373,10
76,374,3.33
76,375,2.08
76,376,6.25
76,377,2.38
76,378,10
76,379,3.33
76,380,3.13
76,381,3.85
76,382,5.56
76,383,2.94
76,384,6.25
76,385,3.57
76,386,7.14
76,387,2.27
76,388,2.78
76,389,3.57
76,390,2
76,391,5
76,392,2.38
76,393,2.63
76,394,2.63
76,395,3.57
76,396,4.17
76,397,3.57
76,398,2.63
76,399,10
76,400,2.5
76,401,2.27
76,402,2.5
76,403,2
76,404,6.25
76,405,2
76,406,6.25
76,407,3.33
76,408,10
76,409,2.08
76,410,2.78
76,411,4.17
76,412,3.13
76,413,2.63
76,414,2.17
76,415,3.13
76,416,3.33
76,417,2.63
76,418,2.78
76,419,7.14
76,420,7.14
76,421,2
76,422,2.5
76,423,4.55
76,424,6.25
76,425,2.17
76,426,4.17
76,427,5
76,428,2.94
76,429,5.56
76,430,4.17
76,431,7.14
76,432,2.08
76,433,3.85
76,434,2.27
76,435,2.63
76,436,3.33
76,437,10
76,438,7.14
76,439,8.33
76,440,8.33
76,441,10
76,442,3.57
76,443,3.13
76,444,6.25
76,445,2
76,446,2
76,447,2.63
76,448,4.17
76,449,10
76,450,5
76,451,3.57
76,452,2.5
76,453,2.17
76,454,3.57
76,455,5.56
76,456,2
76,457,5
76,458,4.55
76,459,2.17
76,460,2.5
76,461,4.55
76,462,3.33
76,463,2.27
76,464,3.85
76,465,10
76,466,10
76,467,2.17
76,468,5.56
76,469,3.33
76,470,2.17
76,471,2.94
76,472,2.27
76,473,2
76,474,2.78
76,475,2.38
76,476,2.63
76,477,7.14
76,478,2.78
76,479,2.27
76,480,8.33
76,481,2.94
76,482,4.55
76,483,10
76,484,2.63
76,485,4.55
76,486,3.13
76,487,2
76,488,5
76,489,8.33
76,490,4.55
76,491,2.08
76,492,3.57
76,493,2.78
76,494,7.14
76,495,4.17
76,496,4.17
76,497,2.78
76,498,2.08
76,499,2.17
76,500,5.56
77,1,2.17
77,2,2.5
77,3,6.25
77,4,7.14
77,5,2.27
77,6,2.38
77,7,2.08
77,8,2.17
77,9,3.13
77,10,5
77,11,3.57
77,12,10
77,13,8.33
77,14,2.78
77,15,2.78
77,16,2.17
77,17,3.13
77,18,2.08
77,19,2.94
77,20,2.38
77,21,2.08
77,22,4.17
77,23,2.38
77,24,4.17
77,25,3.85
77,26,10
77,27,5
77,28,2.63
77,29,2.94
77,30,2.08
77,31,3.57
77,32,7.14
77,33,3.85
77,34,3.33
77,35,2.63
77,36,3.33
77,37,2.08
77,38,4.55
77,39,2
77,40,6.25
77,41,7.14
77,42,4.55
77,43,6.25
77,44,7.14
77,45,5.56
77,46,2.38
77,47,3.85
77,48,3.85
77,49,2.78
77,50,7.14
77,51,4.55
77,52,2.5
77,53,5.56
77,54,5.56
77,55,3.85
77,56,2.63
77,57,2.08
77,58,5
77,59,2.17
77,60,2.94
77,61,2.17
77,62,2.27
77,63,6.25
77,64,5
77,65,2.5
77,66,3.33
77,67,5.56
77,68,2.63
77,69,3.33
77,70,2.94
77,71,2.17
77,72,10
77,73,3.13
77,74,3.57
77,75,8.33
77,76,3.13
77,77,4.17
77,78,2.63
77,79,2.78
77,80,2.63
77,81,2
77,82,3.85
77,83,8.33
77,84,5
77,85,5
77,86,2
77,87,2
77,88,2.17
77,89,7.14
77,90,4.55
77,91,5.56
77,92,3.13
77,93,5
77,94,10
77,95,2.63
77,96,2.5
77,97,2.78
77,98,3.85
77,99,2.78
77,100,2.94
77,101,2.63
77,102,2.38
77,103,2.63
77,104,3.33
77,105,3.33
77,106,2.38
77,107,2.08
77,108,10
77,109,3.13
77,110,2.94
77,111,2.17
77,112,2.5
77,113,5.56
77,114,2.94
77,115,3.85
77,116,8.33
77,117,3.33
77,118,5.56
77,119,3.13
77,120,2.78
77,121,2.17
77,122,5.56
77,123,2.94
77,124,6.25
77,125,5.56
77,126,3.33
77,127,4.55
77,128,3.33
77,129,5
77,130,3.57
77,131,2.78
77,132,3.57
77,133,3.33
77,134,2.38
77,135,3.85
77,136,4.55
77,137,2
77,138,10
77,139,2.94
77,140,4.55
77,141,4.55
77,142,3.13
77,143,3.85
77,144,2.17
77,145,2.27
77,146,2.08
77,147,2.38
77,148,3.33
77,149,3.85
77,150,5.56
77,151,6.25
77,152,2.17
77,153,2.94
77,154,2.38
77,155,10
77,156,5.56
77,157,2.63
77,158,5
77,159,2.63
77,160,6.25
77,161,3.33
77,162,2.94
77,163,2.08
77,164,2.17
77,165,2.94
77,166,3.85
77,167,5
77,168,2.63
77,169,2
77,170,7.14
77,171,8.33
77,172,2.08
77,173,6.25
77,174,5
77,175,2.78
77,176,2.27
77,177,3.13
77,178,4.55
77,179,3.57
77,180,5.56
77,181,2
77,182,2.27
77,183,2.08
77,184,2.78
77,185,8.33
77,186,2.08
77,187,3.57
77,188,2
77,189,2.94
77,190,4.55
77,191,2.63
77,192,7.14
77,193,8.33
77,194,2.08
77,195,2.08
77,196,8.33
77,197,4.17
77,198,2
77,199,2.17
77,200,2.27
77,201,10
77,202,2.94
77,203,4.55
77,204,3.13
77,205,3.13
77,206,5.56
77,207,2.63
77,208,10
77,209,2.27
77,210,2.63
77,211,2.5
77,212,8.33
77,213,3.33
77,214,2.5
77,215,3.33
77,216,3.85
77,217,7.14
77,218,4.17
77,219,7.14
77,220,7.14
77,221,5.56
77,222,2.17
77,223,4.55
77,224,3.85
77,225,2
77,226,2.27
77,227,5
77,228,4.55
77,229,2
77,230,3.33
77,231,7.14
77,232,2.94
77,233,2.78
77,234,2.38
77,235,2.27
77,236,4.55
77,237,2.38
77,238,2.94
77,239,2.94
77,240,3.13
77,241,3.57
77,242,8.33
77,243,2.5
77,244,2.38
77,245,3.13
77,246,3.57
77,247,2.27
77,248,3.13
77,249,2.38
77,250,3.85
77,251,2.27
77,252,4.17
77,253,3.13
77,254,3.85
77,255,2.5
77,256,2.17
77,257,3.57
77,258,2.38
77,259,2.38
77,260,2.27
77,261,2
77,262,3.13
77,263,3.13
77,264,3.33
77,265,3.13
77,266,7.14
77,267,2.27
77,268,3.85
77,269,3.33
77,270,2.27
77,271,2.78
77,272,2.27
77,273,2.63
77,274,2.08
77,275,5
77,276,3.85
77,277,3.57
77,278,5.56
77,279,2.5
77,280,2.17
77,281,2.38
77,282,8.33
77,283,2.94
77,284,3.85
77,285,4.17
77,286,7.14
77,287,3.85
77,288,2.17
77,289,2.5
77,290,4.17
77,291,6.25
77,292,2.5
77,293,4.55
77,294,10
77,295,3.33
77,296,3.33
77,297,10
77,298,7.14
77,299,3.57
77,300,3.57
77,301,4.55
77,302,3.13
77,303,6.25
77,304,6.25
77,305,3.33
77,306,2
77,307,10
77,308,5.56
77,309,3.85
77,310,5
77,311,2.5
77,312,2.38
77,313,10
77,314,2.08
77,315,4.55
77,316,3.57
77,317,8.33
77,318,5
77,319,2.38
77,320,4.17
77,321,7.14
77,322,5.56
77,323,6.25
77,324,2.78
77,325,4.17
77,326,2.27
77,327,2.5
77,328,3.85
77,329,3.85
77,330,4.55
77,331,3.57
77,332,7.14
77,333,3.33
77,334,4.17
77,335,4.55
77,336,6.25
77,337,4.17
77,338,10
77,339,2.5
77,340,8.33
77,341,5
77,342,3.57
77,343,2.08
77,344,2.94
77,345,5.56
77,346,5
77,347,8.33
77,348,2.94
77,349,2.27
77,350,2.27
77,351,5
77,352,10
77,353,4.55
77,354,2.08
77,355,2.17
77,356,7.14
77,357,2.08
77,358,4.55
77,359,2.27
77,360,2.63
77,361,3.13
77,362,5.56
77,363,4.17
77,364,3.33
77,365,4.55
77,366,2.5
77,367,4.55
77,368,7.14
77,369,2
77,370,3.85
77,371,2.63
77,372,4.17
77,373,10
77,374,2.08
77,375,2.63
77,376,3.57
77,377,2.5
77,378,6.25
77,379,2.17
77,380,4.17
77,381,5.56
77,382,2.27
77,383,2.38
77,384,2.17
77,385,4.17
77,386,10
77,387,5
77,388,3.57
77,389,3.85
77,390,8.33
77,391,4.55
77,392,10
77,393,3.33
77,394,2.38
77,395,4.55
77,396,10
77,397,7.14
77,398,7.14
77,399,2.63
77,400,2.78
77,401,5
77,402,3.85
77,403,2
77,404,6.25
77,405,10
77,406,2.94
77,407,5.56
77,408,7.14
77,409,2.38
77,410,5
77,411,10
77,412,2.17
77,413,2
77,414,6.25
77,415,10
77,416,4.55
77,417,2.27
77,418,2.63
77,419,3.57
77,420,2.63
77,421,2.5
77,422,2.38
77,423,2.27
77,424,2.78
77,425,10
77,426,4.55
77,427,2.78
77,428,4.55
77,429,8.33
77,430,5
77,431,6.25
77,432,2
77,433,2.63
77,434,2.17
77,435,2.08
77,436,4.55
77,437,3.85
77,438,2.5
77,439,2.08
77,440,2.27
77,441,2.17
77,442,3.33
77,443,7.14
77,444,5
77,445,8.33
77,446,2.63
77,447,4.17
77,448,3.33
77,449,2.63
77,450,3.85
77,451,2.17
77,452,2.78
77,453,2.08
77,454,3.13
77,455,6.25
77,456,2.78
77,457,6.25
77,458,2
77,459,5
77,460,3.13
77,461,4.17
77,462,2
77,463,2.63
77,464,2.78
77,465,2.17
77,466,4.55
77,467,2
77,468,6.25
77,469,8.33
77,470,2
77,471,2.5
77,472,2.08
77,473,2.94
77,474,8.33
77,475,2
77,476,8.33
77,477,2.63
77,478,8.33
77,479,2.78
77,480,2.78
77,481,4.17
77,482,2
77,483,8.33
77,484,2.17
77,485,2
77,486,3.33
77,487,2.5
77,488,5.56
77,489,2.63
77,490,2.63
77,491,2.17
77,492,2.78
77,493,4.55
77,494,8.33
77,495,3.13
77,496,4.55
77,497,5
77,498,4.17
77,499,5
77,500,2.5
78,1,4.55
78,2,2.27
78,3,5.56
78,4,10
78,5,8.33
78,6,3.85
78,7,2.63
78,8,2.17
78,9,2.17
78,10,2.17
78,11,7.14
78,12,2.17
78,13,6.25
78,14,3.57
78,15,3.33
78,16,2.5
78,17,3.13
78,18,2.27
78,19,2.27
78,20,6.25
78,21,3.13
78,22,2.38
78,23,5.56
78,24,3.57
78,25,2.78
78,26,2.08
78,27,3.85
78,28,3.13
78,29,2
78,30,2.63
78,31,2.38
78,32,2.94
78,33,3.13
78,34,2.17
78,35,2.38
78,36,2.08
78,37,5
78,38,5.56
78,39,2.08
78,40,2.63
78,41,2.27
78,42,7.14
78,43,2.5
78,44,4.55
78,45,2.08
78,46,5.56
78,47,3.85
78,48,8.33
78,49,7.14
78,50,10
78,51,3.57
78,52,3.33
78,53,2.78
78,54,2.78
78,55,2.27
78,56,5
78,57,2.17
78,58,5.56
78,59,3.13
78,60,2.17
78,61,2.08
78,62,7.14
78,63,3.33
78,64,5
78,65,2.38
78,66,2
78,67,2.38
78,68,8.33
78,69,2.17
78,70,2.17
78,71,5
78,72,3.85
78,73,10
78,74,2.5
78,75,3.85
78,76,3.33
78,77,3.33
78,78,2.08
78,79,3.13
78,80,2.38
78,81,2.08
78,82,2.63
78,83,2.78
78,84,4.17
78,85,3.85
78,86,7.14
78,87,2.5
78,88,3.13
78,89,2.94
78,90,10
78,91,6.25
78,92,7.14
78,93,10
78,94,5.56
78,95,10
78,96,2.94
78,97,6.25
78,98,2.63
78,99,2
78,100,2.27
78,101,5.56
78,102,3.85
78,103,5
78,104,5.56
78,105,10
78,106,2.5
78,107,8.33
78,108,5.56
78,109,2.08
78,110,6.25
78,111,2.5
78,112,6.25
78,113,3.85
78,114,5
78,115,2.5
78,116,4.55
78,117,3.85
78,118,7.14
78,119,3.57
78,120,7.14
78,121,2.27
78,122,2.17
78,123,3.85
78,124,5
78,125,4.55
78,126,2.08
78,127,2.08
78,128,2.27
78,129,2.5
78,130,2.27
78,131,3.13
78,132,5
78,133,7.14
78,134,2.78
78,135,2.38
78,136,2.94
78,137,3.85
78,138,10
78,139,2
78,140,2.94
78,141,10
78,142,2.17
78,143,2.63
78,144,10
78,145,4.55
78,146,6.25
78,147,2.08
78,148,3.13
78,149,2.78
78,150,2
78,151,2.78
78,152,6.25
78,153,3.85
78,154,10
78,155,2.38
78,156,3.13
78,157,3.13
78,158,6.25
78,159,3.13
78,160,2.5
78,161,2.17
78,162,3.85
78,163,10
78,164,4.17
78,165,6.25
78,166,8.33
78,167,4.55
78,168,2
78,169,3.57
78,170,7.14
78,171,5.56
78,172,8.33
78,173,3.13
78,174,2.08
78,175,5.56
78,176,7.14
78,177,2.78
78,178,10
78,179,2.78
78,180,5
78,181,3.13
78,182,5
78,183,2.27
78,184,2.63
78,185,2.5
78,186,6.25
78,187,2.94
78,188,3.85
78,189,2.38
78,190,2
78,191,7.14
78,192,2.27
78,193,5.56
78,194,2.27
78,195,5.56
78,196,3.33
78,197,8.33
78,198,3.85
78,199,2.5
78,200,7.14
78,201,2.08
78,202,2.27
78,203,5.56
78,204,3.85
78,205,2.63
78,206,6.25
78,207,5.56
78,208,2.08
78,209,3.85
78,210,2.27
78,211,4.17
78,212,4.55
78,213,3.85
78,214,2
78,215,5
78,216,3.85
78,217,6.25
78,218,3.33
78,219,3.33
78,220,3.85
78,221,2.78
78,222,2.63
78,223,4.55
78,224,8.33
78,225,2.94
78,226,2
78,227,3.57
78,228,2.63
78,229,4.17
78,230,5.56
78,231,3.57
78,232,8.33
78,233,3.85
78,234,2.38
78,235,2.38
78,236,4.55
78,237,4.55
78,238,3.13
78,239,5.56
78,240,2.17
78,241,6.25
78,242,2.94
78,243,8.33
78,244,2.17
78,245,2.17
78,246,2.17
78,247,3.85
78,248,8.33
78,249,3.13
78,250,2.63
78,251,2.08
78,252,3.85
78,253,2.38
78,254,3.85
78,255,2.17
78,256,5.56
78,257,4.17
78,258,4.17
78,259,2.08
78,260,2
78,261,2.78
78,262,5
78,263,6.25
78,264,5
78,265,2.17
78,266,2.08
78,267,3.57
78,268,4.55
78,269,5
78,270,2.08
78,271,2.63
78,272,2.27
78,273,2.38
78,274,3.33
78,275,5.56
78,276,2.08
78,277,8.33
78,278,2.5
78,279,3.33
78,280,5.56
78,281,2.17
78,282,6.25
78,283,2.38
78,284,2.78
78,285,5.56
78,286,3.33
78,287,2.5
78,288,3.57
78,289,2.17
78,290,10
78,291,2.17
78,292,7.14
78,293,2
78,294,2.17
78,295,7.14
78,296,2.94
78,297,3.13
78,298,3.13
78,299,4.17
78,300,4.55
78,301,4.55
78,302,2.94
78,303,3.57
78,304,2.27
78,305,6.25
78,306,7.14
78,307,2.78
78,308,2.94
78,309,3.57
78,310,4.17
78,311,7.14
78,312,6.25
78,313,2.17
78,314,4.17
78,315,4.55
78,316,3.57
78,317,2.63
78,318,2.27
78,319,3.33
78,320,2.38
78,321,2.08
78,322,3.13
78,323,3.33
78,324,2
78,325,2.63
78,326,2.27
78,327,2.27
78,328,7.14
78,329,2.63
78,330,2.27
78,331,2.38
78,332,2.94
78,333,7.14
78,334,4.55
78,335,2.17
78,336,5.56
78,337,2.17
78,338,5.56
78,339,2.27
78,340,5.56
78,341,2.38
78,342,2.27
78,343,7.14
78,344,2
78,345,10
78,346,2.27
78,347,2
78,348,2.5
78,349,2.63
78,350,2
78,351,2.94
78,352,6.25
78,353,2.94
78,354,8.33
78,355,3.85
78,356,4.17
78,357,7.14
78,358,8.33
78,359,4.55
78,360,2.17
78,361,2.78
78,362,2.5
78,363,5.56
78,364,5
78,365,2.78
78,366,3.33
78,367,2.5
78,368,2
78,369,3.33
78,370,3.33
78,371,8.33
78,372,3.85
78,373,2.17
78,374,5
78,375,2.17
78,376,3.85
78,377,3.13
78,378,6.25
78,379,2.5
78,380,2.94
78,381,2.17
78,382,2.94
78,383,8.33
78,384,2.63
78,385,5.56
78,386,4.55
78,387,2.94
78,388,2.63
78,389,8.33
78,390,3.85
78,391,4.17
78,392,2.94
78,393,2.17
78,394,3.57
78,395,2.27
78,396,2.94
78,397,3.33
78,398,2.94
78,399,2
78,400,2.27
78,401,2
78,402,2.38
78,403,2.27
78,404,4.55
78,405,2.27
78,406,3.13
78,407,7.14
78,408,5
78,409,2.38
78,410,2.63
78,411,5
78,412,4.55
78,413,2.5
78,414,3.33
78,415,4.17
78,416,10
78,417,5.56
78,418,2.5
78,419,4.55
78,420,5
78,421,2.38
78,422,2
78,423,2.38
78,424,2.08
78,425,4.55
78,426,6.25
78,427,3.85
78,428,3.33
78,429,3.13
78,430,4.55
78,431,8.33
78,432,5.56
78,433,2.08
78,434,2.5
78,435,8.33
78,436,2.78
78,437,8.33
78,438,2.78
78,439,2.17
78,440,5
78,441,2.78
78,442,4.17
78,443,6.25
78,444,4.55
78,445,5
78,446,2.38
78,447,2.38
78,448,2.17
78,449,2.27
78,450,2.94
78,451,3.33
78,452,3.85
78,453,2.38
78,454,8.33
78,455,4.55
78,456,2.27
78,457,8.33
78,458,3.85
78,459,4.55
78,460,4.55
78,461,2.63
78,462,3.57
78,463,2.5
78,464,2.17
78,465,2.94
78,466,6.25
78,467,10
78,468,5.56
78,469,6.25
78,470,5
78,471,2.08
78,472,2.08
78,473,4.55
78,474,3.57
78,475,2.63
78,476,5.56
78,477,3.33
78,478,2.63
78,479,2.5
78,480,2.5
78,481,6.25
78,482,3.33
78,483,10
78,484,2.78
78,485,2.78
78,486,8.33
78,487,5.56
78,488,2.78
78,489,2.38
78,490,2.63
78,491,2
78,492,2.08
78,493,5
78,494,3.85
78,495,5
78,496,5
78,497,3.57
78,498,2.17
78,499,2.08
78,500,4.55
79,1,4.55
79,2,2.63
79,3,6.25
79,4,2
79,5,5
79,6,5
79,7,5
79,8,2.94
79,9,2.08
79,10,2.63
79,11,2.38
79,12,2.94
79,13,3.85
79,14,2.78
79,15,2.08
79,16,3.33
79,17,2.38
79,18,7.14
79,19,8.33
79,20,3.85
79,21,3.13
79,22,5
79,23,2.94
79,24,2.63
79,25,2.08
79,26,8.33
79,27,2.38
79,28,8.33
79,29,3.57
79,30,5.56
79,31,4.55
79,32,7.14
79,33,2.94
79,34,7.14
79,35,5
79,36,2
79,37,2.38
79,38,3.33
79,39,6.25
79,40,2.5
79,41,3.85
79,42,2.38
79,43,2.27
79,44,2.17
79,45,6.25
79,46,2
79,47,3.85
79,48,6.25
79,49,3.57
79,50,6.25
79,51,2
79,52,3.33
79,53,2.08
79,54,2.63
79,55,4.55
79,56,2.38
79,57,5
79,58,6.25
79,59,3.33
79,60,3.57
79,61,2.78
79,62,3.85
79,63,2.08
79,64,8.33
79,65,2.63
79,66,3.57
79,67,10
79,68,2.27
79,69,2.17
79,70,2.78
79,71,3.57
79,72,3.33
79,73,4.55
79,74,7.14
79,75,3.85
79,76,3.85
79,77,3.33
79,78,5
79,79,2.08
79,80,2.63
79,81,2.94
79,82,3.33
79,83,7.14
79,84,8.33
79,85,3.13
79,86,4.17
79,87,2
79,88,3.57
79,89,2.17
79,90,5.56
79,91,10
79,92,8.33
79,93,7.14
79,94,5
79,95,7.14
79,96,3.57
79,97,2.5
79,98,4.17
79,99,2.5
79,100,2.17
79,101,4.55
79,102,2.17
79,103,2.38
79,104,3.57
79,105,7.14
79,106,2.08
79,107,2.5
79,108,4.17
79,109,3.33
79,110,3.57
79,111,2.38
79,112,2.17
79,113,6.25
79,114,2
79,115,2.17
79,116,2.63
79,117,2.94
79,118,2.78
79,119,2.63
79,120,5.56
79,121,2.38
79,122,2.17
79,123,3.85
79,124,3.57
79,125,10
79,126,2.94
79,127,4.17
79,128,6.25
79,129,2.08
79,130,3.33
79,131,7.14
79,132,2.5
79,133,2.38
79,134,4.17
79,135,5.56
79,136,2
79,137,2.63
79,138,2.38
79,139,2.17
79,140,10
79,141,8.33
79,142,5
79,143,2.78
79,144,3.33
79,145,7.14
79,146,2
79,147,4.17
79,148,4.55
79,149,10
79,150,4.55
79,151,8.33
79,152,2.94
79,153,2.94
79,154,2.94
79,155,8.33
79,156,2.38
79,157,8.33
79,158,2.94
79,159,5
79,160,2.17
79,161,2.5
79,162,10
79,163,3.13
79,164,2.94
79,165,2.38
79,166,10
79,167,7.14
79,168,2.08
79,169,3.85
79,170,2.08
79,171,4.17
79,172,2.63
79,173,10
79,174,2
79,175,3.57
79,176,2.78
79,177,2
79,178,3.13
79,179,6.25
79,180,2.27
79,181,7.14
79,182,10
79,183,8.33
79,184,2.17
79,185,3.13
79,186,2.5
79,187,2.08
79,188,3.13
79,189,5.56
79,190,3.33
79,191,4.55
79,192,4.17
79,193,2
79,194,3.13
79,195,6.25
79,196,3.13
79,197,6.25
79,198,8.33
79,199,2.38
79,200,2.17
79,201,2.5
79,202,6.25
79,203,2.17
79,204,3.33
79,205,2.63
79,206,4.17
79,207,4.17
79,208,2.27
79,209,3.13
79,210,7.14
79,211,3.13
79,212,5
79,213,2.5
79,214,6.25
79,215,4.17
79,216,8.33
79,217,2.78
79,218,8.33
79,219,2.94
79,220,4.17
79,221,5
79,222,4.55
79,223,2.17
79,224,3.85
79,225,2.63
79,226,2.08
79,227,3.57
79,228,2.17
79,229,4.17
79,230,10
79,231,2
79,232,3.57
79,233,2.63
79,234,3.57
79,235,6.25
79,236,2.63
79,237,3.85
79,238,2.27
79,239,2.38
79,240,2.5
79,241,3.85
79,242,3.33
79,243,5
79,244,4.17
79,245,2.5
79,246,10
79,247,4.17
79,248,2.63
79,249,10
79,250,2.17
79,251,2
79,252,5.56
79,253,10
79,254,3.57
79,255,2.38
79,256,2.38
79,257,6.25
79,258,2.27
79,259,2.94
79,260,2.17
79,261,8.33
79,262,2.38
79,263,2.27
79,264,3.85
79,265,2
79,266,2.27
79,267,5.56
79,268,2.78
79,269,2
79,270,2.94
79,271,2.08
79,272,5.56
79,273,2.5
79,274,2.78
79,275,5.56
79,276,10
79,277,2.5
79,278,4.17
79,279,4.55
79,280,2
79,281,10
79,282,5.56
79,283,2.27
79,284,2
79,285,2
79,286,4.17
79,287,3.13
79,288,10
79,289,2.38
79,290,2.63
79,291,2.27
79,292,10
79,293,2.27
79,294,10
79,295,4.55
79,296,3.85
79,297,4.17
79,298,7.14
79,299,3.85
79,300,5
79,301,2.38
79,302,2.94
79,303,2.5
79,304,6.25
79,305,3.57
79,306,10
79,307,2
79,308,2.17
79,309,2.78
79,310,2.5
79,311,6.25
79,312,5
79,313,2.17
79,314,4.17
79,315,3.85
79,316,2.5
79,317,3.13
79,318,4.17
79,319,2.17
79,320,2.94
79,321,3.57
79,322,2.27
79,323,5
79,324,2.27
79,325,2.17
79,326,4.17
79,327,2.38
79,328,2.38
79,329,3.57
79,330,5.56
79,331,2.78
79,332,2.27
79,333,4.17
79,334,3.57
79,335,2.38
79,336,2.94
79,337,2.38
79,338,5.56
79,339,8.33
79,340,2.27
79,341,2.17
79,342,2.78
79,343,2.78
79,344,2
79,345,3.57
79,346,6.25
79,347,3.57
79,348,3.33
79,349,3.85
79,350,8.33
79,351,7.14
79,352,2.94
79,353,2.63
79,354,6.25
79,355,2
79,356,4.55
79,357,8.33
79,358,3.33
79,359,2.08
79,360,3.85
79,361,2.27
79,362,7.14
79,363,2.08
79,364,2.38
79,365,8.33
79,366,2.5
79,367,3.57
79,368,10
79,369,6.25
79,370,4.17
79,371,2.94
79,372,6.25
79,373,2.63
79,374,2.27
79,375,3.57
79,376,2
79,377,3.33
79,378,2.38
79,379,2.27
79,380,10
79,381,2.17
79,382,7.14
79,383,5
79,384,2.17
79,385,7.14
79,386,3.85
79,387,7.14
79,388,2.94
79,389,2.38
79,390,2.08
79,391,2.38
79,392,3.33
79,393,2.78
79,394,2
79,395,7.14
79,396,2.94
79,397,4.17
79,398,3.13
79,399,4.55
79,400,2.17
79,401,2.63
79,402,5
79,403,2.17
79,404,2.27
79,405,7.14
79,406,4.55
79,407,3.85
79,408,2.94
79,409,5.56
79,410,3.85
79,411,2.78
79,412,2
79,413,8.33
79,414,5.56
79,415,2.38
79,416,10
79,417,4.55
79,418,6.25
79,419,5.56
79,420,2
79,421,5.56
79,422,2.17
79,423,3.85
79,424,2.78
79,425,5.56
79,426,2.08
79,427,3.33
79,428,3.57
79,429,3.57
79,430,2.17
79,431,10
79,432,3.13
79,433,2.38
79,434,7.14
79,435,3.57
79,436,2.17
79,437,6.25
79,438,2.08
79,439,2.78
79,440,3.33
79,441,2.38
79,442,2.17
79,443,2.63
79,444,4.17
79,445,2.5
79,446,5.56
79,447,3.57
79,448,2.17
79,449,4.17
79,450,3.85
79,451,6.25
79,452,2.5
79,453,8.33
79,454,2.94
79,455,3.57
79,456,7.14
79,457,2.08
79,458,2.63
79,459,4.17
79,460,5.56
79,461,2.38
79,462,3.57
79,463,2.08
79,464,3.57
79,465,2.27
79,466,10
79,467,4.17
79,468,2.27
79,469,2.27
79,470,2.63
79,471,3.57
79,472,2.17
79,473,3.57
79,474,4.55
79,475,3.85
79,476,2.27
79,477,4.55
79,478,6.25
79,479,2.27
79,480,2.5
79,481,2.08
79,482,8.33
79,483,2
79,484,2
79,485,3.57
79,486,2.78
79,487,3.57
79,488,10
79,489,7.14
79,490,2.17
79,491,8.33
79,492,4.55
79,493,3.57
79,494,10
79,495,10
79,496,2.08
79,497,4.55
79,498,3.85
79,499,2.17
79,500,2
80,1,4.55
80,2,2.5
80,3,2.27
80,4,7.14
80,5,2
80,6,7.14
80,7,4.17
80,8,2
80,9,5
80,10,2.27
80,11,5.56
80,12,3.13
80,13,2
80,14,5
80,15,8.33
80,16,3.57
80,17,2.08
80,18,5
80,19,5.56
80,20,3.13
80,21,3.13
80,22,3.85
80,23,3.85
80,24,2.38
80,25,2.94
80,26,7.14
80,27,4.55
80,28,6.25
80,29,4.17
80,30,8.33
80,31,2.5
80,32,3.13
80,33,7.14
80,34,2.5
80,35,2.08
80,36,2.5
80,37,2.63
80,38,4.55
80,39,7.14
80,40,2.27
80,41,2.08
80,42,2.27
80,43,2.27
80,44,3.33
80,45,2
80,46,3.33
80,47,6.25
80,48,8.33
80,49,4.17
80,50,7.14
80,51,4.55
80,52,3.85
80,53,2
80,54,3.57
80,55,2.08
80,56,2.63
80,57,6.25
80,58,6.25
80,59,5.56
80,60,7.14
80,61,2
80,62,4.17
80,63,5.56
80,64,7.14
80,65,2.94
80,66,4.55
80,67,2.27
80,68,3.13
80,69,5.56
80,70,3.85
80,71,2.78
80,72,4.55
80,73,2.17
80,74,4.55
80,75,7.14
80,76,2.78
80,77,2.94
80,78,2.78
80,79,2.63
80,80,2.78
80,81,2.27
80,82,5
80,83,3.33
80,84,2.63
80,85,2.5
80,86,3.33
80,87,2.38
80,88,3.85
80,89,2.5
80,90,2.94
80,91,5
80,92,3.85
80,93,2.78
80,94,2.78
80,95,3.57
80,96,3.33
80,97,3.85
80,98,2.94
80,99,7.14
80,100,2
80,101,2.94
80,102,10
80,103,2.17
80,104,7.14
80,105,2.94
80,106,6.25
80,107,7.14
80,108,5
80,109,5.56
80,110,6.25
80,111,4.17
80,112,2.27
80,113,2.5
80,114,10
80,115,3.13
80,116,5
80,117,4.17
80,118,8.33
80,119,2.94
80,120,6.25
80,121,5
80,122,3.57
80,123,3.57
80,124,2.38
80,125,4.17
80,126,2.5
80,127,2.63
80,128,2.63
80,129,8.33
80,130,8.33
80,131,10
80,132,2
80,133,2.38
80,134,4.17
80,135,6.25
80,136,2.17
80,137,8.33
80,138,2.63
80,139,2.5
80,140,3.13
80,141,2.63
80,142,5
80,143,5.56
80,144,4.55
80,145,2.38
80,146,2.63
80,147,4.55
80,148,2.38
80,149,5
80,150,2.08
80,151,6.25
80,152,2.17
80,153,3.33
80,154,3.13
80,155,2.08
80,156,2.94
80,157,3.13
80,158,2.78
80,159,2.17
80,160,2.27
80,161,2.38
80,162,5
80,163,6.25
80,164,8.33
80,165,2.17
80,166,3.33
80,167,6.25
80,168,7.14
80,169,5.56
80,170,5
80,171,2.5
80,172,5.56
80,173,7.14
80,174,4.17
80,175,2.08
80,176,2.27
80,177,4.17
80,178,3.57
80,179,2.94
80,180,3.85
80,181,2.78
80,182,5.56
80,183,2.5
80,184,5.56
80,185,4.17
80,186,6.25
80,187,2.5
80,188,7.14
80,189,2.94
80,190,2.78
80,191,2.17
80,192,2.5
80,193,2.94
80,194,2.38
80,195,3.85
80,196,10
80,197,3.57
80,198,2.94
80,199,2.27
80,200,5.56
80,201,2
80,202,2.08
80,203,7.14
80,204,3.57
80,205,2.5
80,206,5.56
80,207,2.63
80,208,2.5
80,209,2.63
80,210,5.56
80,211,2.27
80,212,8.33
80,213,2
80,214,5.56
80,215,2.17
80,216,2.63
80,217,7.14
80,218,2.5
80,219,7.14
80,220,8.33
80,221,2.63
80,222,2.5
80,223,3.85
80,224,5
80,225,4.55
80,226,3.33
80,227,5
80,228,2.5
80,229,2.5
80,230,6.25
80,231,2
80,232,6.25
80,233,6.25
80,234,3.85
80,235,2.08
80,236,4.55
80,237,2.27
80,238,2.63
80,239,2
80,240,6.25
80,241,4.55
80,242,2.27
80,243,2
80,244,8.33
80,245,7.14
80,246,2.27
80,247,2.27
80,248,6.25
80,249,7.14
80,250,4.55
80,251,3.85
80,252,2.17
80,253,7.14
80,254,10
80,255,3.33
80,256,3.13
80,257,2.08
80,258,2.78
80,259,2.94
80,260,2.5
80,261,2.63
80,262,10
80,263,2.63
80,264,2.38
80,265,4.17
80,266,3.13
80,267,4.17
80,268,2.08
80,269,3.13
80,270,2.94
80,271,8.33
80,272,2.17
80,273,2.94
80,274,2.63
80,275,2.38
80,276,3.85
80,277,2
80,278,4.55
80,279,4.55
80,280,4.17
80,281,2
80,282,2.63
80,283,3.57
80,284,2
80,285,2.5
80,286,7.14
80,287,4.17
80,288,8.33
80,289,3.13
80,290,2.17
80,291,3.33
80,292,2.38
80,293,5.56
80,294,2.5
80,295,2.5
80,296,7.14
80,297,5.56
80,298,5
80,299,2
80,300,2.38
80,301,7.14
80,302,3.57
80,303,5
80,304,6.25
80,305,2.08
80,306,2.78
80,307,2.17
80,308,10
80,309,2.63
80,310,2.38
80,311,2.5
80,312,2.94
80,313,4.17
80,314,3.13
80,315,6.25
80,316,10
80,317,3.57
80,318,2.17
80,319,2.27
80,320,2.27
80,321,2.94
80,322,2.38
80,323,2.63
80,324,2.94
80,325,2.94
80,326,2.17
80,327,3.13
80,328,5.56
80,329,2.17
80,330,2.08
80,331,2.27
80,332,4.55
80,333,2.17
80,334,2.5
80,335,2
80,336,2.78
80,337,2.63
80,338,5
80,339,2.94
80,340,2.17
80,341,3.13
80,342,2.94
80,343,2.63
80,344,4.17
80,345,6.25
80,346,7.14
80,347,2.63
80,348,2.78
80,349,2.78
80,350,4.17
80,351,2
80,352,3.13
80,353,2.78
80,354,2.27
80,355,3.57
80,356,2.94
80,357,10
80,358,10
80,359,3.57
80,360,2.63
80,361,2.17
80,362,5.56
80,363,10
80,364,10
80,365,2.08
80,366,3.57
80,367,5
80,368,3.57
80,369,2.94
80,370,5.56
80,371,5
80,372,6.25
80,373,8.33
80,374,3.13
80,375,6.25
80,376,3.13
80,377,2.38
80,378,6.25
80,379,3.13
80,380,2.17
80,381,4.17
80,382,6.25
80,383,6.25
80,384,2.08
80,385,3.13
80,386,2.78
80,387,2.94
80,388,5
80,389,3.33
80,390,3.13
80,391,2.38
80,392,4.17
80,393,6.25
80,394,4.55
80,395,2
80,396,4.17
80,397,2.5
80,398,4.55
80,399,2.5
80,400,2.5
80,401,2.27
80,402,2.27
80,403,2.5
80,404,5.56
80,405,4.17
80,406,8.33
80,407,3.33
80,408,5
80,409,4.17
80,410,2.78
80,411,8.33
80,412,10
80,413,2.78
80,414,2.63
80,415,2.38
80,416,3.57
80,417,2
80,418,2.38
80,419,2.17
80,420,2
80,421,2.17
80,422,3.57
80,423,2.63
80,424,2.94
80,425,2.27
80,426,5.56
80,427,3.57
80,428,2.17
80,429,2
80,430,3.13
80,431,2.17
80,432,3.13
80,433,8.33
80,434,2.94
80,435,5
80,436,10
80,437,3.85
80,438,2.63
80,439,2.08
80,440,7.14
80,441,2
80,442,3.57
80,443,4.55
80,444,3.57
80,445,2.5
80,446,2.78
80,447,8.33
80,448,2.27
80,449,2.17
80,450,5
80,451,8.33
80,452,2
80,453,2.5
80,454,3.57
80,455,3.13
80,456,5.56
80,457,2.94
80,458,2.5
80,459,2.78
80,460,3.85
80,461,2.17
80,462,2.63
80,463,10
80,464,2.38
80,465,3.57
80,466,2.27
80,467,3.13
80,468,3.33
80,469,4.55
80,470,6.25
80,471,5.56
80,472,3.13
80,473,2.94
80,474,4.55
80,475,2.27
80,476,3.85
80,477,2.5
80,478,8.33
80,479,6.25
80,480,2.63
80,481,6.25
80,482,6.25
80,483,3.13
80,484,2.17
80,485,3.33
80,486,2.5
80,487,3.33
80,488,4.17
80,489,3.57
80,490,2.94
80,491,2.27
80,492,2.94
80,493,2.94
80,494,3.33
80,495,2.27
80,496,2
80,497,7.14
80,498,2.63
80,499,4.55
80,500,2.08
81,1,5.56
81,2,5
81,3,4.55
81,4,7.14
81,5,4.17
81,6,2.27
81,7,5.56
81,8,2.17
81,9,2.94
81,10,3.85
81,11,8.33
81,12,6.25
81,13,2.63
81,14,4.17
81,15,2.08
81,16,7.14
81,17,4.55
81,18,3.57
81,19,5.56
81,20,3.33
81,21,7.14
81,22,8.33
81,23,8.33
81,24,8.33
81,25,5.56
81,26,10
81,27,2.63
81,28,2.08
81,29,2.38
81,30,2.63
81,31,2.17
81,32,2
81,33,6.25
81,34,5
81,35,7.14
81,36,2.08
81,37,2.17
81,38,10
81,39,3.33
81,40,3.33
81,41,2.17
81,42,2.63
81,43,3.85
81,44,2.63
81,45,2.08
81,46,3.13
81,47,10
81,48,2.08
81,49,5.56
81,50,5
81,51,2
81,52,3.33
81,53,4.17
81,54,2.94
81,55,2.78
81,56,2.17
81,57,5.56
81,58,3.13
81,59,6.25
81,60,2.27
81,61,6.25
81,62,2.17
81,63,3.13
81,64,5
81,65,2.5
81,66,3.85
81,67,7.14
81,68,2.5
81,69,2.38
81,70,7.14
81,71,7.14
81,72,6.25
81,73,2.94
81,74,4.55
81,75,10
81,76,8.33
81,77,2.38
81,78,2.94
81,79,4.17
81,80,2.17
81,81,2.38
81,82,2.94
81,83,6.25
81,84,5
81,85,8.33
81,86,2.17
81,87,5
81,88,3.85
81,89,5
81,90,2
81,91,6.25
81,92,2.63
81,93,2.78
81,94,2.78
81,95,4.55
81,96,2.08
81,97,2
81,98,3.85
81,99,4.17
81,100,2.08
81,101,2.63
81,102,5.56
81,103,5.56
81,104,2.5
81,105,3.13
81,106,3.33
81,107,2.17
81,108,4.55
81,109,3.33
81,110,4.17
81,111,3.33
81,112,4.17
81,113,2.5
81,114,3.13
81,115,2.94
81,116,3.33
81,117,2.78
81,118,4.55
81,119,8.33
81,120,2.17
81,121,5.56
81,122,2.78
81,123,2.78
81,124,8.33
81,125,2.5
81,126,10
81,127,3.13
81,128,2.17
81,129,4.55
81,130,5.56
81,131,4.55
81,132,2.78
81,133,3.13
81,134,2.38
81,135,8.33
81,136,5
81,137,2.5
81,138,8.33
81,139,6.25
81,140,2.38
81,141,3.85
81,142,7.14
81,143,2.08
81,144,2.38
81,145,2.08
81,146,5
81,147,6.25
81,148,5.56
81,149,2.78
81,150,10
81,151,4.55
81,152,2.63
81,153,3.33
81,154,3.57
81,155,6.25
81,156,2.5
81,157,3.85
81,158,2.63
81,159,2.63
81,160,3.13
81,161,2.5
81,162,4.17
81,163,2.27
81,164,2.78
81,165,3.57
81,166,2.27
81,167,8.33
81,168,2.08
81,169,6.25
81,170,5
81,171,3.57
81,172,2.63
81,173,8.33
81,174,3.33
81,175,5
81,176,2.94
81,177,2.94
81,178,2.63
81,179,8.33
81,180,5.56
81,181,3.85
81,182,2.08
81,183,2.5
81,184,2.27
81,185,2.63
81,186,5
81,187,8.33
81,188,3.85
81,189,5.56
81,190,2.5
81,191,3.85
81,192,2.38
81,193,5
81,194,10
81,195,2.5
81,196,2.5
81,197,2.94
81,198,5
81,199,8.33
81,200,2.08
81,201,3.33
81,202,8.33
81,203,3.13
81,204,5
81,205,2.17
81,206,10
81,207,7.14
81,208,3.85
81,209,5
81,210,2.5
81,211,5.56
81,212,6.25
81,213,2.27
81,214,3.33
81,215,8.33
81,216,6.25
81,217,2.5
81,218,3.13
81,219,2.08
81,220,3.33
81,221,3.57
81,222,2.78
81,223,2.94
81,224,2.27
81,225,5.56
81,226,4.55
81,227,2.08
81,228,2
81,229,2.78
81,230,2.63
81,231,2
81,232,4.55
81,233,2.63
81,234,2.17
81,235,8.33
81,236,3.13
81,237,3.13
81,238,2.27
81,239,3.13
81,240,10
81,241,10
81,242,2.17
81,243,2.27
81,244,2.5
81,245,2.94
81,246,8.33
81,247,4.17
81,248,2.94
81,249,5.56
81,250,7.14
81,251,7.14
81,252,6.25
81,253,2.78
81,254,2.08
81,255,3.85
81,256,5
81,257,2.63
81,258,3.13
81,259,2.63
81,260,5.56
81,261,2.17
81,262,4.55
81,263,4.17
81,264,3.33
81,265,2.63
81,266,4.55
81,267,10
81,268,2.17
81,269,2.17
81,270,2.08
81,271,8.33
81,272,8.33
81,273,4.55
81,274,2.94
81,275,5
81,276,2.94
81,277,2.17
81,278,2
81,279,2
81,280,2.17
81,281,7.14
81,282,8.33
81,283,2.17
81,284,7.14
81,285,2.27
81,286,4.55
81,287,10
81,288,3.13
81,289,3.57
81,290,5.56
81,291,3.33
81,292,5.56
81,293,2.27
81,294,6.25
81,295,2
81,296,2
81,297,2.63
81,298,10
81,299,2.78
81,300,2.78
81,301,3.13
81,302,8.33
81,303,4.17
81,304,2.63
81,305,6.25
81,306,2.38
81,307,2.78
81,308,2.08
81,309,4.17
81,310,2.5
81,311,3.33
81,312,4.17
81,313,2.38
81,314,2.38
81,315,2.78
81,316,2.78
81,317,6.25
81,318,2.08
81,319,7.14
81,320,7.14
81,321,5
81,322,5.56
81,323,5
81,324,4.17
81,325,2.08
81,326,10
81,327,2.5
81,328,2.08
81,329,8.33
81,330,7.14
81,331,5.56
81,332,2
81,333,3.13
81,334,2.63
81,335,3.13
81,336,3.33
81,337,2.38
81,338,2.94
81,339,2.08
81,340,2
81,341,10
81,342,2.27
81,343,4.55
81,344,5
81,345,2
81,346,4.17
81,347,3.57
81,348,2
81,349,2.08
81,350,2.27
81,351,10
81,352,2.63
81,353,2.94
81,354,4.55
81,355,2.94
81,356,2.63
81,357,2.38
81,358,8.33
81,359,4.55
81,360,3.33
81,361,5
81,362,3.57
81,363,3.33
81,364,2.5
81,365,3.85
81,366,5.56
81,367,2.17
81,368,4.17
81,369,3.85
81,370,3.85
81,371,2.63
81,372,5
81,373,3.13
81,374,2.78
81,375,5
81,376,2.94
81,377,3.57
81,378,2.27
81,379,4.55
81,380,2
81,381,3.57
81,382,5
81,383,2.78
81,384,2.63
81,385,3.85
81,386,8.33
81,387,2.08
81,388,6.25
81,389,2.78
81,390,3.33
81,391,3.85
81,392,7.14
81,393,2.63
81,394,3.85
81,395,3.13
81,396,5.56
81,397,6.25
81,398,2.08
81,399,3.13
81,400,3.85
81,401,2.17
81,402,2.38
81,403,2.78
81,404,5.56
81,405,5
81,406,2.94
81,407,5.56
81,408,2.63
81,409,2.38
81,410,2
81,411,10
81,412,2.5
81,413,2.63
81,414,2.27
81,415,2.27
81,416,3.85
81,417,2.17
81,418,2.5
81,419,5.56
81,420,7.14
81,421,3.33
81,422,2.38
81,423,5.56
81,424,2.27
81,425,2.94
81,426,3.85
81,427,5.56
81,428,2.5
81,429,3.33
81,430,7.14
81,431,2.78
81,432,3.13
81,433,3.85
81,434,2.08
81,435,7.14
81,436,4.55
81,437,2.5
81,438,8.33
81,439,2
81,440,3.33
81,441,4.17
81,442,4.17
81,443,2.94
81,444,2.63
81,445,7.14
81,446,3.13
81,447,3.13
81,448,2.27
81,449,3.85
81,450,6.25
81,451,2.17
81,452,4.17
81,453,3.57
81,454,4.55
81,455,7.14
81,456,4.17
81,457,2.5
81,458,2.38
81,459,2.27
81,460,2.63
81,461,3.13
81,462,4.17
81,463,2.38
81,464,3.57
81,465,3.85
81,466,5
81,467,2.38
81,468,3.33
81,469,6.25
81,470,2.78
81,471,2.78
81,472,2
81,473,2.78
81,474,3.13
81,475,3.85
81,476,2.08
81,477,7.14
81,478,3.33
81,479,5.56
81,480,2.5
81,481,3.33
81,482,2.63
81,483,2.63
81,484,2
81,485,3.13
81,486,3.13
81,487,2.94
81,488,2.5
81,489,7.14
81,490,2.94
81,491,2.78
81,492,10
81,493,2.17
81,494,3.57
81,495,4.55
81,496,5.56
81,497,6.25
81,498,2.17
81,499,5
81,500,3.13
82,1,5.56
82,2,2
82,3,3.57
82,4,2.5
82,5,5.56
82,6,6.25
82,7,5.56
82,8,3.85
82,9,3.13
82,10,3.13
82,11,3.85
82,12,5
82,13,2.5
82,14,5.56
82,15,8.33
82,16,3.57
82,17,7.14
82,18,2.27
82,19,4.55
82,20,3.13
82,21,2.38
82,22,2.27
82,23,4.17
82,24,3.13
82,25,5.56
82,26,2.08
82,27,6.25
82,28,8.33
82,29,2.94
82,30,10
82,31,7.14
82,32,2.63
82,33,4.17
82,34,2.08
82,35,2.08
82,36,2
82,37,10
82,38,5
82,39,2.5
82,40,4.17
82,41,5
82,42,8.33
82,43,2.27
82,44,5
82,45,3.85
82,46,3.85
82,47,3.13
82,48,8.33
82,49,2.5
82,50,5.56
82,51,2
82,52,3.13
82,53,5
82,54,2.78
82,55,2.94
82,56,2.94
82,57,2.08
82,58,10
82,59,3.33
82,60,3.33
82,61,2.5
82,62,5
82,63,10
82,64,2.94
82,65,2.38
82,66,10
82,67,2.63
82,68,3.33
82,69,3.85
82,70,10
82,71,6.25
82,72,2.38
82,73,2.63
82,74,2.94
82,75,8.33
82,76,5.56
82,77,4.55
82,78,10
82,79,8.33
82,80,2.17
82,81,3.57
82,82,2.63
82,83,2.78
82,84,3.33
82,85,7.14
82,86,3.85
82,87,4.55
82,88,2.08
82,89,4.17
82,90,2.63
82,91,5
82,92,5.56
82,93,10
82,94,2.63
82,95,10
82,96,2.78
82,97,2.08
82,98,8.33
82,99,8.33
82,100,5
82,101,3.57
82,102,4.55
82,103,8.33
82,104,2.27
82,105,5
82,106,2.94
82,107,6.25
82,108,4.55
82,109,10
82,110,6.25
82,111,4.55
82,112,2.94
82,113,4.17
82,114,3.13
82,115,2.38
82,116,4.17
82,117,3.33
82,118,3.33
82,119,2.5
82,120,4.55
82,121,2.08
82,122,3.13
82,123,3.85
82,124,3.13
82,125,2.5
82,126,3.85
82,127,7.14
82,128,2.63
82,129,2.94
82,130,8.33
82,131,2.17
82,132,2.94
82,133,2.63
82,134,4.55
82,135,2.63
82,136,4.55
82,137,3.85
82,138,4.17
82,139,2.08
82,140,2.38
82,141,3.57
82,142,2.27
82,143,3.85
82,144,7.14
82,145,2.5
82,146,3.33
82,147,2.17
82,148,2.17
82,149,2.38
82,150,2.27
82,151,5.56
82,152,2
82,153,2.5
82,154,3.13
82,155,10
82,156,2.78
82,157,3.13
82,158,2.17
82,159,2
82,160,2.08
82,161,3.85
82,162,3.85
82,163,3.33
82,164,2.78
82,165,2.63
82,166,7.14
82,167,2.78
82,168,5.56
82,169,5.56
82,170,5.56
82,171,8.33
82,172,2.38
82,173,5.56
82,174,2.17
82,175,5
82,176,2.08
82,177,4.17
82,178,2.08
82,179,4.17
82,180,5
82,181,7.14
82,182,2.17
82,183,3.33
82,184,4.55
82,185,3.57
82,186,2.63
82,187,2.5
82,188,2
82,189,3.57
82,190,3.33
82,191,2.78
82,192,7.14
82,193,4.17
82,194,2.78
82,195,3.57
82,196,4.55
82,197,4.55
82,198,8.33
82,199,5.56
82,200,7.14
82,201,3.85
82,202,4.55
82,203,2.5
82,204,6.25
82,205,2.17
82,206,5.56
82,207,7.14
82,208,2.08
82,209,2
82,210,6.25
82,211,10
82,212,5.56
82,213,2.27
82,214,2.38
82,215,10
82,216,2
82,217,5.56
82,218,2.17
82,219,2.17
82,220,2.94
82,221,2.5
82,222,5
82,223,5.56
82,224,7.14
82,225,3.85
82,226,4.17
82,227,10
82,228,10
82,229,8.33
82,230,2.27
82,231,3.33
82,232,5
82,233,2
82,234,4.17
82,235,6.25
82,236,7.14
82,237,2.5
82,238,5
82,239,4.55
82,240,3.57
82,241,2.38
82,242,2.27
82,243,8.33
82,244,2.38
82,245,2.17
82,246,5
82,247,3.13
82,248,2.63
82,249,2.78
82,250,3.13
82,251,3.13
82,252,2.78
82,253,8.33
82,254,3.33
82,255,8.33
82,256,2.94
82,257,2.5
82,258,8.33
82,259,3.57
82,260,5
82,261,2.5
82,262,8.33
82,263,2.94
82,264,2.94
82,265,8.33
82,266,2.38
82,267,2.27
82,268,3.57
82,269,10
82,270,2
82,271,2.63
82,272,2.63
82,273,2
82,274,2.63
82,275,2
82,276,4.17
82,277,10
82,278,2.08
82,279,2.5
82,280,2.5
82,281,2.38
82,282,6.25
82,283,2.38
82,284,2.94
82,285,3.33
82,286,5
82,287,3.13
82,288,2.78
82,289,2.78
82,290,3.57
82,291,2.38
82,292,5
82,293,2.63
82,294,2.63
82,295,7.14
82,296,6.25
82,297,2
82,298,6.25
82,299,2.38
82,300,7.14
82,301,2.5
82,302,3.33
82,303,2.27
82,304,3.33
82,305,2.5
82,306,3.13
82,307,8.33
82,308,4.55
82,309,4.17
82,310,5.56
82,311,3.33
82,312,2.63
82,313,2.38
82,314,5.56
82,315,2.5
82,316,2.78
82,317,7.14
82,318,3.57
82,319,5.56
82,320,4.17
82,321,5.56
82,322,3.13
82,323,4.17
82,324,2.94
82,325,2.38
82,326,2.63
82,327,8.33
82,328,2.78
82,329,3.57
82,330,3.33
82,331,8.33
82,332,8.33
82,333,3.57
82,334,3.33
82,335,7.14
82,336,4.17
82,337,10
82,338,3.33
82,339,3.85
82,340,6.25
82,341,10
82,342,7.14
82,343,4.55
82,344,5.56
82,345,6.25
82,346,3.13
82,347,10
82,348,2.27
82,349,5
82,350,7.14
82,351,4.55
82,352,2.5
82,353,7.14
82,354,7.14
82,355,3.33
82,356,4.17
82,357,3.13
82,358,6.25
82,359,4.17
82,360,2
82,361,4.17
82,362,3.85
82,363,3.85
82,364,3.13
82,365,4.55
82,366,2.78
82,367,3.33
82,368,2.27
82,369,5.56
82,370,2.17
82,371,2.17
82,372,2.08
82,373,10
82,374,3.85
82,375,2.17
82,376,4.55
82,377,3.33
82,378,10
82,379,2
82,380,2
82,381,3.13
82,382,8.33
82,383,10
82,384,2.63
82,385,6.25
82,386,5
82,387,5
82,388,5
82,389,2.27
82,390,5.56
82,391,2.5
82,392,2.5
82,393,4.55
82,394,5
82,395,2.08
82,396,4.17
82,397,5.56
82,398,6.25
82,399,8.33
82,400,3.85
82,401,4.17
82,402,2
82,403,2
82,404,3.85
82,405,3.13
82,406,2.78
82,407,2.94
82,408,4.17
82,409,2.5
82,410,2
82,411,5
82,412,2.27
82,413,2.17
82,414,3.57
82,415,2.5
82,416,3.13
82,417,10
82,418,6.25
82,419,8.33
82,420,2.94
82,421,2.08
82,422,10
82,423,3.85
82,424,2.94
82,425,3.57
82,426,10
82,427,2.63
82,428,10
82,429,4.55
82,430,3.13
82,431,8.33
82,432,7.14
82,433,2.63
82,434,2
82,435,2.08
82,436,5
82,437,2.08
82,438,6.25
82,439,3.57
82,440,4.55
82,441,2.17
82,442,2.63
82,443,2.08
82,444,3.13
82,445,2.38
82,446,2.38
82,447,3.85
82,448,8.33
82,449,5
82,450,4.17
82,451,2.08
82,452,6.25
82,453,2.5
82,454,4.55
82,455,2.5
82,456,2.5
82,457,7.14
82,458,2.94
82,459,3.13
82,460,2.17
82,461,10
82,462,2
82,463,2.5
82,464,2.17
82,465,2
82,466,2.17
82,467,2.17
82,468,5.56
82,469,2.27
82,470,2.27
82,471,2.08
82,472,3.85
82,473,7.14
82,474,6.25
82,475,4.55
82,476,2.94
82,477,2.17
82,478,4.17
82,479,2.27
82,480,2.08
82,481,4.55
82,482,3.85
82,483,2.17
82,484,2.63
82,485,2.38
82,486,2.5
82,487,2
82,488,2.63
82,489,3.57
82,490,6.25
82,491,2.17
82,492,8.33
82,493,2.63
82,494,2.5
82,495,4.17
82,496,2.94
82,497,8.33
82,498,2.38
82,499,10
82,500,4.17
83,1,4.17
83,2,3.57
83,3,2.08
83,4,7.14
83,5,3.85
83,6,2.94
83,7,2.27
83,8,2.5
83,9,2.78
83,10,5.56
83,11,2
83,12,2.78
83,13,2.08
83,14,2.5
83,15,7.14
83,16,2
83,17,3.57
83,18,2.94
83,19,2.27
83,20,2.63
83,21,2.5
83,22,2.5
83,23,3.57
83,24,3.33
83,25,2.94
83,26,4.17
83,27,5.56
83,28,8.33
83,29,2.78
83,30,5
83,31,3.13
83,32,2.08
83,33,2.38
83,34,7.14
83,35,7.14
83,36,2.27
83,37,2.94
83,38,3.13
83,39,2.63
83,40,2.63
83,41,4.17
83,42,2.08
83,43,2.78
83,44,3.57
83,45,2.38
83,46,2.5
83,47,2.78
83,48,2.27
83,49,5
83,50,2.27
83,51,10
83,52,3.57
83,53,2.5
83,54,10
83,55,2.63
83,56,2.08
83,57,2.17
83,58,4.17
83,59,2.17
83,60,2.94
83,61,2.94
83,62,3.33
83,63,4.17
83,64,2.38
83,65,7.14
83,66,7.14
83,67,10
83,68,4.17
83,69,10
83,70,2.08
83,71,2.27
83,72,2.78
83,73,2.08
83,74,4.55
83,75,8.33
83,76,6.25
83,77,2.94
83,78,5
83,79,2.17
83,80,6.25
83,81,3.33
83,82,4.55
83,83,5
83,84,2.94
83,85,2.78
83,86,6.25
83,87,3.57
83,88,2.08
83,89,2.63
83,90,3.13
83,91,10
83,92,2.78
83,93,8.33
83,94,2.27
83,95,5.56
83,96,6.25
83,97,2.38
83,98,3.13
83,99,2.78
83,100,8.33
83,101,6.25
83,102,4.55
83,103,2.78
83,104,2.27
83,105,4.17
83,106,4.17
83,107,10
83,108,4.55
83,109,3.57
83,110,2.27
83,111,3.13
83,112,5.56
83,113,5.56
83,114,2
83,115,5.56
83,116,4.55
83,117,4.55
83,118,3.85
83,119,2.78
83,120,2.78
83,121,3.57
83,122,7.14
83,123,2
83,124,10
83,125,3.57
83,126,6.25
83,127,2.5
83,128,4.55
83,129,2.94
83,130,2.94
83,131,4.17
83,132,4.55
83,133,3.33
83,134,3.33
83,135,6.25
83,136,7.14
83,137,2.63
83,138,3.13
83,139,2.94
83,140,3.57
83,141,3.57
83,142,2
83,143,4.17
83,144,2.08
83,145,2
83,146,2.27
83,147,8.33
83,148,3.13
83,149,7.14
83,150,3.13
83,151,2.08
83,152,2.78
83,153,6.25
83,154,3.85
83,155,4.55
83,156,2
83,157,8.33
83,158,2.78
83,159,2.17
83,160,2.27
83,161,5
83,162,2.78
83,163,2.17
83,164,2.63
83,165,2.17
83,166,3.57
83,167,2.5
83,168,3.13
83,169,2.78
83,170,4.55
83,171,10
83,172,2.08
83,173,7.14
83,174,3.13
83,175,3.33
83,176,3.85
83,177,3.33
83,178,3.13
83,179,3.33
83,180,3.13
83,181,6.25
83,182,4.17
83,183,2.5
83,184,2.38
83,185,2.5
83,186,2.27
83,187,2.5
83,188,5.56
83,189,2.94
83,190,5
83,191,2.78
83,192,3.85
83,193,8.33
83,194,2
83,195,2.94
83,196,2
83,197,4.55
83,198,2.38
83,199,5
83,200,2.38
83,201,2.27
83,202,2.94
83,203,10
83,204,2
83,205,5.56
83,206,2.17
83,207,2
83,208,7.14
83,209,3.13
83,210,8.33
83,211,8.33
83,212,2.08
83,213,2.27
83,214,2.08
83,215,6.25
83,216,8.33
83,217,6.25
83,218,5.56
83,219,8.33
83,220,2.78
83,221,7.14
83,222,2.94
83,223,2.63
83,224,4.55
83,225,2.17
83,226,5
83,227,6.25
83,228,3.85
83,229,3.33
83,230,2
83,231,3.33
83,232,8.33
83,233,10
83,234,2.5
83,235,8.33
83,236,2.94
83,237,2
83,238,5.56
83,239,2.94
83,240,5.56
83,241,5
83,242,5.56
83,243,2.27
83,244,7.14
83,245,3.13
83,246,7.14
83,247,2.94
83,248,2.94
83,249,2.63
83,250,3.57
83,251,3.33
83,252,3.85
83,253,2.38
83,254,2.27
83,255,2.08
83,256,2.63
83,257,2.63
83,258,3.57
83,259,7.14
83,260,7.14
83,261,10
83,262,4.55
83,263,4.17
83,264,3.57
83,265,2
83,266,2
83,267,3.13
83,268,4.55
83,269,2
83,270,4.17
83,271,5.56
83,272,8.33
83,273,2.5
83,274,2.17
83,275,3.85
83,276,5
83,277,10
83,278,3.57
83,279,3.85
83,280,2.78
83,281,4.55
83,282,2.78
83,283,4.17
83,284,2.78
83,285,2
83,286,7.14
83,287,4.55
83,288,7.14
83,289,3.85
83,290,2.94
83,291,2.08
83,292,5.56
83,293,4.17
83,294,2.63
83,295,6.25
83,296,5.56
83,297,3.57
83,298,3.33
83,299,2
83,300,4.55
83,301,2.5
83,302,8.33
83,303,2.5
83,304,3.13
83,305,10
83,306,7.14
83,307,5.56
83,308,3.33
83,309,6.25
83,310,2.38
83,311,2.17
83,312,2.27
83,313,3.33
83,314,6.25
83,315,4.17
83,316,2
83,317,2.27
83,318,5.56
83,319,3.33
83,320,7.14
83,321,7.14
83,322,3.57
83,323,3.13
83,324,8.33
83,325,3.85
83,326,6.25
83,327,5.56
83,328,2.78
83,329,3.57
83,330,2.94
83,331,5.56
83,332,2.94
83,333,8.33
83,334,8.33
83,335,2.94
83,336,3.13
83,337,4.55
83,338,2.08
83,339,2.94
83,340,7.14
83,341,6.25
83,342,2.78
83,343,2.63
83,344,8.33
83,345,2
83,346,2.08
83,347,3.57
83,348,4.55
83,349,2.5
83,350,2.08
83,351,2.94
83,352,5
83,353,3.57
83,354,10
83,355,2.38
83,356,2.38
83,357,2.5
83,358,2.17
83,359,2
83,360,2.27
83,361,5.56
83,362,5.56
83,363,4.17
83,364,2.5
83,365,2.63
83,366,2.5
83,367,2.27
83,368,3.13
83,369,2.27
83,370,3.33
83,371,2.27
83,372,2.27
83,373,2.27
83,374,2.78
83,375,6.25
83,376,2.94
83,377,2.5
83,378,2.38
83,379,2.27
83,380,3.13
83,381,2.78
83,382,2.17
83,383,4.55
83,384,7.14
83,385,8.33
83,386,3.13
83,387,10
83,388,3.33
83,389,3.33
83,390,8.33
83,391,2.63
83,392,2.63
83,393,2
83,394,2.5
83,395,3.57
83,396,2.08
83,397,8.33
83,398,8.33
83,399,3.57
83,400,3.57
83,401,3.57
83,402,2.27
83,403,2.5
83,404,2.17
83,405,2.17
83,406,3.33
83,407,4.55
83,408,3.85
83,409,3.85
83,410,3.85
83,411,3.85
83,412,6.25
83,413,7.14
83,414,3.33
83,415,3.85
83,416,2.27
83,417,3.85
83,418,7.14
83,419,2.17
83,420,2.5
83,421,2.17
83,422,2.08
83,423,3.13
83,424,2.08
83,425,2.78
83,426,2
83,427,2
83,428,2.27
83,429,2.63
83,430,2.27
83,431,2
83,432,8.33
83,433,2.27
83,434,8.33
83,435,4.55
83,436,2
83,437,8.33
83,438,6.25
83,439,7.14
83,440,7.14
83,441,3.57
83,442,2
83,443,2.08
83,444,2.5
83,445,10
83,446,2.38
83,447,5
83,448,5.56
83,449,3.85
83,450,2.5
83,451,2.94
83,452,4.55
83,453,2
83,454,2.63
83,455,2.78
83,456,2
83,457,8.33
83,458,3.13
83,459,3.57
83,460,2.27
83,461,2.17
83,462,6.25
83,463,5
83,464,4.17
83,465,3.13
83,466,4.17
83,467,3.13
83,468,10
83,469,3.57
83,470,7.14
83,471,5.56
83,472,3.85
83,473,2.17
83,474,2.63
83,475,4.55
83,476,3.85
83,477,2.17
83,478,4.17
83,479,2
83,480,2.63
83,481,2.38
83,482,2.27
83,483,3.85
83,484,6.25
83,485,5.56
83,486,7.14
83,487,8.33
83,488,2.78
83,489,4.17
83,490,8.33
83,491,8.33
83,492,3.33
83,493,6.25
83,494,4.55
83,495,10
83,496,4.17
83,497,2.17
83,498,2.08
83,499,4.17
83,500,4.17
84,1,2.17
84,2,5
84,3,3.33
84,4,5
84,5,5
84,6,2.94
84,7,2
84,8,2.5
84,9,2.38
84,10,8.33
84,11,4.55
84,12,2.63
84,13,2
84,14,8.33
84,15,2.17
84,16,10
84,17,3.57
84,18,3.13
84,19,2.5
84,20,2.5
84,21,2.63
84,22,4.55
84,23,2.08
84,24,2.5
84,25,3.85
84,26,2.17
84,27,7.14
84,28,2.38
84,29,3.33
84,30,10
84,31,2.17
84,32,7.14
84,33,3.57
84,34,2.17
84,35,2.94
84,36,2.08
84,37,2.94
84,38,3.57
84,39,2.08
84,40,2.78
84,41,4.55
84,42,5
84,43,5
84,44,8.33
84,45,6.25
84,46,3.85
84,47,6.25
84,48,3.13
84,49,5.56
84,50,5
84,51,4.55
84,52,2.5
84,53,2
84,54,2.08
84,55,10
84,56,2.17
84,57,3.57
84,58,6.25
84,59,3.13
84,60,10
84,61,2.5
84,62,2.17
84,63,3.57
84,64,3.13
84,65,3.13
84,66,4.17
84,67,4.55
84,68,2.08
84,69,6.25
84,70,3.85
84,71,5.56
84,72,7.14
84,73,4.55
84,74,5
84,75,8.33
84,76,3.13
84,77,3.13
84,78,4.55
84,79,6.25
84,80,3.57
84,81,2.5
84,82,4.17
84,83,4.55
84,84,4.17
84,85,4.55
84,86,3.57
84,87,4.55
84,88,5.56
84,89,2.38
84,90,4.17
84,91,5.56
84,92,4.55
84,93,2.94
84,94,2.5
84,95,3.85
84,96,4.17
84,97,2.17
84,98,3.57
84,99,8.33
84,100,5
84,101,7.14
84,102,6.25
84,103,2.63
84,104,4.55
84,105,5.56
84,106,2.27
84,107,2.5
84,108,4.55
84,109,2.94
84,110,10
84,111,3.33
84,112,8.33
84,113,2.78
84,114,3.57
84,115,2.27
84,116,2.94
84,117,5
84,118,2.78
84,119,7.14
84,120,3.13
84,121,2.94
84,122,2.5
84,123,2.38
84,124,2.08
84,125,2.63
84,126,8.33
84,127,5.56
84,128,5.56
84,129,2.94
84,130,3.33
84,131,2.63
84,132,3.85
84,133,3.85
84,134,2.5
84,135,2.5
84,136,4.17
84,137,7.14
84,138,3.85
84,139,3.33
84,140,8.33
84,141,7.14
84,142,2.38
84,143,3.13
84,144,6.25
84,145,2.38
84,146,5
84,147,2.08
84,148,3.57
84,149,5
84,150,2.38
84,151,8.33
84,152,2.08
84,153,2.78
84,154,3.13
84,155,2.17
84,156,2.17
84,157,8.33
84,158,7.14
84,159,5.56
84,160,2.38
84,161,3.85
84,162,3.85
84,163,4.55
84,164,2.17
84,165,2.17
84,166,10
84,167,2.38
84,168,8.33
84,169,3.13
84,170,4.17
84,171,2.94
84,172,2.94
84,173,2.38
84,174,3.13
84,175,2.78
84,176,3.33
84,177,2.08
84,178,2.5
84,179,3.57
84,180,4.55
84,181,4.55
84,182,2.08
84,183,2.08
84,184,2.5
84,185,2.17
84,186,3.57
84,187,10
84,188,2
84,189,4.55
84,190,3.13
84,191,4.17
84,192,4.55
84,193,5
84,194,3.33
84,195,2
84,196,2.17
84,197,2.38
84,198,8.33
84,199,2.38
84,200,3.57
84,201,4.55
84,202,2.78
84,203,2.17
84,204,8.33
84,205,6.25
84,206,3.33
84,207,2.27
84,208,5.56
84,209,2.17
84,210,5
84,211,2.94
84,212,2.63
84,213,7.14
84,214,2
84,215,2
84,216,2.38
84,217,3.57
84,218,2.38
84,219,3.57
84,220,2
84,221,2.5
84,222,2.27
84,223,4.17
84,224,8.33
84,225,5.56
84,226,6.25
84,227,3.33
84,228,2.78
84,229,3.57
84,230,4.55
84,231,5.56
84,232,5.56
84,233,8.33
84,234,3.85
84,235,3.13
84,236,2.78
84,237,3.33
84,238,3.85
84,239,2.08
84,240,4.17
84,241,2.08
84,242,2.63
84,243,3.13
84,244,2.63
84,245,5
84,246,2
84,247,2.94
84,248,4.55
84,249,4.17
84,250,3.33
84,251,2.5
84,252,4.55
84,253,3.13
84,254,3.85
84,255,3.13
84,256,3.13
84,257,7.14
84,258,4.17
84,259,3.13
84,260,5
84,261,2.5
84,262,4.55
84,263,2.63
84,264,2
84,265,2.5
84,266,3.13
84,267,2.5
84,268,2.94
84,269,2.38
84,270,3.33
84,271,3.57
84,272,3.57
84,273,10
84,274,6.25
84,275,3.57
84,276,2.17
84,277,2.27
84,278,5.56
84,279,2.17
84,280,3.57
84,281,3.57
84,282,3.13
84,283,3.13
84,284,2.27
84,285,3.85
84,286,2.63
84,287,3.33
84,288,6.25
84,289,2.5
84,290,2.08
84,291,2.63
84,292,3.57
84,293,5.56
84,294,10
84,295,8.33
84,296,2.63
84,297,10
84,298,4.55
84,299,5.56
84,300,2.5
84,301,2.08
84,302,2.63
84,303,5
84,304,2.78
84,305,7.14
84,306,10
84,307,10
84,308,5.56
84,309,3.57
84,310,8.33
84,311,6.25
84,312,2.08
84,313,2.5
84,314,2.38
84,315,2
84,316,2
84,317,2.38
84,318,6.25
84,319,2.94
84,320,7.14
84,321,3.57
84,322,2.63
84,323,4.17
84,324,2
84,325,4.17
84,326,3.33
84,327,2.94
84,328,2.78
84,329,2.78
84,330,2.78
84,331,4.17
84,332,8.33
84,333,5
84,334,4.17
84,335,10
84,336,2.38
84,337,4.55
84,338,8.33
84,339,4.55
84,340,6.25
84,341,3.33
84,342,4.17
84,343,2.78
84,344,2.17
84,345,2.27
84,346,2.08
84,347,2.63
84,348,8.33
84,349,3.33
84,350,5
84,351,2.5
84,352,5.56
84,353,5
84,354,3.57
84,355,7.14
84,356,2
84,357,4.17
84,358,3.13
84,359,2.94
84,360,3.33
84,361,4.17
84,362,2.5
84,363,2
84,364,4.55
84,365,3.57
84,366,2.38
84,367,2.17
84,368,3.85
84,369,2.38
84,370,8.33
84,371,4.55
84,372,3.85
84,373,2.27
84,374,10
84,375,2.63
84,376,2.94
84,377,7.14
84,378,3.13
84,379,2.63
84,380,8.33
84,381,5.56
84,382,2.78
84,383,4.55
84,384,2.78
84,385,3.33
84,386,7.14
84,387,2.63
84,388,6.25
84,389,3.57
84,390,3.85
84,391,3.85
84,392,2.17
84,393,2.27
84,394,2.08
84,395,5.56
84,396,10
84,397,3.85
84,398,2.63
84,399,7.14
84,400,3.33
84,401,2.5
84,402,3.85
84,403,2.38
84,404,2.94
84,405,6.25
84,406,2.27
84,407,2.17
84,408,8.33
84,409,2.94
84,410,8.33
84,411,3.33
84,412,10
84,413,10
84,414,2
84,415,3.33
84,416,2.5
84,417,5
84,418,3.57
84,419,5
84,420,3.85
84,421,2.08
84,422,2.27
84,423,5.56
84,424,2.63
84,425,3.85
84,426,3.33
84,427,2.94
84,428,3.85
84,429,2.94
84,430,3.85
84,431,2.17
84,432,10
84,433,2.78
84,434,3.85
84,435,7.14
84,436,10
84,437,10
84,438,3.57
84,439,5.56
84,440,10
84,441,2.38
84,442,2.78
84,443,2
84,444,2.27
84,445,2.78
84,446,3.13
84,447,3.85
84,448,3.85
84,449,5.56
84,450,2.63
84,451,3.57
84,452,5.56
84,453,8.33
84,454,5.56
84,455,2.38
84,456,5.56
84,457,3.57
84,458,4.17
84,459,5
84,460,4.17
84,461,2.5
84,462,5.56
84,463,2.78
84,464,6.25
84,465,3.57
84,466,10
84,467,2
84,468,2.08
84,469,8.33
84,470,10
84,471,2.63
84,472,5.56
84,473,5.56
84,474,2.27
84,475,5
84,476,2.08
84,477,4.55
84,478,2.27
84,479,3.33
84,480,4.55
84,481,2.08
84,482,5.56
84,483,2.78
84,484,3.13
84,485,3.33
84,486,3.13
84,487,2.5
84,488,4.55
84,489,5.56
84,490,5
84,491,2.5
84,492,3.57
84,493,3.85
84,494,2
84,495,2.27
84,496,2.17
84,497,2.17
84,498,2.94
84,499,2.5
84,500,4.55
85,1,2.17
85,2,2.27
85,3,2
85,4,3.33
85,5,2.94
85,6,2.78
85,7,2.38
85,8,4.17
85,9,2
85,10,3.13
85,11,2.27
85,12,4.55
85,13,3.85
85,14,2.27
85,15,3.57
85,16,2.63
85,17,8.33
85,18,5.56
85,19,4.17
85,20,4.55
85,21,2.94
85,22,3.57
85,23,2.94
85,24,2.5
85,25,2.94
85,26,5.56
85,27,5.56
85,28,2.17
85,29,7.14
85,30,3.85
85,31,2.63
85,32,3.13
85,33,2.27
85,34,3.13
85,35,3.85
85,36,6.25
85,37,3.33
85,38,4.55
85,39,2.5
85,40,2
85,41,10
85,42,3.13
85,43,3.33
85,44,2.94
85,45,2.63
85,46,4.55
85,47,2.78
85,48,4.17
85,49,2.27
85,50,2.94
85,51,8.33
85,52,8.33
85,53,2.63
85,54,2.78
85,55,3.57
85,56,2.27
85,57,4.17
85,58,2.78
85,59,3.85
85,60,3.85
85,61,2.63
85,62,2.5
85,63,2.08
85,64,2.5
85,65,3.57
85,66,2.78
85,67,8.33
85,68,2.17
85,69,5
85,70,3.57
85,71,2.17
85,72,2.5
85,73,2.38
85,74,7.14
85,75,3.13
85,76,2.08
85,77,2.38
85,78,2.38
85,79,2.78
85,80,2.63
85,81,8.33
85,82,2
85,83,2
85,84,2.38
85,85,3.33
85,86,4.17
85,87,5.56
85,88,3.33
85,89,2.08
85,90,2.08
85,91,8.33
85,92,2.17
85,93,2.08
85,94,10
85,95,2.78
85,96,2.5
85,97,4.55
85,98,10
85,99,2.17
85,100,2
85,101,2.5
85,102,2
85,103,3.13
85,104,6.25
85,105,2
85,106,2.27
85,107,4.55
85,108,2.17
85,109,8.33
85,110,4.55
85,111,10
85,112,4.55
85,113,3.85
85,114,6.25
85,115,2
85,116,2.78
85,117,5
85,118,6.25
85,119,3.33
85,120,2.08
85,121,3.85
85,122,3.13
85,123,5
85,124,2
85,125,2.94
85,126,4.55
85,127,5
85,128,7.14
85,129,2.78
85,130,3.13
85,131,2.38
85,132,3.33
85,133,2.63
85,134,2.38
85,135,3.33
85,136,3.13
85,137,5.56
85,138,10
85,139,2.08
85,140,4.17
85,141,4.17
85,142,7.14
85,143,3.33
85,144,8.33
85,145,2.27
85,146,3.33
85,147,3.57
85,148,2.27
85,149,7.14
85,150,2.27
85,151,7.14
85,152,5.56
85,153,2
85,154,3.33
85,155,3.13
85,156,2.63
85,157,5.56
85,158,6.25
85,159,2.78
85,160,2.17
85,161,4.17
85,162,2.5
85,163,2.17
85,164,2.08
85,165,7.14
85,166,10
85,167,3.85
85,168,7.14
85,169,2.27
85,170,8.33
85,171,2.78
85,172,2.17
85,173,5.56
85,174,10
85,175,2.27
85,176,4.55
85,177,2.17
85,178,5
85,179,2.17
85,180,3.13
85,181,2.63
85,182,2.08
85,183,2.08
85,184,8.33
85,185,6.25
85,186,2.17
85,187,2.63
85,188,2.17
85,189,10
85,190,2.08
85,191,6.25
85,192,2.08
85,193,3.33
85,194,3.13
85,195,3.85
85,196,7.14
85,197,2.17
85,198,2.38
85,199,3.33
85,200,2.17
85,201,8.33
85,202,3.85
85,203,2.17
85,204,8.33
85,205,2.27
85,206,2.27
85,207,7.14
85,208,2.08
85,209,3.13
85,210,7.14
85,211,8.33
85,212,2.27
85,213,8.33
85,214,7.14
85,215,2.17
85,216,3.57
85,217,3.33
85,218,7.14
85,219,4.55
85,220,2.94
85,221,3.85
85,222,2.38
85,223,2.08
85,224,2.94
85,225,2
85,226,7.14
85,227,2.27
85,228,2.78
85,229,2.27
85,230,2.5
85,231,3.85
85,232,4.55
85,233,3.57
85,234,7.14
85,235,3.85
85,236,2.94
85,237,2.78
85,238,2.27
85,239,2.08
85,240,5.56
85,241,3.33
85,242,3.85
85,243,3.13
85,244,4.55
85,245,2.08
85,246,4.17
85,247,3.57
85,248,5
85,249,5.56
85,250,5.56
85,251,2.17
85,252,4.17
85,253,5.56
85,254,10
85,255,4.17
85,256,10
85,257,7.14
85,258,2
85,259,2.63
85,260,2.5
85,261,2.5
85,262,7.14
85,263,3.57
85,264,4.17
85,265,3.85
85,266,3.33
85,267,8.33
85,268,2.63
85,269,4.55
85,270,3.85
85,271,3.33
85,272,10
85,273,2.94
85,274,8.33
85,275,4.55
85,276,2.38
85,277,6.25
85,278,2
85,279,6.25
85,280,2.38
85,281,2.27
85,282,2.94
85,283,5.56
85,284,5
85,285,2.17
85,286,2.94
85,287,2.08
85,288,2
85,289,2.63
85,290,2.63
85,291,5
85,292,4.55
85,293,3.85
85,294,4.55
85,295,5.56
85,296,3.33
85,297,4.55
85,298,2.5
85,299,8.33
85,300,3.85
85,301,2.5
85,302,2.78
85,303,3.33
85,304,6.25
85,305,5
85,306,7.14
85,307,2.17
85,308,2.08
85,309,6.25
85,310,2.17
85,311,2.17
85,312,3.33
85,313,6.25
85,314,5
85,315,2.08
85,316,5
85,317,3.57
85,318,2.5
85,319,5
85,320,2.17
85,321,5.56
85,322,2.94
85,323,2.5
85,324,5
85,325,5
85,326,10
85,327,8.33
85,328,2.08
85,329,2.17
85,330,2.5
85,331,5
85,332,4.55
85,333,2
85,334,2.63
85,335,2.38
85,336,2.5
85,337,3.13
85,338,4.17
85,339,6.25
85,340,3.85
85,341,2.17
85,342,3.33
85,343,2.08
85,344,2.5
85,345,6.25
85,346,6.25
85,347,2.78
85,348,3.85
85,349,7.14
85,350,10
85,351,2.78
85,352,3.57
85,353,2.94
85,354,5.56
85,355,6.25
85,356,2.38
85,357,7.14
85,358,4.17
85,359,3.85
85,360,10
85,361,2
85,362,2.27
85,363,6.25
85,364,2.5
85,365,3.85
85,366,2.78
85,367,6.25
85,368,2.17
85,369,6.25
85,370,3.57
85,371,7.14
85,372,2.94
85,373,3.13
85,374,4.55
85,375,2.08
85,376,5
85,377,4.17
85,378,3.57
85,379,6.25
85,380,2.63
85,381,2.5
85,382,3.57
85,383,2.94
85,384,2.63
85,385,8.33
85,386,3.33
85,387,5.56
85,388,2.63
85,389,2.27
85,390,2.27
85,391,10
85,392,2.17
85,393,3.85
85,394,7.14
85,395,5.56
85,396,5.56
85,397,2
85,398,2.38
85,399,2.94
85,400,2.27
85,401,4.55
85,402,2.94
85,403,2.38
85,404,3.33
85,405,3.33
85,406,2.08
85,407,6.25
85,408,2.38
85,409,5
85,410,3.33
85,411,2.5
85,412,6.25
85,413,3.57
85,414,2.08
85,415,2.78
85,416,2
85,417,2
85,418,2.27
85,419,2.5
85,420,6.25
85,421,10
85,422,2.78
85,423,2.94
85,424,2
85,425,2.17
85,426,2.94
85,427,5
85,428,2.5
85,429,6.25
85,430,2.27
85,431,3.57
85,432,2.63
85,433,3.13
85,434,3.13
85,435,2.27
85,436,2.78
85,437,2.38
85,438,3.85
85,439,2
85,440,2.5
85,441,4.55
85,442,3.33
85,443,4.55
85,444,3.13
85,445,5.56
85,446,4.17
85,447,2.63
85,448,2.38
85,449,2.27
85,450,4.17
85,451,3.13
85,452,3.85
85,453,2.94
85,454,2.27
85,455,10
85,456,3.13
85,457,2.08
85,458,3.57
85,459,7.14
85,460,10
85,461,7.14
85,462,2.08
85,463,2.94
85,464,10
85,465,4.17
85,466,4.17
85,467,4.17
85,468,3.33
85,469,4.55
85,470,5.56
85,471,3.57
85,472,4.17
85,473,3.85
85,474,3.33
85,475,8.33
85,476,5.56
85,477,2
85,478,3.57
85,479,8.33
85,480,8.33
85,481,8.33
85,482,2.08
85,483,3.57
85,484,3.33
85,485,2.94
85,486,4.17
85,487,2.78
85,488,2
85,489,2
85,490,2.17
85,491,2.63
85,492,2.08
85,493,8.33
85,494,2.63
85,495,10
85,496,4.17
85,497,2.38
85,498,3.85
85,499,2
85,500,7.14
86,1,4.55
86,2,2.38
86,3,5.56
86,4,10
86,5,4.17
86,6,5
86,7,4.17
86,8,5.56
86,9,3.57
86,10,6.25
86,11,7.14
86,12,3.13
86,13,2.63
86,14,2.78
86,15,3.85
86,16,3.13
86,17,2.63
86,18,5
86,19,2.17
86,20,2.5
86,21,2.78
86,22,8.33
86,23,3.57
86,24,5
86,25,5.56
86,26,2.5
86,27,2
86,28,3.33
86,29,8.33
86,30,2.17
86,31,5.56
86,32,2.17
86,33,2.17
86,34,2
86,35,3.13
86,36,10
86,37,2.78
86,38,2
86,39,2.78
86,40,4.17
86,41,2.63
86,42,2.08
86,43,2.5
86,44,8.33
86,45,5
86,46,2.63
86,47,6.25
86,48,4.17
86,49,8.33
86,50,5
86,51,3.85
86,52,3.33
86,53,3.13
86,54,5.56
86,55,2.78
86,56,2.78
86,57,7.14
86,58,3.57
86,59,2.27
86,60,4.55
86,61,10
86,62,2
86,63,6.25
86,64,2.08
86,65,2.63
86,66,2.08
86,67,2.63
86,68,3.13
86,69,2.17
86,70,6.25
86,71,2.27
86,72,10
86,73,5.56
86,74,2
86,75,2.5
86,76,10
86,77,2.63
86,78,2.27
86,79,5
86,80,2.08
86,81,2.94
86,82,10
86,83,3.57
86,84,2.5
86,85,8.33
86,86,2.78
86,87,10
86,88,2.38
86,89,3.85
86,90,6.25
86,91,3.13
86,92,5
86,93,3.33
86,94,3.85
86,95,2.94
86,96,4.55
86,97,2.08
86,98,2.5
86,99,4.55
86,100,2.63
86,101,2.94
86,102,4.55
86,103,7.14
86,104,2.08
86,105,4.55
86,106,3.33
86,107,10
86,108,2.08
86,109,3.57
86,110,6.25
86,111,6.25
86,112,8.33
86,113,2
86,114,2.27
86,115,2
86,116,3.33
86,117,3.85
86,118,5
86,119,2.78
86,120,2.78
86,121,2
86,122,7.14
86,123,2.38
86,124,5
86,125,3.85
86,126,3.13
86,127,2.63
86,128,2.63
86,129,2.27
86,130,3.13
86,131,3.57
86,132,10
86,133,10
86,134,5
86,135,2.27
86,136,2.5
86,137,2.63
86,138,2.17
86,139,5
86,140,2.5
86,141,2.78
86,142,4.55
86,143,8.33
86,144,7.14
86,145,2.94
86,146,7.14
86,147,2.27
86,148,3.13
86,149,5.56
86,150,2.17
86,151,4.17
86,152,2.38
86,153,4.55
86,154,10
86,155,2.38
86,156,4.55
86,157,8.33
86,158,4.55
86,159,2
86,160,7.14
86,161,4.17
86,162,4.17
86,163,2.08
86,164,4.17
86,165,2.5
86,166,4.55
86,167,3.13
86,168,7.14
86,169,2.17
86,170,2.94
86,171,2.78
86,172,4.55
86,173,10
86,174,3.13
86,175,4.55
86,176,5
86,177,2.5
86,178,3.33
86,179,2.78
86,180,2.27
86,181,2
86,182,2.27
86,183,2.38
86,184,3.33
86,185,2.63
86,186,6.25
86,187,2.94
86,188,6.25
86,189,2.27
86,190,2.27
86,191,2.94
86,192,3.57
86,193,2.94
86,194,3.13
86,195,2.38
86,196,5.56
86,197,3.85
86,198,10
86,199,2
86,200,2.5
86,201,3.57
86,202,2.63
86,203,2.27
86,204,8.33
86,205,2
86,206,2.78
86,207,2.78
86,208,4.17
86,209,2.17
86,210,4.17
86,211,4.55
86,212,5
86,213,4.55
86,214,7.14
86,215,5
86,216,5.56
86,217,2.94
86,218,10
86,219,3.85
86,220,10
86,221,4.17
86,222,8.33
86,223,2.78
86,224,3.57
86,225,2.08
86,226,2.63
86,227,2.78
86,228,3.33
86,229,5
86,230,2.94
86,231,7.14
86,232,5
86,233,2.5
86,234,3.13
86,235,5
86,236,2.63
86,237,8.33
86,238,8.33
86,239,5
86,240,3.85
86,241,5
86,242,2.38
86,243,4.17
86,244,10
86,245,2.38
86,246,5.56
86,247,8.33
86,248,6.25
86,249,5
86,250,3.57
86,251,2.38
86,252,2.5
86,253,2.5
86,254,8.33
86,255,2.38
86,256,2.94
86,257,8.33
86,258,2.38
86,259,3.33
86,260,5
86,261,3.33
86,262,2
86,263,5.56
86,264,2.38
86,265,5.56
86,266,2.17
86,267,2.27
86,268,3.85
86,269,5
86,270,10
86,271,5.56
86,272,2.5
86,273,3.85
86,274,8.33
86,275,2.27
86,276,3.57
86,277,3.13
86,278,2.17
86,279,3.13
86,280,3.85
86,281,2.38
86,282,4.55
86,283,3.33
86,284,7.14
86,285,4.55
86,286,3.13
86,287,2.78
86,288,2.5
86,289,3.13
86,290,2
86,291,2.27
86,292,6.25
86,293,3.57
86,294,3.85
86,295,2.78
86,296,2.5
86,297,2.5
86,298,2.94
86,299,10
86,300,6.25
86,301,2.94
86,302,2.5
86,303,2
86,304,5
86,305,5.56
86,306,2.27
86,307,10
86,308,2.94
86,309,2.17
86,310,4.17
86,311,6.25
86,312,3.13
86,313,2.17
86,314,10
86,315,2.63
86,316,2.38
86,317,2.08
86,318,6.25
86,319,2.38
86,320,3.85
86,321,3.13
86,322,3.13
86,323,3.57
86,324,2.08
86,325,2.63
86,326,2.17
86,327,5
86,328,3.85
86,329,2.5
86,330,2.78
86,331,3.33
86,332,3.57
86,333,5.56
86,334,2.08
86,335,2.5
86,336,5
86,337,7.14
86,338,2.5
86,339,3.33
86,340,2.94
86,341,2
86,342,3.33
86,343,2.38
86,344,5.56
86,345,4.17
86,346,2.17
86,347,7.14
86,348,3.85
86,349,2
86,350,3.85
86,351,5.56
86,352,2
86,353,2.17
86,354,3.85
86,355,2.5
86,356,7.14
86,357,4.17
86,358,2.27
86,359,2.94
86,360,3.33
86,361,2.27
86,362,2.94
86,363,3.85
86,364,2.5
86,365,6.25
86,366,10
86,367,3.57
86,368,2.27
86,369,4.17
86,370,2.5
86,371,7.14
86,372,2.27
86,373,5.56
86,374,2.27
86,375,4.17
86,376,3.57
86,377,2.78
86,378,2.5
86,379,10
86,380,6.25
86,381,10
86,382,3.85
86,383,5
86,384,2.94
86,385,8.33
86,386,2.08
86,387,4.17
86,388,2.08
86,389,3.85
86,390,8.33
86,391,2.5
86,392,3.85
86,393,5.56
86,394,3.57
86,395,2.5
86,396,2.08
86,397,2
86,398,4.17
86,399,5
86,400,3.57
86,401,3.33
86,402,8.33
86,403,2.94
86,404,2.27
86,405,3.13
86,406,2.27
86,407,5.56
86,408,6.25
86,409,10
86,410,2
86,411,4.17
86,412,2.08
86,413,5
86,414,2.17
86,415,10
86,416,3.33
86,417,5
86,418,2.78
86,419,2.38
86,420,2.27
86,421,4.55
86,422,2.94
86,423,2.38
86,424,2.94
86,425,2.5
86,426,2.38
86,427,8.33
86,428,8.33
86,429,10
86,430,2.94
86,431,2.63
86,432,2.63
86,433,4.17
86,434,2.63
86,435,2.63
86,436,2.38
86,437,2.78
86,438,2.63
86,439,10
86,440,2
86,441,2.17
86,442,3.13
86,443,3.57
86,444,3.85
86,445,3.33
86,446,4.55
86,447,5
86,448,6.25
86,449,3.13
86,450,3.57
86,451,6.25
86,452,8.33
86,453,4.17
86,454,3.57
86,455,3.85
86,456,2
86,457,3.85
86,458,3.33
86,459,10
86,460,4.55
86,461,3.57
86,462,5
86,463,3.85
86,464,10
86,465,2.08
86,466,2
86,467,2.08
86,468,5.56
86,469,2.78
86,470,5.56
86,471,4.55
86,472,2.08
86,473,3.33
86,474,2.78
86,475,2.78
86,476,2.08
86,477,8.33
86,478,6.25
86,479,4.55
86,480,2.17
86,481,10
86,482,2.5
86,483,4.55
86,484,2.94
86,485,3.57
86,486,4.17
86,487,3.13
86,488,3.57
86,489,5
86,490,2.78
86,491,5.56
86,492,10
86,493,7.14
86,494,3.13
86,495,3.13
86,496,6.25
86,497,2.08
86,498,2.38
86,499,2.27
86,500,2.17
87,1,2.27
87,2,2.63
87,3,2.27
87,4,4.55
87,5,2
87,6,2.5
87,7,3.13
87,8,6.25
87,9,2.5
87,10,2.08
87,11,5.56
87,12,4.55
87,13,4.17
87,14,2.78
87,15,2.27
87,16,2.08
87,17,7.14
87,18,2.38
87,19,6.25
87,20,3.85
87,21,4.17
87,22,7.14
87,23,3.57
87,24,5
87,25,7.14
87,26,5
87,27,2.08
87,28,3.33
87,29,10
87,30,5
87,31,2.5
87,32,2.08
87,33,2.5
87,34,2.17
87,35,3.33
87,36,2.78
87,37,6.25
87,38,10
87,39,3.85
87,40,8.33
87,41,3.57
87,42,2
87,43,3.13
87,44,3.57
87,45,5.56
87,46,2.5
87,47,5
87,48,2.08
87,49,8.33
87,50,2.08
87,51,4.17
87,52,2.38
87,53,5.56
87,54,4.55
87,55,5
87,56,2.5
87,57,2.63
87,58,4.55
87,59,8.33
87,60,4.55
87,61,2.17
87,62,4.55
87,63,5
87,64,3.13
87,65,4.17
87,66,5.56
87,67,2.63
87,68,3.57
87,69,2.08
87,70,2.27
87,71,7.14
87,72,2
87,73,3.13
87,74,2.17
87,75,4.55
87,76,2.08
87,77,3.85
87,78,3.85
87,79,2.08
87,80,2.78
87,81,2.94
87,82,3.85
87,83,2.17
87,84,5.56
87,85,2.78
87,86,2.5
87,87,10
87,88,3.85
87,89,2.17
87,90,3.57
87,91,3.33
87,92,2
87,93,5
87,94,7.14
87,95,3.57
87,96,10
87,97,4.55
87,98,2.17
87,99,2.17
87,100,2.94
87,101,2.27
87,102,2.38
87,103,2.27
87,104,2.08
87,105,2
87,106,8.33
87,107,7.14
87,108,2.08
87,109,2.78
87,110,6.25
87,111,2.27
87,112,5.56
87,113,8.33
87,114,2
87,115,2.63
87,116,2
87,117,2.78
87,118,5
87,119,2.27
87,120,2.17
87,121,8.33
87,122,4.17
87,123,10
87,124,6.25
87,125,7.14
87,126,10
87,127,5
87,128,3.33
87,129,2.94
87,130,3.33
87,131,7.14
87,132,5.56
87,133,2.17
87,134,2
87,135,2.5
87,136,2.78
87,137,2.27
87,138,5
87,139,3.13
87,140,7.14
87,141,4.55
87,142,7.14
87,143,2.27
87,144,3.85
87,145,6.25
87,146,8.33
87,147,2.17
87,148,2
87,149,2.38
87,150,5.56
87,151,2.5
87,152,2.94
87,153,7.14
87,154,10
87,155,5
87,156,2.94
87,157,4.17
87,158,2.08
87,159,2.17
87,160,8.33
87,161,2.63
87,162,2.94
87,163,6.25
87,164,5.56
87,165,5.56
87,166,3.33
87,167,2.94
87,168,2.17
87,169,2.78
87,170,3.57
87,171,2.94
87,172,2.5
87,173,2.94
87,174,2.63
87,175,4.17
87,176,5
87,177,4.17
87,178,4.55
87,179,6.25
87,180,6.25
87,181,2.94
87,182,10
87,183,4.17
87,184,2.94
87,185,8.33
87,186,2
87,187,7.14
87,188,2.27
87,189,8.33
87,190,6.25
87,191,4.17
87,192,2.5
87,193,2.08
87,194,2.78
87,195,3.33
87,196,4.55
87,197,6.25
87,198,7.14
87,199,4.55
87,200,4.55
87,201,4.55
87,202,2
87,203,2.94
87,204,5
87,205,3.57
87,206,5
87,207,5
87,208,2.27
87,209,3.85
87,210,4.55
87,211,2.78
87,212,10
87,213,2
87,214,7.14
87,215,7.14
87,216,3.57
87,217,5.56
87,218,2.27
87,219,3.13
87,220,2.78
87,221,3.13
87,222,2.94
87,223,2
87,224,3.33
87,225,3.33
87,226,3.33
87,227,5
87,228,5
87,229,4.17
87,230,2.5
87,231,4.55
87,232,3.33
87,233,3.13
87,234,2.94
87,235,2.63
87,236,4.17
87,237,2.38
87,238,4.55
87,239,5
87,240,3.13
87,241,2
87,242,4.55
87,243,3.85
87,244,2.17
87,245,10
87,246,10
87,247,2.08
87,248,2.08
87,249,2.08
87,250,2.5
87,251,2.38
87,252,3.85
87,253,6.25
87,254,2.78
87,255,5.56
87,256,8.33
87,257,5.56
87,258,3.85
87,259,3.85
87,260,10
87,261,10
87,262,2.78
87,263,5
87,264,2.78
87,265,2.63
87,266,3.33
87,267,3.13
87,268,4.55
87,269,2
87,270,2.5
87,271,7.14
87,272,2.63
87,273,4.55
87,274,2
87,275,2.38
87,276,4.17
87,277,10
87,278,5
87,279,6.25
87,280,5.56
87,281,5.56
87,282,2.27
87,283,2.08
87,284,5
87,285,5
87,286,3.13
87,287,5.56
87,288,2
87,289,4.55
87,290,2.63
87,291,2
87,292,8.33
87,293,3.13
87,294,2.17
87,295,2.94
87,296,2.94
87,297,4.17
87,298,2.17
87,299,4.17
87,300,2.38
87,301,3.57
87,302,2.5
87,303,2.63
87,304,3.33
87,305,4.17
87,306,10
87,307,4.55
87,308,4.55
87,309,4.17
87,310,4.17
87,311,2.38
87,312,7.14
87,313,4.55
87,314,4.55
87,315,3.33
87,316,3.33
87,317,2
87,318,4.17
87,319,8.33
87,320,2.94
87,321,4.55
87,322,3.85
87,323,2.94
87,324,6.25
87,325,5.56
87,326,2.94
87,327,2.78
87,328,2.78
87,329,3.85
87,330,3.85
87,331,4.55
87,332,5.56
87,333,10
87,334,3.57
87,335,2.5
87,336,3.85
87,337,3.57
87,338,4.55
87,339,2.94
87,340,3.85
87,341,2.94
87,342,10
87,343,8.33
87,344,2.94
87,345,3.57
87,346,5.56
87,347,3.13
87,348,3.33
87,349,5
87,350,3.13
87,351,8.33
87,352,5.56
87,353,3.13
87,354,2.38
87,355,7.14
87,356,4.55
87,357,3.57
87,358,4.55
87,359,3.85
87,360,2.38
87,361,8.33
87,362,2.94
87,363,3.33
87,364,3.57
87,365,3.33
87,366,2.17
87,367,2.27
87,368,2.08
87,369,5.56
87,370,2.63
87,371,5
87,372,5
87,373,2.63
87,374,3.57
87,375,2.38
87,376,2.27
87,377,4.55
87,378,2.94
87,379,2.17
87,380,3.57
87,381,3.85
87,382,2.38
87,383,2
87,384,8.33
87,385,3.13
87,386,3.57
87,387,2.78
87,388,3.13
87,389,2.63
87,390,2
87,391,2.5
87,392,6.25
87,393,2.63
87,394,4.17
87,395,7.14
87,396,2.38
87,397,2.63
87,398,3.57
87,399,2.5
87,400,3.85
87,401,4.55
87,402,3.85
87,403,3.13
87,404,5.56
87,405,2.78
87,406,2.63
87,407,5
87,408,6.25
87,409,3.33
87,410,2.94
87,411,4.17
87,412,6.25
87,413,7.14
87,414,4.55
87,415,3.13
87,416,2.27
87,417,3.33
87,418,5
87,419,2.38
87,420,5
87,421,3.33
87,422,2
87,423,4.55
87,424,4.55
87,425,2.94
87,426,7.14
87,427,2.17
87,428,3.33
87,429,3.13
87,430,5.56
87,431,7.14
87,432,2.17
87,433,2.5
87,434,10
87,435,3.33
87,436,4.17
87,437,2.38
87,438,3.57
87,439,4.55
87,440,5.56
87,441,10
87,442,2
87,443,10
87,444,2.63
87,445,3.33
87,446,2.08
87,447,6.25
87,448,3.33
87,449,3.85
87,450,3.57
87,451,2.78
87,452,2.38
87,453,2
87,454,4.55
87,455,2
87,456,4.17
87,457,2.17
87,458,4.55
87,459,5.56
87,460,2.94
87,461,2
87,462,4.55
87,463,2
87,464,2.78
87,465,4.55
87,466,2.38
87,467,2.78
87,468,2.27
87,469,7.14
87,470,6.25
87,471,2.08
87,472,2.94
87,473,5
87,474,2.08
87,475,2.08
87,476,2.5
87,477,2.17
87,478,2.5
87,479,4.55
87,480,5
87,481,2.63
87,482,3.13
87,483,2.5
87,484,2.94
87,485,2.63
87,486,2.63
87,487,8.33
87,488,10
87,489,7.14
87,490,8.33
87,491,2.38
87,492,2.94
87,493,2.94
87,494,5
87,495,3.85
87,496,5
87,497,3.13
87,498,4.17
87,499,4.17
87,500,2.27
88,1,2
88,2,2.27
88,3,4.17
88,4,5.56
88,5,2.94
88,6,2.17
88,7,3.57
88,8,2.78
88,9,4.17
88,10,7.14
88,11,6.25
88,12,2.08
88,13,5
88,14,4.17
88,15,2.38
88,16,8.33
88,17,5
88,18,2.78
88,19,2
88,20,5.56
88,21,2.5
88,22,2.27
88,23,4.55
88,24,4.55
88,25,6.25
88,26,2.08
88,27,5.56
88,28,2.78
88,29,2.63
88,30,4.17
88,31,2.94
88,32,2.38
88,33,5
88,34,5
88,35,3.57
88,36,3.85
88,37,5.56
88,38,2.27
88,39,10
88,40,2.08
88,41,6.25
88,42,2.78
88,43,6.25
88,44,5.56
88,45,2
88,46,2
88,47,7.14
88,48,2.08
88,49,3.57
88,50,2.08
88,51,6.25
88,52,8.33
88,53,3.85
88,54,6.25
88,55,8.33
88,56,2.63
88,57,5
88,58,6.25
88,59,7.14
88,60,6.25
88,61,2.94
88,62,2.78
88,63,2.94
88,64,2
88,65,5.56
88,66,3.13
88,67,6.25
88,68,2.08
88,69,3.13
88,70,5.56
88,71,6.25
88,72,2.94
88,73,2.27
88,74,3.57
88,75,3.57
88,76,7.14
88,77,3.33
88,78,2
88,79,2.78
88,80,3.13
88,81,10
88,82,7.14
88,83,3.85
88,84,2.5
88,85,3.33
88,86,8.33
88,87,10
88,88,2.63
88,89,6.25
88,90,5.56
88,91,3.57
88,92,7.14
88,93,2.63
88,94,6.25
88,95,2.38
88,96,2.5
88,97,3.13
88,98,4.17
88,99,5.56
88,100,2.94
88,101,2.08
88,102,2.27
88,103,2.08
88,104,7.14
88,105,3.13
88,106,4.17
88,107,5.56
88,108,2.78
88,109,5
88,110,4.55
88,111,7.14
88,112,2.17
88,113,2.5
88,114,3.13
88,115,8.33
88,116,2.94
88,117,7.14
88,118,2.63
88,119,2.63
88,120,2.94
88,121,4.55
88,122,10
88,123,2.27
88,124,2.08
88,125,4.17
88,126,3.13
88,127,10
88,128,2.27
88,129,2.08
88,130,8.33
88,131,3.85
88,132,4.17
88,133,2.5
88,134,2.94
88,135,3.13
88,136,2.27
88,137,3.13
88,138,2
88,139,3.33
88,140,2.17
88,141,2.63
88,142,6.25
88,143,2.78
88,144,2.94
88,145,7.14
88,146,6.25
88,147,3.33
88,148,2.78
88,149,6.25
88,150,2.5
88,151,4.17
88,152,2.17
88,153,2.94
88,154,7.14
88,155,3.85
88,156,2.5
88,157,2.17
88,158,2.17
88,159,10
88,160,2.78
88,161,2.5
88,162,6.25
88,163,5.56
88,164,8.33
88,165,6.25
88,166,8.33
88,167,3.57
88,168,3.13
88,169,4.17
88,170,7.14
88,171,2.63
88,172,8.33
88,173,5.56
88,174,2.17
88,175,4.17
88,176,2
88,177,2.17
88,178,2.5
88,179,5
88,180,3.13
88,181,2.94
88,182,3.13
88,183,5.56
88,184,3.13
88,185,2.38
88,186,4.17
88,187,6.25
88,188,3.13
88,189,2.08
88,190,4.55
88,191,2.63
88,192,6.25
88,193,2
88,194,2.78
88,195,2.17
88,196,3.57
88,197,4.55
88,198,5
88,199,3.57
88,200,10
88,201,2.63
88,202,5
88,203,3.57
88,204,3.13
88,205,4.17
88,206,2.63
88,207,3.33
88,208,3.57
88,209,2.17
88,210,2.5
88,211,3.85
88,212,2.27
88,213,5
88,214,3.33
88,215,2.17
88,216,10
88,217,3.13
88,218,2.27
88,219,2.08
88,220,6.25
88,221,2.63
88,222,2.38
88,223,4.55
88,224,2.78
88,225,2.38
88,226,3.57
88,227,2.5
88,228,3.85
88,229,3.33
88,230,2.94
88,231,3.57
88,232,2.94
88,233,5.56
88,234,7.14
88,235,5
88,236,2.78
88,237,3.13
88,238,2.5
88,239,4.17
88,240,2.08
88,241,3.85
88,242,4.55
88,243,5.56
88,244,10
88,245,2.27
88,246,3.13
88,247,6.25
88,248,4.17
88,249,7.14
88,250,6.25
88,251,3.85
88,252,6.25
88,253,10
88,254,2.27
88,255,2.78
88,256,10
88,257,2
88,258,7.14
88,259,3.33
88,260,5.56
88,261,2.94
88,262,2.63
88,263,2.94
88,264,5
88,265,3.13
88,266,8.33
88,267,3.13
88,268,2.27
88,269,8.33
88,270,8.33
88,271,2.94
88,272,4.17
88,273,3.13
88,274,10
88,275,3.33
88,276,5.56
88,277,2.5
88,278,2
88,279,4.17
88,280,5.56
88,281,2.78
88,282,3.13
88,283,2.5
88,284,2.63
88,285,2
88,286,5
88,287,2.27
88,288,3.85
88,289,2.5
88,290,8.33
88,291,3.33
88,292,2.38
88,293,4.17
88,294,2.63
88,295,3.85
88,296,5.56
88,297,8.33
88,298,2.78
88,299,2.27
88,300,5
88,301,6.25
88,302,2
88,303,2.94
88,304,2.78
88,305,3.33
88,306,2.27
88,307,5
88,308,2.5
88,309,3.85
88,310,2.17
88,311,2.94
88,312,10
88,313,3.13
88,314,2.5
88,315,4.55
88,316,2.17
88,317,3.57
88,318,4.55
88,319,4.55
88,320,4.17
88,321,2.63
88,322,2.27
88,323,3.13
88,324,2.27
88,325,5
88,326,10
88,327,5
88,328,6.25
88,329,6.25
88,330,2
88,331,4.55
88,332,3.57
88,333,2.17
88,334,3.57
88,335,5.56
88,336,2.78
88,337,8.33
88,338,2.5
88,339,5
88,340,2.78
88,341,2.63
88,342,7.14
88,343,8.33
88,344,10
88,345,2
88,346,5
88,347,2.63
88,348,2
88,349,5
88,350,2.5
88,351,5
88,352,5.56
88,353,2.17
88,354,2.27
88,355,3.85
88,356,3.33
88,357,5
88,358,3.33
88,359,8.33
88,360,2.38
88,361,2.17
88,362,2.17
88,363,2
88,364,2.17
88,365,6.25
88,366,3.57
88,367,4.17
88,368,5.56
88,369,7.14
88,370,2.17
88,371,5
88,372,2.38
88,373,2
88,374,10
88,375,7.14
88,376,4.55
88,377,10
88,378,8.33
88,379,3.85
88,380,3.57
88,381,5.56
88,382,4.55
88,383,4.55
88,384,2.5
88,385,2.5
88,386,2.08
88,387,2.38
88,388,2.38
88,389,2.5
88,390,2.17
88,391,7.14
88,392,3.57
88,393,2.27
88,394,2.27
88,395,4.17
88,396,2.38
88,397,2
88,398,3.57
88,399,3.57
88,400,2.08
88,401,2.94
88,402,4.55
88,403,2.5
88,404,10
88,405,2.94
88,406,2.5
88,407,2.38
88,408,4.17
88,409,2.08
88,410,2.08
88,411,10
88,412,2.17
88,413,5
88,414,2.94
88,415,2.78
88,416,4.55
88,417,2.17
88,418,5
88,419,2.5
88,420,6.25
88,421,2.94
88,422,8.33
88,423,4.55
88,424,2.38
88,425,2.78
88,426,4.17
88,427,2.08
88,428,3.13
88,429,5
88,430,7.14
88,431,3.13
88,432,6.25
88,433,2.94
88,434,4.55
88,435,4.17
88,436,2.78
88,437,2.78
88,438,8.33
88,439,4.55
88,440,3.85
88,441,2.78
88,442,3.13
88,443,4.17
88,444,4.17
88,445,2.78
88,446,2.78
88,447,2.5
88,448,5.56
88,449,10
88,450,10
88,451,3.33
88,452,8.33
88,453,3.57
88,454,8.33
88,455,2.08
88,456,2.78
88,457,7.14
88,458,3.85
88,459,3.33
88,460,6.25
88,461,3.13
88,462,7.14
88,463,6.25
88,464,5.56
88,465,7.14
88,466,2.78
88,467,4.17
88,468,2.27
88,469,2.78
88,470,2
88,471,7.14
88,472,5
88,473,2.27
88,474,2.38
88,475,3.33
88,476,8.33
88,477,3.13
88,478,5
88,479,4.17
88,480,6.25
88,481,2.08
88,482,10
88,483,7.14
88,484,5.56
88,485,6.25
88,486,4.55
88,487,3.13
88,488,3.85
88,489,2
88,490,8.33
88,491,2
88,492,2.63
88,493,2.27
88,494,10
88,495,4.17
88,496,3.57
88,497,2.94
88,498,6.25
88,499,3.33
88,500,2.17
89,1,10
89,2,4.17
89,3,2.94
89,4,2
89,5,2.08
89,6,3.33
89,7,2.17
89,8,2.5
89,9,4.17
89,10,4.17
89,11,2.38
89,12,4.55
89,13,3.85
89,14,2
89,15,3.33
89,16,5.56
89,17,2.94
89,18,2.27
89,19,2.63
89,20,2.94
89,21,4.17
89,22,2
89,23,2.63
89,24,2
89,25,2.38
89,26,3.85
89,27,2.63
89,28,2.08
89,29,10
89,30,2.38
89,31,2.5
89,32,2.27
89,33,7.14
89,34,2.08
89,35,3.13
89,36,3.13
89,37,4.55
89,38,3.85
89,39,2.08
89,40,6.25
89,41,8.33
89,42,7.14
89,43,3.57
89,44,2.08
89,45,2.63
89,46,3.85
89,47,5.56
89,48,5
89,49,5
89,50,2.94
89,51,2.27
89,52,10
89,53,3.33
89,54,3.33
89,55,5
89,56,2
89,57,7.14
89,58,4.17
89,59,3.85
89,60,2
89,61,2.27
89,62,10
89,63,6.25
89,64,2.94
89,65,5.56
89,66,4.55
89,67,3.85
89,68,5.56
89,69,2.94
89,70,5.56
89,71,2.17
89,72,4.17
89,73,3.33
89,74,4.55
89,75,3.85
89,76,10
89,77,3.57
89,78,7.14
89,79,2.5
89,80,2.08
89,81,6.25
89,82,2
89,83,3.57
89,84,2.27
89,85,2.17
89,86,2.27
89,87,2.5
89,88,2
89,89,2.78
89,90,2.08
89,91,5
89,92,5
89,93,2.94
89,94,4.17
89,95,2.78
89,96,2.78
89,97,5
89,98,7.14
89,99,2.17
89,100,2.63
89,101,2.63
89,102,2.38
89,103,3.85
89,104,2.78
89,105,7.14
89,106,2.94
89,107,4.17
89,108,6.25
89,109,3.13
89,110,2.27
89,111,2
89,112,3.57
89,113,10
89,114,4.17
89,115,10
89,116,10
89,117,3.85
89,118,10
89,119,5.56
89,120,4.17
89,121,10
89,122,3.33
89,123,4.17
89,124,10
89,125,5.56
89,126,2.27
89,127,10
89,128,8.33
89,129,8.33
89,130,4.55
89,131,2.5
89,132,2
89,133,2.38
89,134,2.08
89,135,2.17
89,136,8.33
89,137,2.63
89,138,2.17
89,139,7.14
89,140,5.56
89,141,3.57
89,142,2.08
89,143,8.33
89,144,6.25
89,145,6.25
89,146,7.14
89,147,2.38
89,148,5
89,149,2.94
89,150,2.5
89,151,2.63
89,152,2.08
89,153,2.78
89,154,2.08
89,155,2.63
89,156,4.17
89,157,2.17
89,158,2
89,159,3.85
89,160,2.94
89,161,2.94
89,162,5.56
89,163,2.63
89,164,3.33
89,165,2.27
89,166,2.38
89,167,3.85
89,168,2.17
89,169,6.25
89,170,2.78
89,171,2.17
89,172,5.56
89,173,2.63
89,174,2.5
89,175,3.85
89,176,5.56
89,177,3.57
89,178,3.85
89,179,5
89,180,2.94
89,181,2.27
89,182,3.85
89,183,2.27
89,184,5.56
89,185,6.25
89,186,2.94
89,187,2
89,188,6.25
89,189,2.5
89,190,2.5
89,191,3.85
89,192,3.13
89,193,2.27
89,194,3.57
89,195,2.27
89,196,2.94
89,197,7.14
89,198,2.78
89,199,2
89,200,2.08
89,201,3.85
89,202,5
89,203,2.27
89,204,5.56
89,205,2.5
89,206,10
89,207,2.78
89,208,4.55
89,209,2.78
89,210,3.85
89,211,10
89,212,2.63
89,213,5
89,214,2.17
89,215,4.17
89,216,2.08
89,217,6.25
89,218,3.13
89,219,3.57
89,220,2.78
89,221,3.13
89,222,5.56
89,223,2.94
89,224,2
89,225,3.33
89,226,2.5
89,227,6.25
89,228,2.5
89,229,3.57
89,230,2.5
89,231,2.94
89,232,4.55
89,233,3.57
89,234,4.17
89,235,3.13
89,236,2.08
89,237,6.25
89,238,4.17
89,239,3.85
89,240,2.38
89,241,2.63
89,242,2.78
89,243,8.33
89,244,3.13
89,245,3.13
89,246,4.55
89,247,2.27
89,248,8.33
89,249,2.5
89,250,5
89,251,5
89,252,2.94
89,253,2.08
89,254,10
89,255,2.08
89,256,4.17
89,257,2.78
89,258,3.85
89,259,5
89,260,2
89,261,3.57
89,262,2.17
89,263,2.94
89,264,6.25
89,265,4.17
89,266,4.55
89,267,4.55
89,268,5
89,269,8.33
89,270,3.57
89,271,4.55
89,272,3.33
89,273,4.17
89,274,8.33
89,275,7.14
89,276,7.14
89,277,2.27
89,278,3.57
89,279,2.78
89,280,3.13
89,281,2.63
89,282,2.38
89,283,2.27
89,284,2.94
89,285,2.27
89,286,4.17
89,287,4.17
89,288,2
89,289,5
89,290,2.27
89,291,2.08
89,292,3.85
89,293,7.14
89,294,2.17
89,295,5.56
89,296,3.85
89,297,3.57
89,298,2.27
89,299,2
89,300,4.17
89,301,3.85
89,302,8.33
89,303,2.38
89,304,5
89,305,2.94
89,306,2.63
89,307,10
89,308,2.17
89,309,3.85
89,310,2.17
89,311,2.94
89,312,4.17
89,313,2.08
89,314,3.13
89,315,5.56
89,316,8.33
89,317,3.85
89,318,3.57
89,319,2.78
89,320,10
89,321,5
89,322,8.33
89,323,4.55
89,324,2.17
89,325,2.5
89,326,2.17
89,327,2.17
89,328,3.13
89,329,2.27
89,330,2.08
89,331,2
89,332,3.33
89,333,2.5
89,334,5.56
89,335,3.13
89,336,2.5
89,337,2.27
89,338,2.27
89,339,2.78
89,340,5.56
89,341,2.08
89,342,2.78
89,343,2.27
89,344,2.5
89,345,2.27
89,346,2.08
89,347,5.56
89,348,4.17
89,349,3.57
89,350,2.94
89,351,4.55
89,352,2.27
89,353,5.56
89,354,2.63
89,355,3.57
89,356,3.85
89,357,5
89,358,8.33
89,359,2
89,360,2
89,361,3.57
89,362,2.5
89,363,2.38
89,364,8.33
89,365,7.14
89,366,10
89,367,5
89,368,2.08
89,369,2.78
89,370,5.56
89,371,2.5
89,372,2
89,373,3.33
89,374,3.33
89,375,6.25
89,376,3.57
89,377,2.08
89,378,3.33
89,379,4.55
89,380,3.33
89,381,2.5
89,382,3.13
89,383,7.14
89,384,2.63
89,385,10
89,386,3.33
89,387,6.25
89,388,3.33
89,389,2.78
89,390,4.55
89,391,6.25
89,392,6.25
89,393,3.57
89,394,2.27
89,395,3.57
89,396,4.55
89,397,5
89,398,5.56
89,399,5
89,400,8.33
89,401,4.17
89,402,3.13
89,403,2.63
89,404,2.78
89,405,3.33
89,406,2.08
89,407,8.33
89,408,7.14
89,409,2.08
89,410,4.17
89,411,4.17
89,412,2.94
89,413,5
89,414,2
89,415,3.33
89,416,3.33
89,417,5.56
89,418,7.14
89,419,2.27
89,420,3.57
89,421,10
89,422,2.5
89,423,2.17
89,424,5.56
89,425,2.08
89,426,7.14
89,427,8.33
89,428,2.94
89,429,10
89,430,3.57
89,431,2.94
89,432,5.56
89,433,2.63
89,434,3.33
89,435,6.25
89,436,2.17
89,437,2.27
89,438,2.38
89,439,7.14
89,440,8.33
89,441,2.38
89,442,5.56
89,443,2.5
89,444,2.5
89,445,5
89,446,2.08
89,447,2.5
89,448,2.27
89,449,2.63
89,450,3.33
89,451,2.08
89,452,6.25
89,453,7.14
89,454,2
89,455,2.17
89,456,5.56
89,457,2.27
89,458,2.63
89,459,2.94
89,460,3.57
89,461,5.56
89,462,10
89,463,4.17
89,464,2.5
89,465,3.33
89,466,3.13
89,467,5.56
89,468,3.85
89,469,3.13
89,470,5
89,471,2
89,472,2.08
89,473,2.27
89,474,2.08
89,475,4.55
89,476,5
89,477,2
89,478,3.85
89,479,6.25
89,480,2.08
89,481,4.55
89,482,2.5
89,483,4.55
89,484,2.38
89,485,2.17
89,486,6.25
89,487,5
89,488,2.94
89,489,5
89,490,2
89,491,3.85
89,492,2.94
89,493,2.78
89,494,3.57
89,495,2.38
89,496,4.55
89,497,6.25
89,498,3.85
89,499,3.33
89,500,5.56
90,1,2.17
90,2,4.55
90,3,5.56
90,4,3.85
90,5,3.85
90,6,4.55
90,7,4.55
90,8,2.94
90,9,2.08
90,10,3.85
90,11,2.38
90,12,2
90,13,4.55
90,14,2.94
90,15,2.38
90,16,4.55
90,17,2.17
90,18,6.25
90,19,3.13
90,20,6.25
90,21,3.33
90,22,2
90,23,5
90,24,4.17
90,25,2.38
90,26,4.17
90,27,8.33
90,28,4.17
90,29,3.85
90,30,4.17
90,31,2.17
90,32,10
90,33,2.08
90,34,3.33
90,35,3.33
90,36,2.78
90,37,2
90,38,2.08
90,39,4.55
90,40,6.25
90,41,2.5
90,42,10
90,43,2.78
90,44,3.85
90,45,10
90,46,5.56
90,47,2
90,48,3.57
90,49,5.56
90,50,3.85
90,51,4.55
90,52,3.13
90,53,2
90,54,2.27
90,55,2.5
90,56,2.08
90,57,4.55
90,58,2
90,59,2.78
90,60,2.94
90,61,2.27
90,62,3.33
90,63,2.78
90,64,2.63
90,65,2.17
90,66,5
90,67,2.78
90,68,2.63
90,69,2.27
90,70,2.08
90,71,4.55
90,72,3.33
90,73,2
90,74,2.94
90,75,8.33
90,76,2.08
90,77,3.57
90,78,10
90,79,10
90,80,2.27
90,81,5.56
90,82,2.5
90,83,3.57
90,84,10
90,85,6.25
90,86,2.27
90,87,2
90,88,2.5
90,89,2.94
90,90,2.08
90,91,7.14
90,92,7.14
90,93,2.38
90,94,2.08
90,95,2.17
90,96,2.27
90,97,2.63
90,98,10
90,99,7.14
90,100,5
90,101,2.17
90,102,2.94
90,103,2.38
90,104,2
90,105,8.33
90,106,8.33
90,107,2.63
90,108,3.57
90,109,2.94
90,110,4.55
90,111,2.5
90,112,5.56
90,113,5
90,114,2.78
90,115,2.63
90,116,2.38
90,117,2.94
90,118,2.27
90,119,2.17
90,120,4.55
90,121,2.38
90,122,2.17
90,123,8.33
90,124,3.57
90,125,10
90,126,2.94
90,127,2.27
90,128,2.94
90,129,3.85
90,130,2
90,131,4.17
90,132,3.57
90,133,6.25
90,134,2.38
90,135,4.17
90,136,3.57
90,137,4.55
90,138,5
90,139,2.17
90,140,2.78
90,141,6.25
90,142,2.17
90,143,5
90,144,8.33
90,145,2.38
90,146,2.78
90,147,2.17
90,148,2.08
90,149,3.13
90,150,2.78
90,151,3.13
90,152,2.27
90,153,2.63
90,154,2.78
90,155,5.56
90,156,2.5
90,157,2
90,158,2.17
90,159,2.17
90,160,3.33
90,161,8.33
90,162,4.55
90,163,6.25
90,164,8.33
90,165,3.57
90,166,4.55
90,167,3.57
90,168,7.14
90,169,3.13
90,170,3.13
90,171,3.57
90,172,6.25
90,173,4.17
90,174,2.63
90,175,3.57
90,176,3.85
90,177,7.14
90,178,2
90,179,5
90,180,2
90,181,2.17
90,182,5.56
90,183,7.14
90,184,2.78
90,185,4.17
90,186,2
90,187,3.85
90,188,2.17
90,189,2.17
90,190,4.17
90,191,3.57
90,192,5
90,193,3.57
90,194,6.25
90,195,7.14
90,196,2.38
90,197,8.33
90,198,2.27
90,199,3.33
90,200,5.56
90,201,2.78
90,202,3.57
90,203,4.55
90,204,2.63
90,205,2.5
90,206,10
90,207,3.33
90,208,2.94
90,209,3.33
90,210,5.56
90,211,5.56
90,212,2.63
90,213,5
90,214,2.17
90,215,3.13
90,216,2.5
90,217,4.55
90,218,2.27
90,219,7.14
90,220,6.25
90,221,6.25
90,222,2.38
90,223,3.33
90,224,6.25
90,225,5.56
90,226,2.17
90,227,2.63
90,228,2.78
90,229,3.57
90,230,5
90,231,2.38
90,232,4.55
90,233,5
90,234,2.5
90,235,2.17
90,236,8.33
90,237,2.27
90,238,7.14
90,239,3.57
90,240,5
90,241,6.25
90,242,8.33
90,243,3.57
90,244,4.55
90,245,2.27
90,246,2.27
90,247,2
90,248,5
90,249,8.33
90,250,4.55
90,251,4.17
90,252,2.27
90,253,3.13
90,254,7.14
90,255,3.33
90,256,3.33
90,257,4.17
90,258,2.63
90,259,5.56
90,260,3.13
90,261,3.85
90,262,3.13
90,263,2.94
90,264,3.85
90,265,3.13
90,266,2.63
90,267,3.57
90,268,5
90,269,3.85
90,270,3.13
90,271,3.57
90,272,2.08
90,273,2.38
90,274,7.14
90,275,4.55
90,276,2.5
90,277,2.78
90,278,8.33
90,279,6.25
90,280,5
90,281,6.25
90,282,4.55
90,283,2.63
90,284,3.85
90,285,2.63
90,286,4.17
90,287,3.57
90,288,2.5
90,289,5.56
90,290,8.33
90,291,2.5
90,292,4.17
90,293,3.13
90,294,2.27
90,295,2.38
90,296,7.14
90,297,5
90,298,5.56
90,299,5.56
90,300,4.55
90,301,2.5
90,302,2.78
90,303,2.27
90,304,3.85
90,305,2.38
90,306,6.25
90,307,2.38
90,308,8.33
90,309,2.38
90,310,8.33
90,311,10
90,312,2.5
90,313,2.78
90,314,3.85
90,315,2.38
90,316,6.25
90,317,2.78
90,318,2.27
90,319,4.55
90,320,4.55
90,321,4.55
90,322,2.5
90,323,8.33
90,324,2
90,325,5
90,326,2.08
90,327,3.85
90,328,2.27
90,329,4.17
90,330,4.55
90,331,2.63
90,332,5.56
90,333,2.27
90,334,3.57
90,335,8.33
90,336,2
90,337,3.33
90,338,2.27
90,339,3.85
90,340,6.25
90,341,6.25
90,342,2.5
90,343,7.14
90,344,6.25
90,345,4.17
90,346,4.17
90,347,4.17
90,348,4.55
90,349,6.25
90,350,4.55
90,351,5.56
90,352,3.85
90,353,4.55
90,354,2.38
90,355,2.27
90,356,2.17
90,357,3.85
90,358,2.63
90,359,5
90,360,2.08
90,361,5
90,362,2.78
90,363,2.94
90,364,5.56
90,365,4.55
90,366,2.5
90,367,2.78
90,368,4.17
90,369,2.5
90,370,10
90,371,2
90,372,4.55
90,373,2.38
90,374,3.33
90,375,2.5
90,376,2.38
90,377,2.08
90,378,5.56
90,379,8.33
90,380,2.94
90,381,2.94
90,382,2.78
90,383,2.78
90,384,10
90,385,10
90,386,2.17
90,387,3.13
90,388,10
90,389,2
90,390,2.78
90,391,2.08
90,392,2.78
90,393,4.55
90,394,2.94
90,395,3.85
90,396,8.33
90,397,2.17
90,398,2.38
90,399,2.27
90,400,2.38
90,401,7.14
90,402,3.13
90,403,2.08
90,404,2.5
90,405,7.14
90,406,8.33
90,407,2.63
90,408,2.5
90,409,2.94
90,410,5
90,411,7.14
90,412,2.17
90,413,2.5
90,414,6.25
90,415,3.85
90,416,2.27
90,417,2.08
90,418,5
90,419,3.57
90,420,5.56
90,421,4.55
90,422,2.94
90,423,2.27
90,424,4.55
90,425,2
90,426,4.55
90,427,3.13
90,428,4.17
90,429,3.85
90,430,3.85
90,431,5.56
90,432,2.17
90,433,4.55
90,434,2.63
90,435,2.27
90,436,2.27
90,437,2.38
90,438,5.56
90,439,2
90,440,3.33
90,441,2.27
90,442,3.13
90,443,3.13
90,444,10
90,445,4.17
90,446,3.85
90,447,3.85
90,448,2.38
90,449,2.27
90,450,2.78
90,451,2.63
90,452,5.56
90,453,8.33
90,454,2.17
90,455,2.08
90,456,2.5
90,457,5
90,458,3.85
90,459,2.5
90,460,2.94
90,461,2.08
90,462,2.27
90,463,3.33
90,464,8.33
90,465,5
90,466,2.5
90,467,2.5
90,468,3.33
90,469,5.56
90,470,5
90,471,7.14
90,472,8.33
90,473,2.38
90,474,3.85
90,475,2.78
90,476,3.13
90,477,2.17
90,478,2.27
90,479,2.38
90,480,2
90,481,3.33
90,482,8.33
90,483,3.13
90,484,2.08
90,485,2.08
90,486,2.08
90,487,2.63
90,488,5
90,489,2.08
90,490,2.17
90,491,2.63
90,492,2.38
90,493,3.13
90,494,7.14
90,495,2.63
90,496,2.27
90,497,10
90,498,2.63
90,499,2
90,500,8.33
91,1,3.33
91,2,2.94
91,3,3.57
91,4,2.78
91,5,2.78
91,6,2.17
91,7,2.94
91,8,4.55
91,9,2.63
91,10,2.27
91,11,2.78
91,12,2
91,13,2.63
91,14,2
91,15,3.57
91,16,8.33
91,17,3.57
91,18,5
91,19,2.5
91,20,10
91,21,2.27
91,22,5.56
91,23,3.85
91,24,2.17
91,25,8.33
91,26,2.63
91,27,3.57
91,28,2.78
91,29,2.17
91,30,2.27
91,31,2.78
91,32,7.14
91,33,10
91,34,6.25
91,35,3.57
91,36,2.08
91,37,2.08
91,38,5.56
91,39,3.33
91,40,2.27
91,41,3.85
91,42,2.78
91,43,2.78
91,44,3.13
91,45,5
91,46,2.17
91,47,2.63
91,48,2.08
91,49,7.14
91,50,2.5
91,51,4.55
91,52,2.27
91,53,3.85
91,54,8.33
91,55,4.17
91,56,8.33
91,57,2.38
91,58,5
91,59,2.63
91,60,3.13
91,61,7.14
91,62,4.17
91,63,2.5
91,64,8.33
91,65,6.25
91,66,2.08
91,67,2.94
91,68,2.63
91,69,7.14
91,70,2.5
91,71,5
91,72,2.63
91,73,6.25
91,74,2.63
91,75,8.33
91,76,2.63
91,77,8.33
91,78,2.17
91,79,2.94
91,80,2.78
91,81,3.33
91,82,6.25
91,83,8.33
91,84,8.33
91,85,10
91,86,5.56
91,87,3.57
91,88,2.78
91,89,10
91,90,3.33
91,91,2.27
91,92,8.33
91,93,2.63
91,94,3.13
91,95,2.5
91,96,2.94
91,97,5
91,98,2.38
91,99,8.33
91,100,2.27
91,101,2.78
91,102,4.17
91,103,2.27
91,104,2.38
91,105,7.14
91,106,2.78
91,107,2.08
91,108,2.5
91,109,3.57
91,110,4.55
91,111,10
91,112,2.94
91,113,2.5
91,114,3.85
91,115,3.57
91,116,4.55
91,117,2.63
91,118,5
91,119,2
91,120,8.33
91,121,2.5
91,122,7.14
91,123,3.13
91,124,2
91,125,2.38
91,126,2
91,127,2.27
91,128,2.5
91,129,2.63
91,130,2.63
91,131,3.33
91,132,2.08
91,133,2.38
91,134,3.85
91,135,2.38
91,136,3.13
91,137,2.17
91,138,6.25
91,139,2
91,140,8.33
91,141,2.78
91,142,7.14
91,143,2.38
91,144,4.55
91,145,3.85
91,146,2.94
91,147,3.13
91,148,2.78
91,149,8.33
91,150,4.55
91,151,5.56
91,152,2.5
91,153,2.27
91,154,5
91,155,2.63
91,156,2
91,157,3.13
91,158,3.85
91,159,2.78
91,160,3.33
91,161,2
91,162,5.56
91,163,4.55
91,164,4.17
91,165,2.5
91,166,3.57
91,167,10
91,168,3.85
91,169,2.63
91,170,6.25
91,171,2.94
91,172,3.13
91,173,2.63
91,174,3.33
91,175,3.13
91,176,2.08
91,177,3.85
91,178,8.33
91,179,2.5
91,180,3.33
91,181,3.13
91,182,2.63
91,183,2.38
91,184,3.85
91,185,3.57
91,186,2.27
91,187,3.85
91,188,10
91,189,2.63
91,190,4.17
91,191,3.57
91,192,10
91,193,3.33
91,194,2.27
91,195,3.57
91,196,6.25
91,197,3.57
91,198,2.94
91,199,2.78
91,200,2.63
91,201,5
91,202,2.27
91,203,7.14
91,204,2.38
91,205,3.85
91,206,2.94
91,207,2.63
91,208,2.63
91,209,4.55
91,210,3.57
91,211,2
91,212,5
91,213,8.33
91,214,2
91,215,2.63
91,216,2.17
91,217,5
91,218,7.14
91,219,6.25
91,220,5
91,221,6.25
91,222,8.33
91,223,3.33
91,224,7.14
91,225,3.13
91,226,3.13
91,227,3.85
91,228,5.56
91,229,2.08
91,230,3.57
91,231,2.27
91,232,5.56
91,233,7.14
91,234,8.33
91,235,2.78
91,236,2.27
91,237,4.17
91,238,4.17
91,239,3.13
91,240,3.13
91,241,2.27
91,242,2.38
91,243,4.55
91,244,2.08
91,245,2.17
91,246,3.57
91,247,5
91,248,3.33
91,249,4.17
91,250,2.78
91,251,2.38
91,252,2.94
91,253,2.17
91,254,2.94
91,255,3.13
91,256,3.13
91,257,2.94
91,258,2.08
91,259,8.33
91,260,7.14
91,261,2.17
91,262,8.33
91,263,5.56
91,264,5
91,265,2.94
91,266,3.85
91,267,2.78
91,268,6.25
91,269,2.08
91,270,2
91,271,3.57
91,272,4.17
91,273,2.27
91,274,2.27
91,275,4.55
91,276,4.17
91,277,2.63
91,278,6.25
91,279,3.85
91,280,2.27
91,281,4.55
91,282,3.85
91,283,3.57
91,284,2.78
91,285,2.27
91,286,3.85
91,287,2.08
91,288,3.13
91,289,3.85
91,290,3.57
91,291,7.14
91,292,2
91,293,2.5
91,294,4.55
91,295,3.85
91,296,2.27
91,297,2.38
91,298,5.56
91,299,3.85
91,300,3.13
91,301,5.56
91,302,2.78
91,303,2.38
91,304,2
91,305,2.78
91,306,2.78
91,307,5.56
91,308,2.08
91,309,2
91,310,2.08
91,311,2.27
91,312,2.63
91,313,10
91,314,2.38
91,315,5
91,316,2.08
91,317,10
91,318,2.27
91,319,2.27
91,320,2.5
91,321,4.17
91,322,2.38
91,323,10
91,324,7.14
91,325,2.78
91,326,10
91,327,2
91,328,2.27
91,329,7.14
91,330,2.38
91,331,10
91,332,2.5
91,333,6.25
91,334,6.25
91,335,2.38
91,336,3.57
91,337,2.17
91,338,7.14
91,339,2
91,340,6.25
91,341,10
91,342,2.78
91,343,2.17
91,344,2
91,345,5
91,346,3.33
91,347,3.13
91,348,2.94
91,349,3.57
91,350,2.17
91,351,4.55
91,352,4.55
91,353,10
91,354,2.63
91,355,3.57
91,356,2.17
91,357,4.17
91,358,4.17
91,359,7.14
91,360,7.14
91,361,6.25
91,362,3.33
91,363,2.38
91,364,2.27
91,365,2.27
91,366,5.56
91,367,3.33
91,368,5.56
91,369,2.17
91,370,3.33
91,371,2.78
91,372,3.57
91,373,7.14
91,374,6.25
91,375,4.55
91,376,2.94
91,377,2.08
91,378,6.25
91,379,4.55
91,380,4.17
91,381,7.14
91,382,3.57
91,383,5.56
91,384,3.13
91,385,3.13
91,386,3.13
91,387,3.85
91,388,7.14
91,389,4.17
91,390,2.17
91,391,7.14
91,392,4.17
91,393,2.5
91,394,6.25
91,395,7.14
91,396,5.56
91,397,3.13
91,398,2.38
91,399,4.17
91,400,2.17
91,401,8.33
91,402,2.17
91,403,2.17
91,404,3.57
91,405,6.25
91,406,5.56
91,407,10
91,408,5.56
91,409,3.13
91,410,5
91,411,7.14
91,412,2.78
91,413,2.5
91,414,8.33
91,415,7.14
91,416,2.78
91,417,2.17
91,418,2.63
91,419,4.17
91,420,2.08
91,421,2.38
91,422,6.25
91,423,2.5
91,424,4.55
91,425,7.14
91,426,2.78
91,427,2
91,428,3.57
91,429,3.57
91,430,2.5
91,431,3.57
91,432,2.78
91,433,2.27
91,434,2
91,435,3.13
91,436,6.25
91,437,5.56
91,438,3.85
91,439,7.14
91,440,3.33
91,441,3.85
91,442,10
91,443,2.17
91,444,5.56
91,445,2.78
91,446,4.55
91,447,4.55
91,448,4.17
91,449,3.57
91,450,8.33
91,451,2.5
91,452,2.5
91,453,2.08
91,454,4.17
91,455,2.78
91,456,7.14
91,457,2.5
91,458,3.85
91,459,2.27
91,460,3.57
91,461,2.94
91,462,3.13
91,463,7.14
91,464,3.33
91,465,4.55
91,466,2.08
91,467,4.55
91,468,2.63
91,469,7.14
91,470,3.33
91,471,2.38
91,472,2.63
91,473,8.33
91,474,10
91,475,5
91,476,3.33
91,477,3.85
91,478,8.33
91,479,5.56
91,480,4.55
91,481,2.63
91,482,3.57
91,483,2.27
91,484,10
91,485,3.85
91,486,6.25
91,487,4.17
91,488,3.33
91,489,7.14
91,490,4.55
91,491,3.57
91,492,4.55
91,493,4.17
91,494,2
91,495,5
91,496,10
91,497,2.17
91,498,3.33
91,499,5.56
91,500,3.85
92,1,3.85
92,2,2
92,3,2.38
92,4,2.08
92,5,2.38
92,6,4.55
92,7,2.08
92,8,2.17
92,9,3.13
92,10,3.57
92,11,2.5
92,12,5
92,13,5
92,14,2.78
92,15,2.08
92,16,3.33
92,17,5.56
92,18,2.27
92,19,2.5
92,20,3.57
92,21,2.94
92,22,2.94
92,23,2.5
92,24,8.33
92,25,6.25
92,26,3.13
92,27,2.5
92,28,6.25
92,29,2.27
92,30,3.33
92,31,6.25
92,32,2.94
92,33,8.33
92,34,2.27
92,35,4.55
92,36,5
92,37,3.57
92,38,2.17
92,39,2.78
92,40,2
92,41,3.57
92,42,3.57
92,43,3.85
92,44,3.85
92,45,2.5
92,46,2.08
92,47,2.27
92,48,2.78
92,49,2
92,50,2.27
92,51,2.27
92,52,2.94
92,53,2.5
92,54,2.27
92,55,6.25
92,56,2.78
92,57,3.57
92,58,3.85
92,59,4.17
92,60,4.17
92,61,2
92,62,5
92,63,8.33
92,64,2.94
92,65,2.08
92,66,5.56
92,67,3.57
92,68,2.5
92,69,10
92,70,5
92,71,2.94
92,72,3.57
92,73,3.13
92,74,4.17
92,75,8.33
92,76,2.27
92,77,2.17
92,78,10
92,79,3.13
92,80,3.57
92,81,10
92,82,3.57
92,83,4.55
92,84,3.13
92,85,2.08
92,86,2.63
92,87,2.63
92,88,2.38
92,89,2.63
92,90,5.56
92,91,5
92,92,2
92,93,8.33
92,94,5
92,95,4.17
92,96,4.17
92,97,7.14
92,98,3.33
92,99,2.94
92,100,2.78
92,101,4.17
92,102,3.85
92,103,4.17
92,104,2
92,105,3.33
92,106,5.56
92,107,5.56
92,108,8.33
92,109,2.17
92,110,6.25
92,111,3.33
92,112,2.27
92,113,8.33
92,114,2.08
92,115,10
92,116,7.14
92,117,2.08
92,118,2.08
92,119,7.14
92,120,7.14
92,121,10
92,122,4.17
92,123,5.56
92,124,8.33
92,125,3.33
92,126,2.5
92,127,10
92,128,5.56
92,129,4.17
92,130,7.14
92,131,8.33
92,132,2.38
92,133,3.33
92,134,3.13
92,135,3.57
92,136,5.56
92,137,7.14
92,138,2.94
92,139,3.33
92,140,4.17
92,141,2.78
92,142,3.13
92,143,2.78
92,144,5.56
92,145,4.55
92,146,5
92,147,2.63
92,148,8.33
92,149,4.55
92,150,3.57
92,151,7.14
92,152,2.94
92,153,6.25
92,154,5
92,155,3.33
92,156,2
92,157,2.38
92,158,6.25
92,159,2.78
92,160,7.14
92,161,2.38
92,162,3.57
92,163,4.55
92,164,2.78
92,165,8.33
92,166,2.94
92,167,3.85
92,168,3.85
92,169,2.63
92,170,5.56
92,171,3.33
92,172,5
92,173,5.56
92,174,8.33
92,175,2.63
92,176,7.14
92,177,3.85
92,178,5.56
92,179,2.94
92,180,3.33
92,181,3.33
92,182,10
92,183,8.33
92,184,4.17
92,185,10
92,186,7.14
92,187,2.08
92,188,2.38
92,189,2.94
92,190,8.33
92,191,2.5
92,192,2.63
92,193,6.25
92,194,2.08
92,195,4.55
92,196,2.63
92,197,2
92,198,3.57
92,199,3.33
92,200,3.33
92,201,4.55
92,202,10
92,203,5.56
92,204,5
92,205,3.85
92,206,5.56
92,207,2.5
92,208,6.25
92,209,3.13
92,210,2.17
92,211,8.33
92,212,3.33
92,213,5.56
92,214,8.33
92,215,2.17
92,216,3.85
92,217,3.13
92,218,5.56
92,219,10
92,220,2.78
92,221,2
92,222,8.33
92,223,3.13
92,224,7.14
92,225,4.55
92,226,2.38
92,227,2.17
92,228,2.27
92,229,3.13
92,230,4.17
92,231,6.25
92,232,7.14
92,233,2.5
92,234,3.57
92,235,3.33
92,236,3.13
92,237,8.33
92,238,2.17
92,239,2.08
92,240,2.08
92,241,2
92,242,4.17
92,243,2.27
92,244,2.78
92,245,7.14
92,246,3.57
92,247,3.57
92,248,2.27
92,249,2.38
92,250,3.57
92,251,2.38
92,252,2.78
92,253,2.78
92,254,2.38
92,255,5
92,256,4.17
92,257,3.33
92,258,7.14
92,259,2.17
92,260,2.5
92,261,3.33
92,262,4.55
92,263,2
92,264,2.17
92,265,2
92,266,3.57
92,267,3.13
92,268,5
92,269,10
92,270,4.17
92,271,3.57
92,272,3.85
92,273,2.78
92,274,2.63
92,275,4.55
92,276,2.94
92,277,3.33
92,278,7.14
92,279,2.5
92,280,3.33
92,281,2.27
92,282,5
92,283,2
92,284,2.5
92,285,3.85
92,286,5.56
92,287,5
92,288,7.14
92,289,3.85
92,290,2.17
92,291,3.33
92,292,2.17
92,293,3.33
92,294,2.38
92,295,2.5
92,296,2.5
92,297,3.13
92,298,2.27
92,299,2.94
92,300,3.33
92,301,2.38
92,302,2.63
92,303,10
92,304,3.33
92,305,2.17
92,306,2.94
92,307,2.78
92,308,4.17
92,309,4.17
92,310,3.13
92,311,8.33
92,312,2.63
92,313,2.08
92,314,5.56
92,315,2.27
92,316,3.85
92,317,2
92,318,2.27
92,319,2.78
92,320,4.17
92,321,3.57
92,322,3.33
92,323,2.38
92,324,2.94
92,325,2.78
92,326,3.57
92,327,6.25
92,328,4.55
92,329,3.85
92,330,2.78
92,331,3.85
92,332,3.85
92,333,7.14
92,334,4.55
92,335,2.27
92,336,7.14
92,337,3.13
92,338,10
92,339,8.33
92,340,3.33
92,341,3.57
92,342,2
92,343,2.78
92,344,5.56
92,345,2
92,346,3.85
92,347,2.5
92,348,2.38
92,349,3.57
92,350,2.17
92,351,2.5
92,352,3.33
92,353,2.78
92,354,2.94
92,355,2.38
92,356,7.14
92,357,5
92,358,2.38
92,359,2.27
92,360,2.63
92,361,2.27
92,362,4.17
92,363,8.33
92,364,8.33
92,365,2.08
92,366,2.38
92,367,5
92,368,2.78
92,369,2.17
92,370,6.25
92,371,7.14
92,372,2.63
92,373,4.55
92,374,3.57
92,375,3.85
92,376,2.63
92,377,2.08
92,378,2.38
92,379,2.17
92,380,3.85
92,381,3.13
92,382,3.85
92,383,2.38
92,384,2.38
92,385,2.38
92,386,2
92,387,2.5
92,388,6.25
92,389,6.25
92,390,6.25
92,391,7.14
92,392,3.33
92,393,5.56
92,394,3.13
92,395,3.33
92,396,7.14
92,397,3.13
92,398,5.56
92,399,3.85
92,400,2.63
92,401,5
92,402,2.94
92,403,3.13
92,404,5
92,405,2.78
92,406,5.56
92,407,2.63
92,408,7.14
92,409,7.14
92,410,2.08
92,411,2.08
92,412,10
92,413,7.14
92,414,2.94
92,415,2.38
92,416,8.33
92,417,2.27
92,418,3.57
92,419,2.27
92,420,2.78
92,421,4.55
92,422,3.33
92,423,5.56
92,424,3.13
92,425,8.33
92,426,2.17
92,427,2.27
92,428,2.38
92,429,2.08
92,430,4.17
92,431,2.94
92,432,3.13
92,433,3.85
92,434,5
92,435,2
92,436,3.33
92,437,6.25
92,438,2.63
92,439,5
92,440,5
92,441,3.85
92,442,3.13
92,443,7.14
92,444,3.33
92,445,2.38
92,446,2.78
92,447,2.08
92,448,5
92,449,2.08
92,450,2.78
92,451,7.14
92,452,2.27
92,453,3.33
92,454,6.25
92,455,7.14
92,456,5.56
92,457,2.08
92,458,3.33
92,459,3.57
92,460,2
92,461,5
92,462,2.17
92,463,2.78
92,464,2.94
92,465,3.13
92,466,3.57
92,467,3.57
92,468,2.38
92,469,2.63
92,470,2.78
92,471,6.25
92,472,2.27
92,473,2.27
92,474,5.56
92,475,3.85
92,476,2.38
92,477,5
92,478,2.17
92,479,4.17
92,480,3.13
92,481,2.94
92,482,2
92,483,2.78
92,484,6.25
92,485,2.27
92,486,4.55
92,487,3.85
92,488,3.13
92,489,2.17
92,490,2.63
92,491,3.85
92,492,2.63
92,493,8.33
92,494,6.25
92,495,2.94
92,496,8.33
92,497,2.63
92,498,2.63
92,499,2.63
92,500,2.27
93,1,10
93,2,8.33
93,3,3.33
93,4,2.38
93,5,3.33
93,6,2.27
93,7,4.55
93,8,4.17
93,9,2.63
93,10,2.94
93,11,3.33
93,12,2.38
93,13,3.85
93,14,2.38
93,15,8.33
93,16,3.57
93,17,6.25
93,18,2.78
93,19,2.5
93,20,2.78
93,21,2.94
93,22,3.85
93,23,10
93,24,4.55
93,25,2.08
93,26,10
93,27,5.56
93,28,2.38
93,29,2.63
93,30,10
93,31,5
93,32,3.13
93,33,3.57
93,34,2.78
93,35,2.38
93,36,2
93,37,3.33
93,38,8.33
93,39,2.08
93,40,4.17
93,41,3.13
93,42,5
93,43,4.55
93,44,7.14
93,45,6.25
93,46,2.94
93,47,4.17
93,48,2.63
93,49,4.55
93,50,5.56
93,51,5.56
93,52,2.27
93,53,7.14
93,54,6.25
93,55,2.17
93,56,2
93,57,2.08
93,58,2
93,59,3.57
93,60,4.17
93,61,2
93,62,2.27
93,63,7.14
93,64,7.14
93,65,3.33
93,66,7.14
93,67,4.17
93,68,2.38
93,69,2.94
93,70,5.56
93,71,3.13
93,72,2.08
93,73,2.17
93,74,3.85
93,75,2
93,76,10
93,77,2.5
93,78,2.94
93,79,2.17
93,80,2.17
93,81,2.94
93,82,5
93,83,8.33
93,84,3.85
93,85,8.33
93,86,2.78
93,87,2.63
93,88,2.38
93,89,2.63
93,90,2.94
93,91,3.57
93,92,6.25
93,93,2.94
93,94,4.17
93,95,2.63
93,96,6.25
93,97,3.13
93,98,2.94
93,99,3.57
93,100,3.85
93,101,2.08
93,102,5.56
93,103,4.55
93,104,8.33
93,105,4.17
93,106,2.08
93,107,2.38
93,108,3.57
93,109,2.5
93,110,2.17
93,111,5
93,112,5
93,113,10
93,114,2.27
93,115,3.13
93,116,4.17
93,117,5.56
93,118,2.94
93,119,10
93,120,10
93,121,8.33
93,122,2
93,123,2.5
93,124,7.14
93,125,3.85
93,126,2.38
93,127,6.25
93,128,10
93,129,3.57
93,130,2.08
93,131,2.78
93,132,5
93,133,3.13
93,134,2.38
93,135,3.57
93,136,3.57
93,137,3.57
93,138,5.56
93,139,2
93,140,2
93,141,2
93,142,2.27
93,143,2.94
93,144,4.17
93,145,2.94
93,146,5
93,147,2.17
93,148,2.38
93,149,3.33
93,150,2.94
93,151,2.63
93,152,10
93,153,3.57
93,154,3.13
93,155,8.33
93,156,5
93,157,2
93,158,3.57
93,159,7.14
93,160,2.78
93,161,7.14
93,162,2.94
93,163,5.56
93,164,2.94
93,165,5.56
93,166,7.14
93,167,4.17
93,168,3.33
93,169,2.17
93,170,4.17
93,171,10
93,172,10
93,173,3.85
93,174,2.5
93,175,2.78
93,176,3.85
93,177,2.63
93,178,2.38
93,179,5.56
93,180,3.13
93,181,2.08
93,182,10
93,183,10
93,184,10
93,185,2.94
93,186,5.56
93,187,3.85
93,188,2.78
93,189,2
93,190,2
93,191,4.55
93,192,3.13
93,193,2
93,194,2.08
93,195,5.56
93,196,2.94
93,197,4.55
93,198,4.55
93,199,5.56
93,200,2.38
93,201,5
93,202,2.27
93,203,5
93,204,5.56
93,205,2
93,206,10
93,207,8.33
93,208,2.63
93,209,2.5
93,210,2.5
93,211,2.78
93,212,2.63
93,213,2.08
93,214,4.17
93,215,10
93,216,3.13
93,217,3.57
93,218,5.56
93,219,10
93,220,3.13
93,221,3.57
93,222,2.94
93,223,5
93,224,5
93,225,2
93,226,5
93,227,3.33
93,228,3.85
93,229,2.38
93,230,3.33
93,231,2.08
93,232,3.13
93,233,2.63
93,234,2.17
93,235,5.56
93,236,4.17
93,237,2.63
93,238,3.13
93,239,2.5
93,240,4.17
93,241,3.85
93,242,8.33
93,243,2.78
93,244,2.78
93,245,3.33
93,246,5.56
93,247,3.33
93,248,2.08
93,249,3.13
93,250,2
93,251,2.27
93,252,8.33
93,253,7.14
93,254,4.17
93,255,2.94
93,256,3.57
93,257,8.33
93,258,2.17
93,259,2.27
93,260,4.17
93,261,4.17
93,262,2.78
93,263,5.56
93,264,4.55
93,265,7.14
93,266,4.17
93,267,4.55
93,268,2.38
93,269,2.63
93,270,5.56
93,271,2
93,272,2.5
93,273,3.33
93,274,3.85
93,275,4.55
93,276,2.5
93,277,3.57
93,278,10
93,279,2.94
93,280,10
93,281,7.14
93,282,2.38
93,283,8.33
93,284,3.33
93,285,7.14
93,286,2.17
93,287,3.85
93,288,3.85
93,289,2.94
93,290,2.27
93,291,5.56
93,292,4.17
93,293,7.14
93,294,8.33
93,295,2.17
93,296,3.57
93,297,4.55
93,298,2.17
93,299,5
93,300,2
93,301,3.13
93,302,2.63
93,303,3.85
93,304,3.57
93,305,2.38
93,306,10
93,307,3.13
93,308,3.57
93,309,8.33
93,310,7.14
93,311,2.63
93,312,5.56
93,313,2
93,314,3.57
93,315,2.27
93,316,8.33
93,317,10
93,318,2.5
93,319,2.27
93,320,6.25
93,321,10
93,322,2.17
93,323,7.14
93,324,2.5
93,325,2.17
93,326,2.17
93,327,2.94
93,328,5
93,329,7.14
93,330,2.78
93,331,8.33
93,332,6.25
93,333,2.17
93,334,7.14
93,335,5
93,336,8.33
93,337,3.57
93,338,2.78
93,339,2
93,340,2.5
93,341,3.85
93,342,3.13
93,343,2.78
93,344,5.56
93,345,4.55
93,346,4.17
93,347,3.33
93,348,2
93,349,2.78
93,350,6.25
93,351,5.56
93,352,6.25
93,353,2.08
93,354,10
93,355,2.27
93,356,7.14
93,357,4.55
93,358,5.56
93,359,2.17
93,360,2.27
93,361,2.38
93,362,4.17
93,363,10
93,364,3.33
93,365,2.94
93,366,2.27
93,367,3.85
93,368,2.17
93,369,2.78
93,370,2.38
93,371,3.13
93,372,2
93,373,3.85
93,374,8.33
93,375,8.33
93,376,2.27
93,377,5
93,378,10
93,379,2.5
93,380,8.33
93,381,10
93,382,8.33
93,383,2.17
93,384,3.33
93,385,5
93,386,6.25
93,387,7.14
93,388,2.63
93,389,6.25
93,390,10
93,391,2.38
93,392,2.38
93,393,3.57
93,394,3.85
93,395,2.5
93,396,2.78
93,397,6.25
93,398,2
93,399,4.55
93,400,4.55
93,401,3.33
93,402,3.85
93,403,2.78
93,404,8.33
93,405,2.27
93,406,2.78
93,407,8.33
93,408,2.78
93,409,2.5
93,410,2.63
93,411,2.08
93,412,5
93,413,4.17
93,414,2.5
93,415,2.5
93,416,2.08
93,417,2.5
93,418,5
93,419,2.38
93,420,3.13
93,421,2.08
93,422,2.63
93,423,3.85
93,424,4.55
93,425,6.25
93,426,3.85
93,427,2.63
93,428,6.25
93,429,5.56
93,430,10
93,431,4.17
93,432,2.27
93,433,3.57
93,434,2.78
93,435,2.5
93,436,5.56
93,437,2.27
93,438,3.57
93,439,2.94
93,440,6.25
93,441,2.78
93,442,2.5
93,443,3.85
93,444,3.13
93,445,3.57
93,446,3.33
93,447,2.08
93,448,2.17
93,449,2.38
93,450,3.85
93,451,10
93,452,5
93,453,2.08
93,454,2.17
93,455,2.78
93,456,4.55
93,457,5.56
93,458,2.08
93,459,3.57
93,460,2
93,461,2.94
93,462,2.27
93,463,2.5
93,464,2.27
93,465,2.08
93,466,3.33
93,467,3.57
93,468,2.5
93,469,3.85
93,470,3.85
93,471,6.25
93,472,2.63
93,473,5
93,474,3.33
93,475,10
93,476,10
93,477,2.5
93,478,2.63
93,479,2.63
93,480,2.17
93,481,4.17
93,482,10
93,483,2.08
93,484,2.5
93,485,5
93,486,3.85
93,487,4.17
93,488,7.14
93,489,3.33
93,490,2.63
93,491,4.17
93,492,7.14
93,493,3.13
93,494,2.94
93,495,2.27
93,496,2.5
93,497,2.63
93,498,8.33
93,499,4.17
93,500,2.08
94,1,10
94,2,2.5
94,3,7.14
94,4,7.14
94,5,2.17
94,6,2.63
94,7,7.14
94,8,3.57
94,9,3.57
94,10,2.17
94,11,4.17
94,12,3.85
94,13,5.56
94,14,7.14
94,15,8.33
94,16,2.17
94,17,2.17
94,18,8.33
94,19,10
94,20,2.08
94,21,6.25
94,22,7.14
94,23,2.38
94,24,5
94,25,10
94,26,5
94,27,2.27
94,28,3.85
94,29,2.08
94,30,2.38
94,31,3.13
94,32,2.78
94,33,2.63
94,34,2.17
94,35,8.33
94,36,2
94,37,3.13
94,38,5.56
94,39,3.57
94,40,3.57
94,41,2.17
94,42,2.08
94,43,2.17
94,44,2.78
94,45,5
94,46,7.14
94,47,2.5
94,48,2.78
94,49,3.57
94,50,3.33
94,51,3.33
94,52,5
94,53,3.33
94,54,2.5
94,55,2.63
94,56,3.33
94,57,5
94,58,4.55
94,59,3.57
94,60,2.08
94,61,3.85
94,62,4.17
94,63,3.85
94,64,8.33
94,65,4.17
94,66,10
94,67,6.25
94,68,5
94,69,2.5
94,70,4.17
94,71,2.63
94,72,3.33
94,73,7.14
94,74,10
94,75,3.85
94,76,2.27
94,77,4.17
94,78,2.94
94,79,2.78
94,80,3.33
94,81,10
94,82,3.33
94,83,2.38
94,84,6.25
94,85,4.17
94,86,4.55
94,87,5
94,88,4.17
94,89,2.5
94,90,3.13
94,91,2.5
94,92,4.17
94,93,3.33
94,94,10
94,95,2.5
94,96,3.57
94,97,4.17
94,98,2.08
94,99,2.27
94,100,3.85
94,101,6.25
94,102,2.27
94,103,5.56
94,104,2.38
94,105,7.14
94,106,3.85
94,107,7.14
94,108,2.5
94,109,4.17
94,110,7.14
94,111,3.85
94,112,7.14
94,113,2
94,114,2.27
94,115,2.94
94,116,3.85
94,117,10
94,118,2.27
94,119,5.56
94,120,2.17
94,121,8.33
94,122,2.94
94,123,4.55
94,124,8.33
94,125,2.27
94,126,3.85
94,127,7.14
94,128,2.17
94,129,8.33
94,130,10
94,131,2.38
94,132,7.14
94,133,2
94,134,7.14
94,135,2.08
94,136,2.94
94,137,2.08
94,138,2.94
94,139,7.14
94,140,2.27
94,141,10
94,142,6.25
94,143,2.17
94,144,4.55
94,145,2.08
94,146,3.13
94,147,3.33
94,148,5
94,149,2.38
94,150,3.33
94,151,4.55
94,152,3.57
94,153,2.27
94,154,2.38
94,155,4.17
94,156,2.08
94,157,3.57
94,158,2.5
94,159,10
94,160,2.78
94,161,2.08
94,162,7.14
94,163,2.94
94,164,2.63
94,165,3.85
94,166,6.25
94,167,4.55
94,168,6.25
94,169,4.17
94,170,7.14
94,171,3.85
94,172,10
94,173,3.33
94,174,2.63
94,175,5.56
94,176,4.17
94,177,6.25
94,178,10
94,179,2.63
94,180,2.78
94,181,3.57
94,182,10
94,183,2.17
94,184,2.63
94,185,3.33
94,186,2.78
94,187,2.94
94,188,2.17
94,189,2.08
94,190,5
94,191,5
94,192,2.08
94,193,2.78
94,194,2
94,195,2.17
94,196,3.85
94,197,4.17
94,198,4.17
94,199,2.08
94,200,2.78
94,201,2.63
94,202,3.85
94,203,2.63
94,204,5
94,205,2
94,206,2
94,207,2
94,208,3.85
94,209,6.25
94,210,3.57
94,211,10
94,212,4.55
94,213,2.78
94,214,10
94,215,2.38
94,216,5
94,217,4.17
94,218,3.33
94,219,5
94,220,2
94,221,2.63
94,222,2.17
94,223,2.78
94,224,2.27
94,225,2.78
94,226,5
94,227,6.25
94,228,2
94,229,10
94,230,4.17
94,231,3.57
94,232,5.56
94,233,3.13
94,234,2.38
94,235,2.38
94,236,2.63
94,237,2
94,238,4.55
94,239,2.08
94,240,3.57
94,241,6.25
94,242,3.85
94,243,2.27
94,244,2.38
94,245,2.5
94,246,5.56
94,247,3.85
94,248,3.57
94,249,3.85
94,250,2.63
94,251,2.27
94,252,3.33
94,253,5
94,254,3.57
94,255,5
94,256,2.38
94,257,2.08
94,258,6.25
94,259,3.13
94,260,8.33
94,261,2.27
94,262,5.56
94,263,2.08
94,264,2.5
94,265,2.08
94,266,2.5
94,267,3.85
94,268,2.38
94,269,10
94,270,6.25
94,271,10
94,272,5.56
94,273,10
94,274,2
94,275,5.56
94,276,2.63
94,277,4.55
94,278,2
94,279,4.17
94,280,2.5
94,281,4.55
94,282,2.27
94,283,8.33
94,284,4.17
94,285,2.38
94,286,4.55
94,287,8.33
94,288,5
94,289,2.78
94,290,5.56
94,291,3.57
94,292,7.14
94,293,5.56
94,294,7.14
94,295,2
94,296,5.56
94,297,4.55
94,298,4.17
94,299,2.94
94,300,2
94,301,2
94,302,7.14
94,303,3.33
94,304,3.13
94,305,8.33
94,306,2.78
94,307,8.33
94,308,4.17
94,309,2.27
94,310,3.85
94,311,2.63
94,312,3.85
94,313,2.27
94,314,2.08
94,315,2.38
94,316,3.85
94,317,2.78
94,318,2.38
94,319,5
94,320,2.08
94,321,2.27
94,322,2.38
94,323,2.63
94,324,6.25
94,325,4.17
94,326,4.55
94,327,3.33
94,328,2.78
94,329,5
94,330,3.57
94,331,10
94,332,2.17
94,333,2
94,334,5
94,335,10
94,336,2.5
94,337,2
94,338,5
94,339,2.78
94,340,4.55
94,341,2.78
94,342,3.57
94,343,2
94,344,5.56
94,345,2
94,346,3.57
94,347,2
94,348,5
94,349,2.5
94,350,2.78
94,351,2
94,352,3.85
94,353,2.08
94,354,3.13
94,355,2.27
94,356,6.25
94,357,2.94
94,358,6.25
94,359,2.08
94,360,4.17
94,361,2.27
94,362,2.08
94,363,5
94,364,2.17
94,365,10
94,366,3.85
94,367,8.33
94,368,5.56
94,369,2.78
94,370,8.33
94,371,2
94,372,2.27
94,373,3.85
94,374,2.94
94,375,7.14
94,376,2.94
94,377,2.17
94,378,2.38
94,379,4.55
94,380,7.14
94,381,3.33
94,382,8.33
94,383,2.63
94,384,3.13
94,385,3.85
94,386,6.25
94,387,2.5
94,388,3.13
94,389,2.08
94,390,2.27
94,391,3.57
94,392,3.85
94,393,5
94,394,2
94,395,10
94,396,2.78
94,397,5.56
94,398,2
94,399,3.85
94,400,2.78
94,401,3.85
94,402,3.57
94,403,2.5
94,404,2.27
94,405,2.17
94,406,2.17
94,407,2.17
94,408,2.78
94,409,2.38
94,410,2.63
94,411,2.27
94,412,3.13
94,413,2.08
94,414,2.5
94,415,3.57
94,416,2.94
94,417,2.94
94,418,2.78
94,419,2.17
94,420,2.38
94,421,2.63
94,422,2.27
94,423,2.08
94,424,3.85
94,425,2.38
94,426,6.25
94,427,6.25
94,428,2.94
94,429,3.13
94,430,2.5
94,431,3.57
94,432,2.63
94,433,2
94,434,2.94
94,435,6.25
94,436,8.33
94,437,2.38
94,438,2.78
94,439,4.55
94,440,4.55
94,441,5.56
94,442,5
94,443,2.94
94,444,2
94,445,2.78
94,446,4.17
94,447,2.27
94,448,7.14
94,449,2.94
94,450,5.56
94,451,7.14
94,452,2.08
94,453,2.08
94,454,2.5
94,455,6.25
94,456,6.25
94,457,2.78
94,458,2.38
94,459,7.14
94,460,2.17
94,461,2.08
94,462,8.33
94,463,3.57
94,464,5
94,465,3.57
94,466,8.33
94,467,6.25
94,468,3.57
94,469,7.14
94,470,4.17
94,471,4.17
94,472,3.13
94,473,6.25
94,474,7.14
94,475,8.33
94,476,3.85
94,477,3.33
94,478,2.17
94,479,2.38
94,480,2.08
94,481,4.55
94,482,2.38
94,483,2.94
94,484,4.55
94,485,3.57
94,486,2.27
94,487,10
94,488,2.27
94,489,2
94,490,7.14
94,491,2.27
94,492,2.5
94,493,5.56
94,494,3.57
94,495,7.14
94,496,2.38
94,497,10
94,498,3.33
94,499,3.13
94,500,4.55
95,1,2.08
95,2,4.17
95,3,7.14
95,4,3.13
95,5,3.33
95,6,2.17
95,7,5.56
95,8,2.63
95,9,2.63
95,10,6.25
95,11,2.27
95,12,4.55
95,13,2.63
95,14,8.33
95,15,4.55
95,16,2.63
95,17,5
95,18,5.56
95,19,6.25
95,20,3.33
95,21,7.14
95,22,2.17
95,23,2.94
95,24,2.94
95,25,2.08
95,26,2.94
95,27,3.13
95,28,2.08
95,29,2.5
95,30,2.94
95,31,2.08
95,32,5.56
95,33,3.33
95,34,2.08
95,35,4.55
95,36,2.78
95,37,2.5
95,38,2.27
95,39,3.57
95,40,2.5
95,41,7.14
95,42,2.38
95,43,7.14
95,44,4.55
95,45,3.57
95,46,2.27
95,47,2.27
95,48,6.25
95,49,5
95,50,2.94
95,51,2.17
95,52,6.25
95,53,2.17
95,54,2
95,55,3.57
95,56,2.38
95,57,5.56
95,58,3.57
95,59,2.38
95,60,5
95,61,2.27
95,62,5
95,63,2.5
95,64,3.13
95,65,2
95,66,3.85
95,67,2.17
95,68,5
95,69,2.38
95,70,2.5
95,71,2.78
95,72,7.14
95,73,2.38
95,74,4.17
95,75,10
95,76,3.85
95,77,5
95,78,2.63
95,79,2.08
95,80,3.33
95,81,7.14
95,82,2.08
95,83,6.25
95,84,5.56
95,85,5.56
95,86,4.17
95,87,3.57
95,88,3.13
95,89,2.08
95,90,3.85
95,91,5.56
95,92,3.33
95,93,2.08
95,94,7.14
95,95,2.94
95,96,3.33
95,97,8.33
95,98,2.5
95,99,5
95,100,2.78
95,101,5
95,102,3.85
95,103,2.17
95,104,10
95,105,2
95,106,2.63
95,107,3.33
95,108,4.55
95,109,5.56
95,110,6.25
95,111,2.5
95,112,2.08
95,113,4.17
95,114,4.55
95,115,8.33
95,116,8.33
95,117,2.78
95,118,2.78
95,119,2.08
95,120,2.94
95,121,6.25
95,122,10
95,123,10
95,124,2.27
95,125,10
95,126,2.27
95,127,3.57
95,128,5.56
95,129,2.78
95,130,2.08
95,131,2.08
95,132,7.14
95,133,4.17
95,134,2.17
95,135,8.33
95,136,4.17
95,137,2.94
95,138,10
95,139,4.17
95,140,2.63
95,141,2.27
95,142,2.27
95,143,3.33
95,144,3.85
95,145,2.08
95,146,2.27
95,147,10
95,148,2.08
95,149,3.57
95,150,10
95,151,10
95,152,2.17
95,153,2.63
95,154,3.85
95,155,3.33
95,156,2.27
95,157,7.14
95,158,6.25
95,159,3.33
95,160,3.57
95,161,3.85
95,162,2.63
95,163,2.27
95,164,6.25
95,165,5
95,166,8.33
95,167,2.94
95,168,5
95,169,6.25
95,170,6.25
95,171,2.5
95,172,6.25
95,173,3.57
95,174,2.38
95,175,7.14
95,176,2.27
95,177,2.08
95,178,3.57
95,179,2.63
95,180,3.57
95,181,5.56
95,182,5
95,183,3.13
95,184,2.38
95,185,3.57
95,186,2.27
95,187,2.38
95,188,2.78
95,189,7.14
95,190,2.94
95,191,2
95,192,2.5
95,193,2.38
95,194,3.85
95,195,10
95,196,2
95,197,2.63
95,198,2
95,199,4.55
95,200,7.14
95,201,2.78
95,202,4.55
95,203,5.56
95,204,4.55
95,205,2.94
95,206,3.57
95,207,10
95,208,3.57
95,209,3.57
95,210,5.56
95,211,2.08
95,212,2.5
95,213,2.08
95,214,7.14
95,215,4.55
95,216,2.27
95,217,3.33
95,218,5
95,219,7.14
95,220,5
95,221,4.55
95,222,7.14
95,223,2.17
95,224,4.17
95,225,5
95,226,2
95,227,5.56
95,228,7.14
95,229,2.63
95,230,7.14
95,231,3.85
95,232,3.13
95,233,2.63
95,234,3.13
95,235,2
95,236,2.78
95,237,2.38
95,238,2
95,239,4.55
95,240,3.85
95,241,2.27
95,242,3.33
95,243,2.08
95,244,2.08
95,245,2.63
95,246,6.25
95,247,2.38
95,248,2.38
95,249,6.25
95,250,3.33
95,251,8.33
95,252,10
95,253,5
95,254,8.33
95,255,6.25
95,256,3.85
95,257,2.08
95,258,5.56
95,259,2.63
95,260,3.13
95,261,2.27
95,262,6.25
95,263,3.13
95,264,8.33
95,265,8.33
95,266,2.78
95,267,2.94
95,268,2.17
95,269,4.17
95,270,5
95,271,2.27
95,272,2.27
95,273,2
95,274,2.94
95,275,3.13
95,276,3.85
95,277,2.78
95,278,7.14
95,279,2
95,280,7.14
95,281,10
95,282,4.55
95,283,5
95,284,4.17
95,285,2
95,286,2.94
95,287,10
95,288,8.33
95,289,5.56
95,290,4.17
95,291,2.63
95,292,2.27
95,293,4.55
95,294,3.57
95,295,10
95,296,2.94
95,297,3.33
95,298,2.78
95,299,2.63
95,300,2.63
95,301,2.38
95,302,2.94
95,303,4.55
95,304,5.56
95,305,2.5
95,306,3.33
95,307,5.56
95,308,8.33
95,309,3.13
95,310,7.14
95,311,5
95,312,4.55
95,313,3.13
95,314,2
95,315,6.25
95,316,2.5
95,317,6.25
95,318,3.57
95,319,5.56
95,320,4.17
95,321,4.55
95,322,6.25
95,323,2
95,324,5.56
95,325,4.17
95,326,3.85
95,327,2.27
95,328,3.57
95,329,4.17
95,330,4.55
95,331,2.38
95,332,10
95,333,2.5
95,334,2.63
95,335,2.27
95,336,3.13
95,337,10
95,338,8.33
95,339,5
95,340,3.57
95,341,3.13
95,342,10
95,343,3.57
95,344,4.17
95,345,7.14
95,346,2
95,347,2.94
95,348,4.17
95,349,2.38
95,350,6.25
95,351,2.78
95,352,3.57
95,353,6.25
95,354,2
95,355,2.78
95,356,3.33
95,357,3.57
95,358,2.17
95,359,2.78
95,360,8.33
95,361,10
95,362,8.33
95,363,2
95,364,4.55
95,365,8.33
95,366,8.33
95,367,10
95,368,2.94
95,369,8.33
95,370,5.56
95,371,3.85
95,372,2
95,373,2.27
95,374,6.25
95,375,3.33
95,376,7.14
95,377,2.27
95,378,8.33
95,379,7.14
95,380,2.5
95,381,8.33
95,382,2.78
95,383,3.13
95,384,5
95,385,2.27
95,386,5
95,387,3.33
95,388,5.56
95,389,6.25
95,390,4.17
95,391,4.17
95,392,2
95,393,2.17
95,394,2.5
95,395,2.5
95,396,2
95,397,3.13
95,398,7.14
95,399,3.57
95,400,3.57
95,401,2
95,402,3.33
95,403,6.25
95,404,2.38
95,405,4.55
95,406,2.5
95,407,2.38
95,408,2
95,409,2.5
95,410,5.56
95,411,2.5
95,412,6.25
95,413,2.94
95,414,3.33
95,415,8.33
95,416,3.33
95,417,4.55
95,418,3.57
95,419,3.13
95,420,2.5
95,421,2.5
95,422,2.17
95,423,2.63
95,424,5
95,425,2.94
95,426,2.94
95,427,3.33
95,428,2.5
95,429,3.33
95,430,2.5
95,431,10
95,432,2.94
95,433,8.33
95,434,3.57
95,435,8.33
95,436,2.38
95,437,3.33
95,438,3.85
95,439,2.78
95,440,7.14
95,441,2.78
95,442,4.55
95,443,5
95,444,2.78
95,445,2.5
95,446,2.08
95,447,2.5
95,448,3.85
95,449,2.38
95,450,2.5
95,451,3.85
95,452,3.85
95,453,2.27
95,454,3.85
95,455,6.25
95,456,2
95,457,2.78
95,458,2.63
95,459,3.33
95,460,2.5
95,461,2.5
95,462,2.94
95,463,3.57
95,464,5.56
95,465,4.17
95,466,2.5
95,467,5
95,468,4.55
95,469,4.55
95,470,2.27
95,471,6.25
95,472,3.57
95,473,3.13
95,474,2.38
95,475,4.17
95,476,2.94
95,477,7.14
95,478,7.14
95,479,8.33
95,480,2.63
95,481,2.63
95,482,3.57
95,483,2.17
95,484,2.08
95,485,5.56
95,486,2.94
95,487,2.78
95,488,3.13
95,489,3.85
95,490,8.33
95,491,3.57
95,492,10
95,493,8.33
95,494,10
95,495,2.38
95,496,3.85
95,497,6.25
95,498,2.94
95,499,2.08
95,500,2.94
96,1,6.25
96,2,2.63
96,3,2.78
96,4,2.5
96,5,5.56
96,6,4.55
96,7,2.17
96,8,7.14
96,9,3.57
96,10,3.85
96,11,2.5
96,12,10
96,13,2.78
96,14,2.17
96,15,5.56
96,16,10
96,17,2.63
96,18,2.38
96,19,2.94
96,20,10
96,21,2
96,22,2.78
96,23,2.63
96,24,8.33
96,25,8.33
96,26,2.63
96,27,3.85
96,28,2.38
96,29,4.17
96,30,3.85
96,31,7.14
96,32,4.55
96,33,3.13
96,34,2.27
96,35,4.55
96,36,3.85
96,37,3.85
96,38,5.56
96,39,2.27
96,40,2.5
96,41,2.08
96,42,2.94
96,43,4.17
96,44,2.17
96,45,5
96,46,3.13
96,47,2.38
96,48,2.63
96,49,3.33
96,50,2.94
96,51,2.38
96,52,4.17
96,53,3.13
96,54,2.17
96,55,8.33
96,56,2.38
96,57,2
96,58,10
96,59,6.25
96,60,6.25
96,61,3.33
96,62,4.17
96,63,2.5
96,64,2.08
96,65,2
96,66,3.85
96,67,10
96,68,3.33
96,69,8.33
96,70,5.56
96,71,5
96,72,2.17
96,73,3.57
96,74,2.27
96,75,3.33
96,76,2.78
96,77,2.17
96,78,2.63
96,79,2
96,80,5.56
96,81,3.13
96,82,4.17
96,83,3.33
96,84,5.56
96,85,4.17
96,86,2
96,87,2
96,88,2.78
96,89,2.63
96,90,3.57
96,91,2.63
96,92,3.85
96,93,2.94
96,94,2.63
96,95,8.33
96,96,8.33
96,97,3.85
96,98,2.78
96,99,2.17
96,100,10
96,101,2.08
96,102,5
96,103,5.56
96,104,6.25
96,105,7.14
96,106,2.38
96,107,7.14
96,108,3.85
96,109,4.55
96,110,5
96,111,7.14
96,112,3.33
96,113,8.33
96,114,8.33
96,115,2.78
96,116,3.33
96,117,3.57
96,118,10
96,119,2.78
96,120,2.17
96,121,6.25
96,122,6.25
96,123,3.13
96,124,2
96,125,8.33
96,126,2.08
96,127,2.38
96,128,8.33
96,129,7.14
96,130,4.55
96,131,2.27
96,132,2.63
96,133,2.27
96,134,6.25
96,135,6.25
96,136,2.63
96,137,7.14
96,138,3.57
96,139,8.33
96,140,5
96,141,2.08
96,142,2.63
96,143,5.56
96,144,2.27
96,145,2
96,146,2.08
96,147,3.33
96,148,2.38
96,149,2.94
96,150,2.63
96,151,3.13
96,152,5.56
96,153,2.17
96,154,2.27
96,155,7.14
96,156,3.85
96,157,2.27
96,158,2
96,159,7.14
96,160,2
96,161,2.08
96,162,8.33
96,163,3.85
96,164,5.56
96,165,6.25
96,166,3.57
96,167,2.94
96,168,2.78
96,169,3.57
96,170,2.08
96,171,2.63
96,172,3.85
96,173,2.78
96,174,3.85
96,175,5.56
96,176,8.33
96,177,5
96,178,3.33
96,179,2.5
96,180,5
96,181,2.27
96,182,2.17
96,183,3.33
96,184,5
96,185,6.25
96,186,4.55
96,187,2.78
96,188,3.33
96,189,8.33
96,190,5.56
96,191,2.94
96,192,4.17
96,193,2.27
96,194,5.56
96,195,2.38
96,196,10
96,197,2.38
96,198,2.5
96,199,4.17
96,200,2.5
96,201,7.14
96,202,2
96,203,7.14
96,204,5
96,205,2.63
96,206,6.25
96,207,4.55
96,208,7.14
96,209,2.17
96,210,2.38
96,211,6.25
96,212,2.63
96,213,6.25
96,214,2.08
96,215,2.27
96,216,7.14
96,217,5.56
96,218,5
96,219,3.57
96,220,10
96,221,2.5
96,222,2.5
96,223,2
96,224,2.63
96,225,6.25
96,226,2
96,227,2.5
96,228,7.14
96,229,2.94
96,230,2.08
96,231,2.94
96,232,6.25
96,233,2.38
96,234,3.57
96,235,3.85
96,236,3.85
96,237,3.85
96,238,2
96,239,2.27
96,240,7.14
96,241,7.14
96,242,2.27
96,243,3.33
96,244,2.63
96,245,2.27
96,246,3.57
96,247,6.25
96,248,4.55
96,249,2.08
96,250,7.14
96,251,2.63
96,252,5.56
96,253,5
96,254,2.38
96,255,2.38
96,256,2.27
96,257,3.57
96,258,5.56
96,259,5
96,260,3.57
96,261,3.57
96,262,5.56
96,263,2
96,264,3.13
96,265,2
96,266,3.85
96,267,3.33
96,268,10
96,269,2.94
96,270,2.78
96,271,2.38
96,272,2.63
96,273,3.85
96,274,5
96,275,6.25
96,276,2.38
96,277,2.94
96,278,3.13
96,279,5.56
96,280,10
96,281,8.33
96,282,2.63
96,283,3.85
96,284,6.25
96,285,2.08
96,286,5.56
96,287,2.38
96,288,2.27
96,289,5.56
96,290,6.25
96,291,2.08
96,292,2
96,293,7.14
96,294,5
96,295,10
96,296,3.57
96,297,2.08
96,298,2.78
96,299,10
96,300,3.85
96,301,2.38
96,302,7.14
96,303,3.33
96,304,2.5
96,305,5
96,306,2.94
96,307,3.13
96,308,7.14
96,309,2.5
96,310,2.08
96,311,2.08
96,312,2.38
96,313,2.94
96,314,3.33
96,315,10
96,316,2.5
96,317,3.85
96,318,8.33
96,319,2.08
96,320,5
96,321,3.13
96,322,4.17
96,323,2.08
96,324,2.17
96,325,3.57
96,326,7.14
96,327,2.94
96,328,6.25
96,329,4.55
96,330,4.55
96,331,8.33
96,332,5.56
96,333,3.33
96,334,2.17
96,335,8.33
96,336,4.55
96,337,2.08
96,338,2.94
96,339,2.38
96,340,2.94
96,341,4.17
96,342,5.56
96,343,3.33
96,344,5
96,345,2.94
96,346,3.13
96,347,2
96,348,7.14
96,349,10
96,350,4.17
96,351,5
96,352,5.56
96,353,10
96,354,10
96,355,4.17
96,356,3.85
96,357,2.63
96,358,4.17
96,359,3.85
96,360,2.94
96,361,2.94
96,362,5
96,363,3.57
96,364,5
96,365,3.13
96,366,3.33
96,367,2.38
96,368,3.57
96,369,2.5
96,370,5
96,371,5.56
96,372,6.25
96,373,8.33
96,374,7.14
96,375,7.14
96,376,2.17
96,377,3.85
96,378,2
96,379,5.56
96,380,2.27
96,381,3.33
96,382,5
96,383,2.17
96,384,2.27
96,385,2.38
96,386,3.33
96,387,3.33
96,388,6.25
96,389,3.57
96,390,2.17
96,391,4.17
96,392,2.08
96,393,5.56
96,394,3.33
96,395,2.94
96,396,2.08
96,397,2.08
96,398,8.33
96,399,7.14
96,400,2.63
96,401,3.85
96,402,7.14
96,403,3.13
96,404,3.33
96,405,2.38
96,406,2.78
96,407,3.33
96,408,8.33
96,409,3.85
96,410,3.13
96,411,3.57
96,412,4.17
96,413,3.13
96,414,8.33
96,415,2.27
96,416,2
96,417,3.13
96,418,5.56
96,419,10
96,420,4.55
96,421,8.33
96,422,2
96,423,2.17
96,424,8.33
96,425,2.08
96,426,4.17
96,427,3.85
96,428,2.38
96,429,2.63
96,430,3.33
96,431,2.27
96,432,2
96,433,2.78
96,434,10
96,435,2.27
96,436,2
96,437,3.57
96,438,2.08
96,439,3.85
96,440,2.63
96,441,2.5
96,442,2.38
96,443,2.63
96,444,2.78
96,445,10
96,446,3.57
96,447,3.33
96,448,3.13
96,449,2.27
96,450,2.38
96,451,2
96,452,6.25
96,453,2.08
96,454,2.94
96,455,2.08
96,456,5
96,457,3.13
96,458,3.13
96,459,2.94
96,460,2.63
96,461,7.14
96,462,8.33
96,463,2.78
96,464,3.57
96,465,2.63
96,466,2
96,467,3.57
96,468,5
96,469,2.08
96,470,2.5
96,471,3.33
96,472,2.38
96,473,5
96,474,2.5
96,475,2.63
96,476,10
96,477,4.55
96,478,4.17
96,479,3.85
96,480,4.55
96,481,8.33
96,482,2.78
96,483,5.56
96,484,2.17
96,485,3.13
96,486,2.94
96,487,7.14
96,488,3.13
96,489,3.13
96,490,10
96,491,4.55
96,492,2.17
96,493,2.08
96,494,2
96,495,4.17
96,496,2.08
96,497,7.14
96,498,2.94
96,499,2.94
96,500,3.13
97,1,3.57
97,2,6.25
97,3,10
97,4,2.38
97,5,5
97,6,3.33
97,7,2.78
97,8,5.56
97,9,4.55
97,10,2.78
97,11,4.17
97,12,2.38
97,13,2.63
97,14,2.17
97,15,5.56
97,16,2.17
97,17,7.14
97,18,8.33
97,19,2.78
97,20,2.63
97,21,2.08
97,22,2.63
97,23,2.5
97,24,7.14
97,25,2.63
97,26,3.85
97,27,2.27
97,28,2.08
97,29,8.33
97,30,2.78
97,31,6.25
97,32,4.17
97,33,3.85
97,34,7.14
97,35,2.17
97,36,3.13
97,37,4.55
97,38,2
97,39,6.25
97,40,3.85
97,41,4.17
97,42,10
97,43,3.57
97,44,3.85
97,45,2.78
97,46,7.14
97,47,2.17
97,48,5.56
97,49,3.57
97,50,3.33
97,51,3.13
97,52,4.55
97,53,4.55
97,54,4.17
97,55,10
97,56,2
97,57,2.38
97,58,3.33
97,59,4.55
97,60,2.27
97,61,2.94
97,62,2.63
97,63,3.13
97,64,5
97,65,4.55
97,66,4.17
97,67,4.55
97,68,6.25
97,69,10
97,70,7.14
97,71,4.55
97,72,3.57
97,73,2.08
97,74,5.56
97,75,8.33
97,76,4.17
97,77,5.56
97,78,2.5
97,79,10
97,80,2.27
97,81,2.08
97,82,2.94
97,83,2.38
97,84,2.38
97,85,2.63
97,86,2.08
97,87,3.13
97,88,2.78
97,89,2.5
97,90,2.94
97,91,2.5
97,92,7.14
97,93,4.55
97,94,3.57
97,95,8.33
97,96,3.13
97,97,2.5
97,98,3.33
97,99,6.25
97,100,2.63
97,101,2.08
97,102,2.5
97,103,10
97,104,3.13
97,105,2
97,106,3.13
97,107,5.56
97,108,2.08
97,109,5.56
97,110,5
97,111,3.85
97,112,3.57
97,113,6.25
97,114,4.55
97,115,8.33
97,116,2
97,117,5.56
97,118,4.17
97,119,5
97,120,2.17
97,121,4.17
97,122,7.14
97,123,4.17
97,124,10
97,125,2.5
97,126,2.27
97,127,2.63
97,128,2.08
97,129,2.38
97,130,2.17
97,131,7.14
97,132,10
97,133,5.56
97,134,2.27
97,135,3.13
97,136,7.14
97,137,7.14
97,138,3.33
97,139,5
97,140,6.25
97,141,10
97,142,3.85
97,143,3.85
97,144,2.5
97,145,2.94
97,146,3.57
97,147,2.63
97,148,3.57
97,149,2.5
97,150,7.14
97,151,2.78
97,152,5.56
97,153,3.33
97,154,3.33
97,155,6.25
97,156,2.08
97,157,2.94
97,158,2.38
97,159,7.14
97,160,2.94
97,161,2.63
97,162,2.5
97,163,2.94
97,164,3.13
97,165,2.17
97,166,3.85
97,167,4.55
97,168,5.56
97,169,3.13
97,170,2.38
97,171,4.55
97,172,3.57
97,173,4.17
97,174,2.27
97,175,3.33
97,176,3.33
97,177,4.55
97,178,2.78
97,179,7.14
97,180,2.94
97,181,2
97,182,2.38
97,183,2.17
97,184,2
97,185,2.78
97,186,3.33
97,187,10
97,188,5
97,189,2.17
97,190,6.25
97,191,2
97,192,4.17
97,193,10
97,194,2.38
97,195,3.13
97,196,4.17
97,197,3.85
97,198,2.08
97,199,6.25
97,200,2.17
97,201,5.56
97,202,8.33
97,203,2.27
97,204,6.25
97,205,2.78
97,206,6.25
97,207,2.63
97,208,5.56
97,209,2.63
97,210,2.17
97,211,4.55
97,212,3.57
97,213,2.17
97,214,4.17
97,215,2.27
97,216,2
97,217,2.38
97,218,2.27
97,219,2.27
97,220,3.13
97,221,2.38
97,222,2.27
97,223,8.33
97,224,2
97,225,4.55
97,226,3.13
97,227,3.33
97,228,5.56
97,229,2.78
97,230,3.57
97,231,4.55
97,232,2.17
97,233,2.27
97,234,2.5
97,235,2.78
97,236,2.17
97,237,2.17
97,238,5
97,239,4.55
97,240,6.25
97,241,7.14
97,242,7.14
97,243,5
97,244,2.08
97,245,2.17
97,246,6.25
97,247,2.08
97,248,3.57
97,249,2.27
97,250,3.13
97,251,2.38
97,252,3.13
97,253,2.08
97,254,3.13
97,255,2.63
97,256,2.08
97,257,10
97,258,2.27
97,259,4.55
97,260,3.57
97,261,5
97,262,2
97,263,3.85
97,264,10
97,265,2.63
97,266,10
97,267,2.27
97,268,3.13
97,269,3.13
97,270,3.85
97,271,7.14
97,272,8.33
97,273,10
97,274,7.14
97,275,2
97,276,4.17
97,277,2.17
97,278,3.13
97,279,3.57
97,280,7.14
97,281,2
97,282,2.27
97,283,3.57
97,284,2.78
97,285,2
97,286,4.17
97,287,2.38
97,288,5
97,289,10
97,290,4.55
97,291,2.17
97,292,7.14
97,293,4.55
97,294,5.56
97,295,5.56
97,296,2.5
97,297,10
97,298,4.55
97,299,3.13
97,300,5
97,301,5
97,302,3.33
97,303,2.94
97,304,2.78
97,305,4.17
97,306,5
97,307,2.38
97,308,4.17
97,309,4.55
97,310,2.78
97,311,8.33
97,312,4.17
97,313,2.08
97,314,8.33
97,315,2.78
97,316,5
97,317,3.33
97,318,2.5
97,319,2.94
97,320,3.33
97,321,2.27
97,322,2.38
97,323,6.25
97,324,6.25
97,325,10
97,326,5.56
97,327,6.25
97,328,3.85
97,329,2.17
97,330,10
97,331,3.85
97,332,2.63
97,333,2
97,334,10
97,335,5.56
97,336,2.17
97,337,2.5
97,338,3.33
97,339,2.17
97,340,3.13
97,341,6.25
97,342,10
97,343,2.63
97,344,2.78
97,345,2
97,346,2
97,347,2.08
97,348,8.33
97,349,2.27
97,350,10
97,351,10
97,352,2
97,353,2
97,354,3.33
97,355,3.13
97,356,5
97,357,3.33
97,358,3.13
97,359,3.85
97,360,3.85
97,361,3.33
97,362,10
97,363,4.17
97,364,2.5
97,365,3.57
97,366,3.85
97,367,2.78
97,368,3.57
97,369,3.33
97,370,5.56
97,371,2.17
97,372,10
97,373,10
97,374,2
97,375,10
97,376,3.57
97,377,4.55
97,378,2.27
97,379,3.85
97,380,2.94
97,381,5
97,382,5.56
97,383,4.55
97,384,2.78
97,385,3.13
97,386,7.14
97,387,8.33
97,388,2.78
97,389,3.57
97,390,2.17
97,391,2.5
97,392,2.94
97,393,2.17
97,394,2.78
97,395,2.17
97,396,3.13
97,397,4.55
97,398,2.27
97,399,2.63
97,400,7.14
97,401,2.38
97,402,4.55
97,403,8.33
97,404,7.14
97,405,5
97,406,3.85
97,407,2.38
97,408,3.85
97,409,2.08
97,410,2.78
97,411,10
97,412,4.17
97,413,10
97,414,2.08
97,415,4.55
97,416,2.27
97,417,3.57
97,418,4.17
97,419,8.33
97,420,5
97,421,3.57
97,422,2.78
97,423,4.55
97,424,2.08
97,425,7.14
97,426,2.63
97,427,2.08
97,428,3.85
97,429,2.63
97,430,2.27
97,431,3.13
97,432,4.17
97,433,2
97,434,2.38
97,435,5.56
97,436,2.94
97,437,2.78
97,438,5
97,439,2.17
97,440,2
97,441,2.94
97,442,2
97,443,7.14
97,444,2.17
97,445,4.17
97,446,5
97,447,4.55
97,448,3.57
97,449,4.55
97,450,6.25
97,451,2.17
97,452,5
97,453,2
97,454,2.94
97,455,5.56
97,456,3.33
97,457,2.08
97,458,2.17
97,459,3.85
97,460,2.08
97,461,3.85
97,462,10
97,463,5.56
97,464,4.55
97,465,6.25
97,466,2.94
97,467,10
97,468,2.78
97,469,2.5
97,470,3.57
97,471,5
97,472,5
97,473,3.85
97,474,2.08
97,475,3.57
97,476,2.17
97,477,3.85
97,478,2.27
97,479,2.27
97,480,4.55
97,481,2.63
97,482,7.14
97,483,6.25
97,484,4.17
97,485,2.27
97,486,2.78
97,487,2.63
97,488,7.14
97,489,2.78
97,490,5
97,491,2.27
97,492,3.33
97,493,5.56
97,494,2
97,495,10
97,496,4.17
97,497,6.25
97,498,7.14
97,499,2
97,500,3.13
98,1,2.38
98,2,3.85
98,3,2
98,4,2.17
98,5,10
98,6,2.38
98,7,2.94
98,8,2.17
98,9,10
98,10,2.27
98,11,3.33
98,12,2.08
98,13,2.17
98,14,2.5
98,15,2.78
98,16,5.56
98,17,2.17
98,18,2.38
98,19,8.33
98,20,3.85
98,21,2.27
98,22,2.17
98,23,2.17
98,24,3.85
98,25,5
98,26,7.14
98,27,8.33
98,28,5
98,29,2.63
98,30,2
98,31,2.5
98,32,3.33
98,33,4.55
98,34,10
98,35,3.33
98,36,7.14
98,37,2.94
98,38,2.08
98,39,5
98,40,7.14
98,41,2.94
98,42,3.13
98,43,2.5
98,44,4.17
98,45,2
98,46,7.14
98,47,2.08
98,48,4.55
98,49,6.25
98,50,4.55
98,51,4.17
98,52,2.63
98,53,2.63
98,54,3.33
98,55,2.38
98,56,6.25
98,57,8.33
98,58,4.17
98,59,2
98,60,3.85
98,61,2.38
98,62,6.25
98,63,3.33
98,64,2
98,65,8.33
98,66,2.08
98,67,4.55
98,68,2.08
98,69,3.33
98,70,2.63
98,71,8.33
98,72,7.14
98,73,4.17
98,74,3.85
98,75,2
98,76,4.55
98,77,2.5
98,78,3.33
98,79,4.17
98,80,2.27
98,81,4.55
98,82,10
98,83,3.33
98,84,4.17
98,85,3.85
98,86,2.5
98,87,2
98,88,2.08
98,89,5
98,90,5.56
98,91,2.38
98,92,4.55
98,93,4.55
98,94,4.55
98,95,2
98,96,2.27
98,97,3.13
98,98,3.13
98,99,2.38
98,100,5
98,101,10
98,102,2.5
98,103,4.55
98,104,10
98,105,5.56
98,106,3.33
98,107,2.08
98,108,7.14
98,109,2
98,110,3.13
98,111,5
98,112,2.5
98,113,3.85
98,114,6.25
98,115,2.38
98,116,3.57
98,117,4.55
98,118,2.94
98,119,2.27
98,120,7.14
98,121,3.33
98,122,2.27
98,123,5.56
98,124,2
98,125,2.17
98,126,6.25
98,127,2.63
98,128,2.08
98,129,4.17
98,130,3.85
98,131,4.17
98,132,8.33
98,133,2.38
98,134,2.5
98,135,2.38
98,136,10
98,137,5
98,138,4.17
98,139,2.38
98,140,2.08
98,141,2.17
98,142,2.78
98,143,2.63
98,144,8.33
98,145,5
98,146,3.57
98,147,3.85
98,148,3.33
98,149,8.33
98,150,2.78
98,151,3.13
98,152,8.33
98,153,2.63
98,154,2
98,155,3.13
98,156,4.17
98,157,2.38
98,158,2.5
98,159,3.13
98,160,2.08
98,161,2.38
98,162,8.33
98,163,2.63
98,164,5.56
98,165,10
98,166,5.56
98,167,2.5
98,168,3.85
98,169,2.78
98,170,2.27
98,171,5.56
98,172,4.55
98,173,2
98,174,2.38
98,175,10
98,176,2.94
98,177,2.63
98,178,2
98,179,5.56
98,180,2.94
98,181,7.14
98,182,3.85
98,183,2
98,184,5
98,185,2
98,186,4.55
98,187,3.13
98,188,7.14
98,189,2.17
98,190,2.27
98,191,2.08
98,192,7.14
98,193,3.57
98,194,5
98,195,2.17
98,196,4.17
98,197,2
98,198,8.33
98,199,5.56
98,200,7.14
98,201,5.56
98,202,2
98,203,2.17
98,204,2.27
98,205,2
98,206,5.56
98,207,3.13
98,208,2.78
98,209,7.14
98,210,2.5
98,211,5
98,212,2.5
98,213,5
98,214,2.17
98,215,2.63
98,216,3.57
98,217,10
98,218,2.17
98,219,3.13
98,220,2.94
98,221,2
98,222,10
98,223,4.17
98,224,2.08
98,225,2.78
98,226,10
98,227,4.55
98,228,2.17
98,229,2.78
98,230,2.5
98,231,6.25
98,232,2.38
98,233,5.56
98,234,7.14
98,235,5.56
98,236,2.63
98,237,4.55
98,238,2.94
98,239,2.38
98,240,3.57
98,241,4.55
98,242,8.33
98,243,2.78
98,244,2.17
98,245,2.5
98,246,5
98,247,7.14
98,248,2.08
98,249,2.17
98,250,3.13
98,251,4.55
98,252,3.85
98,253,2.17
98,254,7.14
98,255,2.5
98,256,5.56
98,257,2.08
98,258,2.38
98,259,5.56
98,260,2
98,261,7.14
98,262,10
98,263,2.08
98,264,3.57
98,265,2.5
98,266,2.08
98,267,2.27
98,268,3.57
98,269,3.13
98,270,3.57
98,271,7.14
98,272,6.25
98,273,3.57
98,274,3.57
98,275,2.94
98,276,2.27
98,277,5
98,278,2.08
98,279,5.56
98,280,2.94
98,281,2
98,282,10
98,283,2.08
98,284,2.38
98,285,2.27
98,286,3.57
98,287,2.08
98,288,2.38
98,289,3.33
98,290,2.94
98,291,2.17
98,292,4.17
98,293,10
98,294,8.33
98,295,4.55
98,296,3.85
98,297,2.94
98,298,2.38
98,299,2.5
98,300,3.13
98,301,2.08
98,302,7.14
98,303,3.13
98,304,10
98,305,10
98,306,2.27
98,307,3.57
98,308,5
98,309,2.17
98,310,5
98,311,2.5
98,312,3.33
98,313,2.63
98,314,2.08
98,315,3.33
98,316,2.63
98,317,5.56
98,318,5.56
98,319,4.55
98,320,10
98,321,2
98,322,3.13
98,323,5.56
98,324,4.55
98,325,6.25
98,326,2.08
98,327,10
98,328,2.94
98,329,2.27
98,330,3.33
98,331,2.63
98,332,10
98,333,2.27
98,334,2.38
98,335,4.55
98,336,5.56
98,337,5
98,338,5.56
98,339,2.27
98,340,4.55
98,341,10
98,342,5
98,343,2.94
98,344,5
98,345,2.5
98,346,5.56
98,347,2.63
98,348,2.5
98,349,2.5
98,350,2.38
98,351,2.17
98,352,2.5
98,353,6.25
98,354,3.13
98,355,2.5
98,356,2.08
98,357,4.17
98,358,2.38
98,359,3.85
98,360,8.33
98,361,3.85
98,362,10
98,363,2
98,364,5.56
98,365,2.27
98,366,5
98,367,2.38
98,368,5.56
98,369,2
98,370,3.85
98,371,3.33
98,372,4.17
98,373,2.27
98,374,3.13
98,375,10
98,376,3.33
98,377,5
98,378,4.55
98,379,3.13
98,380,2.38
98,381,3.85
98,382,4.17
98,383,8.33
98,384,7.14
98,385,7.14
98,386,2.17
98,387,8.33
98,388,6.25
98,389,8.33
98,390,3.33
98,391,2.27
98,392,6.25
98,393,2.94
98,394,2.5
98,395,5
98,396,2.78
98,397,2.38
98,398,2.5
98,399,5
98,400,2.78
98,401,2.17
98,402,2.5
98,403,2.5
98,404,4.55
98,405,3.57
98,406,4.17
98,407,2.08
98,408,5.56
98,409,6.25
98,410,2.17
98,411,2.78
98,412,3.33
98,413,2.38
98,414,5.56
98,415,2.17
98,416,7.14
98,417,10
98,418,2.38
98,419,3.33
98,420,10
98,421,2.08
98,422,3.57
98,423,3.13
98,424,5
98,425,3.13
98,426,2.63
98,427,7.14
98,428,4.17
98,429,3.33
98,430,3.57
98,431,10
98,432,2.27
98,433,2
98,434,5.56
98,435,2.78
98,436,5
98,437,2.08
98,438,2
98,439,3.13
98,440,10
98,441,5.56
98,442,7.14
98,443,4.17
98,444,3.85
98,445,3.85
98,446,3.13
98,447,3.85
98,448,3.85
98,449,4.55
98,450,2.38
98,451,3.85
98,452,2
98,453,2.17
98,454,4.17
98,455,2.08
98,456,3.13
98,457,5.56
98,458,2.78
98,459,5
98,460,3.13
98,461,7.14
98,462,2.78
98,463,2.27
98,464,3.13
98,465,3.13
98,466,3.33
98,467,2.94
98,468,5
98,469,7.14
98,470,3.13
98,471,2.78
98,472,10
98,473,2.94
98,474,10
98,475,2.38
98,476,2.27
98,477,2.94
98,478,2.38
98,479,3.33
98,480,5.56
98,481,2.94
98,482,10
98,483,3.13
98,484,7.14
98,485,10
98,486,10
98,487,2.17
98,488,2.27
98,489,6.25
98,490,4.17
98,491,2.27
98,492,10
98,493,7.14
98,494,2.63
98,495,2.63
98,496,5.56
98,497,8.33
98,498,2.78
98,499,5.56
98,500,2.78
99,1,3.33
99,2,3.85
99,3,3.85
99,4,2.5
99,5,2.38
99,6,6.25
99,7,2.08
99,8,4.55
99,9,3.13
99,10,2.5
99,11,4.55
99,12,2.27
99,13,7.14
99,14,7.14
99,15,6.25
99,16,10
99,17,2.38
99,18,3.57
99,19,2.78
99,20,7.14
99,21,2.17
99,22,8.33
99,23,2.17
99,24,2.27
99,25,2.17
99,26,2.08
99,27,2
99,28,2.27
99,29,5
99,30,2.94
99,31,5.56
99,32,10
99,33,2.17
99,34,3.85
99,35,4.55
99,36,4.55
99,37,7.14
99,38,8.33
99,39,7.14
99,40,3.85
99,41,10
99,42,3.33
99,43,10
99,44,2.63
99,45,2
99,46,5.56
99,47,2.5
99,48,4.17
99,49,3.13
99,50,2.08
99,51,8.33
99,52,8.33
99,53,2.78
99,54,7.14
99,55,2.5
99,56,2.5
99,57,2.63
99,58,4.17
99,59,2.63
99,60,2
99,61,3.13
99,62,2.27
99,63,4.55
99,64,4.55
99,65,7.14
99,66,2.27
99,67,4.55
99,68,2.94
99,69,2.38
99,70,2.17
99,71,10
99,72,3.85
99,73,2.27
99,74,5
99,75,2.78
99,76,6.25
99,77,2.27
99,78,3.33
99,79,2.38
99,80,3.85
99,81,6.25
99,82,5.56
99,83,4.55
99,84,2.5
99,85,2.27
99,86,8.33
99,87,2.78
99,88,2.78
99,89,7.14
99,90,2.78
99,91,4.17
99,92,2.17
99,93,2.5
99,94,2.5
99,95,2.08
99,96,8.33
99,97,2.38
99,98,2
99,99,2.17
99,100,3.85
99,101,2.17
99,102,2.63
99,103,2.5
99,104,8.33
99,105,2.94
99,106,2.27
99,107,8.33
99,108,2.38
99,109,3.33
99,110,3.57
99,111,2.17
99,112,10
99,113,2.27
99,114,4.17
99,115,2.08
99,116,2.17
99,117,2.17
99,118,2.08
99,119,5
99,120,5
99,121,8.33
99,122,6.25
99,123,10
99,124,2.5
99,125,2.63
99,126,5
99,127,2
99,128,2.5
99,129,2.5
99,130,2.08
99,131,6.25
99,132,2.5
99,133,2.5
99,134,8.33
99,135,4.17
99,136,2.08
99,137,5.56
99,138,3.85
99,139,3.13
99,140,3.13
99,141,2.27
99,142,2.17
99,143,4.17
99,144,2.5
99,145,2.78
99,146,2.78
99,147,6.25
99,148,2.63
99,149,2.27
99,150,6.25
99,151,2.5
99,152,5
99,153,5.56
99,154,5
99,155,2.78
99,156,2.78
99,157,3.33
99,158,3.85
99,159,4.55
99,160,2.38
99,161,8.33
99,162,4.55
99,163,3.33
99,164,4.17
99,165,2.08
99,166,4.17
99,167,2.17
99,168,2.27
99,169,7.14
99,170,5
99,171,4.55
99,172,2.08
99,173,4.55
99,174,2.63
99,175,8.33
99,176,3.57
99,177,3.57
99,178,5.56
99,179,3.13
99,180,2.78
99,181,2
99,182,2.5
99,183,3.13
99,184,2.38
99,185,10
99,186,3.57
99,187,5.56
99,188,2.38
99,189,5
99,190,8.33
99,191,4.17
99,192,3.85
99,193,2.27
99,194,3.85
99,195,3.57
99,196,4.55
99,197,4.55
99,198,2.27
99,199,2.38
99,200,10
99,201,5
99,202,8.33
99,203,5
99,204,2.78
99,205,2.08
99,206,3.33
99,207,2.94
99,208,2.5
99,209,2.78
99,210,2.38
99,211,5
99,212,8.33
99,213,4.17
99,214,2.94
99,215,2.17
99,216,10
99,217,3.33
99,218,3.57
99,219,2.08
99,220,2.5
99,221,6.25
99,222,2.17
99,223,5.56
99,224,3.57
99,225,3.13
99,226,2.5
99,227,5
99,228,2.17
99,229,2.63
99,230,3.13
99,231,2.94
99,232,3.85
99,233,7.14
99,234,8.33
99,235,10
99,236,2.5
99,237,3.85
99,238,2.27
99,239,3.85
99,240,6.25
99,241,5.56
99,242,5.56
99,243,2.27
99,244,2.78
99,245,7.14
99,246,3.33
99,247,3.33
99,248,2.17
99,249,2.94
99,250,5
99,251,8.33
99,252,2.78
99,253,4.55
99,254,3.85
99,255,2
99,256,2.08
99,257,3.57
99,258,3.85
99,259,2.94
99,260,2.5
99,261,3.13
99,262,8.33
99,263,8.33
99,264,5.56
99,265,7.14
99,266,3.33
99,267,3.57
99,268,2.17
99,269,2.08
99,270,2.5
99,271,3.57
99,272,6.25
99,273,2
99,274,2.63
99,275,2.5
99,276,2.27
99,277,2.78
99,278,2
99,279,2.27
99,280,2.38
99,281,4.55
99,282,5.56
99,283,4.55
99,284,4.17
99,285,5
99,286,2.08
99,287,2.17
99,288,2.27
99,289,2.5
99,290,2.17
99,291,2.08
99,292,3.57
99,293,3.13
99,294,8.33
99,295,3.57
99,296,2.5
99,297,2
99,298,2.63
99,299,2.38
99,300,5.56
99,301,5
99,302,2
99,303,4.55
99,304,2.94
99,305,2.08
99,306,2.63
99,307,2.5
99,308,7.14
99,309,4.55
99,310,5.56
99,311,4.55
99,312,2.27
99,313,5.56
99,314,5
99,315,4.17
99,316,5
99,317,6.25
99,318,5
99,319,2.17
99,320,2.63
99,321,2.63
99,322,4.17
99,323,4.55
99,324,3.13
99,325,8.33
99,326,5
99,327,2.94
99,328,2.27
99,329,3.13
99,330,3.57
99,331,2.94
99,332,4.17
99,333,2.08
99,334,2.17
99,335,4.55
99,336,2.08
99,337,4.55
99,338,3.33
99,339,2.63
99,340,4.17
99,341,5
99,342,10
99,343,5
99,344,2.5
99,345,6.25
99,346,5
99,347,7.14
99,348,3.57
99,349,2.17
99,350,3.33
99,351,3.13
99,352,6.25
99,353,4.17
99,354,5.56
99,355,2.38
99,356,10
99,357,2.17
99,358,3.13
99,359,2.38
99,360,6.25
99,361,2.5
99,362,8.33
99,363,4.55
99,364,4.17
99,365,8.33
99,366,6.25
99,367,5.56
99,368,2.17
99,369,3.13
99,370,6.25
99,371,3.85
99,372,4.55
99,373,2.27
99,374,3.33
99,375,2
99,376,5
99,377,3.85
99,378,2
99,379,8.33
99,380,2
99,381,8.33
99,382,3.13
99,383,2.17
99,384,4.17
99,385,3.85
99,386,4.17
99,387,5
99,388,2.17
99,389,10
99,390,2.17
99,391,8.33
99,392,4.17
99,393,2.94
99,394,5.56
99,395,3.57
99,396,10
99,397,2.94
99,398,5
99,399,7.14
99,400,2.63
99,401,10
99,402,2.17
99,403,3.85
99,404,7.14
99,405,5.56
99,406,6.25
99,407,2.08
99,408,2.94
99,409,3.57
99,410,2
99,411,2.27
99,412,2.08
99,413,2.63
99,414,5.56
99,415,2
99,416,5.56
99,417,2.78
99,418,2.38
99,419,2.27
99,420,2.27
99,421,5.56
99,422,2.38
99,423,5
99,424,2.27
99,425,3.57
99,426,5.56
99,427,2.78
99,428,6.25
99,429,6.25
99,430,3.57
99,431,8.33
99,432,5
99,433,3.57
99,434,7.14
99,435,8.33
99,436,2.08
99,437,2.17
99,438,3.13
99,439,2.94
99,440,2.38
99,441,3.33
99,442,10
99,443,2.38
99,444,4.17
99,445,10
99,446,3.33
99,447,3.13
99,448,2
99,449,5.56
99,450,2.08
99,451,4.17
99,452,2
99,453,2.38
99,454,3.13
99,455,2.08
99,456,8.33
99,457,2.78
99,458,4.55
99,459,3.85
99,460,2.94
99,461,2.38
99,462,10
99,463,2.08
99,464,8.33
99,465,6.25
99,466,3.57
99,467,3.13
99,468,3.13
99,469,5
99,470,5.56
99,471,2.38
99,472,3.13
99,473,7.14
99,474,2.27
99,475,3.85
99,476,2.17
99,477,4.55
99,478,4.17
99,479,2.78
99,480,6.25
99,481,2.08
99,482,4.55
99,483,4.55
99,484,2.63
99,485,2.08
99,486,3.33
99,487,2
99,488,2.63
99,489,2.5
99,490,3.85
99,491,5.56
99,492,7.14
99,493,10
99,494,2.5
99,495,5.56
99,496,3.57
99,497,2
99,498,2.78
99,499,4.17
99,500,2.17
100,1,3.57
100,2,2.17
100,3,2.17
100,4,3.13
100,5,2.94
100,6,2.63
100,7,2.5
100,8,10
100,9,3.33
100,10,2.94
100,11,5.56
100,12,5.56
100,13,6.25
100,14,2.94
100,15,4.17
100,16,2.63
100,17,3.13
100,18,4.17
100,19,3.33
100,20,2
100,21,2.78
100,22,3.33
100,23,7.14
100,24,2
100,25,2.78
100,26,10
100,27,2.5
100,28,2.38
100,29,2.17
100,30,8.33
100,31,2.63
100,32,2.78
100,33,3.33
100,34,4.17
100,35,8.33
100,36,4.17
100,37,6.25
100,38,3.85
100,39,2.5
100,40,3.13
100,41,3.85
100,42,2.38
100,43,4.55
100,44,2.78
100,45,3.13
100,46,2.08
100,47,3.85
100,48,4.17
100,49,6.25
100,50,2.78
100,51,3.13
100,52,10
100,53,2.63
100,54,3.57
100,55,2
100,56,3.13
100,57,4.17
100,58,7.14
100,59,2.38
100,60,6.25
100,61,3.57
100,62,4.17
100,63,6.25
100,64,2.78
100,65,4.55
100,66,7.14
100,67,2.94
100,68,7.14
100,69,10
100,70,8.33
100,71,2.27
100,72,2.94
100,73,2.78
100,74,10
100,75,2.78
100,76,7.14
100,77,3.57
100,78,3.85
100,79,2.38
100,80,3.57
100,81,5.56
100,82,7.14
100,83,3.57
100,84,2.63
100,85,7.14
100,86,2.27
100,87,10
100,88,3.33
100,89,5
100,90,2.94
100,91,2.5
100,92,4.17
100,93,2.5
100,94,2.94
100,95,2.63
100,96,2
100,97,2
100,98,2.27
100,99,3.57
100,100,10
100,101,2.5
100,102,3.57
100,103,5.56
100,104,5.56
100,105,2.5
100,106,6.25
100,107,3.85
100,108,3.33
100,109,2.27
100,110,3.33
100,111,2.63
100,112,4.17
100,113,2.27
100,114,2.63
100,115,7.14
100,116,6.25
100,117,7.14
100,118,2.17
100,119,10
100,120,2.5
100,121,5.56
100,122,2.27
100,123,2.27
100,124,5
100,125,5
100,126,3.33
100,127,2.17
100,128,3.33
100,129,4.55
100,130,3.57
100,131,3.13
100,132,2.63
100,133,5.56
100,134,3.57
100,135,2.17
100,136,2.38
100,137,2.63
100,138,2.63
100,139,5.56
100,140,7.14
100,141,4.17
100,142,3.57
100,143,2
100,144,2.5
100,145,2.38
100,146,2.78
100,147,3.57
100,148,4.55
100,149,7.14
100,150,10
100,151,4.55
100,152,2.38
100,153,2.94
100,154,8.33
100,155,4.55
100,156,5.56
100,157,2.78
100,158,2.08
100,159,4.17
100,160,2
100,161,6.25
100,162,2.08
100,163,3.13
100,164,4.17
100,165,8.33
100,166,4.55
100,167,2.5
100,168,5
100,169,3.33
100,170,2.94
100,171,5.56
100,172,5
100,173,2.08
100,174,2.63
100,175,2.94
100,176,2.08
100,177,3.33
100,178,10
100,179,2.5
100,180,2
100,181,10
100,182,10
100,183,5
100,184,2.27
100,185,7.14
100,186,2.5
100,187,4.17
100,188,2.78
100,189,2
100,190,6.25
100,191,4.55
100,192,3.13
100,193,2.08
100,194,10
100,195,2.17
100,196,4.17
100,197,10
100,198,3.57
100,199,8.33
100,200,2.5
100,201,3.33
100,202,5.56
100,203,2
100,204,5.56
100,205,3.33
100,206,2.38
100,207,2.08
100,208,3.13
100,209,8.33
100,210,8.33
100,211,2.5
100,212,4.55
100,213,5
100,214,3.13
100,215,7.14
100,216,3.33
100,217,2.27
100,218,2
100,219,5
100,220,2.08
100,221,2.5
100,222,3.33
100,223,3.57
100,224,2.94
100,225,2.38
100,226,4.17
100,227,2.94
100,228,4.17
100,229,10
100,230,5.56
100,231,2.08
100,232,3.13
100,233,5
100,234,4.55
100,235,5.56
100,236,2.38
100,237,2.78
100,238,3.57
100,239,6.25
100,240,2.78
100,241,2.78
100,242,6.25
100,243,3.57
100,244,2.94
100,245,2.5
100,246,2.78
100,247,2.27
100,248,4.55
100,249,10
100,250,2.63
100,251,2.5
100,252,2.17
100,253,2.08
100,254,2.78
100,255,7.14
100,256,5
100,257,2.38
100,258,2.63
100,259,2
100,260,10
100,261,2.94
100,262,2.38
100,263,2.17
100,264,2.08
100,265,7.14
100,266,5.56
100,267,4.55
100,268,2.38
100,269,2.17
100,270,3.57
100,271,7.14
100,272,2.27
100,273,2.17
100,274,6.25
100,275,2.78
100,276,3.33
100,277,7.14
100,278,5
100,279,2.38
100,280,2.63
100,281,2.78
100,282,6.25
100,283,10
100,284,3.33
100,285,5.56
100,286,3.85
100,287,10
100,288,3.13
100,289,10
100,290,2.5
100,291,8.33
100,292,3.13
100,293,3.85
100,294,3.13
100,295,2.27
100,296,8.33
100,297,3.85
100,298,3.57
100,299,2.63
100,300,5.56
100,301,2.08
100,302,2.94
100,303,2.27
100,304,2.78
100,305,3.33
100,306,4.17
100,307,3.33
100,308,2.38
100,309,4.17
100,310,4.55
100,311,8.33
100,312,3.85
100,313,2.08
100,314,5.56
100,315,2.27
100,316,4.55
100,317,3.33
100,318,2.63
100,319,10
100,320,10
100,321,2.94
100,322,2.94
100,323,2.08
100,324,2
100,325,3.85
100,326,2.78
100,327,3.85
100,328,2.94
100,329,2
100,330,2.63
100,331,7.14
100,332,6.25
100,333,4.17
100,334,2.17
100,335,6.25
100,336,2
100,337,4.55
100,338,3.13
100,339,2.94
100,340,2.63
100,341,4.17
100,342,4.55
100,343,6.25
100,344,3.33
100,345,3.57
100,346,2.08
100,347,2.63
100,348,5.56
100,349,2.27
100,350,3.85
100,351,3.13
100,352,8.33
100,353,6.25
100,354,2
100,355,2.78
100,356,2.08
100,357,4.17
100,358,2.27
100,359,2.63
100,360,3.85
100,361,2.63
100,362,5
100,363,5.56
100,364,6.25
100,365,10
100,366,3.13
100,367,2.17
100,368,6.25
100,369,3.13
100,370,2.27
100,371,2.94
100,372,5.56
100,373,5.56
100,374,2
100,375,3.33
100,376,8.33
100,377,5.56
100,378,2.5
100,379,2.08
100,380,6.25
100,381,3.33
100,382,2.63
100,383,2.63
100,384,5
100,385,6.25
100,386,4.55
100,387,3.85
100,388,3.33
100,389,2.27
100,390,6.25
100,391,2.08
100,392,2.94
100,393,4.17
100,394,3.85
100,395,5
100,396,2.78
100,397,2.63
100,398,2.38
100,399,4.17
100,400,2.5
100,401,3.33
100,402,4.55
100,403,6.25
100,404,5
100,405,3.13
100,406,10
100,407,2.08
100,408,2.63
100,409,6.25
100,410,3.57
100,411,3.33
100,412,3.33
100,413,7.14
100,414,4.17
100,415,2.17
100,416,10
100,417,3.57
100,418,5.56
100,419,3.33
100,420,6.25
100,421,10
100,422,2
100,423,2.17
100,424,3.85
100,425,2
100,426,2.94
100,427,4.17
100,428,2.94
100,429,2
100,430,8.33
100,431,2.27
100,432,10
100,433,2.94
100,434,2.27
100,435,4.17
100,436,8.33
100,437,5
100,438,2.94
100,439,3.85
100,440,4.55
100,441,2.63
100,442,2.08
100,443,8.33
100,444,3.85
100,445,2.38
100,446,2.63
100,447,7.14
100,448,4.17
100,449,5.56
100,450,2.27
100,451,3.57
100,452,2.38
100,453,2.94
100,454,2.63
100,455,10
100,456,2.17
100,457,2.63
100,458,2.38
100,459,7.14
100,460,5.56
100,461,3.85
100,462,3.85
100,463,2.17
100,464,8.33
100,465,2.38
100,466,2.08
100,467,3.85
100,468,2.78
100,469,2
100,470,2
100,471,2.08
100,472,10
100,473,6.25
100,474,5.56
100,475,3.33
100,476,2.08
100,477,2.78
100,478,4.55
100,479,7.14
100,480,3.33
100,481,2.27
100,482,4.55
100,483,5
100,484,2.78
100,485,2.17
100,486,8.33
100,487,2.38
100,488,2.94
100,489,2.17
100,490,2.94
100,491,3.85
100,492,2.38
100,493,2
100,494,2.17
100,495,2.17
100,496,2.17
100,497,3.57
100,498,10
100,499,3.57
100,500,2.78
