plant,market,cost
1,1,2.78
1,2,2.78
1,3,4.55
1,4,3.13
1,5,2.94
1,6,2.38
1,7,2.78
1,8,4.17
1,9,2.63
1,10,7.14
1,11,3.85
1,12,3.13
1,13,5
1,14,3.13
1,15,3.13
1,16,2.63
1,17,2.38
1,18,3.57
1,19,2.63
1,20,2.38
1,21,5
1,22,8.33
1,23,3.33
1,24,3.13
1,25,2
1,26,3.13
1,27,10
1,28,6.25
1,29,2.17
1,30,2.5
1,31,2.17
1,32,2.78
1,33,2
1,34,2.08
1,35,2.08
1,36,8.33
1,37,2.94
1,38,2.94
1,39,5
1,40,2.17
1,41,2.78
1,42,3.13
1,43,8.33
1,44,5
1,45,2.78
1,46,2.27
1,47,2.17
1,48,2.27
1,49,2.78
1,50,5.56
1,51,3.13
1,52,2
1,53,2.78
1,54,2.17
1,55,2
1,56,7.14
1,57,2.63
1,58,4.17
1,59,2
1,60,3.33
1,61,7.14
1,62,2.08
1,63,3.33
1,64,2
1,65,2.17
1,66,2.5
1,67,8.33
1,68,10
1,69,2.5
1,70,3.57
1,71,2.78
1,72,4.55
1,73,3.13
1,74,2.78
1,75,2.94
1,76,8.33
1,77,2.27
1,78,2.63
1,79,4.55
1,80,2.5
1,81,10
1,82,8.33
1,83,7.14
1,84,2
1,85,6.25
1,86,2
1,87,2.17
1,88,2.63
1,89,2.08
1,90,2
1,91,2.38
1,92,2.27
1,93,2
1,94,3.33
1,95,2.08
1,96,10
1,97,2.17
1,98,6.25
1,99,2
1,100,2.27
1,101,5
1,102,2.17
1,103,2.63
1,104,3.85
1,105,3.57
1,106,5.56
1,107,2.94
1,108,2.5
1,109,2.17
1,110,2.08
1,111,2.5
1,112,2.94
1,113,2.17
1,114,4.55
1,115,7.14
1,116,8.33
1,117,7.14
1,118,3.13
1,119,5
1,120,2.38
1,121,10
1,122,2.08
1,123,8.33
1,124,2.38
1,125,7.14
1,126,6.25
1,127,2.17
1,128,4.17
1,129,5.56
1,130,5.56
1,131,2.08
1,132,6.25
1,133,2.63
1,134,2.38
1,135,2.08
1,136,7.14
1,137,3.57
1,138,4.17
1,139,10
1,140,6.25
1,141,5
1,142,3.33
1,143,3.13
1,144,2.38
1,145,2.17
1,146,5
1,147,4.17
1,148,2.5
1,149,2.94
1,150,2.94
1,151,2.08
1,152,6.25
1,153,2.27
1,154,8.33
1,155,4.55
1,156,3.13
1,157,5
1,158,2.5
1,159,10
1,160,2.63
1,161,8.33
1,162,3.85
1,163,3.33
1,164,5.56
1,165,4.17
1,166,7.14
1,167,2
1,168,2.27
1,169,3.33
1,170,7.14
1,171,2.5
1,172,4.55
1,173,3.33
1,174,2.94
1,175,2.78
1,176,2.27
1,177,4.55
1,178,2.94
1,179,2.94
1,180,2
1,181,2.63
1,182,6.25
1,183,2
1,184,5
1,185,3.33
1,186,4.55
1,187,4.17
1,188,6.25
1,189,2.63
1,190,8.33
1,191,2.17
1,192,3.13
1,193,5
1,194,3.85
1,195,2
1,196,2.08
1,197,2.63
1,198,4.17
1,199,6.25
1,200,3.13
2,1,4.55
2,2,3.85
2,3,3.57
2,4,5.56
2,5,2.5
2,6,4.55
2,7,2.5
2,8,5.56
2,9,2.63
2,10,4.17
2,11,7.14
2,12,10
2,13,3.85
2,14,2.63
2,15,2.38
2,16,4.55
2,17,2.94
2,18,7.14
2,19,2.27
2,20,5
2,21,2.63
2,22,2.27
2,23,5.56
2,24,7.14
2,25,2.08
2,26,5
2,27,5
2,28,3.33
2,29,2
2,30,2.5
2,31,10
2,32,3.85
2,33,2.38
2,34,4.17
2,35,2.38
2,36,6.25
2,37,2.78
2,38,3.57
2,39,2.27
2,40,7.14
2,41,4.17
2,42,2.78
2,43,4.17
2,44,4.17
2,45,6.25
2,46,10
2,47,5
2,48,2.5
2,49,5
2,50,2.78
2,51,2.38
2,52,2.27
2,53,10
2,54,2.27
2,55,7.14
2,56,2.5
2,57,2.38
2,58,3.13
2,59,4.17
2,60,10
2,61,5
2,62,5
2,63,2.27
2,64,3.33
2,65,5.56
2,66,3.85
2,67,10
2,68,2.78
2,69,4.55
2,70,7.14
2,71,5
2,72,2.63
2,73,5
2,74,7.14
2,75,2.17
2,76,6.25
2,77,2
2,78,8.33
2,79,2.08
2,80,2.27
2,81,8.33
2,82,3.33
2,83,7.14
2,84,10
2,85,7.14
2,86,2
2,87,2.63
2,88,2.27
2,89,2
2,90,2.78
2,91,2
2,92,2.27
2,93,4.55
2,94,4.55
2,95,4.55
2,96,7.14
2,97,2.08
2,98,2.94
2,99,2.17
2,100,2.27
2,101,3.13
2,102,2.38
2,103,2.17
2,104,8.33
2,105,3.57
2,106,2.63
2,107,8.33
2,108,2.38
2,109,3.13
2,110,2.17
2,111,5
2,112,2.08
2,113,2.63
2,114,8.33
2,115,2.27
2,116,3.57
2,117,10
2,118,5
2,119,3.13
2,120,2.63
2,121,3.85
2,122,10
2,123,3.33
2,124,3.13
2,125,8.33
2,126,3.85
2,127,10
2,128,3.33
2,129,4.17
2,130,3.57
2,131,2.27
2,132,3.33
2,133,2.5
2,134,2.17
2,135,10
2,136,5.56
2,137,4.55
2,138,2.38
2,139,2.38
2,140,2.63
2,141,3.57
2,142,6.25
2,143,2.63
2,144,2.08
2,145,2.5
2,146,4.55
2,147,5.56
2,148,2.94
2,149,2
2,150,4.55
2,151,2.27
2,152,6.25
2,153,2
2,154,6.25
2,155,6.25
2,156,2.63
2,157,2.5
2,158,4.17
2,159,3.85
2,160,7.14
2,161,2.27
2,162,4.55
2,163,3.57
2,164,4.55
2,165,6.25
2,166,2.78
2,167,3.13
2,168,10
2,169,8.33
2,170,5.56
2,171,2.38
2,172,4.17
2,173,2.5
2,174,2
2,175,3.57
2,176,3.57
2,177,5.56
2,178,3.57
2,179,3.85
2,180,3.57
2,181,3.85
2,182,10
2,183,2.5
2,184,8.33
2,185,2.63
2,186,2.78
2,187,2.17
2,188,2.78
2,189,4.55
2,190,10
2,191,8.33
2,192,2.94
2,193,2.63
2,194,3.85
2,195,7.14
2,196,3.33
2,197,2
2,198,2.94
2,199,5.56
2,200,2.17
3,1,3.13
3,2,10
3,3,2.63
3,4,4.55
3,5,4.55
3,6,2
3,7,2
3,8,3.85
3,9,7.14
3,10,3.57
3,11,2
3,12,5
3,13,2.08
3,14,2
3,15,2.38
3,16,2.27
3,17,4.17
3,18,2.08
3,19,3.85
3,20,2.5
3,21,3.57
3,22,2.27
3,23,5
3,24,2.27
3,25,2.27
3,26,2
3,27,8.33
3,28,5
3,29,2.78
3,30,7.14
3,31,2.08
3,32,4.17
3,33,4.55
3,34,10
3,35,8.33
3,36,3.57
3,37,5
3,38,6.25
3,39,2.78
3,40,3.13
3,41,8.33
3,42,2.78
3,43,2.08
3,44,5
3,45,3.57
3,46,2
3,47,2.17
3,48,2.27
3,49,10
3,50,2.27
3,51,4.17
3,52,3.57
3,53,2
3,54,2.63
3,55,2.27
3,56,3.57
3,57,2.94
3,58,2.27
3,59,2
3,60,2.94
3,61,3.13
3,62,2.63
3,63,10
3,64,5
3,65,3.85
3,66,4.55
3,67,4.55
3,68,6.25
3,69,7.14
3,70,3.85
3,71,4.55
3,72,4.55
3,73,8.33
3,74,2.5
3,75,2.08
3,76,2
3,77,5
3,78,2.78
3,79,6.25
3,80,3.13
3,81,5.56
3,82,4.55
3,83,5.56
3,84,2.17
3,85,4.55
3,86,5.56
3,87,3.85
3,88,3.33
3,89,2.5
3,90,6.25
3,91,4.17
3,92,2.63
3,93,3.33
3,94,2.08
3,95,3.85
3,96,2.5
3,97,3.57
3,98,4.55
3,99,2.17
3,100,5
3,101,8.33
3,102,5.56
3,103,7.14
3,104,5.56
3,105,2.78
3,106,10
3,107,6.25
3,108,2.17
3,109,2.27
3,110,3.57
3,111,3.33
3,112,10
3,113,2.08
3,114,10
3,115,5.56
3,116,3.13
3,117,2.17
3,118,10
3,119,10
3,120,3.13
3,121,4.17
3,122,8.33
3,123,2.17
3,124,3.13
3,125,2.94
3,126,2
3,127,2.63
3,128,10
3,129,2.94
3,130,10
3,131,4.55
3,132,4.55
3,133,4.55
3,134,10
3,135,3.57
3,136,3.13
3,137,4.17
3,138,3.33
3,139,5
3,140,2.63
3,141,5
3,142,3.33
3,143,10
3,144,2.27
3,145,3.33
3,146,4.55
3,147,2.08
3,148,3.13
3,149,2.63
3,150,2.27
3,151,5.56
3,152,2.63
3,153,3.13
3,154,3.13
3,155,2.63
3,156,5.56
3,157,2.94
3,158,6.25
3,159,4.17
3,160,4.17
3,161,2.63
3,162,2.63
3,163,2.94
3,164,3.85
3,165,6.25
3,166,2.78
3,167,2.63
3,168,7.14
3,169,2.38
3,170,6.25
3,171,2.27
3,172,3.57
3,173,3.13
3,174,2
3,175,2
3,176,2.17
3,177,3.85
3,178,2.5
3,179,2.17
3,180,3.85
3,181,3.13
3,182,2.63
3,183,2.5
3,184,4.55
3,185,3.57
3,186,3.33
3,187,3.85
3,188,2.78
3,189,5
3,190,3.57
3,191,4.17
3,192,7.14
3,193,5.56
3,194,8.33
3,195,2.5
3,196,2.17
3,197,2.78
3,198,3.33
3,199,3.33
3,200,5.56
4,1,3.13
4,2,2.78
4,3,6.25
4,4,2.38
4,5,2.38
4,6,3.85
4,7,2.17
4,8,2.94
4,9,2.38
4,10,7.14
4,11,2.63
4,12,3.13
4,13,2.78
4,14,3.33
4,15,10
4,16,6.25
4,17,5
4,18,2.5
4,19,2
4,20,3.13
4,21,2.08
4,22,2.38
4,23,5
4,24,10
4,25,4.55
4,26,4.17
4,27,10
4,28,3.13
4,29,2
4,30,3.33
4,31,7.14
4,32,2.17
4,33,3.13
4,34,2.27
4,35,2.94
4,36,3.33
4,37,3.33
4,38,2.94
4,39,2.27
4,40,3.13
4,41,5.56
4,42,2.5
4,43,3.33
4,44,7.14
4,45,4.17
4,46,4.55
4,47,2.17
4,48,7.14
4,49,2.5
4,50,2.94
4,51,2.17
4,52,2.94
4,53,2.08
4,54,2.17
4,55,3.57
4,56,4.55
4,57,5
4,58,2.63
4,59,2.94
4,60,4.17
4,61,2.17
4,62,2.5
4,63,3.85
4,64,3.85
4,65,2.38
4,66,2.08
4,67,8.33
4,68,3.85
4,69,7.14
4,70,2.63
4,71,5.56
4,72,2.94
4,73,2.78
4,74,2.5
4,75,5
4,76,3.85
4,77,2.17
4,78,2.27
4,79,2.27
4,80,5.56
4,81,2.17
4,82,10
4,83,7.14
4,84,2.5
4,85,2.63
4,86,2.94
4,87,7.14
4,88,7.14
4,89,2
4,90,7.14
4,91,7.14
4,92,2.78
4,93,8.33
4,94,2.78
4,95,5.56
4,96,3.85
4,97,2.78
4,98,2.94
4,99,2.17
4,100,2.94
4,101,10
4,102,2.63
4,103,2.94
4,104,2.38
4,105,2.63
4,106,8.33
4,107,3.33
4,108,7.14
4,109,2.63
4,110,2.27
4,111,3.85
4,112,2.94
4,113,7.14
4,114,2.38
4,115,4.17
4,116,2.78
4,117,3.13
4,118,2.5
4,119,2.08
4,120,3.13
4,121,3.33
4,122,2.94
4,123,2.63
4,124,2.94
4,125,2.78
4,126,2.94
4,127,3.85
4,128,3.57
4,129,2.17
4,130,7.14
4,131,2.94
4,132,2.63
4,133,4.55
4,134,2
4,135,2.08
4,136,2.38
4,137,10
4,138,2
4,139,2.94
4,140,3.33
4,141,2.27
4,142,2.78
4,143,2.38
4,144,3.33
4,145,4.55
4,146,7.14
4,147,4.55
4,148,6.25
4,149,2
4,150,5
4,151,2.63
4,152,3.85
4,153,2.08
4,154,10
4,155,2.08
4,156,2.17
4,157,2.27
4,158,3.13
4,159,2.63
4,160,2
4,161,2
4,162,4.17
4,163,3.85
4,164,3.85
4,165,2.63
4,166,4.55
4,167,2.94
4,168,10
4,169,2.63
4,170,8.33
4,171,5.56
4,172,7.14
4,173,4.17
4,174,8.33
4,175,4.55
4,176,3.85
4,177,2.78
4,178,2.78
4,179,2
4,180,7.14
4,181,2.63
4,182,7.14
4,183,2.94
4,184,2.08
4,185,7.14
4,186,8.33
4,187,2.78
4,188,2
4,189,3.13
4,190,2.27
4,191,4.17
4,192,3.13
4,193,2.27
4,194,2.5
4,195,8.33
4,196,5.56
4,197,4.55
4,198,2.27
4,199,6.25
4,200,3.57
5,1,3.33
5,2,2.27
5,3,2.27
5,4,7.14
5,5,7.14
5,6,2.5
5,7,7.14
5,8,3.33
5,9,2.17
5,10,2.38
5,11,5
5,12,2.27
5,13,5.56
5,14,4.55
5,15,2.17
5,16,3.13
5,17,6.25
5,18,3.57
5,19,7.14
5,20,2.5
5,21,7.14
5,22,2.5
5,23,8.33
5,24,5
5,25,6.25
5,26,2.63
5,27,2
5,28,3.13
5,29,2.17
5,30,2.38
5,31,2.08
5,32,2.5
5,33,2.78
5,34,7.14
5,35,2.38
5,36,8.33
5,37,2.5
5,38,7.14
5,39,3.85
5,40,2.27
5,41,2.17
5,42,4.55
5,43,2.08
5,44,3.13
5,45,2.63
5,46,2.94
5,47,2.63
5,48,2.5
5,49,3.33
5,50,6.25
5,51,10
5,52,10
5,53,2.5
5,54,7.14
5,55,2
5,56,4.55
5,57,7.14
5,58,5.56
5,59,10
5,60,2.5
5,61,2.94
5,62,3.33
5,63,3.57
5,64,3.13
5,65,2
5,66,2.5
5,67,3.57
5,68,5
5,69,2.5
5,70,2.17
5,71,2.17
5,72,2.94
5,73,2.08
5,74,2.08
5,75,2.27
5,76,2.08
5,77,10
5,78,2
5,79,4.55
5,80,5
5,81,6.25
5,82,2.27
5,83,2.94
5,84,8.33
5,85,10
5,86,5
5,87,10
5,88,5.56
5,89,2.17
5,90,5.56
5,91,3.33
5,92,5.56
5,93,4.55
5,94,3.57
5,95,2.78
5,96,2
5,97,2.5
5,98,2.17
5,99,4.55
5,100,5.56
5,101,2.08
5,102,2.27
5,103,2.38
5,104,2.08
5,105,2.94
5,106,10
5,107,2.08
5,108,2.08
5,109,2.94
5,110,8.33
5,111,3.33
5,112,2.94
5,113,2.5
5,114,2.27
5,115,3.33
5,116,4.55
5,117,6.25
5,118,3.13
5,119,3.57
5,120,4.55
5,121,4.55
5,122,2.08
5,123,8.33
5,124,5
5,125,2.5
5,126,2.5
5,127,2.78
5,128,6.25
5,129,2.63
5,130,4.17
5,131,2
5,132,2.08
5,133,2
5,134,2
5,135,2.78
5,136,10
5,137,4.17
5,138,2.5
5,139,2.17
5,140,2.17
5,141,4.17
5,142,2.08
5,143,3.33
5,144,2.78
5,145,3.33
5,146,2.38
5,147,2.27
5,148,2
5,149,4.55
5,150,10
5,151,4.55
5,152,2.17
5,153,2.08
5,154,2.94
5,155,4.17
5,156,2
5,157,2.17
5,158,6.25
5,159,2.17
5,160,3.57
5,161,3.57
5,162,3.13
5,163,2.08
5,164,6.25
5,165,3.57
5,166,2.5
5,167,2.17
5,168,7.14
5,169,3.85
5,170,3.85
5,171,3.57
5,172,6.25
5,173,2.08
5,174,3.13
5,175,7.14
5,176,3.85
5,177,2.27
5,178,8.33
5,179,2
5,180,5
5,181,3.57
5,182,2.38
5,183,3.85
5,184,8.33
5,185,6.25
5,186,2.08
5,187,6.25
5,188,2.38
5,189,2.38
5,190,3.33
5,191,3.85
5,192,6.25
5,193,3.33
5,194,7.14
5,195,2.5
5,196,2.17
5,197,7.14
5,198,2.5
5,199,5.56
5,200,4.17
6,1,2.5
6,2,3.85
6,3,3.13
6,4,3.33
6,5,2.78
6,6,7.14
6,7,3.33
6,8,2.94
6,9,2.38
6,10,2.17
6,11,2.94
6,12,2
6,13,3.85
6,14,2.27
6,15,3.33
6,16,2.08
6,17,3.85
6,18,2.08
6,19,4.17
6,20,2.63
6,21,2.08
6,22,4.17
6,23,6.25
6,24,2.94
6,25,2.5
6,26,2.63
6,27,2.27
6,28,3.85
6,29,6.25
6,30,3.57
6,31,3.13
6,32,2.17
6,33,4.55
6,34,3.57
6,35,2.17
6,36,5
6,37,4.55
6,38,5
6,39,4.55
6,40,3.13
6,41,2.38
6,42,2.94
6,43,2.08
6,44,7.14
6,45,2.17
6,46,3.85
6,47,3.13
6,48,3.33
6,49,4.55
6,50,3.85
6,51,3.85
6,52,2.5
6,53,5.56
6,54,3.57
6,55,2.08
6,56,3.13
6,57,5.56
6,58,5
6,59,2.38
6,60,10
6,61,4.55
6,62,2.17
6,63,2.08
6,64,3.13
6,65,2.27
6,66,3.13
6,67,3.85
6,68,2.78
6,69,4.17
6,70,2.78
6,71,2
6,72,2.94
6,73,7.14
6,74,7.14
6,75,3.57
6,76,2.63
6,77,10
6,78,2.08
6,79,2.78
6,80,2.5
6,81,2
6,82,4.17
6,83,2.78
6,84,2.38
6,85,6.25
6,86,8.33
6,87,2.27
6,88,3.33
6,89,5.56
6,90,3.57
6,91,7.14
6,92,5.56
6,93,3.85
6,94,3.33
6,95,2.5
6,96,2.94
6,97,5.56
6,98,2.94
6,99,2.17
6,100,2
6,101,3.33
6,102,3.57
6,103,5
6,104,10
6,105,2.5
6,106,10
6,107,2.63
6,108,7.14
6,109,2.78
6,110,5
6,111,4.55
6,112,2.27
6,113,3.85
6,114,2.5
6,115,2.08
6,116,3.57
6,117,2.78
6,118,5.56
6,119,3.13
6,120,2.78
6,121,2.63
6,122,3.33
6,123,2
6,124,2
6,125,7.14
6,126,8.33
6,127,4.17
6,128,2.94
6,129,7.14
6,130,5.56
6,131,3.13
6,132,2.17
6,133,3.13
6,134,2.78
6,135,2.5
6,136,2.5
6,137,2.38
6,138,7.14
6,139,2.63
6,140,4.17
6,141,2.5
6,142,5.56
6,143,2.08
6,144,6.25
6,145,5.56
6,146,7.14
6,147,2.27
6,148,2.78
6,149,6.25
6,150,2
6,151,2.94
6,152,3.33
6,153,8.33
6,154,5
6,155,8.33
6,156,7.14
6,157,2.78
6,158,3.85
6,159,3.33
6,160,2.17
6,161,10
6,162,2.5
6,163,4.55
6,164,6.25
6,165,2.38
6,166,4.17
6,167,3.57
6,168,2.08
6,169,10
6,170,2.38
6,171,2.17
6,172,2.63
6,173,2.94
6,174,2.38
6,175,2
6,176,5
6,177,2.78
6,178,2.5
6,179,2.63
6,180,2.27
6,181,2.63
6,182,2.17
6,183,2.94
6,184,7.14
6,185,3.13
6,186,2.27
6,187,5.56
6,188,2
6,189,2.17
6,190,6.25
6,191,2.94
6,192,3.57
6,193,3.13
6,194,3.33
6,195,5
6,196,2.38
6,197,2.08
6,198,2.63
6,199,2.5
6,200,8.33
7,1,7.14
7,2,3.85
7,3,2.94
7,4,2.27
7,5,2.08
7,6,2.94
7,7,2
7,8,2.17
7,9,6.25
7,10,2.78
7,11,5.56
7,12,7.14
7,13,2.38
7,14,5.56
7,15,4.17
7,16,2.17
7,17,5
7,18,2.27
7,19,4.17
7,20,2
7,21,2.27
7,22,2.78
7,23,5
7,24,3.85
7,25,2.38
7,26,6.25
7,27,2.94
7,28,2.94
7,29,2.17
7,30,3.13
7,31,5
7,32,4.55
7,33,3.13
7,34,2.63
7,35,2.78
7,36,2.27
7,37,4.17
7,38,3.57
7,39,2.5
7,40,4.55
7,41,10
7,42,2.5
7,43,3.33
7,44,4.55
7,45,2.78
7,46,2.08
7,47,2
7,48,2.5
7,49,6.25
7,50,6.25
7,51,10
7,52,2.08
7,53,3.33
7,54,2.78
7,55,2.38
7,56,5.56
7,57,3.13
7,58,10
7,59,8.33
7,60,2.08
7,61,3.85
7,62,2
7,63,2.63
7,64,5
7,65,2.08
7,66,3.13
7,67,2.78
7,68,5.56
7,69,2.17
7,70,4.17
7,71,2.94
7,72,2.38
7,73,2.94
7,74,7.14
7,75,5.56
7,76,2.08
7,77,2.08
7,78,2
7,79,2.63
7,80,7.14
7,81,4.17
7,82,2.78
7,83,2.5
7,84,6.25
7,85,5.56
7,86,3.85
7,87,2.17
7,88,3.57
7,89,5.56
7,90,2
7,91,2.63
7,92,7.14
7,93,4.55
7,94,2.5
7,95,10
7,96,3.57
7,97,3.85
7,98,7.14
7,99,6.25
7,100,3.85
7,101,5.56
7,102,2.63
7,103,2.78
7,104,3.57
7,105,2.94
7,106,8.33
7,107,10
7,108,5
7,109,2.78
7,110,5.56
7,111,2.08
7,112,4.55
7,113,2.27
7,114,2.17
7,115,2.5
7,116,2.63
7,117,3.57
7,118,5.56
7,119,4.17
7,120,2.27
7,121,8.33
7,122,2.63
7,123,3.85
7,124,2.27
7,125,2.63
7,126,2.78
7,127,3.85
7,128,3.85
7,129,2.08
7,130,2.38
7,131,2.27
7,132,2
7,133,3.85
7,134,2.5
7,135,6.25
7,136,4.55
7,137,3.33
7,138,7.14
7,139,2
7,140,10
7,141,8.33
7,142,3.13
7,143,2.94
7,144,6.25
7,145,5
7,146,2.78
7,147,2.78
7,148,4.17
7,149,2.27
7,150,6.25
7,151,2.78
7,152,3.85
7,153,2.5
7,154,6.25
7,155,10
7,156,5
7,157,2.63
7,158,5
7,159,6.25
7,160,2.78
7,161,2.5
7,162,8.33
7,163,2.94
7,164,2.27
7,165,2.08
7,166,2.63
7,167,3.13
7,168,3.13
7,169,2.27
7,170,2.78
7,171,2.94
7,172,7.14
7,173,2.38
7,174,4.17
7,175,2.27
7,176,2.63
7,177,3.33
7,178,8.33
7,179,4.17
7,180,2.94
7,181,3.57
7,182,5
7,183,6.25
7,184,2.27
7,185,8.33
7,186,2.08
7,187,2.38
7,188,3.85
7,189,5.56
7,190,7.14
7,191,2.78
7,192,2.5
7,193,3.57
7,194,10
7,195,4.17
7,196,2.27
7,197,8.33
7,198,2.08
7,199,2.08
7,200,3.13
8,1,2
8,2,7.14
8,3,2.63
8,4,4.55
8,5,3.57
8,6,3.57
8,7,5
8,8,4.55
8,9,3.85
8,10,2.94
8,11,2.78
8,12,2.94
8,13,4.17
8,14,8.33
8,15,3.57
8,16,3.85
8,17,2.5
8,18,2.5
8,19,2
8,20,2.63
8,21,2.94
8,22,3.13
8,23,2.08
8,24,3.57
8,25,8.33
8,26,6.25
8,27,2.94
8,28,2.08
8,29,2
8,30,3.13
8,31,3.85
8,32,2.78
8,33,2
8,34,8.33
8,35,8.33
8,36,2.78
8,37,5
8,38,4.17
8,39,5
8,40,3.85
8,41,2.27
8,42,2.5
8,43,4.55
8,44,2.78
8,45,6.25
8,46,2.27
8,47,4.17
8,48,2.27
8,49,8.33
8,50,7.14
8,51,4.17
8,52,3.85
8,53,2.63
8,54,6.25
8,55,4.55
8,56,4.17
8,57,2.08
8,58,4.17
8,59,2.38
8,60,10
8,61,3.13
8,62,2
8,63,4.55
8,64,3.33
8,65,2.63
8,66,2.17
8,67,4.17
8,68,2.78
8,69,4.55
8,70,2.63
8,71,4.17
8,72,3.85
8,73,8.33
8,74,2.63
8,75,2.5
8,76,2.27
8,77,2.08
8,78,2.17
8,79,2.27
8,80,7.14
8,81,2.63
8,82,6.25
8,83,4.17
8,84,2.38
8,85,6.25
8,86,2.5
8,87,3.13
8,88,2
8,89,2
8,90,8.33
8,91,2.27
8,92,2
8,93,2.08
8,94,3.33
8,95,2.17
8,96,2.17
8,97,8.33
8,98,2.94
8,99,4.17
8,100,5
8,101,7.14
8,102,2.17
8,103,6.25
8,104,2.5
8,105,10
8,106,5
8,107,2
8,108,2.38
8,109,4.55
8,110,8.33
8,111,2.94
8,112,3.85
8,113,6.25
8,114,2.38
8,115,3.85
8,116,5.56
8,117,2.78
8,118,3.57
8,119,10
8,120,2.94
8,121,2.5
8,122,6.25
8,123,2.63
8,124,2.27
8,125,2.78
8,126,3.57
8,127,4.55
8,128,4.17
8,129,2.38
8,130,3.13
8,131,3.13
8,132,2.17
8,133,2.08
8,134,8.33
8,135,2.78
8,136,6.25
8,137,8.33
8,138,2.5
8,139,8.33
8,140,5
8,141,2.38
8,142,6.25
8,143,2.78
8,144,8.33
8,145,2.78
8,146,4.55
8,147,2.08
8,148,4.55
8,149,2.27
8,150,3.13
8,151,8.33
8,152,5.56
8,153,4.55
8,154,6.25
8,155,2.17
8,156,7.14
8,157,2.27
8,158,6.25
8,159,2.5
8,160,6.25
8,161,6.25
8,162,2.5
8,163,2
8,164,2.63
8,165,2.17
8,166,2.27
8,167,3.57
8,168,2.63
8,169,2
8,170,5
8,171,3.85
8,172,2.78
8,173,2.78
8,174,3.57
8,175,2.78
8,176,8.33
8,177,3.85
8,178,3.13
8,179,3.33
8,180,3.85
8,181,3.57
8,182,3.13
8,183,8.33
8,184,3.33
8,185,3.85
8,186,8.33
8,187,2.38
8,188,3.13
8,189,7.14
8,190,2.27
8,191,3.13
8,192,8.33
8,193,10
8,194,5
8,195,2.63
8,196,2.08
8,197,4.17
8,198,3.85
8,199,8.33
8,200,7.14
9,1,2
9,2,2.63
9,3,2
9,4,4.55
9,5,6.25
9,6,2.17
9,7,6.25
9,8,10
9,9,3.33
9,10,3.13
9,11,3.85
9,12,4.55
9,13,3.13
9,14,2.08
9,15,2.5
9,16,4.55
9,17,2.5
9,18,7.14
9,19,10
9,20,5
9,21,2.78
9,22,4.55
9,23,4.17
9,24,4.17
9,25,2.78
9,26,6.25
9,27,10
9,28,6.25
9,29,4.17
9,30,2.78
9,31,5.56
9,32,2.94
9,33,2.5
9,34,3.85
9,35,3.85
9,36,6.25
9,37,2.5
9,38,3.13
9,39,2.63
9,40,2.5
9,41,2.78
9,42,10
9,43,4.17
9,44,3.57
9,45,3.33
9,46,10
9,47,3.13
9,48,2
9,49,3.13
9,50,2.38
9,51,2.63
9,52,4.55
9,53,2.78
9,54,5.56
9,55,2.5
9,56,2.78
9,57,2.94
9,58,5
9,59,7.14
9,60,3.13
9,61,3.13
9,62,5.56
9,63,4.17
9,64,2.94
9,65,8.33
9,66,6.25
9,67,7.14
9,68,2
9,69,3.13
9,70,2.38
9,71,2.38
9,72,6.25
9,73,2.94
9,74,7.14
9,75,4.17
9,76,2.17
9,77,2.94
9,78,2.08
9,79,3.33
9,80,3.33
9,81,4.17
9,82,2.08
9,83,2.63
9,84,2.17
9,85,8.33
9,86,2.17
9,87,2
9,88,4.55
9,89,2
9,90,3.85
9,91,3.85
9,92,2.63
9,93,3.33
9,94,3.57
9,95,3.85
9,96,3.57
9,97,3.33
9,98,2.08
9,99,2.94
9,100,3.33
9,101,2.08
9,102,2.78
9,103,2.08
9,104,2.27
9,105,6.25
9,106,8.33
9,107,5.56
9,108,2.63
9,109,4.17
9,110,5.56
9,111,4.17
9,112,3.85
9,113,2.08
9,114,5
9,115,8.33
9,116,7.14
9,117,6.25
9,118,5.56
9,119,3.57
9,120,2.63
9,121,2.63
9,122,2.63
9,123,4.55
9,124,2.27
9,125,10
9,126,2.63
9,127,3.85
9,128,3.33
9,129,2.17
9,130,8.33
9,131,3.13
9,132,8.33
9,133,2.08
9,134,8.33
9,135,5.56
9,136,2.5
9,137,6.25
9,138,3.33
9,139,2.78
9,140,5
9,141,4.55
9,142,2.94
9,143,2.17
9,144,2.17
9,145,10
9,146,2.78
9,147,2.94
9,148,2.63
9,149,2.27
9,150,3.33
9,151,2.94
9,152,10
9,153,7.14
9,154,2.94
9,155,3.33
9,156,3.13
9,157,2.27
9,158,6.25
9,159,2.17
9,160,2
9,161,2.27
9,162,3.13
9,163,3.13
9,164,2.27
9,165,2.78
9,166,4.55
9,167,2.17
9,168,6.25
9,169,2.63
9,170,10
9,171,2.94
9,172,3.33
9,173,5
9,174,2.17
9,175,2.5
9,176,3.85
9,177,2
9,178,10
9,179,3.33
9,180,3.13
9,181,3.13
9,182,2.78
9,183,2.63
9,184,2.27
9,185,6.25
9,186,7.14
9,187,2.63
9,188,2.38
9,189,5
9,190,8.33
9,191,8.33
9,192,10
9,193,4.55
9,194,7.14
9,195,2.17
9,196,7.14
9,197,3.57
9,198,2.27
9,199,2.94
9,200,2.08
10,1,5
10,2,2.5
10,3,6.25
10,4,2.08
10,5,2.94
10,6,6.25
10,7,3.33
10,8,3.33
10,9,2
10,10,2.5
10,11,2.27
10,12,3.85
10,13,3.33
10,14,5
10,15,10
10,16,5.56
10,17,2.94
10,18,8.33
10,19,2.94
10,20,2.78
10,21,2.08
10,22,2.5
10,23,3.57
10,24,3.13
10,25,2.38
10,26,4.55
10,27,6.25
10,28,2.5
10,29,5
10,30,3.13
10,31,4.55
10,32,4.55
10,33,4.17
10,34,5
10,35,5.56
10,36,2.17
10,37,3.85
10,38,2.08
10,39,4.17
10,40,2.08
10,41,2.27
10,42,3.57
10,43,2.17
10,44,4.17
10,45,2.08
10,46,2.08
10,47,4.55
10,48,3.13
10,49,3.13
10,50,2.63
10,51,2.78
10,52,4.17
10,53,2.63
10,54,2.08
10,55,6.25
10,56,6.25
10,57,2.17
10,58,3.85
10,59,3.85
10,60,3.13
10,61,4.55
10,62,4.17
10,63,6.25
10,64,2.63
10,65,3.33
10,66,3.33
10,67,2.5
10,68,3.85
10,69,2.08
10,70,5
10,71,10
10,72,10
10,73,3.13
10,74,3.57
10,75,5
10,76,2.63
10,77,7.14
10,78,6.25
10,79,8.33
10,80,2.17
10,81,2
10,82,3.13
10,83,2.94
10,84,2.38
10,85,4.17
10,86,5.56
10,87,2.17
10,88,2.94
10,89,2.63
10,90,2.5
10,91,4.17
10,92,3.57
10,93,3.13
10,94,3.85
10,95,2.08
10,96,2.17
10,97,3.85
10,98,2.17
10,99,2.63
10,100,2.94
10,101,2
10,102,2.17
10,103,2.38
10,104,5
10,105,3.33
10,106,2.94
10,107,5
10,108,4.55
10,109,2.08
10,110,4.17
10,111,2.08
10,112,8.33
10,113,3.57
10,114,2.08
10,115,4.55
10,116,10
10,117,8.33
10,118,2.63
10,119,2.78
10,120,5.56
10,121,3.85
10,122,2.38
10,123,2.94
10,124,2.63
10,125,2.27
10,126,6.25
10,127,2.78
10,128,2.08
10,129,2.63
10,130,3.57
10,131,2.94
10,132,2.17
10,133,6.25
10,134,2.38
10,135,2.38
10,136,3.33
10,137,4.55
10,138,2.94
10,139,4.17
10,140,2.17
10,141,4.17
10,142,2.17
10,143,6.25
10,144,2.94
10,145,8.33
10,146,3.85
10,147,5
10,148,2.38
10,149,3.85
10,150,6.25
10,151,8.33
10,152,3.57
10,153,8.33
10,154,5
10,155,2.38
10,156,2.94
10,157,8.33
10,158,2.5
10,159,3.13
10,160,2.08
10,161,5.56
10,162,3.33
10,163,2.27
10,164,5.56
10,165,2.78
10,166,2.27
10,167,2.78
10,168,6.25
10,169,2.27
10,170,3.33
10,171,2.17
10,172,3.85
10,173,2.94
10,174,3.85
10,175,2.27
10,176,8.33
10,177,3.85
10,178,2.63
10,179,10
10,180,6.25
10,181,8.33
10,182,3.85
10,183,2.5
10,184,4.55
10,185,4.17
10,186,2.17
10,187,2.78
10,188,3.57
10,189,2.63
10,190,4.55
10,191,2.38
10,192,2.08
10,193,3.13
10,194,8.33
10,195,3.33
10,196,5
10,197,2.38
10,198,10
10,199,3.13
10,200,4.17
11,1,2.94
11,2,2
11,3,8.33
11,4,6.25
11,5,2.08
11,6,8.33
11,7,2.17
11,8,2.27
11,9,2
11,10,2.08
11,11,3.33
11,12,7.14
11,13,2
11,14,4.55
11,15,2.78
11,16,4.55
11,17,5.56
11,18,2.27
11,19,3.57
11,20,7.14
11,21,10
11,22,3.57
11,23,2.94
11,24,4.17
11,25,3.57
11,26,2.94
11,27,2.94
11,28,5
11,29,2.27
11,30,2.08
11,31,2.63
11,32,3.33
11,33,2.5
11,34,2.5
11,35,2.38
11,36,3.33
11,37,2.17
11,38,2
11,39,2.08
11,40,5.56
11,41,2.17
11,42,5
11,43,5
11,44,5
11,45,7.14
11,46,7.14
11,47,2
11,48,10
11,49,3.57
11,50,3.57
11,51,2.08
11,52,2.5
11,53,7.14
11,54,2.38
11,55,2
11,56,2.94
11,57,10
11,58,2.08
11,59,2
11,60,2.27
11,61,2.38
11,62,4.55
11,63,10
11,64,2.94
11,65,3.57
11,66,4.17
11,67,2.38
11,68,2.78
11,69,3.13
11,70,6.25
11,71,3.57
11,72,2.78
11,73,2.94
11,74,2.38
11,75,3.33
11,76,4.55
11,77,3.85
11,78,5
11,79,2.27
11,80,3.57
11,81,2.17
11,82,2
11,83,6.25
11,84,5
11,85,5.56
11,86,6.25
11,87,2.63
11,88,2.27
11,89,7.14
11,90,4.55
11,91,3.57
11,92,2
11,93,2.38
11,94,2.94
11,95,2.08
11,96,2.5
11,97,4.17
11,98,4.55
11,99,2.5
11,100,4.55
11,101,10
11,102,2.5
11,103,5.56
11,104,2.78
11,105,8.33
11,106,4.17
11,107,2.08
11,108,3.33
11,109,7.14
11,110,6.25
11,111,3.33
11,112,2.08
11,113,3.85
11,114,8.33
11,115,3.85
11,116,3.85
11,117,4.55
11,118,10
11,119,2
11,120,7.14
11,121,7.14
11,122,3.33
11,123,5.56
11,124,2.27
11,125,10
11,126,2.94
11,127,2.94
11,128,5.56
11,129,2.63
11,130,3.33
11,131,2.38
11,132,3.33
11,133,5
11,134,2.78
11,135,4.55
11,136,5.56
11,137,10
11,138,8.33
11,139,2.27
11,140,2.94
11,141,2.38
11,142,2.17
11,143,5
11,144,2.78
11,145,3.57
11,146,2.63
11,147,2.38
11,148,2
11,149,5.56
11,150,4.55
11,151,2.94
11,152,3.85
11,153,3.85
11,154,2.08
11,155,8.33
11,156,5
11,157,5.56
11,158,10
11,159,3.85
11,160,3.13
11,161,7.14
11,162,8.33
11,163,6.25
11,164,3.13
11,165,6.25
11,166,4.17
11,167,2.5
11,168,8.33
11,169,5
11,170,2.63
11,171,2.08
11,172,4.55
11,173,2.08
11,174,2.5
11,175,5.56
11,176,3.57
11,177,3.13
11,178,2.94
11,179,4.17
11,180,2.38
11,181,4.55
11,182,7.14
11,183,4.17
11,184,4.55
11,185,5.56
11,186,2.78
11,187,10
11,188,2.5
11,189,3.57
11,190,2.38
11,191,2.63
11,192,5.56
11,193,2.08
11,194,2.08
11,195,2.38
11,196,6.25
11,197,2.08
11,198,2.08
11,199,2
11,200,4.17
12,1,2
12,2,2.17
12,3,5.56
12,4,3.57
12,5,3.33
12,6,8.33
12,7,8.33
12,8,4.55
12,9,5
12,10,2.08
12,11,10
12,12,2.5
12,13,2.78
12,14,2.38
12,15,10
12,16,7.14
12,17,2.78
12,18,2.27
12,19,3.85
12,20,2.63
12,21,4.55
12,22,3.33
12,23,2.17
12,24,5.56
12,25,8.33
12,26,10
12,27,4.55
12,28,6.25
12,29,2.38
12,30,7.14
12,31,3.85
12,32,7.14
12,33,5.56
12,34,4.55
12,35,3.85
12,36,2.08
12,37,2.94
12,38,2.27
12,39,2.27
12,40,5.56
12,41,2.78
12,42,4.17
12,43,2.08
12,44,2.17
12,45,2.78
12,46,8.33
12,47,4.17
12,48,4.17
12,49,2.38
12,50,5
12,51,2.5
12,52,2
12,53,4.17
12,54,2.38
12,55,3.13
12,56,3.13
12,57,2.63
12,58,2.38
12,59,2.78
12,60,8.33
12,61,5.56
12,62,4.17
12,63,3.85
12,64,4.17
12,65,5.56
12,66,5
12,67,2.27
12,68,5.56
12,69,3.57
12,70,2.63
12,71,6.25
12,72,8.33
12,73,2.78
12,74,7.14
12,75,5.56
12,76,10
12,77,3.13
12,78,2.38
12,79,5
12,80,2
12,81,2.78
12,82,5
12,83,2.5
12,84,5.56
12,85,2.27
12,86,3.57
12,87,3.85
12,88,7.14
12,89,3.33
12,90,2.78
12,91,2
12,92,3.85
12,93,4.17
12,94,2.08
12,95,10
12,96,3.33
12,97,2.78
12,98,3.13
12,99,5
12,100,2.78
12,101,7.14
12,102,8.33
12,103,7.14
12,104,2.63
12,105,4.17
12,106,3.33
12,107,2.78
12,108,2.38
12,109,2.94
12,110,2.17
12,111,2.63
12,112,3.13
12,113,8.33
12,114,3.33
12,115,2.27
12,116,2.17
12,117,3.85
12,118,4.17
12,119,5.56
12,120,2
12,121,6.25
12,122,2.94
12,123,2.38
12,124,4.55
12,125,4.55
12,126,2.78
12,127,7.14
12,128,2.5
12,129,2.38
12,130,2.5
12,131,2.94
12,132,4.55
12,133,3.57
12,134,2.63
12,135,4.17
12,136,3.13
12,137,3.57
12,138,2.08
12,139,2.78
12,140,6.25
12,141,10
12,142,2.63
12,143,2.78
12,144,10
12,145,2.08
12,146,2.5
12,147,8.33
12,148,5.56
12,149,2.5
12,150,2.27
12,151,2.08
12,152,2.38
12,153,3.33
12,154,2
12,155,5
12,156,4.17
12,157,3.13
12,158,2.38
12,159,2
12,160,2.63
12,161,2.5
12,162,2.17
12,163,3.33
12,164,3.33
12,165,2.08
12,166,2.08
12,167,7.14
12,168,6.25
12,169,2.17
12,170,2.94
12,171,4.55
12,172,10
12,173,6.25
12,174,3.57
12,175,3.85
12,176,5
12,177,3.57
12,178,2.08
12,179,2.63
12,180,2.38
12,181,8.33
12,182,4.55
12,183,8.33
12,184,3.13
12,185,10
12,186,2.27
12,187,2.27
12,188,8.33
12,189,8.33
12,190,2.78
12,191,6.25
12,192,2.94
12,193,2.38
12,194,3.85
12,195,2.94
12,196,5.56
12,197,2.27
12,198,2
12,199,2.5
12,200,3.33
13,1,2.5
13,2,2.08
13,3,5
13,4,2.17
13,5,2
13,6,3.33
13,7,3.33
13,8,5
13,9,3.13
13,10,8.33
13,11,2.38
13,12,2.38
13,13,4.55
13,14,4.17
13,15,3.33
13,16,2.08
13,17,2.94
13,18,2.5
13,19,2.94
13,20,2.17
13,21,2.78
13,22,2.63
13,23,5.56
13,24,3.33
13,25,7.14
13,26,2.94
13,27,10
13,28,2
13,29,3.33
13,30,4.55
13,31,2
13,32,5
13,33,7.14
13,34,3.33
13,35,6.25
13,36,2.63
13,37,6.25
13,38,3.85
13,39,4.55
13,40,3.57
13,41,2.17
13,42,5.56
13,43,3.85
13,44,2.17
13,45,4.17
13,46,2.78
13,47,4.17
13,48,3.33
13,49,3.13
13,50,2.63
13,51,5.56
13,52,10
13,53,3.85
13,54,2.78
13,55,7.14
13,56,2.5
13,57,2.78
13,58,2.27
13,59,8.33
13,60,6.25
13,61,3.57
13,62,5.56
13,63,4.55
13,64,5.56
13,65,10
13,66,2.78
13,67,7.14
13,68,4.55
13,69,2
13,70,4.55
13,71,2.08
13,72,5
13,73,4.17
13,74,2.17
13,75,3.57
13,76,2.27
13,77,10
13,78,3.13
13,79,2.5
13,80,2.27
13,81,2.78
13,82,3.85
13,83,2.78
13,84,4.17
13,85,5
13,86,2.5
13,87,4.17
13,88,3.33
13,89,4.17
13,90,8.33
13,91,2.78
13,92,6.25
13,93,3.13
13,94,3.85
13,95,2.17
13,96,7.14
13,97,5.56
13,98,3.33
13,99,5
13,100,8.33
13,101,3.33
13,102,3.85
13,103,2.38
13,104,2.94
13,105,2
13,106,3.85
13,107,5
13,108,3.57
13,109,10
13,110,2.78
13,111,5
13,112,5.56
13,113,2
13,114,5.56
13,115,2.78
13,116,2.94
13,117,2
13,118,2.94
13,119,2.78
13,120,10
13,121,2.27
13,122,2.63
13,123,2.38
13,124,7.14
13,125,2.78
13,126,5.56
13,127,4.55
13,128,2
13,129,3.13
13,130,2.78
13,131,2.63
13,132,2.5
13,133,2.08
13,134,10
13,135,2.63
13,136,2.38
13,137,2.08
13,138,2.63
13,139,6.25
13,140,3.33
13,141,8.33
13,142,6.25
13,143,2.17
13,144,2.78
13,145,2.5
13,146,3.13
13,147,2.27
13,148,2
13,149,2.38
13,150,2.17
13,151,8.33
13,152,2.63
13,153,2.08
13,154,7.14
13,155,5
13,156,3.33
13,157,3.13
13,158,2.5
13,159,8.33
13,160,7.14
13,161,5
13,162,2.63
13,163,7.14
13,164,5.56
13,165,2.78
13,166,2.38
13,167,7.14
13,168,10
13,169,6.25
13,170,3.13
13,171,2
13,172,7.14
13,173,2.5
13,174,2.63
13,175,2.78
13,176,3.33
13,177,2.17
13,178,10
13,179,3.13
13,180,2
13,181,10
13,182,3.57
13,183,4.17
13,184,10
13,185,2
13,186,8.33
13,187,3.13
13,188,2.94
13,189,2.94
13,190,10
13,191,2.94
13,192,4.17
13,193,8.33
13,194,3.57
13,195,8.33
13,196,4.17
13,197,3.57
13,198,4.17
13,199,2.08
13,200,10
14,1,2
14,2,2.17
14,3,2.17
14,4,4.55
14,5,4.55
14,6,4.55
14,7,5
14,8,2
14,9,7.14
14,10,5.56
14,11,2.27
14,12,2.17
14,13,3.85
14,14,2.27
14,15,4.55
14,16,8.33
14,17,5.56
14,18,2.08
14,19,4.55
14,20,2.94
14,21,7.14
14,22,2.78
14,23,2.78
14,24,3.33
14,25,4.17
14,26,5
14,27,4.17
14,28,2.38
14,29,2
14,30,3.33
14,31,2.94
14,32,5
14,33,4.17
14,34,4.17
14,35,6.25
14,36,2.38
14,37,3.85
14,38,2.38
14,39,3.57
14,40,2
14,41,5.56
14,42,2.78
14,43,2
14,44,6.25
14,45,7.14
14,46,5
14,47,2.63
14,48,2.08
14,49,6.25
14,50,4.17
14,51,2.94
14,52,2.78
14,53,3.85
14,54,2.94
14,55,2.17
14,56,5.56
14,57,3.57
14,58,2.27
14,59,2.63
14,60,3.85
14,61,3.33
14,62,3.85
14,63,5
14,64,2.17
14,65,4.55
14,66,2.17
14,67,5.56
14,68,3.85
14,69,5
14,70,3.33
14,71,2.78
14,72,2
14,73,2.94
14,74,3.13
14,75,2.5
14,76,3.13
14,77,3.85
14,78,2
14,79,10
14,80,4.55
14,81,3.13
14,82,2.5
14,83,2.27
14,84,10
14,85,2.63
14,86,2.08
14,87,2.17
14,88,2.94
14,89,10
14,90,2.78
14,91,2.27
14,92,10
14,93,3.57
14,94,2.63
14,95,2.94
14,96,5
14,97,2.17
14,98,5
14,99,5.56
14,100,2.27
14,101,2.63
14,102,3.33
14,103,2.27
14,104,8.33
14,105,3.33
14,106,2.08
14,107,4.55
14,108,2.08
14,109,4.17
14,110,3.57
14,111,3.85
14,112,4.17
14,113,2.5
14,114,2.63
14,115,10
14,116,2.27
14,117,5.56
14,118,4.17
14,119,3.85
14,120,2.63
14,121,2.5
14,122,10
14,123,4.17
14,124,6.25
14,125,4.55
14,126,10
14,127,7.14
14,128,3.85
14,129,2.08
14,130,2.5
14,131,5
14,132,2.27
14,133,4.55
14,134,3.85
14,135,5
14,136,3.33
14,137,6.25
14,138,6.25
14,139,6.25
14,140,3.57
14,141,3.33
14,142,10
14,143,5
14,144,8.33
14,145,6.25
14,146,2.78
14,147,3.33
14,148,7.14
14,149,3.85
14,150,5.56
14,151,4.17
14,152,10
14,153,2.94
14,154,3.85
14,155,3.13
14,156,2
14,157,4.55
14,158,3.33
14,159,3.33
14,160,2
14,161,3.13
14,162,4.55
14,163,5
14,164,2.08
14,165,5
14,166,2
14,167,3.33
14,168,7.14
14,169,2.94
14,170,10
14,171,2.5
14,172,4.17
14,173,2.08
14,174,2.5
14,175,6.25
14,176,3.57
14,177,2.17
14,178,2.94
14,179,2.94
14,180,4.55
14,181,2
14,182,2.63
14,183,6.25
14,184,3.57
14,185,6.25
14,186,4.17
14,187,5.56
14,188,7.14
14,189,3.33
14,190,5.56
14,191,2.08
14,192,3.85
14,193,5.56
14,194,10
14,195,5
14,196,8.33
14,197,2.5
14,198,2.63
14,199,6.25
14,200,2.78
15,1,4.55
15,2,2.27
15,3,2.08
15,4,7.14
15,5,2.78
15,6,3.57
15,7,4.17
15,8,2.38
15,9,2.17
15,10,4.55
15,11,3.13
15,12,3.13
15,13,2.08
15,14,2.78
15,15,5
15,16,6.25
15,17,8.33
15,18,4.17
15,19,2.63
15,20,3.13
15,21,3.33
15,22,2.38
15,23,10
15,24,2.78
15,25,4.17
15,26,2.08
15,27,2.78
15,28,3.57
15,29,5.56
15,30,3.33
15,31,6.25
15,32,2.38
15,33,2.5
15,34,3.33
15,35,4.55
15,36,8.33
15,37,2.08
15,38,4.17
15,39,2.38
15,40,3.85
15,41,2.27
15,42,8.33
15,43,10
15,44,3.13
15,45,5
15,46,2.63
15,47,2.08
15,48,2.5
15,49,4.17
15,50,5
15,51,6.25
15,52,10
15,53,3.85
15,54,3.13
15,55,2.63
15,56,8.33
15,57,7.14
15,58,2.08
15,59,4.55
15,60,2.63
15,61,4.55
15,62,2.38
15,63,3.33
15,64,2.63
15,65,2.08
15,66,7.14
15,67,2.78
15,68,2.63
15,69,2.27
15,70,8.33
15,71,2.63
15,72,5
15,73,5
15,74,10
15,75,2.08
15,76,3.33
15,77,6.25
15,78,2.63
15,79,5
15,80,2.78
15,81,2.38
15,82,3.57
15,83,6.25
15,84,4.55
15,85,2.38
15,86,2.27
15,87,2
15,88,2.38
15,89,4.55
15,90,2.94
15,91,2.63
15,92,7.14
15,93,5.56
15,94,10
15,95,4.17
15,96,2.27
15,97,3.13
15,98,7.14
15,99,2.27
15,100,4.17
15,101,5.56
15,102,5
15,103,8.33
15,104,2.17
15,105,2.94
15,106,6.25
15,107,5
15,108,2.27
15,109,8.33
15,110,3.85
15,111,2.5
15,112,6.25
15,113,2
15,114,3.33
15,115,3.85
15,116,3.13
15,117,2.08
15,118,2.38
15,119,2.38
15,120,2.27
15,121,2.08
15,122,2.5
15,123,5
15,124,2.08
15,125,4.55
15,126,6.25
15,127,2
15,128,3.33
15,129,2.63
15,130,5
15,131,2.08
15,132,3.13
15,133,2.08
15,134,3.57
15,135,2.27
15,136,2.27
15,137,10
15,138,3.57
15,139,7.14
15,140,2.08
15,141,2.78
15,142,2.17
15,143,2.27
15,144,5
15,145,2.63
15,146,7.14
15,147,8.33
15,148,2.08
15,149,4.17
15,150,8.33
15,151,4.55
15,152,3.13
15,153,3.13
15,154,2.63
15,155,2.38
15,156,2.17
15,157,2.08
15,158,2.94
15,159,3.33
15,160,2.38
15,161,7.14
15,162,3.13
15,163,3.13
15,164,2.5
15,165,3.85
15,166,2
15,167,2.17
15,168,3.85
15,169,8.33
15,170,5.56
15,171,7.14
15,172,2
15,173,3.33
15,174,7.14
15,175,2.78
15,176,8.33
15,177,2.63
15,178,3.33
15,179,2.63
15,180,8.33
15,181,2.27
15,182,3.85
15,183,4.55
15,184,3.85
15,185,2.63
15,186,6.25
15,187,2.5
15,188,5
15,189,2.78
15,190,2.17
15,191,2.17
15,192,2.94
15,193,3.33
15,194,2.08
15,195,3.13
15,196,4.17
15,197,6.25
15,198,8.33
15,199,8.33
15,200,4.17
16,1,3.57
16,2,5.56
16,3,5.56
16,4,2.63
16,5,2.5
16,6,3.57
16,7,10
16,8,2.27
16,9,7.14
16,10,3.13
16,11,2
16,12,4.17
16,13,2.38
16,14,3.85
16,15,5.56
16,16,3.57
16,17,2
16,18,10
16,19,2.38
16,20,3.13
16,21,2.5
16,22,8.33
16,23,6.25
16,24,2.27
16,25,3.33
16,26,7.14
16,27,5
16,28,5.56
16,29,2.27
16,30,2.38
16,31,3.33
16,32,2.08
16,33,8.33
16,34,3.85
16,35,2
16,36,2.08
16,37,2
16,38,2
16,39,4.55
16,40,2.94
16,41,3.13
16,42,4.55
16,43,2.08
16,44,2.08
16,45,10
16,46,2
16,47,3.57
16,48,2.27
16,49,2.27
16,50,3.57
16,51,2.63
16,52,3.85
16,53,5
16,54,7.14
16,55,3.33
16,56,2.38
16,57,8.33
16,58,2.63
16,59,10
16,60,5
16,61,5.56
16,62,2.17
16,63,3.85
16,64,3.57
16,65,8.33
16,66,2.63
16,67,3.33
16,68,4.55
16,69,3.33
16,70,2.38
16,71,2.5
16,72,3.13
16,73,6.25
16,74,4.17
16,75,3.85
16,76,3.33
16,77,8.33
16,78,8.33
16,79,3.57
16,80,4.55
16,81,3.33
16,82,2.38
16,83,5.56
16,84,3.85
16,85,2.27
16,86,8.33
16,87,3.33
16,88,5.56
16,89,3.13
16,90,4.17
16,91,7.14
16,92,6.25
16,93,2.5
16,94,3.57
16,95,2.08
16,96,2.78
16,97,3.57
16,98,8.33
16,99,4.17
16,100,6.25
16,101,5
16,102,4.55
16,103,2
16,104,2.5
16,105,3.13
16,106,8.33
16,107,7.14
16,108,2.17
16,109,8.33
16,110,4.55
16,111,2.94
16,112,3.33
16,113,5.56
16,114,7.14
16,115,8.33
16,116,8.33
16,117,7.14
16,118,5.56
16,119,2.63
16,120,5.56
16,121,8.33
16,122,2.5
16,123,2.17
16,124,4.55
16,125,8.33
16,126,2.08
16,127,5
16,128,3.33
16,129,3.13
16,130,3.13
16,131,4.55
16,132,2.63
16,133,5.56
16,134,2.38
16,135,4.17
16,136,5
16,137,2.08
16,138,3.13
16,139,5
16,140,2.27
16,141,8.33
16,142,2.38
16,143,2.17
16,144,5.56
16,145,6.25
16,146,7.14
16,147,7.14
16,148,3.13
16,149,3.85
16,150,2.38
16,151,2.27
16,152,5
16,153,2.38
16,154,2.08
16,155,10
16,156,2.27
16,157,7.14
16,158,4.17
16,159,6.25
16,160,2
16,161,5.56
16,162,2.08
16,163,3.33
16,164,3.57
16,165,6.25
16,166,2.38
16,167,2.63
16,168,3.33
16,169,4.55
16,170,2.78
16,171,2
16,172,8.33
16,173,2.08
16,174,3.85
16,175,2.94
16,176,3.85
16,177,8.33
16,178,5
16,179,2.08
16,180,4.55
16,181,10
16,182,2.5
16,183,2.5
16,184,4.17
16,185,4.17
16,186,4.55
16,187,2.27
16,188,3.57
16,189,2.63
16,190,2.08
16,191,5.56
16,192,3.33
16,193,4.17
16,194,4.55
16,195,10
16,196,4.17
16,197,2.5
16,198,2.63
16,199,10
16,200,2.17
17,1,2.5
17,2,2.94
17,3,2.08
17,4,2.38
17,5,3.85
17,6,2
17,7,8.33
17,8,3.33
17,9,4.17
17,10,3.57
17,11,7.14
17,12,2.17
17,13,2.78
17,14,3.13
17,15,2.5
17,16,3.85
17,17,2
17,18,5
17,19,7.14
17,20,2.78
17,21,3.57
17,22,8.33
17,23,5
17,24,2.5
17,25,2.27
17,26,2
17,27,2.27
17,28,6.25
17,29,2.78
17,30,2.63
17,31,2.08
17,32,2
17,33,7.14
17,34,10
17,35,3.13
17,36,2.78
17,37,7.14
17,38,8.33
17,39,2.78
17,40,2.08
17,41,4.17
17,42,3.57
17,43,8.33
17,44,10
17,45,3.13
17,46,2.94
17,47,3.13
17,48,10
17,49,2.08
17,50,2.94
17,51,4.17
17,52,5.56
17,53,5.56
17,54,8.33
17,55,7.14
17,56,3.33
17,57,2
17,58,4.17
17,59,2
17,60,3.85
17,61,3.33
17,62,5
17,63,3.33
17,64,2.5
17,65,2.08
17,66,7.14
17,67,2.08
17,68,2.08
17,69,8.33
17,70,7.14
17,71,2.63
17,72,6.25
17,73,6.25
17,74,3.85
17,75,6.25
17,76,2.63
17,77,2.17
17,78,2.27
17,79,2.27
17,80,2.17
17,81,4.17
17,82,8.33
17,83,5.56
17,84,3.13
17,85,2.63
17,86,3.13
17,87,2.94
17,88,6.25
17,89,5
17,90,10
17,91,2.94
17,92,2.5
17,93,5
17,94,3.33
17,95,2.5
17,96,2.78
17,97,7.14
17,98,5.56
17,99,2
17,100,7.14
17,101,4.55
17,102,3.85
17,103,2.94
17,104,5
17,105,2.17
17,106,3.33
17,107,10
17,108,4.17
17,109,4.55
17,110,5.56
17,111,3.33
17,112,2.27
17,113,6.25
17,114,3.57
17,115,2.27
17,116,2.94
17,117,2.78
17,118,2.94
17,119,2.94
17,120,2.38
17,121,4.17
17,122,3.85
17,123,2.63
17,124,2.5
17,125,3.13
17,126,2.94
17,127,3.57
17,128,2.63
17,129,2.38
17,130,2.17
17,131,10
17,132,2.17
17,133,4.17
17,134,2.38
17,135,2.38
17,136,3.57
17,137,2.5
17,138,2.27
17,139,2.27
17,140,3.33
17,141,6.25
17,142,2.27
17,143,2.17
17,144,3.13
17,145,3.57
17,146,2
17,147,2.27
17,148,10
17,149,3.13
17,150,10
17,151,5
17,152,2.63
17,153,4.55
17,154,2.17
17,155,10
17,156,2.5
17,157,10
17,158,2.38
17,159,3.13
17,160,3.13
17,161,8.33
17,162,2.27
17,163,2.63
17,164,3.13
17,165,4.55
17,166,2.94
17,167,4.17
17,168,2.38
17,169,3.57
17,170,2.08
17,171,2.38
17,172,2.08
17,173,2.78
17,174,4.55
17,175,3.13
17,176,10
17,177,3.13
17,178,5
17,179,3.85
17,180,4.17
17,181,2.08
17,182,3.85
17,183,8.33
17,184,2.08
17,185,2.78
17,186,2.17
17,187,3.85
17,188,4.55
17,189,2.5
17,190,2.38
17,191,6.25
17,192,2.94
17,193,3.85
17,194,2.27
17,195,2.78
17,196,2
17,197,8.33
17,198,2.27
17,199,3.85
17,200,2.08
18,1,2.78
18,2,4.55
18,3,7.14
18,4,7.14
18,5,3.13
18,6,2.94
18,7,7.14
18,8,2.38
18,9,10
18,10,2.38
18,11,4.17
18,12,3.57
18,13,4.55
18,14,2.94
18,15,2.27
18,16,10
18,17,2.5
18,18,2.17
18,19,5
18,20,3.85
18,21,2.38
18,22,2.08
18,23,3.57
18,24,2.38
18,25,2.63
18,26,3.57
18,27,7.14
18,28,2.94
18,29,2.27
18,30,2.27
18,31,4.17
18,32,4.55
18,33,3.85
18,34,2.08
18,35,2.08
18,36,2.94
18,37,3.33
18,38,4.55
18,39,7.14
18,40,2.5
18,41,5.56
18,42,4.55
18,43,10
18,44,3.85
18,45,10
18,46,2
18,47,2.17
18,48,5.56
18,49,2.38
18,50,5
18,51,8.33
18,52,10
18,53,3.57
18,54,2
18,55,6.25
18,56,6.25
18,57,2.08
18,58,6.25
18,59,3.33
18,60,2.94
18,61,5.56
18,62,2
18,63,4.55
18,64,3.85
18,65,2.94
18,66,3.33
18,67,2.38
18,68,5
18,69,3.57
18,70,7.14
18,71,10
18,72,3.13
18,73,2.5
18,74,2.17
18,75,2
18,76,2.63
18,77,2.78
18,78,4.55
18,79,2.08
18,80,2
18,81,10
18,82,4.55
18,83,2
18,84,5
18,85,2.63
18,86,5
18,87,2.17
18,88,3.33
18,89,2.08
18,90,2
18,91,5
18,92,2.27
18,93,2.78
18,94,3.33
18,95,3.33
18,96,2.38
18,97,2
18,98,3.57
18,99,3.85
18,100,2.38
18,101,5.56
18,102,3.13
18,103,3.33
18,104,7.14
18,105,2.63
18,106,4.55
18,107,2
18,108,5
18,109,3.33
18,110,8.33
18,111,10
18,112,6.25
18,113,2.5
18,114,2.94
18,115,2
18,116,3.33
18,117,3.33
18,118,7.14
18,119,2.78
18,120,3.33
18,121,3.13
18,122,5.56
18,123,3.85
18,124,7.14
18,125,2
18,126,2.17
18,127,2.78
18,128,2.5
18,129,2.5
18,130,5
18,131,2.5
18,132,4.17
18,133,6.25
18,134,2.38
18,135,2.94
18,136,2.78
18,137,3.57
18,138,3.13
18,139,2.17
18,140,2
18,141,4.17
18,142,5.56
18,143,2.94
18,144,2.5
18,145,2.17
18,146,5
18,147,4.55
18,148,2
18,149,2.38
18,150,2.27
18,151,5.56
18,152,10
18,153,2.38
18,154,2.63
18,155,2.38
18,156,2.08
18,157,5.56
18,158,4.55
18,159,2.78
18,160,2.5
18,161,5
18,162,8.33
18,163,5.56
18,164,2.27
18,165,3.33
18,166,7.14
18,167,5.56
18,168,6.25
18,169,4.55
18,170,2.78
18,171,2.5
18,172,2.78
18,173,8.33
18,174,2.94
18,175,2.78
18,176,5.56
18,177,10
18,178,2.94
18,179,6.25
18,180,3.57
18,181,4.55
18,182,5
18,183,6.25
18,184,3.33
18,185,5.56
18,186,5
18,187,10
18,188,5.56
18,189,6.25
18,190,2.38
18,191,2.08
18,192,3.85
18,193,10
18,194,3.85
18,195,3.33
18,196,8.33
18,197,7.14
18,198,6.25
18,199,3.33
18,200,2.27
19,1,3.13
19,2,4.17
19,3,2.94
19,4,3.85
19,5,2.78
19,6,2.38
19,7,5
19,8,5.56
19,9,3.57
19,10,4.55
19,11,2.5
19,12,5.56
19,13,10
19,14,2.38
19,15,3.85
19,16,6.25
19,17,4.55
19,18,10
19,19,6.25
19,20,2
19,21,8.33
19,22,2.38
19,23,4.55
19,24,2.94
19,25,8.33
19,26,2.27
19,27,7.14
19,28,5
19,29,3.57
19,30,2.08
19,31,2.27
19,32,6.25
19,33,2.27
19,34,2.17
19,35,2.38
19,36,2.78
19,37,5
19,38,4.55
19,39,8.33
19,40,2
19,41,7.14
19,42,2.38
19,43,5
19,44,2.08
19,45,2.38
19,46,7.14
19,47,2.5
19,48,2.27
19,49,2.08
19,50,2.38
19,51,3.57
19,52,7.14
19,53,2.78
19,54,2.17
19,55,6.25
19,56,2.94
19,57,2.27
19,58,6.25
19,59,5
19,60,3.85
19,61,3.85
19,62,10
19,63,3.33
19,64,6.25
19,65,5.56
19,66,2
19,67,8.33
19,68,3.13
19,69,4.55
19,70,2
19,71,5
19,72,2.38
19,73,4.55
19,74,2.38
19,75,2.63
19,76,3.13
19,77,3.85
19,78,2.17
19,79,2.38
19,80,4.17
19,81,6.25
19,82,4.17
19,83,6.25
19,84,3.85
19,85,3.13
19,86,5
19,87,2.38
19,88,2.78
19,89,2.78
19,90,2
19,91,10
19,92,2.17
19,93,3.13
19,94,3.57
19,95,3.13
19,96,2.78
19,97,3.85
19,98,5
19,99,5
19,100,2.38
19,101,2.08
19,102,2.38
19,103,2.38
19,104,2.08
19,105,4.55
19,106,3.13
19,107,2.17
19,108,5.56
19,109,10
19,110,10
19,111,2.38
19,112,4.55
19,113,2.08
19,114,3.13
19,115,2.5
19,116,2.17
19,117,2.5
19,118,10
19,119,8.33
19,120,2.94
19,121,4.17
19,122,5
19,123,3.57
19,124,6.25
19,125,4.55
19,126,2.78
19,127,3.57
19,128,3.33
19,129,10
19,130,3.13
19,131,4.55
19,132,3.85
19,133,2.08
19,134,2.94
19,135,2
19,136,8.33
19,137,3.57
19,138,2.38
19,139,2.08
19,140,4.17
19,141,5
19,142,8.33
19,143,3.33
19,144,5
19,145,4.17
19,146,2.38
19,147,5
19,148,2.78
19,149,2.08
19,150,2.38
19,151,2.94
19,152,3.13
19,153,6.25
19,154,2.08
19,155,8.33
19,156,2.63
19,157,7.14
19,158,5
19,159,2.27
19,160,8.33
19,161,5.56
19,162,2.94
19,163,2.63
19,164,3.33
19,165,7.14
19,166,2.08
19,167,8.33
19,168,2.63
19,169,2
19,170,6.25
19,171,2.17
19,172,2.5
19,173,2.63
19,174,2
19,175,2.27
19,176,3.85
19,177,2.5
19,178,4.17
19,179,2.27
19,180,2.08
19,181,8.33
19,182,2.78
19,183,2.27
19,184,2.78
19,185,3.33
19,186,2.08
19,187,6.25
19,188,4.17
19,189,3.13
19,190,4.17
19,191,2.27
19,192,2.63
19,193,2
19,194,2.78
19,195,2.17
19,196,5.56
19,197,2.63
19,198,2
19,199,3.85
19,200,10
20,1,4.17
20,2,4.17
20,3,2.17
20,4,2.78
20,5,2.27
20,6,3.85
20,7,5.56
20,8,2.08
20,9,2.94
20,10,10
20,11,2
20,12,2.5
20,13,3.33
20,14,8.33
20,15,2.38
20,16,2.38
20,17,3.85
20,18,4.17
20,19,8.33
20,20,6.25
20,21,3.13
20,22,2.94
20,23,3.13
20,24,5
20,25,3.33
20,26,4.55
20,27,5.56
20,28,2.78
20,29,3.13
20,30,5.56
20,31,10
20,32,10
20,33,5
20,34,4.55
20,35,4.55
20,36,2.08
20,37,3.33
20,38,5
20,39,3.33
20,40,2.63
20,41,2.94
20,42,8.33
20,43,6.25
20,44,3.85
20,45,3.13
20,46,10
20,47,10
20,48,5
20,49,4.17
20,50,3.33
20,51,2.78
20,52,2.78
20,53,5
20,54,7.14
20,55,2.5
20,56,2.78
20,57,5.56
20,58,8.33
20,59,5
20,60,5.56
20,61,5.56
20,62,4.55
20,63,2.78
20,64,3.57
20,65,2.63
20,66,2.17
20,67,10
20,68,2.27
20,69,4.55
20,70,2.5
20,71,2.5
20,72,4.17
20,73,3.85
20,74,4.55
20,75,3.13
20,76,2.5
20,77,3.85
20,78,2.5
20,79,5.56
20,80,2.94
20,81,2.27
20,82,2.27
20,83,6.25
20,84,2.5
20,85,10
20,86,3.85
20,87,10
20,88,2.17
20,89,2.17
20,90,5
20,91,4.17
20,92,2.78
20,93,2.27
20,94,2.5
20,95,6.25
20,96,4.17
20,97,2
20,98,3.57
20,99,2.5
20,100,2
20,101,2.94
20,102,2
20,103,3.33
20,104,4.55
20,105,2.17
20,106,2.08
20,107,3.85
20,108,3.13
20,109,3.33
20,110,3.57
20,111,10
20,112,7.14
20,113,5.56
20,114,3.33
20,115,2.5
20,116,7.14
20,117,2.27
20,118,2.63
20,119,5.56
20,120,3.13
20,121,3.33
20,122,3.33
20,123,2.08
20,124,3.85
20,125,3.13
20,126,2.94
20,127,6.25
20,128,3.85
20,129,2.38
20,130,2.27
20,131,2.78
20,132,2.27
20,133,2.08
20,134,2.17
20,135,2.94
20,136,7.14
20,137,5
20,138,3.33
20,139,10
20,140,7.14
20,141,5
20,142,2.17
20,143,3.33
20,144,3.85
20,145,2.78
20,146,4.17
20,147,10
20,148,3.57
20,149,2.78
20,150,6.25
20,151,4.17
20,152,2.78
20,153,6.25
20,154,2.17
20,155,6.25
20,156,2.63
20,157,4.55
20,158,3.13
20,159,2
20,160,2
20,161,5.56
20,162,5
20,163,2.63
20,164,4.55
20,165,2.94
20,166,2
20,167,4.55
20,168,2
20,169,2.38
20,170,3.57
20,171,3.85
20,172,2
20,173,2.38
20,174,4.55
20,175,5.56
20,176,2.5
20,177,2
20,178,4.55
20,179,3.33
20,180,2.27
20,181,7.14
20,182,2.38
20,183,5
20,184,2.17
20,185,2.38
20,186,3.13
20,187,6.25
20,188,5
20,189,2.27
20,190,7.14
20,191,2.17
20,192,2.27
20,193,2.94
20,194,2.27
20,195,3.57
20,196,4.55
20,197,2
20,198,3.13
20,199,2.5
20,200,5
21,1,5.56
21,2,3.13
21,3,2.5
21,4,2.08
21,5,4.17
21,6,4.17
21,7,4.17
21,8,5.56
21,9,2
21,10,5
21,11,7.14
21,12,8.33
21,13,3.33
21,14,2.27
21,15,3.85
21,16,2.63
21,17,2.17
21,18,2.08
21,19,4.17
21,20,2.27
21,21,7.14
21,22,2.5
21,23,6.25
21,24,2.63
21,25,7.14
21,26,2.27
21,27,8.33
21,28,3.33
21,29,6.25
21,30,4.17
21,31,8.33
21,32,2.63
21,33,3.33
21,34,2
21,35,4.17
21,36,2
21,37,4.17
21,38,2.17
21,39,10
21,40,2.27
21,41,7.14
21,42,7.14
21,43,2.63
21,44,2.38
21,45,2
21,46,7.14
21,47,2.08
21,48,10
21,49,3.13
21,50,4.55
21,51,4.55
21,52,2.38
21,53,3.85
21,54,3.13
21,55,2.63
21,56,2.63
21,57,4.55
21,58,3.57
21,59,2.94
21,60,3.13
21,61,2
21,62,5
21,63,3.13
21,64,2.78
21,65,7.14
21,66,4.17
21,67,3.13
21,68,8.33
21,69,2.38
21,70,3.57
21,71,2.38
21,72,7.14
21,73,4.55
21,74,10
21,75,2.78
21,76,7.14
21,77,2.08
21,78,2.78
21,79,6.25
21,80,2.5
21,81,2
21,82,3.57
21,83,2.94
21,84,2.17
21,85,8.33
21,86,2.38
21,87,2.63
21,88,2.63
21,89,4.55
21,90,4.17
21,91,3.33
21,92,4.17
21,93,3.85
21,94,5.56
21,95,2.38
21,96,4.55
21,97,3.85
21,98,2
21,99,2.63
21,100,2.27
21,101,2
21,102,2.94
21,103,2.78
21,104,6.25
21,105,8.33
21,106,2.78
21,107,10
21,108,3.33
21,109,7.14
21,110,2.63
21,111,6.25
21,112,2.63
21,113,2.08
21,114,5.56
21,115,2.27
21,116,7.14
21,117,2.38
21,118,3.85
21,119,2.78
21,120,2.38
21,121,2.63
21,122,7.14
21,123,2.94
21,124,2.08
21,125,2.63
21,126,2.5
21,127,8.33
21,128,2.17
21,129,2.08
21,130,2.5
21,131,6.25
21,132,5.56
21,133,4.55
21,134,2.27
21,135,3.85
21,136,2.27
21,137,3.13
21,138,2
21,139,8.33
21,140,5.56
21,141,2.08
21,142,6.25
21,143,2.17
21,144,2.17
21,145,3.57
21,146,3.13
21,147,4.55
21,148,3.33
21,149,2.78
21,150,3.33
21,151,8.33
21,152,7.14
21,153,6.25
21,154,3.85
21,155,2.78
21,156,3.33
21,157,2.38
21,158,2.17
21,159,2.27
21,160,2.27
21,161,3.57
21,162,10
21,163,3.13
21,164,4.17
21,165,2.08
21,166,2.63
21,167,5
21,168,2.94
21,169,4.17
21,170,2.78
21,171,2.38
21,172,4.55
21,173,2.5
21,174,3.85
21,175,3.85
21,176,3.57
21,177,2.78
21,178,7.14
21,179,2.27
21,180,3.13
21,181,8.33
21,182,10
21,183,4.55
21,184,6.25
21,185,3.13
21,186,7.14
21,187,2.94
21,188,6.25
21,189,8.33
21,190,2.78
21,191,4.55
21,192,2
21,193,3.57
21,194,8.33
21,195,2.94
21,196,3.57
21,197,3.57
21,198,5.56
21,199,8.33
21,200,4.55
22,1,5
22,2,2.5
22,3,2.5
22,4,2.38
22,5,2.94
22,6,2.38
22,7,3.13
22,8,2.27
22,9,2.08
22,10,2.27
22,11,4.17
22,12,2.78
22,13,3.85
22,14,3.57
22,15,3.33
22,16,2.94
22,17,2.63
22,18,5.56
22,19,3.57
22,20,10
22,21,3.85
22,22,2.38
22,23,5
22,24,6.25
22,25,2.63
22,26,2.17
22,27,8.33
22,28,2.78
22,29,2.78
22,30,10
22,31,2.5
22,32,3.33
22,33,4.55
22,34,2.94
22,35,3.85
22,36,2.63
22,37,7.14
22,38,7.14
22,39,7.14
22,40,2.94
22,41,2
22,42,6.25
22,43,2.38
22,44,2.27
22,45,5.56
22,46,2.63
22,47,5
22,48,2.63
22,49,3.57
22,50,3.57
22,51,2.17
22,52,4.17
22,53,10
22,54,3.85
22,55,2.63
22,56,3.57
22,57,2.94
22,58,7.14
22,59,7.14
22,60,2.27
22,61,2.08
22,62,7.14
22,63,2.63
22,64,2.78
22,65,3.57
22,66,2.94
22,67,2.38
22,68,8.33
22,69,3.85
22,70,7.14
22,71,3.33
22,72,3.13
22,73,3.57
22,74,2.78
22,75,3.57
22,76,6.25
22,77,2.17
22,78,4.55
22,79,5.56
22,80,2.78
22,81,3.33
22,82,3.57
22,83,2.27
22,84,8.33
22,85,4.55
22,86,3.57
22,87,3.85
22,88,3.33
22,89,2.08
22,90,2.5
22,91,6.25
22,92,3.33
22,93,8.33
22,94,3.13
22,95,2
22,96,2.08
22,97,3.57
22,98,3.13
22,99,3.57
22,100,2.63
22,101,2
22,102,2.94
22,103,3.57
22,104,4.55
22,105,2.27
22,106,3.85
22,107,2
22,108,4.17
22,109,4.55
22,110,3.85
22,111,3.33
22,112,7.14
22,113,4.17
22,114,3.57
22,115,2.17
22,116,3.13
22,117,3.85
22,118,2
22,119,2.38
22,120,2.17
22,121,2.27
22,122,2.78
22,123,5.56
22,124,8.33
22,125,2
22,126,2.17
22,127,4.55
22,128,2.63
22,129,2.5
22,130,6.25
22,131,2.5
22,132,7.14
22,133,3.85
22,134,2.38
22,135,2.38
22,136,3.33
22,137,2
22,138,8.33
22,139,2.38
22,140,6.25
22,141,2.63
22,142,4.17
22,143,3.33
22,144,7.14
22,145,2.38
22,146,4.17
22,147,3.33
22,148,2.78
22,149,2.94
22,150,2.63
22,151,7.14
22,152,4.17
22,153,2.27
22,154,5.56
22,155,2.78
22,156,2.78
22,157,3.13
22,158,4.55
22,159,2.94
22,160,5
22,161,2.94
22,162,2.78
22,163,6.25
22,164,2.5
22,165,6.25
22,166,2.63
22,167,2
22,168,3.13
22,169,5.56
22,170,2.78
22,171,4.55
22,172,2.17
22,173,8.33
22,174,2.27
22,175,2.17
22,176,6.25
22,177,2.38
22,178,3.13
22,179,4.55
22,180,3.57
22,181,3.57
22,182,6.25
22,183,5.56
22,184,2.5
22,185,2.78
22,186,3.33
22,187,5
22,188,2.17
22,189,2.5
22,190,2.08
22,191,2.38
22,192,6.25
22,193,2.27
22,194,2.17
22,195,2.38
22,196,2.38
22,197,5.56
22,198,2.17
22,199,4.55
22,200,4.17
23,1,3.57
23,2,4.55
23,3,2.5
23,4,2.5
23,5,3.13
23,6,2.94
23,7,2.63
23,8,2.78
23,9,2.27
23,10,10
23,11,2.78
23,12,2.38
23,13,5.56
23,14,6.25
23,15,10
23,16,3.33
23,17,6.25
23,18,6.25
23,19,2.5
23,20,2.63
23,21,2
23,22,3.85
23,23,2.27
23,24,2.27
23,25,2.08
23,26,3.57
23,27,2.5
23,28,8.33
23,29,4.17
23,30,2.17
23,31,2.38
23,32,2.5
23,33,5
23,34,2
23,35,2
23,36,3.33
23,37,3.33
23,38,7.14
23,39,6.25
23,40,7.14
23,41,8.33
23,42,6.25
23,43,2.78
23,44,2.17
23,45,7.14
23,46,3.85
23,47,4.17
23,48,3.57
23,49,5.56
23,50,3.85
23,51,3.13
23,52,2.94
23,53,2.5
23,54,3.57
23,55,7.14
23,56,8.33
23,57,2.38
23,58,7.14
23,59,2.63
23,60,3.57
23,61,2.5
23,62,2.5
23,63,6.25
23,64,5
23,65,4.55
23,66,3.85
23,67,3.13
23,68,2.27
23,69,2.78
23,70,2.5
23,71,8.33
23,72,4.17
23,73,4.17
23,74,3.85
23,75,7.14
23,76,5.56
23,77,3.33
23,78,2.94
23,79,2.38
23,80,4.17
23,81,4.55
23,82,5
23,83,3.13
23,84,3.13
23,85,3.33
23,86,2.38
23,87,10
23,88,2.5
23,89,5.56
23,90,3.85
23,91,2.38
23,92,8.33
23,93,4.17
23,94,2.38
23,95,2.27
23,96,2.5
23,97,3.85
23,98,2.38
23,99,10
23,100,2.17
23,101,2.78
23,102,2.08
23,103,2.78
23,104,2.63
23,105,5
23,106,2.27
23,107,2.17
23,108,2.38
23,109,2.94
23,110,7.14
23,111,2.08
23,112,3.85
23,113,2.5
23,114,5
23,115,3.13
23,116,2.94
23,117,2.78
23,118,2.08
23,119,3.13
23,120,2.78
23,121,4.17
23,122,2.63
23,123,4.55
23,124,2.94
23,125,2.5
23,126,2.27
23,127,2.27
23,128,2.08
23,129,8.33
23,130,2.27
23,131,10
23,132,2.63
23,133,7.14
23,134,2
23,135,2.78
23,136,4.55
23,137,5
23,138,7.14
23,139,3.57
23,140,4.17
23,141,2.27
23,142,2.78
23,143,3.57
23,144,4.17
23,145,2.5
23,146,10
23,147,2
23,148,2
23,149,8.33
23,150,2.94
23,151,3.85
23,152,3.33
23,153,3.33
23,154,7.14
23,155,3.13
23,156,8.33
23,157,8.33
23,158,2.94
23,159,2.08
23,160,2.38
23,161,2.5
23,162,3.13
23,163,4.55
23,164,10
23,165,3.85
23,166,2.78
23,167,5
23,168,3.57
23,169,4.55
23,170,3.33
23,171,3.57
23,172,2.94
23,173,5.56
23,174,3.13
23,175,2
23,176,7.14
23,177,5
23,178,8.33
23,179,5
23,180,2.5
23,181,2.63
23,182,6.25
23,183,2.78
23,184,4.17
23,185,3.13
23,186,5
23,187,3.33
23,188,2.08
23,189,6.25
23,190,2.5
23,191,6.25
23,192,4.17
23,193,2.38
23,194,2.08
23,195,5.56
23,196,2.38
23,197,2.5
23,198,2.17
23,199,3.57
23,200,3.33
24,1,2.78
24,2,2.08
24,3,2.08
24,4,7.14
24,5,8.33
24,6,2.27
24,7,4.55
24,8,7.14
24,9,7.14
24,10,2.78
24,11,3.13
24,12,2.5
24,13,2.63
24,14,4.17
24,15,7.14
24,16,3.85
24,17,2.63
24,18,2.63
24,19,2.08
24,20,2.5
24,21,3.85
24,22,2.94
24,23,8.33
24,24,2.27
24,25,6.25
24,26,8.33
24,27,2.08
24,28,2.5
24,29,2.08
24,30,2.38
24,31,3.13
24,32,2.5
24,33,3.85
24,34,7.14
24,35,3.33
24,36,2.94
24,37,3.57
24,38,5.56
24,39,4.55
24,40,4.55
24,41,5
24,42,2.17
24,43,5
24,44,2.63
24,45,4.55
24,46,6.25
24,47,3.85
24,48,2.38
24,49,2.38
24,50,2.27
24,51,3.33
24,52,2.17
24,53,2.94
24,54,8.33
24,55,5
24,56,4.55
24,57,2.38
24,58,2.94
24,59,2.08
24,60,2.63
24,61,2.5
24,62,10
24,63,5.56
24,64,4.17
24,65,3.57
24,66,3.13
24,67,2.17
24,68,2.08
24,69,3.33
24,70,10
24,71,2.63
24,72,10
24,73,7.14
24,74,2.63
24,75,6.25
24,76,2.17
24,77,2.63
24,78,10
24,79,2.78
24,80,2.78
24,81,2
24,82,5
24,83,2.94
24,84,4.17
24,85,3.57
24,86,2.63
24,87,2.38
24,88,2.17
24,89,4.17
24,90,3.33
24,91,2.78
24,92,5
24,93,2
24,94,2.63
24,95,2.27
24,96,2.38
24,97,2.63
24,98,5
24,99,2.5
24,100,3.57
24,101,2
24,102,3.85
24,103,7.14
24,104,8.33
24,105,10
24,106,2.94
24,107,2.27
24,108,2.63
24,109,2.5
24,110,10
24,111,3.33
24,112,2.63
24,113,5
24,114,10
24,115,5.56
24,116,3.33
24,117,5
24,118,10
24,119,4.17
24,120,2
24,121,3.33
24,122,2.94
24,123,3.57
24,124,3.33
24,125,3.33
24,126,3.57
24,127,2.63
24,128,4.17
24,129,7.14
24,130,4.55
24,131,7.14
24,132,2.17
24,133,6.25
24,134,2.38
24,135,2.27
24,136,2.63
24,137,2.27
24,138,3.33
24,139,10
24,140,2.38
24,141,2.38
24,142,5
24,143,2.94
24,144,2.38
24,145,6.25
24,146,3.33
24,147,7.14
24,148,5
24,149,3.57
24,150,3.57
24,151,2.63
24,152,2.27
24,153,2.78
24,154,2.08
24,155,3.85
24,156,2
24,157,7.14
24,158,2.27
24,159,6.25
24,160,2
24,161,2.17
24,162,10
24,163,5.56
24,164,2.27
24,165,3.57
24,166,4.17
24,167,3.33
24,168,2.5
24,169,4.17
24,170,3.13
24,171,3.57
24,172,3.33
24,173,2.08
24,174,2
24,175,5
24,176,8.33
24,177,10
24,178,4.55
24,179,3.33
24,180,2
24,181,2.08
24,182,2.38
24,183,3.85
24,184,2.38
24,185,10
24,186,3.13
24,187,2.27
24,188,2.17
24,189,2
24,190,5.56
24,191,3.13
24,192,5.56
24,193,4.17
24,194,3.57
24,195,2.17
24,196,10
24,197,2.08
24,198,4.17
24,199,2.17
24,200,2.63
25,1,2.27
25,2,2.08
25,3,4.55
25,4,5.56
25,5,5
25,6,7.14
25,7,4.17
25,8,3.33
25,9,2.5
25,10,3.33
25,11,2.08
25,12,2.08
25,13,2.38
25,14,10
25,15,3.85
25,16,4.17
25,17,2.38
25,18,2.5
25,19,8.33
25,20,10
25,21,2.08
25,22,2.08
25,23,2.08
25,24,3.13
25,25,7.14
25,26,2.78
25,27,2.38
25,28,2.78
25,29,8.33
25,30,3.33
25,31,2.5
25,32,2.63
25,33,5.56
25,34,8.33
25,35,7.14
25,36,2
25,37,2
25,38,2.27
25,39,5.56
25,40,2.17
25,41,5
25,42,5
25,43,4.17
25,44,6.25
25,45,2.5
25,46,3.57
25,47,3.13
25,48,3.57
25,49,2.08
25,50,7.14
25,51,2.17
25,52,2.94
25,53,2.78
25,54,3.33
25,55,2.78
25,56,3.33
25,57,3.57
25,58,2.17
25,59,7.14
25,60,7.14
25,61,4.55
25,62,2.27
25,63,3.13
25,64,3.57
25,65,3.85
25,66,2.27
25,67,2.17
25,68,3.13
25,69,3.33
25,70,2.94
25,71,2.17
25,72,2.78
25,73,4.17
25,74,2.78
25,75,2.63
25,76,7.14
25,77,3.33
25,78,8.33
25,79,2.5
25,80,3.85
25,81,3.13
25,82,2.94
25,83,10
25,84,6.25
25,85,3.13
25,86,5.56
25,87,7.14
25,88,3.57
25,89,2.5
25,90,10
25,91,6.25
25,92,3.33
25,93,7.14
25,94,10
25,95,2
25,96,2.5
25,97,7.14
25,98,2
25,99,3.85
25,100,8.33
25,101,2.17
25,102,3.85
25,103,2.08
25,104,2
25,105,2.94
25,106,4.17
25,107,2.27
25,108,3.13
25,109,2.63
25,110,2
25,111,8.33
25,112,3.33
25,113,10
25,114,8.33
25,115,2.08
25,116,10
25,117,2.27
25,118,2
25,119,2.38
25,120,2.08
25,121,2.38
25,122,3.85
25,123,2.78
25,124,8.33
25,125,5.56
25,126,6.25
25,127,2.63
25,128,2.38
25,129,2.17
25,130,10
25,131,4.17
25,132,2.17
25,133,2.94
25,134,2.94
25,135,10
25,136,3.57
25,137,5.56
25,138,3.85
25,139,3.57
25,140,3.85
25,141,8.33
25,142,7.14
25,143,2.94
25,144,8.33
25,145,6.25
25,146,4.55
25,147,3.57
25,148,2.94
25,149,2
25,150,2.08
25,151,2.38
25,152,2.5
25,153,2.17
25,154,4.55
25,155,4.17
25,156,7.14
25,157,2.5
25,158,2.17
25,159,2.17
25,160,3.13
25,161,2.78
25,162,3.57
25,163,2
25,164,4.55
25,165,3.33
25,166,4.17
25,167,2
25,168,2.27
25,169,5.56
25,170,2.5
25,171,2
25,172,6.25
25,173,2.17
25,174,6.25
25,175,2.38
25,176,2
25,177,2
25,178,4.17
25,179,3.57
25,180,2
25,181,3.85
25,182,2.94
25,183,2
25,184,2.27
25,185,2.08
25,186,4.55
25,187,4.17
25,188,5.56
25,189,2.94
25,190,8.33
25,191,3.85
25,192,3.57
25,193,3.13
25,194,2
25,195,4.17
25,196,2.08
25,197,5.56
25,198,2.94
25,199,6.25
25,200,3.13
26,1,7.14
26,2,2.78
26,3,2.38
26,4,8.33
26,5,2.5
26,6,10
26,7,3.85
26,8,6.25
26,9,3.57
26,10,2.17
26,11,2.94
26,12,2
26,13,2.27
26,14,7.14
26,15,7.14
26,16,2.17
26,17,3.57
26,18,4.55
26,19,2.27
26,20,2.27
26,21,2.17
26,22,6.25
26,23,2.08
26,24,10
26,25,8.33
26,26,2.63
26,27,5.56
26,28,4.17
26,29,6.25
26,30,2.63
26,31,8.33
26,32,8.33
26,33,2.08
26,34,8.33
26,35,3.85
26,36,2.5
26,37,8.33
26,38,3.57
26,39,3.33
26,40,10
26,41,6.25
26,42,10
26,43,2.17
26,44,3.85
26,45,5
26,46,2.78
26,47,3.13
26,48,4.17
26,49,5.56
26,50,4.55
26,51,5
26,52,4.17
26,53,3.85
26,54,6.25
26,55,10
26,56,3.33
26,57,10
26,58,2.08
26,59,4.17
26,60,3.57
26,61,2.5
26,62,3.57
26,63,5
26,64,7.14
26,65,3.33
26,66,2.08
26,67,6.25
26,68,6.25
26,69,2.63
26,70,2.94
26,71,2.63
26,72,2.17
26,73,2
26,74,4.17
26,75,2.17
26,76,2.63
26,77,2.27
26,78,2.5
26,79,2.08
26,80,2.17
26,81,2.27
26,82,7.14
26,83,2.94
26,84,2.08
26,85,2.63
26,86,3.13
26,87,2
26,88,5.56
26,89,10
26,90,2.38
26,91,3.57
26,92,3.33
26,93,2.08
26,94,5.56
26,95,8.33
26,96,5
26,97,2.94
26,98,7.14
26,99,2.5
26,100,5
26,101,4.17
26,102,10
26,103,3.85
26,104,3.57
26,105,2.38
26,106,3.13
26,107,3.85
26,108,2.5
26,109,6.25
26,110,2
26,111,6.25
26,112,3.85
26,113,2
26,114,5
26,115,5.56
26,116,8.33
26,117,6.25
26,118,5.56
26,119,4.17
26,120,2
26,121,4.55
26,122,5
26,123,4.17
26,124,3.57
26,125,3.85
26,126,2.27
26,127,7.14
26,128,3.33
26,129,2.78
26,130,2.38
26,131,6.25
26,132,2.38
26,133,8.33
26,134,2
26,135,10
26,136,2.63
26,137,4.17
26,138,2
26,139,2.78
26,140,3.57
26,141,6.25
26,142,6.25
26,143,2
26,144,2
26,145,2.5
26,146,3.57
26,147,4.55
26,148,3.57
26,149,3.13
26,150,2.5
26,151,8.33
26,152,4.17
26,153,2.27
26,154,5.56
26,155,5
26,156,3.85
26,157,2.5
26,158,3.85
26,159,3.85
26,160,3.57
26,161,2.5
26,162,2.38
26,163,2
26,164,3.33
26,165,6.25
26,166,2.5
26,167,5.56
26,168,7.14
26,169,2.5
26,170,2.17
26,171,2
26,172,3.13
26,173,4.17
26,174,2.5
26,175,4.17
26,176,6.25
26,177,3.57
26,178,3.13
26,179,7.14
26,180,6.25
26,181,2.38
26,182,6.25
26,183,4.17
26,184,2.78
26,185,2.08
26,186,2.38
26,187,2.63
26,188,5
26,189,10
26,190,10
26,191,2.08
26,192,3.85
26,193,7.14
26,194,2.63
26,195,2.63
26,196,2.17
26,197,10
26,198,3.33
26,199,4.17
26,200,2.5
27,1,5.56
27,2,2.78
27,3,2.17
27,4,8.33
27,5,2
27,6,4.17
27,7,2.78
27,8,2.08
27,9,7.14
27,10,8.33
27,11,2.27
27,12,2.5
27,13,2.78
27,14,2.78
27,15,10
27,16,3.57
27,17,2.5
27,18,3.85
27,19,2.27
27,20,2
27,21,3.57
27,22,2.17
27,23,7.14
27,24,2.94
27,25,2.08
27,26,3.57
27,27,7.14
27,28,3.13
27,29,2.63
27,30,2.94
27,31,2
27,32,6.25
27,33,5
27,34,2.17
27,35,5.56
27,36,5.56
27,37,2.94
27,38,8.33
27,39,3.33
27,40,3.85
27,41,2.78
27,42,2.08
27,43,2.78
27,44,3.57
27,45,4.17
27,46,3.57
27,47,2.27
27,48,3.57
27,49,2.27
27,50,4.55
27,51,2.17
27,52,2.38
27,53,5.56
27,54,2.17
27,55,7.14
27,56,5.56
27,57,6.25
27,58,5.56
27,59,2.08
27,60,2.63
27,61,3.13
27,62,3.57
27,63,2.27
27,64,2.94
27,65,6.25
27,66,2.78
27,67,3.33
27,68,2.78
27,69,10
27,70,5.56
27,71,4.17
27,72,2.94
27,73,2.78
27,74,2.5
27,75,2.5
27,76,3.33
27,77,2.27
27,78,2.08
27,79,5.56
27,80,4.17
27,81,2.17
27,82,2.38
27,83,5
27,84,8.33
27,85,3.33
27,86,2.94
27,87,2
27,88,5.56
27,89,3.57
27,90,7.14
27,91,7.14
27,92,2.08
27,93,2.38
27,94,7.14
27,95,2.5
27,96,2.08
27,97,8.33
27,98,2.63
27,99,3.13
27,100,2.08
27,101,2
27,102,7.14
27,103,2.94
27,104,2.5
27,105,2.5
27,106,3.85
27,107,2.94
27,108,5.56
27,109,8.33
27,110,7.14
27,111,5.56
27,112,6.25
27,113,7.14
27,114,2.17
27,115,4.55
27,116,2.5
27,117,3.57
27,118,2.08
27,119,2.63
27,120,3.13
27,121,7.14
27,122,2.08
27,123,10
27,124,4.17
27,125,4.55
27,126,3.13
27,127,6.25
27,128,8.33
27,129,2.08
27,130,3.13
27,131,3.13
27,132,5.56
27,133,5
27,134,2.94
27,135,5
27,136,5
27,137,8.33
27,138,3.57
27,139,3.57
27,140,2.63
27,141,3.33
27,142,7.14
27,143,10
27,144,2.17
27,145,2.38
27,146,2.08
27,147,8.33
27,148,6.25
27,149,10
27,150,7.14
27,151,4.17
27,152,3.57
27,153,3.85
27,154,2.08
27,155,2.5
27,156,2.5
27,157,4.17
27,158,4.55
27,159,5
27,160,4.17
27,161,4.55
27,162,4.17
27,163,2.17
27,164,6.25
27,165,2.94
27,166,5
27,167,2.38
27,168,3.85
27,169,2.38
27,170,5.56
27,171,2.5
27,172,2.5
27,173,3.85
27,174,8.33
27,175,3.33
27,176,2
27,177,2.17
27,178,4.17
27,179,5.56
27,180,2.27
27,181,5.56
27,182,5.56
27,183,7.14
27,184,2.63
27,185,10
27,186,8.33
27,187,2.63
27,188,2.5
27,189,2.78
27,190,2.08
27,191,2.17
27,192,2.78
27,193,2.08
27,194,5.56
27,195,6.25
27,196,8.33
27,197,2.27
27,198,10
27,199,2.63
27,200,3.57
28,1,4.55
28,2,2
28,3,4.17
28,4,5
28,5,2.5
28,6,3.57
28,7,3.85
28,8,6.25
28,9,2
28,10,2
28,11,4.55
28,12,4.55
28,13,2.17
28,14,2.38
28,15,10
28,16,2.38
28,17,2.17
28,18,4.55
28,19,3.57
28,20,10
28,21,3.85
28,22,2
28,23,2.5
28,24,2.5
28,25,2.08
28,26,4.17
28,27,10
28,28,2
28,29,2.5
28,30,2.08
28,31,2.63
28,32,8.33
28,33,5
28,34,2.38
28,35,3.85
28,36,2.38
28,37,7.14
28,38,10
28,39,3.57
28,40,2
28,41,4.55
28,42,2.78
28,43,2.17
28,44,6.25
28,45,2.38
28,46,3.57
28,47,10
28,48,4.17
28,49,3.85
28,50,5.56
28,51,3.57
28,52,6.25
28,53,2.5
28,54,8.33
28,55,2.94
28,56,2.38
28,57,4.17
28,58,5
28,59,7.14
28,60,3.85
28,61,6.25
28,62,2.94
28,63,3.33
28,64,2.78
28,65,2.17
28,66,3.13
28,67,5
28,68,6.25
28,69,2.38
28,70,2.63
28,71,5
28,72,3.13
28,73,3.57
28,74,2.5
28,75,10
28,76,2.17
28,77,8.33
28,78,3.33
28,79,2.63
28,80,3.13
28,81,2.17
28,82,7.14
28,83,2.38
28,84,7.14
28,85,2
28,86,8.33
28,87,10
28,88,2.27
28,89,4.17
28,90,5
28,91,2.08
28,92,2.08
28,93,10
28,94,2.94
28,95,3.85
28,96,2.17
28,97,2.17
28,98,8.33
28,99,2.17
28,100,10
28,101,3.13
28,102,2.63
28,103,3.33
28,104,5.56
28,105,2.94
28,106,2.08
28,107,2.5
28,108,3.85
28,109,6.25
28,110,6.25
28,111,5.56
28,112,2.63
28,113,3.85
28,114,3.13
28,115,2.27
28,116,2.78
28,117,2.08
28,118,4.55
28,119,2.08
28,120,10
28,121,2.5
28,122,3.57
28,123,2.63
28,124,5
28,125,7.14
28,126,4.55
28,127,2.27
28,128,3.33
28,129,5.56
28,130,2.08
28,131,6.25
28,132,2.38
28,133,2.5
28,134,2.08
28,135,6.25
28,136,5.56
28,137,2.17
28,138,6.25
28,139,3.13
28,140,6.25
28,141,2.38
28,142,6.25
28,143,2.78
28,144,2.38
28,145,2.27
28,146,2.63
28,147,4.17
28,148,2.27
28,149,2
28,150,5
28,151,5
28,152,4.17
28,153,8.33
28,154,2.5
28,155,2
28,156,3.85
28,157,4.55
28,158,3.85
28,159,2.08
28,160,2.78
28,161,2.5
28,162,2
28,163,8.33
28,164,4.55
28,165,8.33
28,166,2.17
28,167,3.13
28,168,2.17
28,169,5.56
28,170,2.17
28,171,8.33
28,172,2.38
28,173,2.78
28,174,2.63
28,175,3.57
28,176,4.17
28,177,4.17
28,178,3.57
28,179,4.55
28,180,2.5
28,181,4.17
28,182,2.5
28,183,3.57
28,184,4.55
28,185,5
28,186,6.25
28,187,2.17
28,188,2.38
28,189,3.13
28,190,7.14
28,191,5
28,192,2.17
28,193,2.94
28,194,5
28,195,2.5
28,196,10
28,197,3.13
28,198,5.56
28,199,6.25
28,200,2.5
29,1,2.63
29,2,5
29,3,2.27
29,4,5
29,5,3.33
29,6,2.94
29,7,4.55
29,8,10
29,9,5.56
29,10,6.25
29,11,3.57
29,12,5.56
29,13,10
29,14,2.38
29,15,2.78
29,16,2.17
29,17,5.56
29,18,6.25
29,19,4.55
29,20,5
29,21,5.56
29,22,3.33
29,23,2.63
29,24,2.5
29,25,3.85
29,26,3.13
29,27,3.33
29,28,10
29,29,2.38
29,30,2.38
29,31,2.63
29,32,2.78
29,33,3.57
29,34,2.08
29,35,4.17
29,36,4.55
29,37,6.25
29,38,2.27
29,39,4.17
29,40,8.33
29,41,3.57
29,42,3.33
29,43,2.78
29,44,10
29,45,3.13
29,46,2.5
29,47,4.17
29,48,7.14
29,49,8.33
29,50,2.5
29,51,2.5
29,52,5
29,53,2.27
29,54,3.57
29,55,2.63
29,56,8.33
29,57,2.38
29,58,2.5
29,59,2.17
29,60,2.17
29,61,2.94
29,62,2.38
29,63,2.63
29,64,5.56
29,65,2
29,66,3.85
29,67,7.14
29,68,2.94
29,69,2.94
29,70,4.17
29,71,4.17
29,72,3.33
29,73,2.38
29,74,2.63
29,75,2.38
29,76,2.94
29,77,2.38
29,78,5
29,79,2.08
29,80,2.94
29,81,5.56
29,82,2
29,83,4.17
29,84,4.55
29,85,7.14
29,86,3.57
29,87,5
29,88,5
29,89,6.25
29,90,5
29,91,5.56
29,92,4.55
29,93,2.94
29,94,2.5
29,95,3.57
29,96,8.33
29,97,2.27
29,98,3.13
29,99,5
29,100,3.33
29,101,3.85
29,102,3.13
29,103,2.63
29,104,7.14
29,105,5.56
29,106,5
29,107,3.85
29,108,6.25
29,109,3.33
29,110,2.08
29,111,5
29,112,3.13
29,113,2.78
29,114,2.78
29,115,3.57
29,116,3.57
29,117,3.57
29,118,2.63
29,119,4.17
29,120,3.33
29,121,3.13
29,122,10
29,123,3.57
29,124,2.27
29,125,5.56
29,126,3.85
29,127,4.17
29,128,3.57
29,129,5
29,130,3.85
29,131,7.14
29,132,2.17
29,133,2.5
29,134,3.33
29,135,10
29,136,4.55
29,137,3.33
29,138,7.14
29,139,3.33
29,140,2.38
29,141,5
29,142,5.56
29,143,4.55
29,144,2.94
29,145,7.14
29,146,2
29,147,8.33
29,148,4.55
29,149,6.25
29,150,2.17
29,151,3.57
29,152,7.14
29,153,8.33
29,154,3.57
29,155,3.85
29,156,2.38
29,157,4.17
29,158,10
29,159,3.33
29,160,2.78
29,161,6.25
29,162,4.55
29,163,5.56
29,164,2.5
29,165,2
29,166,2
29,167,3.33
29,168,2.27
29,169,2.63
29,170,3.57
29,171,2.38
29,172,3.57
29,173,6.25
29,174,2.5
29,175,2.17
29,176,4.17
29,177,2.27
29,178,6.25
29,179,3.33
29,180,7.14
29,181,5.56
29,182,2.17
29,183,2.27
29,184,7.14
29,185,2.63
29,186,2
29,187,6.25
29,188,3.57
29,189,6.25
29,190,2
29,191,2.17
29,192,3.13
29,193,3.33
29,194,7.14
29,195,2.94
29,196,7.14
29,197,2.78
29,198,2.94
29,199,4.55
29,200,2.5
30,1,2.63
30,2,2.63
30,3,2.63
30,4,3.57
30,5,10
30,6,2.94
30,7,2.78
30,8,2.27
30,9,2.38
30,10,8.33
30,11,2.08
30,12,2.38
30,13,10
30,14,2.38
30,15,2
30,16,8.33
30,17,5.56
30,18,2.63
30,19,2.27
30,20,3.13
30,21,2.5
30,22,2.08
30,23,2.08
30,24,10
30,25,6.25
30,26,4.55
30,27,10
30,28,6.25
30,29,6.25
30,30,4.55
30,31,2.08
30,32,3.85
30,33,2.5
30,34,2.27
30,35,4.55
30,36,2.38
30,37,3.57
30,38,2
30,39,2.94
30,40,2.17
30,41,4.17
30,42,2.17
30,43,8.33
30,44,10
30,45,5
30,46,2.63
30,47,5.56
30,48,2.27
30,49,2.08
30,50,2.17
30,51,3.85
30,52,2.63
30,53,8.33
30,54,4.17
30,55,3.13
30,56,5.56
30,57,5
30,58,2.5
30,59,2.63
30,60,10
30,61,2.78
30,62,2.27
30,63,2.27
30,64,3.85
30,65,2.17
30,66,2.38
30,67,3.57
30,68,3.33
30,69,3.85
30,70,3.13
30,71,7.14
30,72,5.56
30,73,2.5
30,74,2.38
30,75,8.33
30,76,2.08
30,77,2.63
30,78,2.78
30,79,2.78
30,80,3.33
30,81,4.17
30,82,4.17
30,83,2.78
30,84,3.13
30,85,2.17
30,86,6.25
30,87,3.13
30,88,3.13
30,89,10
30,90,6.25
30,91,4.55
30,92,3.57
30,93,2.5
30,94,6.25
30,95,2.78
30,96,2.63
30,97,3.85
30,98,4.55
30,99,4.17
30,100,4.17
30,101,2.08
30,102,3.13
30,103,7.14
30,104,2.5
30,105,6.25
30,106,3.85
30,107,4.55
30,108,7.14
30,109,2.78
30,110,5
30,111,7.14
30,112,4.17
30,113,2
30,114,2.08
30,115,2.5
30,116,6.25
30,117,3.85
30,118,2.38
30,119,5.56
30,120,2.08
30,121,2.5
30,122,3.57
30,123,2.38
30,124,3.33
30,125,2.78
30,126,3.57
30,127,5.56
30,128,5.56
30,129,2.27
30,130,4.17
30,131,10
30,132,6.25
30,133,8.33
30,134,4.17
30,135,3.57
30,136,2.63
30,137,2.5
30,138,2.63
30,139,4.55
30,140,7.14
30,141,4.17
30,142,2.63
30,143,2.27
30,144,7.14
30,145,3.13
30,146,3.85
30,147,8.33
30,148,2.08
30,149,3.33
30,150,4.17
30,151,2.78
30,152,2.63
30,153,2.17
30,154,8.33
30,155,2.5
30,156,3.13
30,157,2.38
30,158,5.56
30,159,2
30,160,3.57
30,161,2.27
30,162,4.17
30,163,2.63
30,164,3.13
30,165,4.17
30,166,3.85
30,167,2.78
30,168,2.94
30,169,5.56
30,170,2.5
30,171,3.85
30,172,2.08
30,173,2.94
30,174,2.63
30,175,2.63
30,176,2
30,177,2.38
30,178,7.14
30,179,5.56
30,180,3.13
30,181,3.85
30,182,2.94
30,183,4.55
30,184,2
30,185,2
30,186,2.5
30,187,2.38
30,188,2.5
30,189,2.94
30,190,2
30,191,2.08
30,192,10
30,193,3.57
30,194,2.38
30,195,2.17
30,196,2
30,197,7.14
30,198,2.5
30,199,2
30,200,2.17
31,1,2.94
31,2,6.25
31,3,5
31,4,3.33
31,5,3.57
31,6,2.38
31,7,3.13
31,8,3.33
31,9,4.55
31,10,5.56
31,11,2.27
31,12,10
31,13,2.5
31,14,4.55
31,15,7.14
31,16,6.25
31,17,2.94
31,18,7.14
31,19,5.56
31,20,2
31,21,2.08
31,22,3.13
31,23,2.27
31,24,5
31,25,2.63
31,26,6.25
31,27,2
31,28,4.55
31,29,10
31,30,2.08
31,31,3.13
31,32,6.25
31,33,2.78
31,34,6.25
31,35,3.85
31,36,5
31,37,4.55
31,38,2.27
31,39,10
31,40,2.17
31,41,7.14
31,42,2.38
31,43,8.33
31,44,6.25
31,45,4.55
31,46,10
31,47,4.17
31,48,2.63
31,49,2.94
31,50,2.08
31,51,7.14
31,52,4.55
31,53,2.08
31,54,2.08
31,55,2.27
31,56,8.33
31,57,3.85
31,58,2.27
31,59,3.85
31,60,7.14
31,61,3.85
31,62,7.14
31,63,5
31,64,2.08
31,65,4.17
31,66,2.78
31,67,3.85
31,68,2.63
31,69,2.17
31,70,5
31,71,2.78
31,72,5.56
31,73,6.25
31,74,3.57
31,75,2.94
31,76,2.5
31,77,4.17
31,78,2.27
31,79,8.33
31,80,3.33
31,81,2.17
31,82,2.94
31,83,2.27
31,84,7.14
31,85,4.17
31,86,8.33
31,87,4.55
31,88,2
31,89,2
31,90,2.94
31,91,2.08
31,92,2.17
31,93,10
31,94,2.38
31,95,5
31,96,2.08
31,97,5.56
31,98,8.33
31,99,8.33
31,100,8.33
31,101,8.33
31,102,10
31,103,4.17
31,104,10
31,105,4.17
31,106,2.5
31,107,2.08
31,108,2.63
31,109,2.63
31,110,10
31,111,2
31,112,2.17
31,113,6.25
31,114,2.78
31,115,8.33
31,116,2.38
31,117,2.38
31,118,3.85
31,119,6.25
31,120,2.78
31,121,2.63
31,122,2.27
31,123,2.08
31,124,2.78
31,125,3.57
31,126,10
31,127,2.5
31,128,8.33
31,129,2.78
31,130,2
31,131,3.57
31,132,8.33
31,133,10
31,134,3.57
31,135,3.13
31,136,5.56
31,137,2.27
31,138,7.14
31,139,4.55
31,140,10
31,141,5
31,142,2.17
31,143,4.17
31,144,4.55
31,145,3.33
31,146,2.08
31,147,2
31,148,10
31,149,4.17
31,150,10
31,151,5
31,152,7.14
31,153,8.33
31,154,6.25
31,155,4.17
31,156,2.38
31,157,2.38
31,158,8.33
31,159,5.56
31,160,3.13
31,161,3.13
31,162,4.55
31,163,5.56
31,164,3.57
31,165,4.17
31,166,3.33
31,167,2.08
31,168,3.33
31,169,2.17
31,170,2.08
31,171,8.33
31,172,7.14
31,173,2.94
31,174,2.94
31,175,2.08
31,176,10
31,177,2.17
31,178,5.56
31,179,10
31,180,2
31,181,2.78
31,182,2.5
31,183,2.38
31,184,2.94
31,185,7.14
31,186,2.17
31,187,4.17
31,188,6.25
31,189,3.57
31,190,3.85
31,191,6.25
31,192,3.33
31,193,3.33
31,194,6.25
31,195,10
31,196,3.13
31,197,2.38
31,198,2.08
31,199,3.85
31,200,4.55
32,1,3.33
32,2,4.55
32,3,7.14
32,4,3.57
32,5,2.27
32,6,2.5
32,7,2.94
32,8,5
32,9,2.78
32,10,3.33
32,11,2.63
32,12,2.63
32,13,2.08
32,14,3.85
32,15,3.33
32,16,2.94
32,17,8.33
32,18,3.13
32,19,5
32,20,4.55
32,21,2.08
32,22,2.08
32,23,3.33
32,24,6.25
32,25,6.25
32,26,2.27
32,27,2.78
32,28,3.33
32,29,2.63
32,30,2.17
32,31,8.33
32,32,2.38
32,33,2.94
32,34,2.17
32,35,3.33
32,36,4.17
32,37,3.57
32,38,2
32,39,6.25
32,40,6.25
32,41,6.25
32,42,8.33
32,43,3.57
32,44,2.17
32,45,4.17
32,46,3.33
32,47,5.56
32,48,2.94
32,49,8.33
32,50,8.33
32,51,2
32,52,4.55
32,53,5
32,54,8.33
32,55,4.55
32,56,3.85
32,57,3.85
32,58,2.94
32,59,7.14
32,60,3.57
32,61,3.33
32,62,2.5
32,63,5.56
32,64,2.08
32,65,2.5
32,66,3.57
32,67,3.13
32,68,2.38
32,69,6.25
32,70,3.13
32,71,3.57
32,72,2.63
32,73,4.55
32,74,10
32,75,2.94
32,76,2.27
32,77,8.33
32,78,5.56
32,79,5.56
32,80,2.63
32,81,2.08
32,82,5
32,83,2.17
32,84,2.27
32,85,2.17
32,86,5.56
32,87,8.33
32,88,2.78
32,89,3.13
32,90,3.85
32,91,4.55
32,92,4.17
32,93,5.56
32,94,4.17
32,95,2
32,96,2
32,97,3.33
32,98,2.63
32,99,3.33
32,100,2
32,101,3.85
32,102,2.27
32,103,5
32,104,4.17
32,105,2.17
32,106,3.57
32,107,2.17
32,108,2.78
32,109,2.08
32,110,3.57
32,111,2.94
32,112,2.38
32,113,2
32,114,3.33
32,115,5.56
32,116,2.17
32,117,2.94
32,118,3.57
32,119,2.78
32,120,2.38
32,121,4.17
32,122,8.33
32,123,2.78
32,124,8.33
32,125,7.14
32,126,2
32,127,4.17
32,128,2.08
32,129,2.94
32,130,4.55
32,131,3.85
32,132,2.38
32,133,2.78
32,134,2
32,135,10
32,136,5
32,137,2.08
32,138,2.94
32,139,2.17
32,140,2.63
32,141,3.85
32,142,2.63
32,143,5
32,144,2.5
32,145,2.17
32,146,2.27
32,147,2.08
32,148,6.25
32,149,2.63
32,150,5.56
32,151,4.55
32,152,7.14
32,153,3.33
32,154,7.14
32,155,2.94
32,156,4.55
32,157,2.5
32,158,5
32,159,3.85
32,160,2.5
32,161,5.56
32,162,8.33
32,163,5.56
32,164,2.5
32,165,5
32,166,3.85
32,167,4.55
32,168,2.38
32,169,10
32,170,2.5
32,171,2.08
32,172,3.57
32,173,3.85
32,174,4.17
32,175,10
32,176,2.17
32,177,10
32,178,3.57
32,179,2.78
32,180,3.57
32,181,2.78
32,182,2.63
32,183,3.57
32,184,3.57
32,185,3.57
32,186,2.08
32,187,2.78
32,188,10
32,189,5.56
32,190,3.57
32,191,2.17
32,192,3.33
32,193,2.78
32,194,6.25
32,195,3.33
32,196,2.08
32,197,3.33
32,198,7.14
32,199,2.78
32,200,2
33,1,3.33
33,2,2.27
33,3,2.63
33,4,2.27
33,5,3.33
33,6,5.56
33,7,2.63
33,8,4.55
33,9,3.57
33,10,4.17
33,11,4.17
33,12,2.17
33,13,3.57
33,14,4.55
33,15,3.13
33,16,2.94
33,17,2.78
33,18,3.13
33,19,2.38
33,20,4.17
33,21,2.78
33,22,7.14
33,23,2.63
33,24,2.27
33,25,7.14
33,26,4.17
33,27,5
33,28,4.17
33,29,2.27
33,30,3.85
33,31,8.33
33,32,5.56
33,33,2.94
33,34,5
33,35,2.08
33,36,6.25
33,37,4.17
33,38,2.5
33,39,3.57
33,40,2.38
33,41,2.5
33,42,2.27
33,43,8.33
33,44,2.17
33,45,5
33,46,7.14
33,47,2.94
33,48,2.5
33,49,2.17
33,50,2.08
33,51,3.13
33,52,2.63
33,53,2.94
33,54,3.57
33,55,3.57
33,56,4.55
33,57,2.94
33,58,2.08
33,59,7.14
33,60,2
33,61,3.33
33,62,2
33,63,2.63
33,64,7.14
33,65,2.38
33,66,3.13
33,67,5.56
33,68,3.57
33,69,8.33
33,70,2
33,71,10
33,72,5
33,73,3.33
33,74,2.94
33,75,2.17
33,76,5
33,77,3.85
33,78,2.78
33,79,2
33,80,3.33
33,81,3.33
33,82,3.13
33,83,5
33,84,2.78
33,85,5.56
33,86,2.94
33,87,2.08
33,88,2.38
33,89,5
33,90,5.56
33,91,5.56
33,92,8.33
33,93,5
33,94,2.63
33,95,2.17
33,96,3.85
33,97,3.33
33,98,10
33,99,6.25
33,100,3.33
33,101,2.17
33,102,3.33
33,103,3.85
33,104,2.63
33,105,5.56
33,106,6.25
33,107,3.85
33,108,7.14
33,109,7.14
33,110,8.33
33,111,7.14
33,112,2.27
33,113,5.56
33,114,6.25
33,115,2.38
33,116,2.63
33,117,2.38
33,118,2.94
33,119,7.14
33,120,3.85
33,121,2.94
33,122,3.85
33,123,2.27
33,124,2.94
33,125,3.57
33,126,3.57
33,127,3.33
33,128,3.57
33,129,2.38
33,130,3.85
33,131,3.57
33,132,7.14
33,133,3.57
33,134,2.63
33,135,2.5
33,136,5
33,137,5
33,138,2
33,139,2.17
33,140,4.55
33,141,7.14
33,142,2
33,143,3.85
33,144,2.63
33,145,4.17
33,146,5
33,147,2.78
33,148,2.78
33,149,2.78
33,150,4.17
33,151,4.55
33,152,2.27
33,153,5
33,154,7.14
33,155,2.63
33,156,3.57
33,157,2.08
33,158,2.27
33,159,5.56
33,160,2.08
33,161,2.94
33,162,4.55
33,163,5
33,164,3.85
33,165,3.85
33,166,2.08
33,167,7.14
33,168,2.63
33,169,3.33
33,170,4.17
33,171,3.57
33,172,5.56
33,173,4.55
33,174,2.17
33,175,5
33,176,4.55
33,177,2.27
33,178,5
33,179,2.38
33,180,2.94
33,181,2.63
33,182,3.85
33,183,4.55
33,184,3.57
33,185,2.27
33,186,2
33,187,3.13
33,188,2.5
33,189,2.94
33,190,2.17
33,191,2.27
33,192,2.78
33,193,3.85
33,194,10
33,195,3.33
33,196,3.33
33,197,3.85
33,198,5
33,199,5.56
33,200,4.17
34,1,10
34,2,2.63
34,3,4.17
34,4,2
34,5,8.33
34,6,4.17
34,7,4.55
34,8,10
34,9,5.56
34,10,2.94
34,11,2.08
34,12,8.33
34,13,3.85
34,14,3.85
34,15,2
34,16,3.57
34,17,2.17
34,18,10
34,19,2.27
34,20,2.17
34,21,10
34,22,2.63
34,23,3.13
34,24,3.57
34,25,6.25
34,26,3.57
34,27,7.14
34,28,3.85
34,29,4.17
34,30,2.5
34,31,2
34,32,2
34,33,2.08
34,34,2.17
34,35,2
34,36,2.38
34,37,3.85
34,38,8.33
34,39,5.56
34,40,5.56
34,41,5
34,42,8.33
34,43,2.5
34,44,5.56
34,45,3.85
34,46,2.63
34,47,3.57
34,48,7.14
34,49,2.38
34,50,2
34,51,2.78
34,52,10
34,53,3.57
34,54,3.57
34,55,8.33
34,56,6.25
34,57,7.14
34,58,2.94
34,59,4.17
34,60,7.14
34,61,2.63
34,62,5.56
34,63,8.33
34,64,3.13
34,65,2.08
34,66,3.13
34,67,2.08
34,68,5.56
34,69,8.33
34,70,2.94
34,71,6.25
34,72,3.33
34,73,6.25
34,74,2.63
34,75,2.27
34,76,3.13
34,77,2.08
34,78,5.56
34,79,2.5
34,80,4.17
34,81,3.33
34,82,2
34,83,3.57
34,84,2.5
34,85,2.63
34,86,8.33
34,87,2.94
34,88,5.56
34,89,2.94
34,90,5
34,91,2.08
34,92,10
34,93,7.14
34,94,2
34,95,4.17
34,96,2
34,97,4.17
34,98,2.78
34,99,3.57
34,100,2.17
34,101,2.94
34,102,5
34,103,3.13
34,104,3.33
34,105,7.14
34,106,3.33
34,107,3.33
34,108,3.57
34,109,5.56
34,110,2.38
34,111,2.78
34,112,2.63
34,113,3.85
34,114,8.33
34,115,2.63
34,116,2.63
34,117,2.17
34,118,3.13
34,119,2.5
34,120,3.85
34,121,6.25
34,122,2.5
34,123,2.27
34,124,4.17
34,125,2.63
34,126,4.55
34,127,2.08
34,128,5.56
34,129,2.17
34,130,2.38
34,131,10
34,132,3.85
34,133,2.78
34,134,5
34,135,2.17
34,136,7.14
34,137,8.33
34,138,6.25
34,139,2.27
34,140,2.63
34,141,3.33
34,142,3.57
34,143,2.38
34,144,2.27
34,145,8.33
34,146,2.27
34,147,2
34,148,7.14
34,149,3.33
34,150,7.14
34,151,2.63
34,152,3.33
34,153,4.55
34,154,8.33
34,155,2.08
34,156,2
34,157,2.17
34,158,2.17
34,159,2.5
34,160,2.94
34,161,10
34,162,2.08
34,163,2.5
34,164,2.78
34,165,4.55
34,166,6.25
34,167,6.25
34,168,2.94
34,169,10
34,170,2.17
34,171,5
34,172,2.08
34,173,7.14
34,174,2.38
34,175,2.5
34,176,2.17
34,177,2.5
34,178,2.78
34,179,2.94
34,180,2.94
34,181,4.55
34,182,2.94
34,183,2.63
34,184,4.17
34,185,5
34,186,2.27
34,187,2.94
34,188,5
34,189,3.57
34,190,4.17
34,191,6.25
34,192,2.17
34,193,10
34,194,2.63
34,195,10
34,196,2.5
34,197,10
34,198,8.33
34,199,3.85
34,200,3.85
35,1,2.94
35,2,2.38
35,3,5.56
35,4,2.78
35,5,2.27
35,6,3.85
35,7,8.33
35,8,3.33
35,9,10
35,10,8.33
35,11,2.38
35,12,4.17
35,13,3.33
35,14,2.27
35,15,2.08
35,16,3.57
35,17,3.57
35,18,2.94
35,19,2.94
35,20,3.57
35,21,2.5
35,22,2.78
35,23,2.5
35,24,3.33
35,25,7.14
35,26,2.38
35,27,2.38
35,28,2.94
35,29,3.13
35,30,2.27
35,31,2.63
35,32,5
35,33,2.94
35,34,3.13
35,35,6.25
35,36,3.57
35,37,8.33
35,38,3.57
35,39,8.33
35,40,3.57
35,41,2.17
35,42,3.85
35,43,2.94
35,44,2.17
35,45,4.17
35,46,2.94
35,47,3.33
35,48,4.17
35,49,3.57
35,50,2.17
35,51,3.13
35,52,2.78
35,53,2
35,54,2.5
35,55,6.25
35,56,2
35,57,2.63
35,58,4.55
35,59,4.55
35,60,2.78
35,61,5
35,62,5
35,63,8.33
35,64,3.33
35,65,2.94
35,66,3.13
35,67,2.5
35,68,2.63
35,69,6.25
35,70,2.94
35,71,3.33
35,72,2.78
35,73,2
35,74,2.78
35,75,3.57
35,76,2.78
35,77,2.17
35,78,3.85
35,79,3.13
35,80,3.57
35,81,2
35,82,2.38
35,83,3.85
35,84,5
35,85,3.85
35,86,2.78
35,87,2.27
35,88,3.33
35,89,6.25
35,90,2.78
35,91,3.57
35,92,8.33
35,93,3.85
35,94,3.57
35,95,5
35,96,2.38
35,97,4.17
35,98,8.33
35,99,3.85
35,100,2.08
35,101,2.17
35,102,7.14
35,103,6.25
35,104,7.14
35,105,6.25
35,106,2.08
35,107,2.08
35,108,5.56
35,109,6.25
35,110,7.14
35,111,10
35,112,2
35,113,4.55
35,114,8.33
35,115,2.08
35,116,4.17
35,117,3.57
35,118,6.25
35,119,7.14
35,120,4.55
35,121,2.27
35,122,2.78
35,123,2.5
35,124,5.56
35,125,3.13
35,126,2.27
35,127,2
35,128,2.94
35,129,2
35,130,5
35,131,10
35,132,2.78
35,133,8.33
35,134,4.17
35,135,2.63
35,136,6.25
35,137,2.38
35,138,2.78
35,139,2.08
35,140,8.33
35,141,3.33
35,142,7.14
35,143,5.56
35,144,7.14
35,145,2.78
35,146,2.17
35,147,7.14
35,148,4.55
35,149,2.63
35,150,5.56
35,151,2.5
35,152,2
35,153,3.85
35,154,3.57
35,155,4.55
35,156,5
35,157,2.08
35,158,3.57
35,159,6.25
35,160,8.33
35,161,3.85
35,162,2.5
35,163,4.55
35,164,2.38
35,165,2
35,166,7.14
35,167,2.08
35,168,2.78
35,169,7.14
35,170,7.14
35,171,3.57
35,172,2.17
35,173,10
35,174,2.78
35,175,2
35,176,2
35,177,2.5
35,178,4.55
35,179,5.56
35,180,7.14
35,181,5
35,182,2.78
35,183,2.63
35,184,2.27
35,185,2.38
35,186,3.85
35,187,10
35,188,3.33
35,189,5.56
35,190,8.33
35,191,7.14
35,192,5.56
35,193,2.38
35,194,10
35,195,2.78
35,196,2.27
35,197,2.08
35,198,2.38
35,199,2.17
35,200,6.25
36,1,4.17
36,2,5
36,3,2.63
36,4,8.33
36,5,4.17
36,6,3.33
36,7,2.08
36,8,2.5
36,9,2.5
36,10,2.94
36,11,8.33
36,12,2.27
36,13,2.94
36,14,5.56
36,15,2.78
36,16,5
36,17,5
36,18,2.27
36,19,2.78
36,20,5
36,21,2.78
36,22,2
36,23,5.56
36,24,2
36,25,5.56
36,26,2
36,27,2.08
36,28,10
36,29,2
36,30,2
36,31,2.94
36,32,2
36,33,2.17
36,34,3.57
36,35,5.56
36,36,2
36,37,3.57
36,38,10
36,39,2
36,40,4.17
36,41,8.33
36,42,3.33
36,43,4.55
36,44,4.17
36,45,2
36,46,2.94
36,47,7.14
36,48,2.27
36,49,3.85
36,50,2.38
36,51,4.17
36,52,4.55
36,53,10
36,54,5.56
36,55,2.27
36,56,3.33
36,57,2.94
36,58,2.08
36,59,5
36,60,7.14
36,61,2.38
36,62,4.55
36,63,2.27
36,64,7.14
36,65,3.57
36,66,4.55
36,67,2.78
36,68,2
36,69,2.94
36,70,3.57
36,71,3.85
36,72,5
36,73,2.78
36,74,4.17
36,75,3.13
36,76,4.17
36,77,5
36,78,2.94
36,79,2.5
36,80,3.33
36,81,2.5
36,82,2
36,83,5.56
36,84,3.33
36,85,3.57
36,86,2.38
36,87,5
36,88,10
36,89,3.57
36,90,2.94
36,91,6.25
36,92,6.25
36,93,6.25
36,94,8.33
36,95,2.08
36,96,2.27
36,97,2.08
36,98,3.85
36,99,10
36,100,10
36,101,4.55
36,102,6.25
36,103,2.38
36,104,2.17
36,105,2.94
36,106,2
36,107,3.13
36,108,3.33
36,109,2.5
36,110,3.33
36,111,2.38
36,112,7.14
36,113,2.78
36,114,8.33
36,115,5
36,116,2.17
36,117,2.08
36,118,2.94
36,119,2.08
36,120,4.55
36,121,2.27
36,122,2.94
36,123,3.57
36,124,4.55
36,125,3.57
36,126,7.14
36,127,3.33
36,128,4.17
36,129,2.94
36,130,3.85
36,131,3.13
36,132,2.5
36,133,7.14
36,134,8.33
36,135,3.13
36,136,2.63
36,137,2.27
36,138,2.94
36,139,2.78
36,140,4.17
36,141,5
36,142,2.63
36,143,2.38
36,144,2.63
36,145,8.33
36,146,4.17
36,147,7.14
36,148,3.13
36,149,4.17
36,150,8.33
36,151,3.57
36,152,3.13
36,153,8.33
36,154,2
36,155,4.17
36,156,10
36,157,3.13
36,158,2.78
36,159,2
36,160,2
36,161,10
36,162,2.78
36,163,10
36,164,3.57
36,165,5.56
36,166,7.14
36,167,3.57
36,168,4.17
36,169,8.33
36,170,5.56
36,171,2.94
36,172,2.5
36,173,2.27
36,174,8.33
36,175,3.13
36,176,4.55
36,177,2.5
36,178,2.27
36,179,3.57
36,180,2.94
36,181,2.63
36,182,4.17
36,183,3.13
36,184,4.55
36,185,4.55
36,186,2
36,187,3.13
36,188,2.08
36,189,5
36,190,3.85
36,191,3.57
36,192,3.33
36,193,3.13
36,194,2.5
36,195,2.5
36,196,7.14
36,197,2
36,198,2.5
36,199,6.25
36,200,2
37,1,4.55
37,2,10
37,3,2.5
37,4,3.85
37,5,4.17
37,6,7.14
37,7,2.63
37,8,2.27
37,9,2.38
37,10,4.17
37,11,2.5
37,12,3.57
37,13,2.5
37,14,4.55
37,15,2.08
37,16,8.33
37,17,2.78
37,18,2.38
37,19,2.17
37,20,2.63
37,21,2.27
37,22,4.17
37,23,8.33
37,24,3.57
37,25,2.17
37,26,8.33
37,27,2.78
37,28,8.33
37,29,5.56
37,30,6.25
37,31,5.56
37,32,3.85
37,33,5.56
37,34,2
37,35,5.56
37,36,4.55
37,37,2.17
37,38,3.57
37,39,2
37,40,2
37,41,3.57
37,42,3.33
37,43,6.25
37,44,7.14
37,45,7.14
37,46,6.25
37,47,3.13
37,48,2.94
37,49,3.33
37,50,2.78
37,51,2.94
37,52,3.33
37,53,2.08
37,54,8.33
37,55,2
37,56,5.56
37,57,5
37,58,3.57
37,59,2.08
37,60,8.33
37,61,3.85
37,62,3.57
37,63,2.5
37,64,2.5
37,65,2.63
37,66,4.17
37,67,2.5
37,68,3.85
37,69,2.63
37,70,2.63
37,71,2.17
37,72,4.55
37,73,2.94
37,74,3.13
37,75,5
37,76,4.55
37,77,2.27
37,78,2.17
37,79,3.13
37,80,2.27
37,81,5
37,82,4.55
37,83,4.17
37,84,5.56
37,85,7.14
37,86,4.17
37,87,4.55
37,88,2.78
37,89,2.94
37,90,5
37,91,10
37,92,5
37,93,8.33
37,94,8.33
37,95,2.5
37,96,2.08
37,97,3.57
37,98,2.94
37,99,6.25
37,100,3.13
37,101,2
37,102,3.85
37,103,5
37,104,3.85
37,105,4.17
37,106,2.63
37,107,7.14
37,108,3.33
37,109,2
37,110,2.94
37,111,3.85
37,112,2.94
37,113,7.14
37,114,7.14
37,115,7.14
37,116,2.78
37,117,2.5
37,118,5.56
37,119,4.55
37,120,2.94
37,121,6.25
37,122,5
37,123,3.13
37,124,2.5
37,125,3.85
37,126,2.17
37,127,2.94
37,128,2.94
37,129,3.33
37,130,2.5
37,131,4.55
37,132,10
37,133,2.08
37,134,2.08
37,135,2.27
37,136,3.13
37,137,3.57
37,138,2.17
37,139,2.5
37,140,2.78
37,141,2.27
37,142,4.55
37,143,2.94
37,144,2
37,145,7.14
37,146,5
37,147,6.25
37,148,3.13
37,149,2.94
37,150,5
37,151,4.17
37,152,6.25
37,153,4.55
37,154,2.08
37,155,4.55
37,156,10
37,157,8.33
37,158,5.56
37,159,3.85
37,160,2.17
37,161,2.94
37,162,2.5
37,163,2.38
37,164,2.63
37,165,7.14
37,166,6.25
37,167,2
37,168,5
37,169,4.55
37,170,2.17
37,171,2.5
37,172,2.27
37,173,5
37,174,2.5
37,175,2.63
37,176,2.78
37,177,2.27
37,178,3.85
37,179,2
37,180,2.38
37,181,5
37,182,8.33
37,183,3.85
37,184,2
37,185,2.08
37,186,2.63
37,187,2.5
37,188,2.5
37,189,2.5
37,190,3.13
37,191,2.63
37,192,2.5
37,193,6.25
37,194,2.08
37,195,2.78
37,196,10
37,197,6.25
37,198,5
37,199,2.08
37,200,2
38,1,2.5
38,2,3.13
38,3,8.33
38,4,5
38,5,2.78
38,6,3.57
38,7,2
38,8,6.25
38,9,2.08
38,10,3.85
38,11,2
38,12,3.13
38,13,2.17
38,14,2.17
38,15,10
38,16,2
38,17,2.5
38,18,2.5
38,19,6.25
38,20,2.08
38,21,2.78
38,22,2.78
38,23,2.5
38,24,3.33
38,25,4.55
38,26,2.27
38,27,2.38
38,28,4.55
38,29,3.13
38,30,6.25
38,31,8.33
38,32,7.14
38,33,2.17
38,34,2.38
38,35,2.94
38,36,2.5
38,37,2.17
38,38,4.55
38,39,2.63
38,40,6.25
38,41,3.13
38,42,2.63
38,43,2.5
38,44,2
38,45,4.17
38,46,5
38,47,2.78
38,48,10
38,49,10
38,50,2.94
38,51,2.5
38,52,5.56
38,53,4.17
38,54,2.17
38,55,5
38,56,4.55
38,57,6.25
38,58,3.85
38,59,2.63
38,60,5
38,61,2.78
38,62,2.17
38,63,2.17
38,64,2
38,65,2.94
38,66,5.56
38,67,7.14
38,68,2.08
38,69,2.38
38,70,4.55
38,71,5
38,72,8.33
38,73,3.13
38,74,2.17
38,75,2.78
38,76,5.56
38,77,2.78
38,78,4.17
38,79,2.94
38,80,6.25
38,81,2.08
38,82,3.33
38,83,7.14
38,84,2.94
38,85,2.5
38,86,4.17
38,87,10
38,88,7.14
38,89,2.17
38,90,4.17
38,91,2.78
38,92,5
38,93,3.57
38,94,2.63
38,95,3.57
38,96,3.85
38,97,2.38
38,98,2.78
38,99,3.57
38,100,2.94
38,101,2.94
38,102,4.55
38,103,2.17
38,104,2.63
38,105,2.08
38,106,2.63
38,107,8.33
38,108,2.78
38,109,2.27
38,110,2.08
38,111,2.78
38,112,2
38,113,3.57
38,114,3.33
38,115,4.55
38,116,5.56
38,117,3.33
38,118,2.17
38,119,2.94
38,120,3.57
38,121,2.94
38,122,10
38,123,3.85
38,124,6.25
38,125,2.78
38,126,2.78
38,127,2.94
38,128,2.27
38,129,7.14
38,130,2.17
38,131,2.5
38,132,10
38,133,8.33
38,134,2.27
38,135,2.78
38,136,10
38,137,10
38,138,2.08
38,139,6.25
38,140,2
38,141,2.08
38,142,2.63
38,143,7.14
38,144,2
38,145,4.17
38,146,2.63
38,147,3.57
38,148,3.13
38,149,6.25
38,150,2.94
38,151,8.33
38,152,8.33
38,153,2.08
38,154,3.57
38,155,2.38
38,156,7.14
38,157,7.14
38,158,4.55
38,159,5.56
38,160,2.27
38,161,4.55
38,162,5
38,163,2
38,164,2.08
38,165,2.94
38,166,3.13
38,167,5.56
38,168,2.27
38,169,3.13
38,170,3.85
38,171,2.78
38,172,2.5
38,173,2.17
38,174,2
38,175,2.94
38,176,2.78
38,177,3.13
38,178,3.33
38,179,2
38,180,8.33
38,181,2
38,182,3.85
38,183,3.13
38,184,2.5
38,185,4.17
38,186,2.08
38,187,10
38,188,5.56
38,189,3.85
38,190,2.08
38,191,3.57
38,192,2.17
38,193,2.08
38,194,3.57
38,195,5
38,196,4.55
38,197,4.17
38,198,2
38,199,2.63
38,200,8.33
39,1,2.38
39,2,4.55
39,3,2
39,4,2.08
39,5,2.08
39,6,6.25
39,7,5.56
39,8,2.38
39,9,7.14
39,10,4.55
39,11,2.94
39,12,2
39,13,4.17
39,14,2.78
39,15,2.38
39,16,4.17
39,17,6.25
39,18,8.33
39,19,2.38
39,20,3.85
39,21,2.17
39,22,2.27
39,23,2.78
39,24,2.5
39,25,2
39,26,8.33
39,27,3.33
39,28,2.08
39,29,2
39,30,4.17
39,31,4.55
39,32,4.55
39,33,2.78
39,34,2.38
39,35,4.17
39,36,2.63
39,37,2
39,38,6.25
39,39,5.56
39,40,7.14
39,41,3.57
39,42,2.08
39,43,3.57
39,44,2.78
39,45,2.94
39,46,4.17
39,47,8.33
39,48,2.63
39,49,2.27
39,50,2.17
39,51,2.38
39,52,5
39,53,8.33
39,54,3.33
39,55,3.57
39,56,2.5
39,57,10
39,58,6.25
39,59,4.17
39,60,5
39,61,2.63
39,62,3.33
39,63,3.85
39,64,5
39,65,5
39,66,2.38
39,67,6.25
39,68,3.57
39,69,2.17
39,70,2.94
39,71,10
39,72,10
39,73,2
39,74,6.25
39,75,10
39,76,8.33
39,77,2.5
39,78,2.78
39,79,2
39,80,2.5
39,81,4.17
39,82,3.13
39,83,2.38
39,84,5
39,85,7.14
39,86,5
39,87,3.33
39,88,6.25
39,89,7.14
39,90,3.85
39,91,3.57
39,92,4.55
39,93,2.38
39,94,8.33
39,95,2.63
39,96,6.25
39,97,2.27
39,98,2
39,99,7.14
39,100,10
39,101,2.63
39,102,3.85
39,103,2.63
39,104,2.17
39,105,6.25
39,106,2
39,107,2.38
39,108,2.63
39,109,7.14
39,110,2.17
39,111,6.25
39,112,2
39,113,2.08
39,114,2.08
39,115,8.33
39,116,10
39,117,4.55
39,118,5.56
39,119,2.08
39,120,2.17
39,121,3.85
39,122,5.56
39,123,5
39,124,2.94
39,125,2.08
39,126,5
39,127,2.94
39,128,4.17
39,129,2.38
39,130,2.27
39,131,2
39,132,4.55
39,133,2.17
39,134,7.14
39,135,2.78
39,136,3.57
39,137,8.33
39,138,2.27
39,139,2.5
39,140,7.14
39,141,2.08
39,142,4.17
39,143,2.17
39,144,2.38
39,145,4.17
39,146,8.33
39,147,4.17
39,148,2.63
39,149,2.63
39,150,2.63
39,151,7.14
39,152,3.13
39,153,2.5
39,154,5.56
39,155,10
39,156,2.27
39,157,8.33
39,158,8.33
39,159,2.38
39,160,2.78
39,161,3.33
39,162,4.17
39,163,3.13
39,164,2.08
39,165,3.33
39,166,3.85
39,167,10
39,168,3.85
39,169,3.33
39,170,4.17
39,171,4.17
39,172,4.17
39,173,2.08
39,174,10
39,175,5
39,176,2.27
39,177,5.56
39,178,2.63
39,179,2.08
39,180,10
39,181,2.5
39,182,6.25
39,183,2.94
39,184,5
39,185,2.63
39,186,5.56
39,187,2.78
39,188,3.33
39,189,3.13
39,190,7.14
39,191,5
39,192,5
39,193,4.17
39,194,7.14
39,195,4.17
39,196,2.17
39,197,2
39,198,2.78
39,199,2.78
39,200,2.17
40,1,8.33
40,2,4.55
40,3,5
40,4,5.56
40,5,2.08
40,6,2.63
40,7,5
40,8,3.85
40,9,4.55
40,10,2.38
40,11,3.57
40,12,4.17
40,13,5.56
40,14,3.33
40,15,2.27
40,16,5.56
40,17,5
40,18,2.63
40,19,2.94
40,20,10
40,21,10
40,22,2.5
40,23,5.56
40,24,4.55
40,25,2.63
40,26,7.14
40,27,5
40,28,2.63
40,29,6.25
40,30,8.33
40,31,2.63
40,32,3.13
40,33,4.55
40,34,2.63
40,35,5.56
40,36,2
40,37,2.27
40,38,3.85
40,39,5
40,40,4.55
40,41,3.85
40,42,2.08
40,43,2.08
40,44,6.25
40,45,4.55
40,46,2.63
40,47,4.17
40,48,5.56
40,49,2.5
40,50,10
40,51,3.57
40,52,8.33
40,53,3.85
40,54,2.5
40,55,2.17
40,56,3.33
40,57,2.78
40,58,2.63
40,59,7.14
40,60,2.5
40,61,5
40,62,3.85
40,63,5
40,64,5.56
40,65,4.17
40,66,3.13
40,67,2.17
40,68,2.94
40,69,4.17
40,70,4.17
40,71,2.63
40,72,2
40,73,2.78
40,74,2.94
40,75,5.56
40,76,2
40,77,7.14
40,78,4.55
40,79,2
40,80,3.13
40,81,6.25
40,82,2
40,83,6.25
40,84,4.55
40,85,4.55
40,86,3.57
40,87,4.17
40,88,2.17
40,89,3.85
40,90,5
40,91,4.55
40,92,2.63
40,93,3.13
40,94,7.14
40,95,8.33
40,96,2.17
40,97,3.13
40,98,7.14
40,99,6.25
40,100,2.63
40,101,3.85
40,102,4.17
40,103,3.85
40,104,2.78
40,105,2.27
40,106,6.25
40,107,6.25
40,108,2.38
40,109,2.63
40,110,8.33
40,111,2.5
40,112,2.27
40,113,2.5
40,114,5
40,115,2.63
40,116,2.27
40,117,8.33
40,118,2.17
40,119,5
40,120,2.63
40,121,3.13
40,122,3.57
40,123,2.63
40,124,3.85
40,125,2.5
40,126,10
40,127,4.17
40,128,2.08
40,129,3.57
40,130,4.17
40,131,10
40,132,2.38
40,133,2.27
40,134,8.33
40,135,7.14
40,136,2.94
40,137,4.17
40,138,2.38
40,139,2.08
40,140,2.5
40,141,4.17
40,142,4.55
40,143,2.38
40,144,6.25
40,145,10
40,146,3.57
40,147,2.27
40,148,2.17
40,149,2.94
40,150,2.78
40,151,2.17
40,152,4.17
40,153,8.33
40,154,2.08
40,155,3.33
40,156,3.13
40,157,2.5
40,158,5.56
40,159,2.08
40,160,4.17
40,161,2.78
40,162,3.33
40,163,5
40,164,4.55
40,165,5
40,166,2.63
40,167,2.17
40,168,7.14
40,169,4.55
40,170,2.63
40,171,2.08
40,172,2.27
40,173,4.17
40,174,2.38
40,175,8.33
40,176,7.14
40,177,2.63
40,178,3.85
40,179,7.14
40,180,2.94
40,181,2.38
40,182,2.38
40,183,2.63
40,184,7.14
40,185,5
40,186,5.56
40,187,3.33
40,188,2.27
40,189,2.5
40,190,4.55
40,191,3.57
40,192,4.17
40,193,2.94
40,194,8.33
40,195,2.5
40,196,10
40,197,2.08
40,198,2.94
40,199,3.33
40,200,2.78
41,1,3.85
41,2,3.13
41,3,3.57
41,4,2.78
41,5,3.85
41,6,2.27
41,7,2.78
41,8,3.13
41,9,4.55
41,10,2.17
41,11,2.38
41,12,2.17
41,13,2.78
41,14,5
41,15,5.56
41,16,2.08
41,17,3.13
41,18,2.63
41,19,2.94
41,20,10
41,21,2.17
41,22,2.78
41,23,2.63
41,24,7.14
41,25,6.25
41,26,2.5
41,27,2.08
41,28,7.14
41,29,7.14
41,30,2.38
41,31,3.13
41,32,5.56
41,33,4.17
41,34,2.08
41,35,2.94
41,36,2.63
41,37,2.17
41,38,5
41,39,4.17
41,40,3.13
41,41,2.63
41,42,2.27
41,43,8.33
41,44,5.56
41,45,2.08
41,46,10
41,47,5.56
41,48,2.5
41,49,8.33
41,50,2.94
41,51,2.08
41,52,10
41,53,2.38
41,54,7.14
41,55,2
41,56,5
41,57,2.38
41,58,3.85
41,59,2.27
41,60,3.33
41,61,10
41,62,4.55
41,63,2.38
41,64,3.57
41,65,7.14
41,66,2.63
41,67,3.13
41,68,4.55
41,69,2.94
41,70,10
41,71,4.55
41,72,7.14
41,73,2.94
41,74,4.17
41,75,2.17
41,76,10
41,77,4.55
41,78,2.5
41,79,2.17
41,80,4.55
41,81,2.63
41,82,4.55
41,83,2.78
41,84,7.14
41,85,3.85
41,86,7.14
41,87,4.55
41,88,5.56
41,89,10
41,90,2.08
41,91,2.38
41,92,2.63
41,93,3.33
41,94,3.85
41,95,2
41,96,3.57
41,97,2.08
41,98,8.33
41,99,2.94
41,100,2.5
41,101,3.13
41,102,6.25
41,103,3.33
41,104,3.33
41,105,8.33
41,106,2.63
41,107,5
41,108,5.56
41,109,2.63
41,110,2.38
41,111,3.13
41,112,3.57
41,113,3.33
41,114,2
41,115,4.55
41,116,2.08
41,117,2.63
41,118,3.33
41,119,2.17
41,120,2.63
41,121,3.13
41,122,2.38
41,123,2.94
41,124,2.38
41,125,3.13
41,126,6.25
41,127,2.78
41,128,5
41,129,2.5
41,130,3.13
41,131,5
41,132,3.85
41,133,5
41,134,2.94
41,135,3.13
41,136,3.57
41,137,3.57
41,138,5.56
41,139,2.38
41,140,8.33
41,141,5.56
41,142,2.27
41,143,3.85
41,144,5.56
41,145,5.56
41,146,5
41,147,10
41,148,6.25
41,149,2.5
41,150,3.57
41,151,10
41,152,5
41,153,4.55
41,154,2.78
41,155,10
41,156,2
41,157,4.17
41,158,3.13
41,159,4.55
41,160,2
41,161,2.63
41,162,2.27
41,163,6.25
41,164,2.63
41,165,2.63
41,166,3.33
41,167,2.63
41,168,2.94
41,169,8.33
41,170,6.25
41,171,8.33
41,172,2.17
41,173,2
41,174,2.63
41,175,2.08
41,176,4.17
41,177,2.38
41,178,5.56
41,179,3.33
41,180,6.25
41,181,2.27
41,182,3.33
41,183,3.33
41,184,5
41,185,4.55
41,186,5.56
41,187,2.78
41,188,8.33
41,189,2.78
41,190,5.56
41,191,2
41,192,7.14
41,193,2.08
41,194,5.56
41,195,3.33
41,196,3.57
41,197,2.78
41,198,3.33
41,199,7.14
41,200,2.94
42,1,2.78
42,2,5
42,3,2.38
42,4,3.57
42,5,3.57
42,6,5.56
42,7,6.25
42,8,2.27
42,9,4.55
42,10,5.56
42,11,2.63
42,12,7.14
42,13,8.33
42,14,2.78
42,15,2.94
42,16,3.33
42,17,5
42,18,5
42,19,2.78
42,20,2.63
42,21,2.63
42,22,2.27
42,23,2.08
42,24,2.38
42,25,4.55
42,26,3.57
42,27,2.38
42,28,4.17
42,29,2.27
42,30,5.56
42,31,2.63
42,32,5
42,33,4.55
42,34,2.27
42,35,2.17
42,36,2.27
42,37,6.25
42,38,3.57
42,39,3.13
42,40,5.56
42,41,2.5
42,42,2.27
42,43,6.25
42,44,3.33
42,45,2.63
42,46,5.56
42,47,6.25
42,48,3.13
42,49,2.63
42,50,5.56
42,51,2.17
42,52,4.55
42,53,5
42,54,2.27
42,55,7.14
42,56,4.17
42,57,8.33
42,58,2.08
42,59,2.94
42,60,2.38
42,61,5.56
42,62,2.08
42,63,3.57
42,64,4.55
42,65,5
42,66,7.14
42,67,3.57
42,68,4.17
42,69,3.13
42,70,4.17
42,71,4.55
42,72,3.33
42,73,3.57
42,74,2.17
42,75,8.33
42,76,2.5
42,77,3.33
42,78,4.17
42,79,4.17
42,80,5.56
42,81,6.25
42,82,2.63
42,83,7.14
42,84,3.13
42,85,2
42,86,2.94
42,87,2.17
42,88,4.55
42,89,2.94
42,90,2.27
42,91,2.17
42,92,2.17
42,93,4.55
42,94,3.57
42,95,3.57
42,96,2
42,97,5.56
42,98,4.17
42,99,5
42,100,4.17
42,101,2.94
42,102,2.17
42,103,5
42,104,10
42,105,7.14
42,106,2.78
42,107,2.17
42,108,3.57
42,109,2.08
42,110,3.57
42,111,4.17
42,112,3.13
42,113,5
42,114,2.08
42,115,4.17
42,116,2.78
42,117,2.63
42,118,3.13
42,119,2.78
42,120,2.08
42,121,5
42,122,10
42,123,6.25
42,124,2.38
42,125,2.27
42,126,6.25
42,127,4.55
42,128,3.57
42,129,3.13
42,130,3.85
42,131,2.78
42,132,2.08
42,133,7.14
42,134,2.78
42,135,2.08
42,136,4.55
42,137,2.08
42,138,5
42,139,2.78
42,140,3.85
42,141,2.27
42,142,2.08
42,143,5
42,144,10
42,145,2.63
42,146,2.63
42,147,5
42,148,2.38
42,149,5.56
42,150,4.55
42,151,4.17
42,152,3.85
42,153,2.17
42,154,2.27
42,155,2.63
42,156,5.56
42,157,5.56
42,158,5
42,159,5
42,160,4.55
42,161,2
42,162,2.5
42,163,3.57
42,164,2.08
42,165,2
42,166,3.85
42,167,8.33
42,168,5
42,169,2.78
42,170,4.17
42,171,10
42,172,2.94
42,173,4.17
42,174,2.27
42,175,5.56
42,176,7.14
42,177,4.17
42,178,2.5
42,179,4.55
42,180,7.14
42,181,3.13
42,182,6.25
42,183,3.13
42,184,2.94
42,185,2.08
42,186,2.94
42,187,10
42,188,2.27
42,189,4.55
42,190,2.78
42,191,4.17
42,192,3.85
42,193,4.55
42,194,3.13
42,195,2.08
42,196,2.63
42,197,10
42,198,4.55
42,199,2
42,200,2.17
43,1,3.85
43,2,2.27
43,3,10
43,4,3.85
43,5,2.38
43,6,7.14
43,7,2.27
43,8,2
43,9,8.33
43,10,2.08
43,11,2
43,12,2.63
43,13,5.56
43,14,2.63
43,15,8.33
43,16,3.13
43,17,6.25
43,18,3.57
43,19,2.63
43,20,7.14
43,21,10
43,22,5.56
43,23,2.08
43,24,5
43,25,7.14
43,26,2.38
43,27,5
43,28,8.33
43,29,7.14
43,30,2.08
43,31,6.25
43,32,2.17
43,33,7.14
43,34,7.14
43,35,2.5
43,36,2.27
43,37,2.5
43,38,10
43,39,2.08
43,40,4.55
43,41,7.14
43,42,8.33
43,43,4.55
43,44,5
43,45,2.17
43,46,2.27
43,47,7.14
43,48,3.13
43,49,2
43,50,5
43,51,2.94
43,52,4.55
43,53,2.5
43,54,2.94
43,55,4.17
43,56,10
43,57,2.78
43,58,7.14
43,59,2
43,60,2.27
43,61,3.33
43,62,3.13
43,63,4.17
43,64,2.94
43,65,2.17
43,66,2.5
43,67,2.17
43,68,6.25
43,69,2.27
43,70,2.27
43,71,5.56
43,72,6.25
43,73,2.94
43,74,2.17
43,75,10
43,76,10
43,77,3.33
43,78,2
43,79,8.33
43,80,2.08
43,81,3.33
43,82,4.17
43,83,2.63
43,84,4.55
43,85,3.85
43,86,2.78
43,87,3.57
43,88,2.94
43,89,5
43,90,4.17
43,91,3.13
43,92,7.14
43,93,3.85
43,94,2.38
43,95,2.78
43,96,3.57
43,97,10
43,98,2.27
43,99,3.33
43,100,10
43,101,3.57
43,102,8.33
43,103,3.57
43,104,2.17
43,105,2.78
43,106,4.55
43,107,5
43,108,2.08
43,109,3.85
43,110,2.94
43,111,4.17
43,112,2.17
43,113,3.57
43,114,4.17
43,115,5
43,116,2
43,117,7.14
43,118,2.08
43,119,2.08
43,120,4.55
43,121,2.17
43,122,6.25
43,123,2.63
43,124,2
43,125,2.08
43,126,10
43,127,2.08
43,128,3.85
43,129,3.57
43,130,2.94
43,131,3.13
43,132,8.33
43,133,2.63
43,134,3.13
43,135,3.57
43,136,6.25
43,137,2.17
43,138,2
43,139,2.38
43,140,5.56
43,141,2
43,142,3.57
43,143,7.14
43,144,8.33
43,145,2
43,146,10
43,147,5.56
43,148,3.33
43,149,5.56
43,150,5
43,151,6.25
43,152,3.33
43,153,2
43,154,4.55
43,155,2.94
43,156,2.08
43,157,4.55
43,158,2.27
43,159,2.63
43,160,2.08
43,161,2.63
43,162,3.13
43,163,4.55
43,164,6.25
43,165,2.78
43,166,5.56
43,167,5.56
43,168,3.57
43,169,2.38
43,170,2.38
43,171,2
43,172,2.63
43,173,8.33
43,174,3.85
43,175,7.14
43,176,5
43,177,8.33
43,178,8.33
43,179,3.13
43,180,3.13
43,181,2.78
43,182,3.33
43,183,6.25
43,184,6.25
43,185,6.25
43,186,2.5
43,187,2.78
43,188,10
43,189,2.94
43,190,2.63
43,191,3.13
43,192,4.55
43,193,3.85
43,194,2
43,195,10
43,196,2.08
43,197,8.33
43,198,2.27
43,199,2.5
43,200,10
44,1,3.85
44,2,3.33
44,3,3.13
44,4,3.85
44,5,7.14
44,6,4.55
44,7,2.94
44,8,7.14
44,9,3.85
44,10,8.33
44,11,2
44,12,2.08
44,13,3.13
44,14,2.17
44,15,2.63
44,16,3.33
44,17,4.17
44,18,2.27
44,19,2.08
44,20,2.63
44,21,4.55
44,22,3.57
44,23,2.08
44,24,4.17
44,25,3.33
44,26,3.85
44,27,7.14
44,28,2.94
44,29,4.17
44,30,8.33
44,31,4.55
44,32,4.55
44,33,3.33
44,34,6.25
44,35,2.27
44,36,3.13
44,37,6.25
44,38,2.78
44,39,2.63
44,40,2.08
44,41,2.78
44,42,2.5
44,43,3.33
44,44,3.57
44,45,2
44,46,3.13
44,47,6.25
44,48,8.33
44,49,7.14
44,50,4.55
44,51,4.17
44,52,4.17
44,53,3.57
44,54,2.38
44,55,2.17
44,56,3.33
44,57,4.17
44,58,6.25
44,59,8.33
44,60,2.63
44,61,2.78
44,62,2.94
44,63,3.33
44,64,3.57
44,65,6.25
44,66,4.17
44,67,2.27
44,68,6.25
44,69,2.63
44,70,7.14
44,71,2
44,72,2.63
44,73,2.08
44,74,10
44,75,8.33
44,76,4.55
44,77,4.17
44,78,3.57
44,79,2.17
44,80,3.33
44,81,3.33
44,82,2.17
44,83,3.33
44,84,8.33
44,85,3.33
44,86,4.17
44,87,4.17
44,88,3.13
44,89,5.56
44,90,10
44,91,2.38
44,92,6.25
44,93,7.14
44,94,2.17
44,95,3.85
44,96,2.08
44,97,2.5
44,98,2.17
44,99,5
44,100,8.33
44,101,3.85
44,102,2.5
44,103,5
44,104,3.85
44,105,5.56
44,106,4.55
44,107,2.27
44,108,2.94
44,109,7.14
44,110,4.55
44,111,3.57
44,112,5
44,113,3.57
44,114,8.33
44,115,8.33
44,116,2.08
44,117,2.63
44,118,2
44,119,3.33
44,120,2.08
44,121,10
44,122,8.33
44,123,2.63
44,124,4.55
44,125,3.33
44,126,2.5
44,127,4.17
44,128,2.94
44,129,6.25
44,130,3.33
44,131,3.13
44,132,3.85
44,133,3.85
44,134,2.38
44,135,3.85
44,136,2.63
44,137,2.63
44,138,4.55
44,139,2.17
44,140,3.85
44,141,2.94
44,142,2
44,143,3.85
44,144,2.08
44,145,5.56
44,146,6.25
44,147,3.13
44,148,7.14
44,149,2.94
44,150,10
44,151,2.17
44,152,4.55
44,153,2.5
44,154,8.33
44,155,3.57
44,156,4.55
44,157,2.27
44,158,3.57
44,159,2.27
44,160,3.13
44,161,4.55
44,162,7.14
44,163,2.38
44,164,2.38
44,165,6.25
44,166,4.17
44,167,10
44,168,3.85
44,169,8.33
44,170,3.85
44,171,6.25
44,172,2.94
44,173,2.78
44,174,3.33
44,175,5
44,176,2.5
44,177,3.57
44,178,2.27
44,179,4.55
44,180,2.63
44,181,10
44,182,3.57
44,183,2.94
44,184,2.78
44,185,2.63
44,186,2.5
44,187,6.25
44,188,5
44,189,5
44,190,2
44,191,5.56
44,192,3.13
44,193,3.85
44,194,4.17
44,195,2.27
44,196,2.27
44,197,2
44,198,5
44,199,2.94
44,200,8.33
45,1,2.5
45,2,2.63
45,3,7.14
45,4,2.08
45,5,3.33
45,6,3.33
45,7,5.56
45,8,4.17
45,9,3.13
45,10,3.33
45,11,3.13
45,12,10
45,13,2.17
45,14,3.13
45,15,3.33
45,16,2.78
45,17,2.78
45,18,4.17
45,19,4.55
45,20,2.38
45,21,2.17
45,22,7.14
45,23,2.5
45,24,2.94
45,25,4.55
45,26,2.08
45,27,2.78
45,28,5.56
45,29,3.85
45,30,2.5
45,31,2
45,32,2.5
45,33,2
45,34,7.14
45,35,8.33
45,36,5.56
45,37,2.78
45,38,4.55
45,39,2.38
45,40,5.56
45,41,10
45,42,2.63
45,43,3.57
45,44,2.17
45,45,3.85
45,46,6.25
45,47,4.55
45,48,8.33
45,49,5
45,50,10
45,51,4.17
45,52,3.33
45,53,8.33
45,54,2
45,55,6.25
45,56,10
45,57,5
45,58,2.63
45,59,2
45,60,2.08
45,61,2.78
45,62,3.33
45,63,2.94
45,64,2.17
45,65,5
45,66,3.85
45,67,3.57
45,68,4.55
45,69,2.63
45,70,4.17
45,71,5
45,72,2.08
45,73,2
45,74,8.33
45,75,2
45,76,2.17
45,77,4.55
45,78,5.56
45,79,4.17
45,80,4.17
45,81,2.27
45,82,2.08
45,83,2.27
45,84,6.25
45,85,5
45,86,2.38
45,87,2.94
45,88,10
45,89,2.38
45,90,7.14
45,91,2.63
45,92,4.55
45,93,2.5
45,94,2
45,95,8.33
45,96,8.33
45,97,4.17
45,98,6.25
45,99,7.14
45,100,2.78
45,101,2
45,102,2.08
45,103,8.33
45,104,2.38
45,105,2.94
45,106,2.5
45,107,2.38
45,108,2.17
45,109,2.27
45,110,3.13
45,111,2
45,112,10
45,113,3.57
45,114,3.33
45,115,2.27
45,116,6.25
45,117,3.85
45,118,4.17
45,119,2.78
45,120,2.94
45,121,6.25
45,122,5
45,123,2.5
45,124,2.17
45,125,5
45,126,6.25
45,127,7.14
45,128,5
45,129,2.27
45,130,3.13
45,131,3.57
45,132,3.13
45,133,2
45,134,3.33
45,135,2.63
45,136,8.33
45,137,2.5
45,138,2.38
45,139,3.57
45,140,3.33
45,141,10
45,142,10
45,143,3.13
45,144,3.13
45,145,2.38
45,146,7.14
45,147,2.27
45,148,2.5
45,149,2
45,150,2.78
45,151,2.63
45,152,5.56
45,153,5.56
45,154,5
45,155,6.25
45,156,2.5
45,157,5
45,158,4.55
45,159,5
45,160,2.5
45,161,2.08
45,162,2.17
45,163,5
45,164,2
45,165,7.14
45,166,3.57
45,167,4.17
45,168,2.38
45,169,2.94
45,170,7.14
45,171,8.33
45,172,10
45,173,10
45,174,7.14
45,175,2.63
45,176,10
45,177,2
45,178,3.33
45,179,2.5
45,180,2.94
45,181,5.56
45,182,3.57
45,183,4.17
45,184,2.94
45,185,2.5
45,186,3.85
45,187,3.85
45,188,4.55
45,189,2.27
45,190,7.14
45,191,2.08
45,192,8.33
45,193,5.56
45,194,2.08
45,195,4.55
45,196,8.33
45,197,3.13
45,198,2.17
45,199,3.85
45,200,3.33
46,1,3.13
46,2,6.25
46,3,4.17
46,4,7.14
46,5,3.85
46,6,3.85
46,7,3.57
46,8,7.14
46,9,5
46,10,3.57
46,11,2.38
46,12,5.56
46,13,4.55
46,14,2.94
46,15,10
46,16,2.27
46,17,5
46,18,2.94
46,19,5
46,20,2.27
46,21,2.08
46,22,2.63
46,23,2.5
46,24,3.33
46,25,8.33
46,26,2.17
46,27,3.13
46,28,2.63
46,29,2.63
46,30,3.57
46,31,2.78
46,32,2.08
46,33,3.13
46,34,2.08
46,35,5
46,36,10
46,37,3.57
46,38,3.85
46,39,5
46,40,2.27
46,41,2.94
46,42,2.27
46,43,3.85
46,44,2.38
46,45,3.33
46,46,2.27
46,47,3.33
46,48,3.57
46,49,6.25
46,50,5.56
46,51,4.55
46,52,2.94
46,53,2.94
46,54,5.56
46,55,4.17
46,56,2.38
46,57,2.5
46,58,2.08
46,59,3.57
46,60,2
46,61,3.13
46,62,10
46,63,2.27
46,64,5.56
46,65,2.38
46,66,7.14
46,67,6.25
46,68,8.33
46,69,6.25
46,70,8.33
46,71,7.14
46,72,4.17
46,73,2.17
46,74,2.63
46,75,2.08
46,76,4.55
46,77,2.08
46,78,7.14
46,79,4.17
46,80,10
46,81,5.56
46,82,3.33
46,83,3.57
46,84,5.56
46,85,3.13
46,86,2.17
46,87,5.56
46,88,4.17
46,89,5
46,90,3.13
46,91,4.17
46,92,10
46,93,8.33
46,94,3.57
46,95,3.33
46,96,2.94
46,97,2.94
46,98,5.56
46,99,10
46,100,7.14
46,101,7.14
46,102,2.63
46,103,7.14
46,104,4.55
46,105,10
46,106,7.14
46,107,2.5
46,108,2.27
46,109,2.38
46,110,2.17
46,111,2.08
46,112,3.57
46,113,4.55
46,114,3.57
46,115,4.17
46,116,8.33
46,117,3.85
46,118,4.55
46,119,5.56
46,120,2.94
46,121,2.78
46,122,7.14
46,123,5.56
46,124,6.25
46,125,3.33
46,126,2.17
46,127,5.56
46,128,3.33
46,129,3.57
46,130,2.94
46,131,10
46,132,8.33
46,133,5.56
46,134,7.14
46,135,2.27
46,136,4.17
46,137,7.14
46,138,3.13
46,139,6.25
46,140,2.5
46,141,5.56
46,142,3.33
46,143,5
46,144,3.57
46,145,4.55
46,146,2.38
46,147,2.5
46,148,10
46,149,3.57
46,150,6.25
46,151,2.17
46,152,3.33
46,153,5
46,154,2.63
46,155,2.38
46,156,2
46,157,5
46,158,3.85
46,159,3.85
46,160,2.08
46,161,8.33
46,162,6.25
46,163,5
46,164,7.14
46,165,5.56
46,166,2.27
46,167,10
46,168,2.38
46,169,3.13
46,170,8.33
46,171,2.63
46,172,2.63
46,173,10
46,174,4.17
46,175,2.38
46,176,2.27
46,177,2.17
46,178,4.55
46,179,7.14
46,180,6.25
46,181,2.08
46,182,5.56
46,183,3.33
46,184,4.55
46,185,2.63
46,186,2.38
46,187,2.08
46,188,2.17
46,189,2.78
46,190,2.94
46,191,3.13
46,192,4.55
46,193,2.08
46,194,2.17
46,195,5.56
46,196,2.17
46,197,10
46,198,2.08
46,199,3.57
46,200,6.25
47,1,2.08
47,2,2
47,3,3.85
47,4,8.33
47,5,5.56
47,6,5.56
47,7,2.08
47,8,10
47,9,2.17
47,10,2.78
47,11,2
47,12,2.5
47,13,4.17
47,14,2.38
47,15,2.5
47,16,2.78
47,17,2.63
47,18,4.17
47,19,2.5
47,20,2.08
47,21,2.78
47,22,2.27
47,23,8.33
47,24,4.55
47,25,2.94
47,26,7.14
47,27,5.56
47,28,3.57
47,29,2.78
47,30,2.78
47,31,2.17
47,32,4.55
47,33,2
47,34,8.33
47,35,3.57
47,36,4.55
47,37,2.78
47,38,10
47,39,3.33
47,40,2.63
47,41,10
47,42,2.27
47,43,2.78
47,44,10
47,45,2.63
47,46,4.55
47,47,2.5
47,48,2
47,49,6.25
47,50,2.38
47,51,2.78
47,52,8.33
47,53,2.27
47,54,5
47,55,3.13
47,56,4.17
47,57,2.08
47,58,3.13
47,59,5.56
47,60,7.14
47,61,2.08
47,62,7.14
47,63,10
47,64,3.13
47,65,2.08
47,66,2
47,67,2.38
47,68,2.5
47,69,2.63
47,70,3.85
47,71,4.55
47,72,4.17
47,73,4.17
47,74,2.94
47,75,2.27
47,76,2.78
47,77,2.5
47,78,3.85
47,79,2.27
47,80,5
47,81,5
47,82,3.57
47,83,4.55
47,84,4.55
47,85,8.33
47,86,2.38
47,87,2
47,88,5.56
47,89,4.55
47,90,2.94
47,91,4.55
47,92,8.33
47,93,6.25
47,94,5
47,95,8.33
47,96,3.85
47,97,3.13
47,98,4.17
47,99,8.33
47,100,2.63
47,101,2.08
47,102,5.56
47,103,2.17
47,104,3.33
47,105,5
47,106,5.56
47,107,4.17
47,108,5
47,109,7.14
47,110,2.27
47,111,2
47,112,3.13
47,113,3.57
47,114,2.5
47,115,10
47,116,2.78
47,117,2.17
47,118,2.38
47,119,3.85
47,120,5
47,121,2.27
47,122,2.94
47,123,2.94
47,124,3.13
47,125,10
47,126,6.25
47,127,3.57
47,128,3.33
47,129,3.33
47,130,5.56
47,131,2
47,132,3.13
47,133,2.27
47,134,2.94
47,135,10
47,136,2
47,137,2.17
47,138,3.13
47,139,4.55
47,140,2.78
47,141,4.17
47,142,2.63
47,143,4.55
47,144,2.38
47,145,7.14
47,146,7.14
47,147,5
47,148,2.94
47,149,10
47,150,2.27
47,151,4.17
47,152,2.94
47,153,2.5
47,154,4.17
47,155,8.33
47,156,10
47,157,4.17
47,158,2.38
47,159,3.57
47,160,5
47,161,4.55
47,162,8.33
47,163,4.17
47,164,3.13
47,165,3.13
47,166,5.56
47,167,2.27
47,168,2.78
47,169,2.94
47,170,2.5
47,171,2.17
47,172,2.17
47,173,8.33
47,174,2.5
47,175,2.78
47,176,5.56
47,177,8.33
47,178,5.56
47,179,5.56
47,180,5
47,181,10
47,182,2.94
47,183,2.27
47,184,2.08
47,185,3.13
47,186,5.56
47,187,2.17
47,188,4.55
47,189,2.5
47,190,3.33
47,191,4.17
47,192,3.57
47,193,5
47,194,2.94
47,195,2.5
47,196,2.5
47,197,2.5
47,198,3.57
47,199,3.85
47,200,3.13
48,1,5.56
48,2,3.85
48,3,4.55
48,4,2.17
48,5,2.78
48,6,3.13
48,7,2.27
48,8,2.17
48,9,5
48,10,2.5
48,11,4.17
48,12,3.13
48,13,2.38
48,14,2.94
48,15,4.17
48,16,3.85
48,17,2.78
48,18,2.5
48,19,5
48,20,3.13
48,21,2.5
48,22,2
48,23,8.33
48,24,6.25
48,25,2.17
48,26,4.17
48,27,2.38
48,28,2.08
48,29,2.27
48,30,2.17
48,31,2.38
48,32,2.94
48,33,2.78
48,34,2.5
48,35,2.78
48,36,2.38
48,37,5
48,38,4.17
48,39,2.78
48,40,6.25
48,41,2
48,42,2.94
48,43,2.78
48,44,2.78
48,45,2.17
48,46,5
48,47,2.94
48,48,5.56
48,49,2.38
48,50,5
48,51,6.25
48,52,2.17
48,53,4.55
48,54,3.85
48,55,2.63
48,56,2.63
48,57,7.14
48,58,2.94
48,59,5
48,60,2
48,61,3.33
48,62,8.33
48,63,2.63
48,64,3.57
48,65,2.78
48,66,2
48,67,2.5
48,68,8.33
48,69,2.08
48,70,8.33
48,71,3.85
48,72,6.25
48,73,3.33
48,74,3.13
48,75,8.33
48,76,3.13
48,77,5.56
48,78,10
48,79,4.17
48,80,2.94
48,81,7.14
48,82,2.38
48,83,3.57
48,84,4.17
48,85,5
48,86,2.63
48,87,2.17
48,88,2.78
48,89,8.33
48,90,8.33
48,91,6.25
48,92,3.33
48,93,2.78
48,94,5
48,95,2
48,96,3.57
48,97,2.27
48,98,8.33
48,99,4.17
48,100,3.57
48,101,7.14
48,102,5
48,103,3.33
48,104,2.5
48,105,2.27
48,106,2.08
48,107,10
48,108,2
48,109,3.13
48,110,2.38
48,111,10
48,112,2
48,113,5
48,114,7.14
48,115,7.14
48,116,2.94
48,117,4.17
48,118,3.13
48,119,2.78
48,120,2.27
48,121,2.08
48,122,2.94
48,123,4.55
48,124,2.94
48,125,10
48,126,3.85
48,127,2.5
48,128,2.08
48,129,2.27
48,130,2.17
48,131,3.85
48,132,5
48,133,2.63
48,134,2.38
48,135,2.78
48,136,3.33
48,137,2.27
48,138,5
48,139,10
48,140,2
48,141,2.08
48,142,2.94
48,143,4.17
48,144,2.38
48,145,5.56
48,146,3.57
48,147,3.57
48,148,4.17
48,149,2.94
48,150,2.94
48,151,2.94
48,152,10
48,153,2.27
48,154,10
48,155,7.14
48,156,2.38
48,157,3.57
48,158,3.13
48,159,2
48,160,2.08
48,161,5.56
48,162,2.27
48,163,2.38
48,164,2.78
48,165,2.78
48,166,3.85
48,167,2.08
48,168,2.17
48,169,2.08
48,170,2.38
48,171,3.13
48,172,5
48,173,4.55
48,174,2.5
48,175,2.08
48,176,2
48,177,4.17
48,178,5.56
48,179,8.33
48,180,2
48,181,2.94
48,182,7.14
48,183,3.13
48,184,2.08
48,185,2.78
48,186,5.56
48,187,8.33
48,188,2.27
48,189,6.25
48,190,3.85
48,191,5
48,192,3.13
48,193,2.63
48,194,4.55
48,195,8.33
48,196,2.63
48,197,4.17
48,198,2.63
48,199,2.27
48,200,4.55
49,1,7.14
49,2,8.33
49,3,3.13
49,4,6.25
49,5,7.14
49,6,2.08
49,7,3.57
49,8,3.33
49,9,10
49,10,5
49,11,2.27
49,12,10
49,13,2.08
49,14,8.33
49,15,2
49,16,2.94
49,17,6.25
49,18,2.38
49,19,6.25
49,20,3.85
49,21,7.14
49,22,4.55
49,23,2.38
49,24,2.17
49,25,10
49,26,5.56
49,27,7.14
49,28,2.78
49,29,2.63
49,30,3.85
49,31,5.56
49,32,8.33
49,33,2.94
49,34,2.17
49,35,2.63
49,36,2.08
49,37,3.85
49,38,4.55
49,39,5.56
49,40,3.13
49,41,2.27
49,42,7.14
49,43,3.57
49,44,2
49,45,2.08
49,46,2.5
49,47,4.55
49,48,2.38
49,49,4.55
49,50,3.33
49,51,6.25
49,52,7.14
49,53,6.25
49,54,4.55
49,55,3.33
49,56,2.27
49,57,3.33
49,58,3.33
49,59,2.17
49,60,2.08
49,61,3.33
49,62,3.57
49,63,2.08
49,64,5.56
49,65,5
49,66,2
49,67,8.33
49,68,3.57
49,69,8.33
49,70,2.27
49,71,2.5
49,72,2
49,73,3.57
49,74,2.78
49,75,4.55
49,76,4.17
49,77,2.17
49,78,3.33
49,79,2.63
49,80,2.94
49,81,2.78
49,82,2.78
49,83,5.56
49,84,2.27
49,85,4.17
49,86,6.25
49,87,4.17
49,88,4.55
49,89,10
49,90,2.63
49,91,8.33
49,92,2.27
49,93,7.14
49,94,2.5
49,95,2.38
49,96,3.57
49,97,2.17
49,98,2.78
49,99,2.27
49,100,2
49,101,2.17
49,102,2.63
49,103,2.78
49,104,6.25
49,105,2.78
49,106,3.85
49,107,3.85
49,108,3.85
49,109,3.85
49,110,3.85
49,111,3.57
49,112,4.55
49,113,4.55
49,114,4.17
49,115,4.55
49,116,2.5
49,117,10
49,118,4.55
49,119,2.78
49,120,2.27
49,121,2.63
49,122,6.25
49,123,2.17
49,124,2.27
49,125,2.17
49,126,2.5
49,127,5.56
49,128,5
49,129,3.85
49,130,5.56
49,131,2.63
49,132,8.33
49,133,3.13
49,134,2.08
49,135,8.33
49,136,6.25
49,137,6.25
49,138,5
49,139,4.55
49,140,7.14
49,141,3.13
49,142,5.56
49,143,8.33
49,144,2.5
49,145,2.27
49,146,3.85
49,147,3.85
49,148,3.13
49,149,2
49,150,2.27
49,151,2.17
49,152,3.13
49,153,7.14
49,154,2.27
49,155,6.25
49,156,2.38
49,157,8.33
49,158,10
49,159,2.78
49,160,2
49,161,6.25
49,162,2.08
49,163,10
49,164,3.57
49,165,3.33
49,166,2.94
49,167,4.55
49,168,7.14
49,169,4.17
49,170,3.57
49,171,6.25
49,172,4.17
49,173,2.27
49,174,5
49,175,2.5
49,176,3.13
49,177,3.33
49,178,8.33
49,179,4.17
49,180,2.17
49,181,10
49,182,8.33
49,183,3.33
49,184,2.17
49,185,8.33
49,186,3.33
49,187,2.17
49,188,3.33
49,189,10
49,190,6.25
49,191,2.08
49,192,5.56
49,193,4.55
49,194,2.17
49,195,3.57
49,196,2.27
49,197,3.33
49,198,2.38
49,199,2.63
49,200,2.5
50,1,2.08
50,2,3.85
50,3,4.55
50,4,2.27
50,5,4.17
50,6,2.27
50,7,2.5
50,8,2.17
50,9,2
50,10,4.55
50,11,3.33
50,12,10
50,13,2.78
50,14,7.14
50,15,3.13
50,16,7.14
50,17,8.33
50,18,4.17
50,19,2.78
50,20,10
50,21,8.33
50,22,6.25
50,23,2.38
50,24,6.25
50,25,2.27
50,26,2.94
50,27,2.38
50,28,5
50,29,2.08
50,30,3.57
50,31,4.17
50,32,2.27
50,33,4.55
50,34,5.56
50,35,4.17
50,36,3.57
50,37,3.33
50,38,8.33
50,39,3.13
50,40,8.33
50,41,5.56
50,42,5.56
50,43,3.85
50,44,3.57
50,45,7.14
50,46,2.27
50,47,3.57
50,48,6.25
50,49,2.94
50,50,2
50,51,3.85
50,52,2.27
50,53,3.13
50,54,3.13
50,55,5
50,56,3.13
50,57,2.63
50,58,3.13
50,59,3.13
50,60,3.85
50,61,7.14
50,62,2.78
50,63,2.27
50,64,3.13
50,65,7.14
50,66,10
50,67,2.27
50,68,4.17
50,69,3.33
50,70,2.63
50,71,2.08
50,72,3.33
50,73,3.57
50,74,5
50,75,6.25
50,76,2.08
50,77,2.94
50,78,3.33
50,79,2.08
50,80,3.13
50,81,3.57
50,82,2.17
50,83,5.56
50,84,2.5
50,85,3.57
50,86,4.17
50,87,2.38
50,88,2.78
50,89,2.78
50,90,3.33
50,91,3.13
50,92,10
50,93,3.13
50,94,7.14
50,95,5.56
50,96,2.17
50,97,2
50,98,2.63
50,99,2
50,100,2.94
50,101,10
50,102,6.25
50,103,2.78
50,104,3.13
50,105,2.63
50,106,6.25
50,107,4.17
50,108,7.14
50,109,2
50,110,3.57
50,111,2.78
50,112,7.14
50,113,7.14
50,114,4.17
50,115,6.25
50,116,2.38
50,117,2.17
50,118,2.78
50,119,2.63
50,120,2.94
50,121,2.38
50,122,8.33
50,123,3.85
50,124,2.94
50,125,3.85
50,126,7.14
50,127,2.78
50,128,2.78
50,129,5
50,130,2.63
50,131,3.13
50,132,2.27
50,133,4.17
50,134,3.33
50,135,2.17
50,136,2.08
50,137,2.5
50,138,4.17
50,139,6.25
50,140,4.17
50,141,2.78
50,142,2.38
50,143,2.78
50,144,4.17
50,145,10
50,146,2.63
50,147,2.78
50,148,4.55
50,149,2.08
50,150,6.25
50,151,2.27
50,152,10
50,153,3.57
50,154,2.17
50,155,2.38
50,156,8.33
50,157,4.17
50,158,3.85
50,159,8.33
50,160,7.14
50,161,2
50,162,2
50,163,3.33
50,164,2.38
50,165,8.33
50,166,3.85
50,167,2.38
50,168,5
50,169,8.33
50,170,5
50,171,6.25
50,172,4.55
50,173,3.57
50,174,5
50,175,2
50,176,3.33
50,177,7.14
50,178,10
50,179,6.25
50,180,4.55
50,181,3.57
50,182,3.85
50,183,5.56
50,184,5.56
50,185,4.55
50,186,2.38
50,187,6.25
50,188,5.56
50,189,3.33
50,190,6.25
50,191,5.56
50,192,4.17
50,193,2.94
50,194,8.33
50,195,2.94
50,196,5.56
50,197,2.17
50,198,2.27
50,199,2.94
50,200,2.5
51,1,8.33
51,2,2.78
51,3,5
51,4,2.63
51,5,6.25
51,6,4.17
51,7,2.27
51,8,2.94
51,9,10
51,10,8.33
51,11,10
51,12,3.33
51,13,5
51,14,3.85
51,15,5
51,16,6.25
51,17,4.55
51,18,10
51,19,5.56
51,20,5
51,21,2.27
51,22,10
51,23,2.94
51,24,2.08
51,25,3.85
51,26,2.63
51,27,4.55
51,28,2.63
51,29,4.17
51,30,8.33
51,31,2.78
51,32,2.27
51,33,2.5
51,34,6.25
51,35,10
51,36,4.55
51,37,2.17
51,38,3.33
51,39,4.55
51,40,2.63
51,41,8.33
51,42,2.38
51,43,2.94
51,44,10
51,45,4.17
51,46,3.33
51,47,8.33
51,48,2.5
51,49,10
51,50,2.78
51,51,4.17
51,52,8.33
51,53,2.27
51,54,2.27
51,55,2.94
51,56,2.94
51,57,3.85
51,58,4.17
51,59,2.94
51,60,8.33
51,61,4.55
51,62,2.38
51,63,6.25
51,64,2.5
51,65,3.33
51,66,2.27
51,67,7.14
51,68,2.08
51,69,2.08
51,70,8.33
51,71,5
51,72,8.33
51,73,2.17
51,74,7.14
51,75,10
51,76,10
51,77,2.08
51,78,4.55
51,79,6.25
51,80,2.63
51,81,6.25
51,82,2.63
51,83,2.78
51,84,8.33
51,85,5
51,86,2.17
51,87,2.38
51,88,2
51,89,2.5
51,90,2.08
51,91,4.55
51,92,2.17
51,93,2.78
51,94,10
51,95,2.38
51,96,4.17
51,97,2.08
51,98,2
51,99,3.13
51,100,6.25
51,101,8.33
51,102,3.57
51,103,2
51,104,2.38
51,105,5.56
51,106,3.33
51,107,2.94
51,108,2.63
51,109,2.63
51,110,2.94
51,111,3.85
51,112,2.08
51,113,7.14
51,114,2.94
51,115,10
51,116,3.13
51,117,8.33
51,118,3.57
51,119,2
51,120,2.38
51,121,3.13
51,122,2.5
51,123,8.33
51,124,2.27
51,125,5.56
51,126,2.38
51,127,2.63
51,128,2.94
51,129,2.94
51,130,5.56
51,131,2.5
51,132,2.27
51,133,2
51,134,7.14
51,135,5
51,136,2.08
51,137,2.08
51,138,4.55
51,139,4.17
51,140,4.55
51,141,3.33
51,142,3.13
51,143,4.17
51,144,2
51,145,6.25
51,146,2
51,147,7.14
51,148,2.5
51,149,3.13
51,150,2.17
51,151,2.78
51,152,2.78
51,153,10
51,154,5.56
51,155,3.57
51,156,3.13
51,157,4.17
51,158,2.27
51,159,4.55
51,160,7.14
51,161,2.94
51,162,2.38
51,163,3.33
51,164,5
51,165,2.94
51,166,3.57
51,167,10
51,168,2.38
51,169,10
51,170,2
51,171,5.56
51,172,4.55
51,173,2
51,174,3.57
51,175,2.5
51,176,10
51,177,2.38
51,178,2.27
51,179,4.17
51,180,2
51,181,2.94
51,182,3.33
51,183,3.85
51,184,2.08
51,185,8.33
51,186,3.85
51,187,2.08
51,188,8.33
51,189,8.33
51,190,3.13
51,191,2
51,192,3.33
51,193,2.17
51,194,2.17
51,195,2
51,196,2.27
51,197,2.78
51,198,10
51,199,3.85
51,200,2.5
52,1,2.08
52,2,4.55
52,3,7.14
52,4,7.14
52,5,2.17
52,6,2.08
52,7,2.5
52,8,2.38
52,9,3.13
52,10,2.78
52,11,4.55
52,12,6.25
52,13,3.13
52,14,4.55
52,15,3.33
52,16,2.78
52,17,2.78
52,18,5
52,19,5
52,20,5
52,21,2
52,22,5
52,23,2.38
52,24,2.5
52,25,2.38
52,26,4.17
52,27,2.5
52,28,10
52,29,3.85
52,30,10
52,31,2.94
52,32,8.33
52,33,2.17
52,34,8.33
52,35,2.94
52,36,2.38
52,37,2.63
52,38,4.17
52,39,2
52,40,2.5
52,41,4.55
52,42,5
52,43,2
52,44,2.08
52,45,4.55
52,46,2.63
52,47,10
52,48,2.08
52,49,3.57
52,50,2.27
52,51,2.63
52,52,3.33
52,53,2.38
52,54,3.85
52,55,2.5
52,56,2.08
52,57,7.14
52,58,2.27
52,59,4.55
52,60,7.14
52,61,2
52,62,4.55
52,63,2.5
52,64,2.63
52,65,4.55
52,66,4.55
52,67,2.5
52,68,3.57
52,69,2.38
52,70,7.14
52,71,2.5
52,72,3.13
52,73,3.85
52,74,10
52,75,2.63
52,76,2.17
52,77,8.33
52,78,3.13
52,79,2.17
52,80,2.38
52,81,3.33
52,82,2.27
52,83,2.5
52,84,4.55
52,85,3.85
52,86,2.38
52,87,2
52,88,2.63
52,89,5.56
52,90,2.78
52,91,4.55
52,92,5
52,93,2.78
52,94,2.17
52,95,2.38
52,96,6.25
52,97,2.78
52,98,7.14
52,99,2.38
52,100,5
52,101,2.38
52,102,3.13
52,103,2.63
52,104,2
52,105,6.25
52,106,2.27
52,107,5
52,108,4.55
52,109,3.33
52,110,10
52,111,2.38
52,112,5
52,113,2.5
52,114,2.94
52,115,5
52,116,8.33
52,117,5
52,118,2.5
52,119,10
52,120,4.55
52,121,4.17
52,122,3.85
52,123,6.25
52,124,3.57
52,125,2.5
52,126,2.17
52,127,2.63
52,128,2.78
52,129,6.25
52,130,4.55
52,131,6.25
52,132,2.38
52,133,2
52,134,2.27
52,135,3.33
52,136,3.13
52,137,2.17
52,138,3.13
52,139,3.33
52,140,3.57
52,141,2.63
52,142,4.55
52,143,6.25
52,144,4.17
52,145,2.38
52,146,2.38
52,147,5
52,148,2.17
52,149,4.17
52,150,2.94
52,151,2.63
52,152,5
52,153,2.38
52,154,2.27
52,155,4.55
52,156,7.14
52,157,5
52,158,5.56
52,159,3.85
52,160,3.33
52,161,6.25
52,162,2.94
52,163,2.27
52,164,3.57
52,165,5
52,166,2.27
52,167,3.33
52,168,2
52,169,4.17
52,170,5
52,171,3.13
52,172,3.85
52,173,10
52,174,2
52,175,2.63
52,176,2.5
52,177,4.17
52,178,3.33
52,179,2.94
52,180,5.56
52,181,4.55
52,182,2.78
52,183,5.56
52,184,3.57
52,185,7.14
52,186,2.08
52,187,2.08
52,188,7.14
52,189,2.5
52,190,2.94
52,191,8.33
52,192,6.25
52,193,2.17
52,194,6.25
52,195,2.5
52,196,3.57
52,197,2.78
52,198,2.78
52,199,2.38
52,200,3.85
53,1,2.38
53,2,2.5
53,3,2.63
53,4,2.94
53,5,4.55
53,6,3.85
53,7,2.17
53,8,5
53,9,4.55
53,10,5.56
53,11,2.27
53,12,2.94
53,13,3.13
53,14,2.38
53,15,2.78
53,16,2.78
53,17,10
53,18,2.27
53,19,3.13
53,20,5
53,21,4.17
53,22,8.33
53,23,3.85
53,24,3.13
53,25,2.27
53,26,2.63
53,27,2.94
53,28,2.63
53,29,3.57
53,30,2.78
53,31,5.56
53,32,7.14
53,33,4.55
53,34,4.17
53,35,10
53,36,5.56
53,37,2.17
53,38,10
53,39,3.13
53,40,3.33
53,41,3.33
53,42,2.63
53,43,2.5
53,44,2.08
53,45,2.17
53,46,2.08
53,47,2.38
53,48,3.33
53,49,4.17
53,50,4.55
53,51,3.57
53,52,4.55
53,53,3.33
53,54,2.27
53,55,2.27
53,56,4.17
53,57,4.17
53,58,4.17
53,59,2.27
53,60,2.38
53,61,2.63
53,62,10
53,63,6.25
53,64,2.27
53,65,3.85
53,66,5.56
53,67,5.56
53,68,2.17
53,69,2.17
53,70,2.08
53,71,2.78
53,72,10
53,73,3.85
53,74,2
53,75,5.56
53,76,4.55
53,77,4.55
53,78,2.38
53,79,2.27
53,80,3.57
53,81,2.17
53,82,8.33
53,83,10
53,84,2.27
53,85,4.55
53,86,3.85
53,87,2.78
53,88,4.17
53,89,8.33
53,90,2.27
53,91,2.78
53,92,5.56
53,93,2.38
53,94,4.17
53,95,2.63
53,96,3.13
53,97,2.63
53,98,7.14
53,99,2.5
53,100,2.27
53,101,2.63
53,102,2.78
53,103,7.14
53,104,10
53,105,7.14
53,106,2
53,107,3.85
53,108,4.17
53,109,2.27
53,110,2.63
53,111,2.63
53,112,5.56
53,113,2
53,114,10
53,115,3.85
53,116,6.25
53,117,3.85
53,118,10
53,119,5.56
53,120,2.27
53,121,2.63
53,122,4.55
53,123,2
53,124,2.27
53,125,2.78
53,126,3.57
53,127,2.94
53,128,2
53,129,3.13
53,130,3.13
53,131,10
53,132,2.17
53,133,3.57
53,134,6.25
53,135,2.5
53,136,5
53,137,2.63
53,138,10
53,139,2.27
53,140,10
53,141,3.33
53,142,3.13
53,143,2.78
53,144,2.17
53,145,6.25
53,146,2
53,147,2.63
53,148,10
53,149,10
53,150,2.94
53,151,5.56
53,152,2.38
53,153,2
53,154,2.78
53,155,3.85
53,156,10
53,157,2.78
53,158,2.94
53,159,2.94
53,160,2
53,161,7.14
53,162,10
53,163,2.08
53,164,2.63
53,165,4.17
53,166,3.33
53,167,2.17
53,168,2
53,169,2
53,170,5
53,171,2.27
53,172,2.08
53,173,7.14
53,174,8.33
53,175,10
53,176,3.57
53,177,3.85
53,178,4.17
53,179,2.78
53,180,3.33
53,181,4.17
53,182,5.56
53,183,2.08
53,184,8.33
53,185,7.14
53,186,2.5
53,187,2.78
53,188,7.14
53,189,3.85
53,190,2.5
53,191,2.38
53,192,2.38
53,193,6.25
53,194,2.63
53,195,3.57
53,196,2.17
53,197,2.38
53,198,3.57
53,199,3.13
53,200,6.25
54,1,2.17
54,2,8.33
54,3,3.33
54,4,2.94
54,5,3.13
54,6,2.38
54,7,3.57
54,8,3.33
54,9,2.63
54,10,4.17
54,11,5
54,12,10
54,13,7.14
54,14,6.25
54,15,3.33
54,16,5.56
54,17,2.5
54,18,2.08
54,19,2
54,20,6.25
54,21,2.94
54,22,7.14
54,23,6.25
54,24,2
54,25,2.78
54,26,5.56
54,27,2.78
54,28,8.33
54,29,2.94
54,30,3.85
54,31,2.5
54,32,3.85
54,33,2.08
54,34,3.13
54,35,5
54,36,2
54,37,2.5
54,38,2.78
54,39,2.63
54,40,4.55
54,41,5.56
54,42,2
54,43,4.17
54,44,2.94
54,45,2.17
54,46,2.78
54,47,3.85
54,48,8.33
54,49,4.55
54,50,6.25
54,51,2.5
54,52,2.27
54,53,3.57
54,54,2.27
54,55,8.33
54,56,6.25
54,57,2.27
54,58,3.85
54,59,2.27
54,60,3.85
54,61,8.33
54,62,10
54,63,3.85
54,64,2.38
54,65,2
54,66,3.85
54,67,2.94
54,68,7.14
54,69,2.27
54,70,4.55
54,71,3.57
54,72,2.78
54,73,5
54,74,2.38
54,75,5
54,76,5.56
54,77,2.08
54,78,2.38
54,79,6.25
54,80,3.85
54,81,2.27
54,82,3.85
54,83,2
54,84,3.57
54,85,2.78
54,86,2
54,87,3.85
54,88,2.08
54,89,2
54,90,2.5
54,91,7.14
54,92,2.63
54,93,2
54,94,3.57
54,95,8.33
54,96,4.17
54,97,3.13
54,98,2.78
54,99,3.85
54,100,2.63
54,101,5
54,102,2.27
54,103,2.78
54,104,10
54,105,3.33
54,106,2.27
54,107,3.33
54,108,2.63
54,109,5
54,110,2
54,111,4.55
54,112,2.08
54,113,3.57
54,114,5
54,115,2.94
54,116,2.17
54,117,4.17
54,118,2.5
54,119,2.27
54,120,6.25
54,121,2.17
54,122,3.33
54,123,2.94
54,124,7.14
54,125,2.78
54,126,3.85
54,127,2.17
54,128,7.14
54,129,2.94
54,130,2.5
54,131,2
54,132,5.56
54,133,7.14
54,134,2.63
54,135,4.17
54,136,3.13
54,137,10
54,138,3.57
54,139,2.27
54,140,2.17
54,141,5.56
54,142,2.27
54,143,8.33
54,144,8.33
54,145,3.85
54,146,2.08
54,147,3.85
54,148,4.17
54,149,2.27
54,150,5
54,151,8.33
54,152,2
54,153,2.38
54,154,4.55
54,155,2.08
54,156,2.17
54,157,5
54,158,3.33
54,159,4.17
54,160,3.57
54,161,3.57
54,162,3.57
54,163,2.63
54,164,2.5
54,165,5
54,166,2.63
54,167,2.63
54,168,2.63
54,169,3.57
54,170,3.13
54,171,2.38
54,172,2
54,173,5.56
54,174,2.5
54,175,5.56
54,176,3.13
54,177,4.55
54,178,5
54,179,10
54,180,2.38
54,181,5.56
54,182,5
54,183,3.57
54,184,2.63
54,185,10
54,186,3.85
54,187,2.27
54,188,2.94
54,189,2
54,190,4.17
54,191,2.94
54,192,2.17
54,193,6.25
54,194,2.17
54,195,8.33
54,196,3.57
54,197,2.27
54,198,4.55
54,199,2
54,200,10
55,1,2.94
55,2,8.33
55,3,3.13
55,4,7.14
55,5,2.94
55,6,2
55,7,3.13
55,8,2.78
55,9,3.85
55,10,2.38
55,11,2
55,12,3.13
55,13,2.78
55,14,2.94
55,15,7.14
55,16,8.33
55,17,10
55,18,2
55,19,7.14
55,20,3.13
55,21,2
55,22,2.27
55,23,3.33
55,24,8.33
55,25,5.56
55,26,4.17
55,27,3.33
55,28,2.94
55,29,3.85
55,30,2.27
55,31,10
55,32,8.33
55,33,2.63
55,34,10
55,35,7.14
55,36,3.85
55,37,2.27
55,38,2.17
55,39,3.85
55,40,2
55,41,3.33
55,42,8.33
55,43,6.25
55,44,3.13
55,45,2.94
55,46,8.33
55,47,2.08
55,48,2
55,49,10
55,50,3.57
55,51,5.56
55,52,6.25
55,53,2.5
55,54,2.27
55,55,2.08
55,56,6.25
55,57,4.17
55,58,2
55,59,3.13
55,60,3.13
55,61,8.33
55,62,4.55
55,63,5
55,64,2.17
55,65,2.17
55,66,6.25
55,67,5.56
55,68,2.27
55,69,6.25
55,70,5
55,71,2.17
55,72,4.17
55,73,2.17
55,74,6.25
55,75,10
55,76,10
55,77,10
55,78,6.25
55,79,2.94
55,80,8.33
55,81,2
55,82,3.33
55,83,2
55,84,4.17
55,85,3.33
55,86,3.57
55,87,2.94
55,88,4.55
55,89,2.5
55,90,4.17
55,91,4.55
55,92,8.33
55,93,2.78
55,94,2.38
55,95,2.78
55,96,2.5
55,97,2.27
55,98,2.78
55,99,7.14
55,100,3.57
55,101,8.33
55,102,2.38
55,103,2
55,104,3.57
55,105,2.38
55,106,4.17
55,107,5
55,108,10
55,109,8.33
55,110,2.08
55,111,6.25
55,112,3.13
55,113,2.5
55,114,6.25
55,115,2.08
55,116,2
55,117,5
55,118,4.55
55,119,6.25
55,120,2.63
55,121,2.17
55,122,2.78
55,123,10
55,124,2.38
55,125,3.13
55,126,2.5
55,127,10
55,128,3.85
55,129,3.85
55,130,2.78
55,131,2.27
55,132,2.38
55,133,2
55,134,2.78
55,135,2.63
55,136,4.55
55,137,2.5
55,138,4.55
55,139,3.13
55,140,2.63
55,141,4.17
55,142,3.85
55,143,10
55,144,6.25
55,145,2.63
55,146,7.14
55,147,8.33
55,148,2
55,149,4.55
55,150,3.85
55,151,2.17
55,152,2.17
55,153,8.33
55,154,5.56
55,155,6.25
55,156,2.17
55,157,2.78
55,158,2.38
55,159,6.25
55,160,2.17
55,161,7.14
55,162,3.57
55,163,10
55,164,3.57
55,165,8.33
55,166,4.55
55,167,6.25
55,168,3.57
55,169,4.17
55,170,4.17
55,171,4.55
55,172,4.55
55,173,5.56
55,174,3.57
55,175,3.85
55,176,6.25
55,177,2.5
55,178,6.25
55,179,5
55,180,2.94
55,181,2.08
55,182,3.33
55,183,3.85
55,184,4.55
55,185,7.14
55,186,4.55
55,187,3.33
55,188,3.57
55,189,7.14
55,190,4.17
55,191,2.27
55,192,3.57
55,193,2.27
55,194,3.85
55,195,2.27
55,196,2.38
55,197,3.13
55,198,2.08
55,199,5
55,200,3.85
56,1,3.85
56,2,2.63
56,3,2.63
56,4,2.5
56,5,4.17
56,6,8.33
56,7,2.17
56,8,3.33
56,9,8.33
56,10,2
56,11,5.56
56,12,3.85
56,13,2.38
56,14,2.63
56,15,6.25
56,16,3.85
56,17,4.55
56,18,3.33
56,19,3.33
56,20,3.13
56,21,7.14
56,22,3.33
56,23,7.14
56,24,3.85
56,25,3.57
56,26,2.63
56,27,4.55
56,28,10
56,29,2.17
56,30,3.33
56,31,3.57
56,32,3.85
56,33,2.17
56,34,2.27
56,35,5.56
56,36,3.57
56,37,2.94
56,38,3.57
56,39,2.27
56,40,5.56
56,41,2.08
56,42,4.17
56,43,2.94
56,44,8.33
56,45,8.33
56,46,3.13
56,47,3.13
56,48,3.33
56,49,3.85
56,50,2.38
56,51,2.78
56,52,3.85
56,53,2
56,54,2.94
56,55,3.13
56,56,2.63
56,57,10
56,58,2.38
56,59,2.08
56,60,3.33
56,61,5
56,62,2.27
56,63,2.5
56,64,6.25
56,65,3.57
56,66,2.17
56,67,2.08
56,68,2.38
56,69,2.78
56,70,2.17
56,71,7.14
56,72,5.56
56,73,2.78
56,74,3.33
56,75,2.94
56,76,10
56,77,4.17
56,78,10
56,79,10
56,80,6.25
56,81,3.33
56,82,2.78
56,83,7.14
56,84,2.08
56,85,2.17
56,86,2.17
56,87,2.94
56,88,2.08
56,89,2.94
56,90,2.27
56,91,8.33
56,92,2.78
56,93,2.78
56,94,2
56,95,7.14
56,96,3.57
56,97,2
56,98,4.17
56,99,7.14
56,100,3.85
56,101,2.94
56,102,2.08
56,103,3.57
56,104,3.57
56,105,5
56,106,2.08
56,107,2
56,108,8.33
56,109,4.17
56,110,2.17
56,111,2.63
56,112,5.56
56,113,3.33
56,114,8.33
56,115,3.85
56,116,2.78
56,117,2.94
56,118,5
56,119,2.27
56,120,3.13
56,121,2.78
56,122,6.25
56,123,3.13
56,124,2.38
56,125,5
56,126,2.27
56,127,2.38
56,128,3.13
56,129,2.27
56,130,2.94
56,131,2
56,132,8.33
56,133,4.17
56,134,2.78
56,135,2.5
56,136,2.08
56,137,3.33
56,138,4.17
56,139,7.14
56,140,3.33
56,141,7.14
56,142,2.94
56,143,2.63
56,144,4.55
56,145,3.57
56,146,3.57
56,147,2.27
56,148,8.33
56,149,7.14
56,150,2.78
56,151,2.94
56,152,2.63
56,153,5.56
56,154,10
56,155,2.78
56,156,7.14
56,157,3.33
56,158,4.17
56,159,3.33
56,160,2.27
56,161,4.55
56,162,10
56,163,2.63
56,164,3.85
56,165,2.17
56,166,2.27
56,167,4.55
56,168,2.78
56,169,5
56,170,6.25
56,171,2.63
56,172,3.13
56,173,3.85
56,174,5
56,175,4.55
56,176,3.85
56,177,5
56,178,6.25
56,179,3.13
56,180,4.17
56,181,4.55
56,182,2.17
56,183,10
56,184,5.56
56,185,5
56,186,2.17
56,187,5
56,188,2.5
56,189,2.38
56,190,6.25
56,191,6.25
56,192,2.5
56,193,3.85
56,194,6.25
56,195,2.5
56,196,2.63
56,197,3.57
56,198,2.38
56,199,2.78
56,200,10
57,1,3.33
57,2,3.33
57,3,2.5
57,4,2.5
57,5,10
57,6,3.33
57,7,7.14
57,8,4.17
57,9,2.5
57,10,4.55
57,11,3.13
57,12,3.85
57,13,2.08
57,14,2.94
57,15,5
57,16,2.08
57,17,2.27
57,18,2.27
57,19,7.14
57,20,5.56
57,21,4.55
57,22,3.13
57,23,6.25
57,24,2.5
57,25,10
57,26,2.63
57,27,4.55
57,28,8.33
57,29,2.38
57,30,4.17
57,31,3.57
57,32,3.33
57,33,2.08
57,34,2.94
57,35,2.27
57,36,4.17
57,37,3.85
57,38,10
57,39,3.33
57,40,2.78
57,41,2.38
57,42,4.17
57,43,2.63
57,44,7.14
57,45,3.57
57,46,10
57,47,4.55
57,48,2.63
57,49,2
57,50,5
57,51,2.63
57,52,2.08
57,53,2.17
57,54,2.08
57,55,7.14
57,56,2.17
57,57,3.57
57,58,2.63
57,59,3.13
57,60,2.08
57,61,6.25
57,62,2
57,63,10
57,64,3.85
57,65,4.17
57,66,6.25
57,67,2.78
57,68,3.57
57,69,4.17
57,70,3.57
57,71,4.17
57,72,3.57
57,73,5.56
57,74,2
57,75,6.25
57,76,2.38
57,77,2.5
57,78,2.78
57,79,3.57
57,80,2.08
57,81,3.13
57,82,6.25
57,83,3.33
57,84,3.57
57,85,7.14
57,86,3.57
57,87,2.94
57,88,2.78
57,89,2.08
57,90,3.57
57,91,3.13
57,92,2.27
57,93,4.17
57,94,8.33
57,95,2.08
57,96,6.25
57,97,2.38
57,98,2.38
57,99,8.33
57,100,4.17
57,101,10
57,102,3.33
57,103,4.17
57,104,3.13
57,105,6.25
57,106,3.13
57,107,2.17
57,108,4.55
57,109,3.57
57,110,7.14
57,111,4.17
57,112,4.17
57,113,7.14
57,114,2.27
57,115,2.17
57,116,2.78
57,117,2.17
57,118,4.17
57,119,4.55
57,120,3.85
57,121,2.08
57,122,6.25
57,123,2.08
57,124,3.13
57,125,2.63
57,126,2.27
57,127,2.38
57,128,3.85
57,129,5.56
57,130,4.17
57,131,2.94
57,132,8.33
57,133,8.33
57,134,3.13
57,135,2.27
57,136,3.13
57,137,8.33
57,138,3.57
57,139,2.63
57,140,5.56
57,141,2
57,142,2
57,143,2.27
57,144,3.33
57,145,4.17
57,146,2.27
57,147,2.17
57,148,6.25
57,149,10
57,150,2.94
57,151,2.08
57,152,2.63
57,153,2.38
57,154,3.13
57,155,3.33
57,156,2.38
57,157,3.85
57,158,5
57,159,2.94
57,160,2.63
57,161,2.63
57,162,2.63
57,163,2.27
57,164,2.17
57,165,2.17
57,166,4.55
57,167,4.55
57,168,2.27
57,169,8.33
57,170,3.33
57,171,2.63
57,172,2.63
57,173,2
57,174,2.5
57,175,8.33
57,176,2.38
57,177,7.14
57,178,2.63
57,179,2.27
57,180,2.38
57,181,3.33
57,182,2.63
57,183,4.17
57,184,3.57
57,185,3.13
57,186,5.56
57,187,3.13
57,188,2.5
57,189,2.27
57,190,10
57,191,3.33
57,192,3.13
57,193,2.5
57,194,4.55
57,195,2.63
57,196,2.78
57,197,8.33
57,198,3.57
57,199,8.33
57,200,10
58,1,5.56
58,2,2.27
58,3,2.38
58,4,3.13
58,5,2
58,6,5.56
58,7,2.27
58,8,8.33
58,9,3.85
58,10,4.55
58,11,5
58,12,3.33
58,13,2.08
58,14,3.85
58,15,2.5
58,16,2.63
58,17,8.33
58,18,2.63
58,19,6.25
58,20,8.33
58,21,2.08
58,22,2.78
58,23,2.94
58,24,3.13
58,25,4.55
58,26,4.17
58,27,3.57
58,28,5
58,29,2.08
58,30,2.94
58,31,2.94
58,32,3.13
58,33,2.63
58,34,2.63
58,35,2.94
58,36,3.33
58,37,4.55
58,38,2
58,39,5
58,40,2
58,41,2.27
58,42,3.57
58,43,2
58,44,3.13
58,45,3.33
58,46,2.78
58,47,3.57
58,48,2
58,49,3.57
58,50,2.27
58,51,2
58,52,2.94
58,53,3.85
58,54,2.94
58,55,2.78
58,56,2.78
58,57,2.78
58,58,4.55
58,59,5.56
58,60,2.17
58,61,7.14
58,62,2.38
58,63,5.56
58,64,6.25
58,65,10
58,66,3.85
58,67,2.17
58,68,3.85
58,69,5
58,70,4.55
58,71,2.08
58,72,3.13
58,73,10
58,74,2.63
58,75,2.5
58,76,7.14
58,77,5
58,78,6.25
58,79,2.27
58,80,3.85
58,81,10
58,82,2
58,83,2.5
58,84,2.94
58,85,2.17
58,86,2
58,87,3.13
58,88,4.17
58,89,2.94
58,90,7.14
58,91,7.14
58,92,2.38
58,93,2.27
58,94,10
58,95,2
58,96,5.56
58,97,3.13
58,98,2.5
58,99,2.27
58,100,2.08
58,101,3.57
58,102,2.17
58,103,3.85
58,104,10
58,105,2.08
58,106,3.85
58,107,2.27
58,108,2.5
58,109,3.33
58,110,2.78
58,111,2
58,112,3.85
58,113,2.27
58,114,2.5
58,115,3.85
58,116,2.08
58,117,2.5
58,118,2.08
58,119,2.5
58,120,3.13
58,121,8.33
58,122,6.25
58,123,2.27
58,124,8.33
58,125,2.08
58,126,3.13
58,127,2.08
58,128,4.17
58,129,5
58,130,2.17
58,131,2.08
58,132,2.63
58,133,10
58,134,2.94
58,135,7.14
58,136,2.94
58,137,5.56
58,138,3.13
58,139,3.57
58,140,2
58,141,7.14
58,142,10
58,143,2.78
58,144,2.08
58,145,6.25
58,146,2.08
58,147,2.5
58,148,2
58,149,7.14
58,150,3.33
58,151,8.33
58,152,5.56
58,153,3.33
58,154,2.38
58,155,2.5
58,156,2.63
58,157,10
58,158,5.56
58,159,2.38
58,160,4.55
58,161,2.38
58,162,3.85
58,163,2.38
58,164,3.13
58,165,2.5
58,166,10
58,167,8.33
58,168,2.17
58,169,8.33
58,170,2.27
58,171,8.33
58,172,3.85
58,173,4.17
58,174,2.27
58,175,2.27
58,176,2.38
58,177,3.13
58,178,2.17
58,179,3.85
58,180,10
58,181,6.25
58,182,3.13
58,183,3.57
58,184,2.27
58,185,5.56
58,186,2.27
58,187,3.13
58,188,6.25
58,189,2.63
58,190,5.56
58,191,3.57
58,192,3.85
58,193,2.27
58,194,5.56
58,195,3.33
58,196,4.55
58,197,3.57
58,198,4.17
58,199,4.17
58,200,3.33
59,1,2.78
59,2,2.38
59,3,2.94
59,4,2.17
59,5,3.13
59,6,10
59,7,2.94
59,8,6.25
59,9,2.08
59,10,5
59,11,3.85
59,12,2.17
59,13,2.5
59,14,3.13
59,15,2.17
59,16,2.63
59,17,2.5
59,18,10
59,19,8.33
59,20,3.13
59,21,5
59,22,6.25
59,23,2.63
59,24,4.55
59,25,8.33
59,26,6.25
59,27,2.08
59,28,3.13
59,29,2.08
59,30,2.08
59,31,5.56
59,32,5
59,33,6.25
59,34,2.08
59,35,3.57
59,36,3.13
59,37,2.78
59,38,3.85
59,39,4.17
59,40,2.38
59,41,2.5
59,42,2.17
59,43,5
59,44,5
59,45,2.38
59,46,8.33
59,47,2.5
59,48,3.33
59,49,8.33
59,50,2.63
59,51,3.13
59,52,10
59,53,8.33
59,54,4.55
59,55,3.33
59,56,2.78
59,57,3.57
59,58,2.17
59,59,2.78
59,60,2.5
59,61,4.55
59,62,3.57
59,63,5.56
59,64,3.57
59,65,2.78
59,66,5.56
59,67,2.17
59,68,2.78
59,69,2.38
59,70,3.13
59,71,4.55
59,72,3.85
59,73,2.17
59,74,10
59,75,2.38
59,76,2.38
59,77,2.17
59,78,2.27
59,79,6.25
59,80,2
59,81,3.13
59,82,4.17
59,83,2.63
59,84,2.08
59,85,3.85
59,86,2.5
59,87,3.13
59,88,2.27
59,89,2.63
59,90,2.78
59,91,2.17
59,92,2.63
59,93,3.33
59,94,10
59,95,3.33
59,96,3.85
59,97,2.17
59,98,3.57
59,99,2.08
59,100,7.14
59,101,8.33
59,102,3.13
59,103,5
59,104,8.33
59,105,2.78
59,106,2.38
59,107,4.55
59,108,6.25
59,109,3.85
59,110,3.33
59,111,5
59,112,2.08
59,113,10
59,114,3.13
59,115,2.63
59,116,3.33
59,117,5
59,118,7.14
59,119,2.27
59,120,8.33
59,121,2.63
59,122,4.17
59,123,2.94
59,124,2.94
59,125,7.14
59,126,3.85
59,127,3.13
59,128,3.85
59,129,2.38
59,130,3.33
59,131,2.27
59,132,5.56
59,133,5
59,134,2.38
59,135,2.38
59,136,3.13
59,137,2.94
59,138,3.33
59,139,7.14
59,140,2.27
59,141,3.85
59,142,3.57
59,143,3.85
59,144,10
59,145,2.08
59,146,2.38
59,147,6.25
59,148,3.13
59,149,3.13
59,150,2.38
59,151,2.17
59,152,6.25
59,153,3.33
59,154,2.5
59,155,3.85
59,156,2.17
59,157,2.5
59,158,2.94
59,159,6.25
59,160,6.25
59,161,5
59,162,3.13
59,163,3.13
59,164,2
59,165,4.17
59,166,6.25
59,167,2.63
59,168,5
59,169,2.94
59,170,5
59,171,8.33
59,172,2.5
59,173,7.14
59,174,7.14
59,175,3.33
59,176,2.63
59,177,2.63
59,178,4.17
59,179,2.27
59,180,2.27
59,181,3.57
59,182,3.33
59,183,2.5
59,184,2.38
59,185,2.94
59,186,3.85
59,187,2.63
59,188,2.38
59,189,3.33
59,190,3.13
59,191,5.56
59,192,2.5
59,193,2.63
59,194,2
59,195,2.78
59,196,2.63
59,197,8.33
59,198,3.85
59,199,2.38
59,200,4.17
60,1,2.38
60,2,2.08
60,3,2.78
60,4,10
60,5,2
60,6,2.27
60,7,3.57
60,8,2.78
60,9,6.25
60,10,3.33
60,11,3.57
60,12,8.33
60,13,3.85
60,14,5
60,15,5.56
60,16,10
60,17,10
60,18,5.56
60,19,6.25
60,20,10
60,21,5.56
60,22,2.94
60,23,4.17
60,24,2
60,25,4.17
60,26,4.55
60,27,2.63
60,28,4.17
60,29,5.56
60,30,3.57
60,31,2.27
60,32,2.27
60,33,2.38
60,34,2.38
60,35,2.5
60,36,4.55
60,37,6.25
60,38,5.56
60,39,3.13
60,40,3.85
60,41,5
60,42,2.63
60,43,7.14
60,44,2.27
60,45,10
60,46,2
60,47,7.14
60,48,2.63
60,49,5
60,50,4.55
60,51,3.33
60,52,5.56
60,53,2.17
60,54,3.57
60,55,6.25
60,56,2.94
60,57,4.55
60,58,2.63
60,59,2
60,60,2
60,61,2.63
60,62,2.94
60,63,2.5
60,64,2.63
60,65,3.85
60,66,2.38
60,67,2.17
60,68,8.33
60,69,3.13
60,70,2.5
60,71,2
60,72,8.33
60,73,2.5
60,74,5
60,75,10
60,76,6.25
60,77,3.57
60,78,2.78
60,79,4.17
60,80,2.38
60,81,3.33
60,82,5
60,83,10
60,84,5
60,85,3.57
60,86,2
60,87,2.94
60,88,2
60,89,4.55
60,90,2.5
60,91,3.57
60,92,2.38
60,93,8.33
60,94,6.25
60,95,2.38
60,96,2.27
60,97,2.5
60,98,2.63
60,99,2.78
60,100,7.14
60,101,10
60,102,5
60,103,3.13
60,104,2.17
60,105,6.25
60,106,2.08
60,107,7.14
60,108,4.55
60,109,3.13
60,110,3.33
60,111,2.94
60,112,4.55
60,113,2.94
60,114,2
60,115,3.33
60,116,2.38
60,117,6.25
60,118,2.27
60,119,2
60,120,5.56
60,121,2
60,122,7.14
60,123,3.85
60,124,10
60,125,5
60,126,3.13
60,127,3.85
60,128,5
60,129,7.14
60,130,2.5
60,131,3.33
60,132,2.08
60,133,6.25
60,134,5.56
60,135,2.94
60,136,6.25
60,137,2
60,138,2.5
60,139,3.85
60,140,2.27
60,141,2.38
60,142,2.94
60,143,2
60,144,3.33
60,145,6.25
60,146,2.17
60,147,3.33
60,148,2.5
60,149,2.63
60,150,2.78
60,151,3.85
60,152,5
60,153,4.55
60,154,5.56
60,155,7.14
60,156,10
60,157,2.78
60,158,2.08
60,159,3.13
60,160,2.17
60,161,3.85
60,162,3.13
60,163,2.27
60,164,4.55
60,165,10
60,166,2.63
60,167,3.57
60,168,4.55
60,169,2.63
60,170,5
60,171,2.27
60,172,5.56
60,173,2.38
60,174,3.13
60,175,6.25
60,176,2.78
60,177,2.63
60,178,6.25
60,179,2.38
60,180,2.5
60,181,5.56
60,182,4.17
60,183,4.17
60,184,2.94
60,185,3.13
60,186,2.08
60,187,2.27
60,188,3.57
60,189,6.25
60,190,2.5
60,191,2.78
60,192,3.85
60,193,4.17
60,194,4.17
60,195,2.27
60,196,3.85
60,197,2.27
60,198,5.56
60,199,2.08
60,200,5.56
61,1,4.55
61,2,2.94
61,3,2.17
61,4,3.85
61,5,10
61,6,2.63
61,7,2.94
61,8,5
61,9,2.5
61,10,3.13
61,11,4.17
61,12,2.94
61,13,2.78
61,14,4.55
61,15,3.33
61,16,2.63
61,17,2
61,18,7.14
61,19,2
61,20,2.17
61,21,2.94
61,22,2.38
61,23,2.17
61,24,2
61,25,6.25
61,26,3.13
61,27,2.78
61,28,3.33
61,29,2.17
61,30,5
61,31,2.78
61,32,5.56
61,33,3.85
61,34,2
61,35,3.85
61,36,6.25
61,37,2.94
61,38,2.63
61,39,2.78
61,40,3.13
61,41,3.33
61,42,2.08
61,43,2.5
61,44,2
61,45,2
61,46,6.25
61,47,3.33
61,48,3.33
61,49,3.13
61,50,2.17
61,51,2.08
61,52,3.85
61,53,2.08
61,54,2.94
61,55,4.55
61,56,4.17
61,57,2.94
61,58,2.63
61,59,2.38
61,60,2.08
61,61,3.13
61,62,2.78
61,63,8.33
61,64,5
61,65,2.63
61,66,2
61,67,2.08
61,68,3.57
61,69,2.78
61,70,3.13
61,71,5.56
61,72,7.14
61,73,7.14
61,74,2.78
61,75,2.94
61,76,8.33
61,77,4.17
61,78,7.14
61,79,2.27
61,80,8.33
61,81,4.17
61,82,2.17
61,83,2.38
61,84,4.55
61,85,8.33
61,86,4.17
61,87,10
61,88,8.33
61,89,2.08
61,90,5
61,91,7.14
61,92,2.27
61,93,4.17
61,94,2.38
61,95,2
61,96,5
61,97,8.33
61,98,2.08
61,99,5.56
61,100,2
61,101,5
61,102,2.08
61,103,10
61,104,4.17
61,105,3.33
61,106,7.14
61,107,2.17
61,108,2
61,109,2
61,110,2.94
61,111,3.13
61,112,6.25
61,113,2
61,114,3.33
61,115,2.94
61,116,2.78
61,117,2.08
61,118,7.14
61,119,8.33
61,120,7.14
61,121,5.56
61,122,7.14
61,123,2
61,124,2.27
61,125,10
61,126,2.27
61,127,5
61,128,5
61,129,2.08
61,130,2.08
61,131,2.78
61,132,6.25
61,133,2.17
61,134,2.08
61,135,4.55
61,136,5
61,137,2.17
61,138,4.55
61,139,3.33
61,140,10
61,141,7.14
61,142,2.08
61,143,2.94
61,144,3.85
61,145,4.55
61,146,4.17
61,147,2.38
61,148,3.85
61,149,6.25
61,150,2.5
61,151,2.17
61,152,2.63
61,153,2.08
61,154,2.94
61,155,2.63
61,156,8.33
61,157,2
61,158,2.27
61,159,5.56
61,160,3.57
61,161,2.78
61,162,2.63
61,163,3.85
61,164,2.08
61,165,2.78
61,166,2.63
61,167,8.33
61,168,8.33
61,169,8.33
61,170,3.13
61,171,5
61,172,4.55
61,173,2
61,174,10
61,175,2.5
61,176,2.5
61,177,2
61,178,3.85
61,179,2.63
61,180,2.27
61,181,2.08
61,182,2.5
61,183,2.38
61,184,2.38
61,185,2.38
61,186,8.33
61,187,2.38
61,188,4.55
61,189,2
61,190,2.17
61,191,4.17
61,192,3.33
61,193,3.85
61,194,2.94
61,195,6.25
61,196,2.17
61,197,4.55
61,198,2.63
61,199,3.85
61,200,4.55
62,1,5.56
62,2,3.13
62,3,2.63
62,4,8.33
62,5,3.57
62,6,2.08
62,7,10
62,8,2.78
62,9,2.17
62,10,2.5
62,11,3.33
62,12,5
62,13,2.5
62,14,5.56
62,15,2
62,16,4.17
62,17,2.78
62,18,2
62,19,10
62,20,6.25
62,21,8.33
62,22,3.33
62,23,2.08
62,24,7.14
62,25,2
62,26,2.27
62,27,2.17
62,28,4.55
62,29,4.55
62,30,4.17
62,31,2.38
62,32,2.94
62,33,10
62,34,2.17
62,35,8.33
62,36,2.78
62,37,2.27
62,38,8.33
62,39,4.55
62,40,2.5
62,41,2.08
62,42,2.94
62,43,5.56
62,44,3.13
62,45,10
62,46,4.17
62,47,3.13
62,48,4.55
62,49,2
62,50,6.25
62,51,7.14
62,52,2.78
62,53,2.5
62,54,3.13
62,55,4.55
62,56,5
62,57,8.33
62,58,4.17
62,59,2.5
62,60,10
62,61,3.57
62,62,2.78
62,63,4.55
62,64,8.33
62,65,8.33
62,66,6.25
62,67,3.33
62,68,5
62,69,5.56
62,70,6.25
62,71,2.78
62,72,2.08
62,73,2
62,74,2.17
62,75,4.17
62,76,2.5
62,77,2.17
62,78,10
62,79,5
62,80,2.63
62,81,2.5
62,82,5
62,83,5.56
62,84,2.5
62,85,2.27
62,86,4.17
62,87,8.33
62,88,3.57
62,89,3.33
62,90,2.27
62,91,10
62,92,5
62,93,2.5
62,94,8.33
62,95,4.55
62,96,2.38
62,97,3.33
62,98,3.57
62,99,2.63
62,100,5.56
62,101,2.17
62,102,3.57
62,103,2.38
62,104,3.33
62,105,5
62,106,2.78
62,107,8.33
62,108,4.17
62,109,2.78
62,110,2.27
62,111,6.25
62,112,2.94
62,113,2
62,114,2.38
62,115,2.78
62,116,3.85
62,117,3.13
62,118,3.57
62,119,2.27
62,120,4.55
62,121,2.94
62,122,2.08
62,123,2
62,124,4.17
62,125,5.56
62,126,2
62,127,5.56
62,128,2.38
62,129,6.25
62,130,2.38
62,131,4.55
62,132,2.78
62,133,4.17
62,134,5
62,135,2
62,136,2.08
62,137,6.25
62,138,2
62,139,4.55
62,140,2
62,141,2
62,142,10
62,143,5
62,144,2.17
62,145,7.14
62,146,2.08
62,147,2.17
62,148,2.63
62,149,5.56
62,150,8.33
62,151,2.94
62,152,4.55
62,153,2.5
62,154,2.17
62,155,7.14
62,156,2.08
62,157,4.55
62,158,2.5
62,159,10
62,160,2.27
62,161,5
62,162,2.94
62,163,3.57
62,164,4.55
62,165,2.94
62,166,3.13
62,167,2.17
62,168,2.63
62,169,5
62,170,2.08
62,171,2.27
62,172,2.38
62,173,4.17
62,174,4.55
62,175,10
62,176,3.57
62,177,4.55
62,178,5.56
62,179,2.38
62,180,3.13
62,181,3.85
62,182,3.13
62,183,2.08
62,184,2.08
62,185,5.56
62,186,2.17
62,187,4.17
62,188,2
62,189,2.94
62,190,3.85
62,191,2.5
62,192,2.38
62,193,5.56
62,194,4.17
62,195,3.33
62,196,2.63
62,197,6.25
62,198,3.57
62,199,2.78
62,200,2.78
63,1,2.27
63,2,2.94
63,3,4.17
63,4,2.38
63,5,2.63
63,6,4.17
63,7,5
63,8,2.5
63,9,2.38
63,10,4.17
63,11,8.33
63,12,7.14
63,13,8.33
63,14,2.5
63,15,2.5
63,16,10
63,17,7.14
63,18,2.5
63,19,3.13
63,20,5
63,21,2.08
63,22,8.33
63,23,5.56
63,24,6.25
63,25,2.5
63,26,3.57
63,27,2.27
63,28,2.17
63,29,8.33
63,30,3.57
63,31,4.17
63,32,4.17
63,33,5
63,34,3.33
63,35,2.08
63,36,3.13
63,37,7.14
63,38,10
63,39,2.08
63,40,2.94
63,41,2.38
63,42,5
63,43,2.38
63,44,7.14
63,45,3.13
63,46,2.08
63,47,2.5
63,48,2.5
63,49,10
63,50,5
63,51,4.17
63,52,2.17
63,53,5.56
63,54,5.56
63,55,4.17
63,56,2.5
63,57,2.08
63,58,2.63
63,59,3.85
63,60,4.17
63,61,4.17
63,62,5.56
63,63,3.13
63,64,8.33
63,65,3.85
63,66,2.78
63,67,2.5
63,68,3.85
63,69,2.5
63,70,2.5
63,71,2
63,72,7.14
63,73,2.38
63,74,4.17
63,75,3.13
63,76,2.38
63,77,7.14
63,78,2.94
63,79,2.63
63,80,2
63,81,3.57
63,82,3.33
63,83,2.38
63,84,2.27
63,85,5
63,86,8.33
63,87,2.94
63,88,8.33
63,89,3.85
63,90,2.27
63,91,2.63
63,92,3.85
63,93,2.94
63,94,2.08
63,95,2.5
63,96,2.94
63,97,2.78
63,98,3.13
63,99,5.56
63,100,10
63,101,3.13
63,102,5.56
63,103,6.25
63,104,2.17
63,105,3.57
63,106,8.33
63,107,2
63,108,2.94
63,109,2
63,110,2.63
63,111,2.94
63,112,2.27
63,113,5.56
63,114,3.57
63,115,2.38
63,116,2.5
63,117,5.56
63,118,8.33
63,119,2.63
63,120,8.33
63,121,4.55
63,122,2
63,123,2.38
63,124,7.14
63,125,6.25
63,126,2.27
63,127,3.85
63,128,10
63,129,6.25
63,130,2.63
63,131,2.38
63,132,2
63,133,3.85
63,134,2.94
63,135,5
63,136,2.94
63,137,5
63,138,5
63,139,10
63,140,2
63,141,2.63
63,142,3.57
63,143,2.63
63,144,4.55
63,145,2.94
63,146,2.78
63,147,6.25
63,148,2.63
63,149,2.27
63,150,2.27
63,151,2.38
63,152,3.57
63,153,4.55
63,154,6.25
63,155,2.63
63,156,2.78
63,157,10
63,158,2.94
63,159,2
63,160,5
63,161,4.17
63,162,2.94
63,163,2.5
63,164,2.5
63,165,3.13
63,166,5.56
63,167,5
63,168,2.38
63,169,5.56
63,170,2
63,171,2
63,172,5
63,173,8.33
63,174,3.57
63,175,3.33
63,176,2.17
63,177,3.57
63,178,6.25
63,179,5
63,180,2.5
63,181,3.33
63,182,8.33
63,183,2.08
63,184,2.78
63,185,3.13
63,186,3.57
63,187,6.25
63,188,10
63,189,8.33
63,190,6.25
63,191,2.17
63,192,3.33
63,193,2.94
63,194,4.17
63,195,3.85
63,196,2.94
63,197,2.27
63,198,2.5
63,199,6.25
63,200,2.5
64,1,3.57
64,2,3.57
64,3,2.17
64,4,3.13
64,5,4.17
64,6,10
64,7,4.17
64,8,5
64,9,3.33
64,10,2.38
64,11,3.57
64,12,2.78
64,13,4.17
64,14,8.33
64,15,6.25
64,16,2
64,17,3.85
64,18,6.25
64,19,3.33
64,20,10
64,21,2.08
64,22,4.55
64,23,4.55
64,24,4.17
64,25,2
64,26,4.17
64,27,2.27
64,28,2.63
64,29,2.17
64,30,2.08
64,31,2.78
64,32,8.33
64,33,8.33
64,34,8.33
64,35,2.5
64,36,7.14
64,37,2
64,38,5.56
64,39,2.63
64,40,2.27
64,41,2.27
64,42,8.33
64,43,3.85
64,44,3.85
64,45,4.17
64,46,2.5
64,47,6.25
64,48,5.56
64,49,2.08
64,50,2.5
64,51,3.13
64,52,4.17
64,53,2.63
64,54,6.25
64,55,2.38
64,56,3.13
64,57,2.78
64,58,2.38
64,59,4.55
64,60,3.13
64,61,2.78
64,62,2.08
64,63,5.56
64,64,3.85
64,65,8.33
64,66,2.5
64,67,4.55
64,68,2.63
64,69,2.38
64,70,3.33
64,71,10
64,72,10
64,73,2.78
64,74,4.17
64,75,8.33
64,76,2
64,77,6.25
64,78,4.17
64,79,2.27
64,80,2.94
64,81,7.14
64,82,8.33
64,83,2.27
64,84,5.56
64,85,3.33
64,86,3.13
64,87,10
64,88,4.55
64,89,4.55
64,90,2.63
64,91,5.56
64,92,7.14
64,93,2.63
64,94,3.85
64,95,3.85
64,96,2.78
64,97,2
64,98,4.17
64,99,3.57
64,100,5.56
64,101,3.85
64,102,2.78
64,103,6.25
64,104,2.27
64,105,4.55
64,106,6.25
64,107,8.33
64,108,8.33
64,109,3.85
64,110,2.5
64,111,2.5
64,112,2.63
64,113,2.63
64,114,10
64,115,2.38
64,116,3.57
64,117,2.94
64,118,3.13
64,119,2.17
64,120,2.08
64,121,4.55
64,122,3.33
64,123,2.08
64,124,2.17
64,125,7.14
64,126,2.63
64,127,3.85
64,128,5
64,129,2
64,130,2.08
64,131,6.25
64,132,5.56
64,133,3.33
64,134,2.27
64,135,4.55
64,136,6.25
64,137,2.38
64,138,3.33
64,139,3.57
64,140,6.25
64,141,5.56
64,142,5
64,143,8.33
64,144,7.14
64,145,8.33
64,146,3.57
64,147,8.33
64,148,10
64,149,2.78
64,150,4.55
64,151,3.85
64,152,4.55
64,153,5
64,154,4.55
64,155,4.17
64,156,4.17
64,157,5
64,158,3.33
64,159,10
64,160,3.13
64,161,7.14
64,162,2.38
64,163,2.78
64,164,2.94
64,165,5
64,166,4.17
64,167,10
64,168,5.56
64,169,2.17
64,170,2.38
64,171,3.13
64,172,4.17
64,173,2.94
64,174,8.33
64,175,3.13
64,176,3.33
64,177,2.63
64,178,2.17
64,179,3.85
64,180,5.56
64,181,5
64,182,2.78
64,183,2.78
64,184,2.94
64,185,3.33
64,186,3.13
64,187,3.13
64,188,2.94
64,189,5.56
64,190,2.27
64,191,2.17
64,192,6.25
64,193,4.55
64,194,5
64,195,2.38
64,196,7.14
64,197,2.17
64,198,4.55
64,199,2.5
64,200,2.94
65,1,4.55
65,2,3.57
65,3,2.94
65,4,3.13
65,5,2.17
65,6,4.55
65,7,3.85
65,8,2.27
65,9,2.08
65,10,3.13
65,11,3.85
65,12,7.14
65,13,5.56
65,14,2.63
65,15,2.27
65,16,2.08
65,17,2.5
65,18,3.13
65,19,4.17
65,20,10
65,21,10
65,22,2.5
65,23,2.38
65,24,2.78
65,25,3.33
65,26,2.5
65,27,3.57
65,28,3.57
65,29,2.5
65,30,3.85
65,31,6.25
65,32,2.63
65,33,3.13
65,34,3.57
65,35,7.14
65,36,3.13
65,37,3.33
65,38,3.33
65,39,2
65,40,10
65,41,4.55
65,42,2.27
65,43,2.94
65,44,2.17
65,45,8.33
65,46,2.38
65,47,4.17
65,48,2.78
65,49,2
65,50,5.56
65,51,5.56
65,52,2.27
65,53,2.94
65,54,5.56
65,55,2
65,56,2
65,57,2.27
65,58,6.25
65,59,7.14
65,60,2.5
65,61,2
65,62,2.17
65,63,5
65,64,3.85
65,65,6.25
65,66,2
65,67,2.17
65,68,10
65,69,2.27
65,70,4.55
65,71,2.78
65,72,8.33
65,73,3.13
65,74,3.85
65,75,5
65,76,8.33
65,77,2.5
65,78,10
65,79,8.33
65,80,2.08
65,81,4.17
65,82,5
65,83,10
65,84,8.33
65,85,2.78
65,86,2.27
65,87,2.08
65,88,5.56
65,89,2.08
65,90,7.14
65,91,4.17
65,92,2.17
65,93,2
65,94,6.25
65,95,2.17
65,96,3.57
65,97,2.27
65,98,2.17
65,99,5.56
65,100,4.17
65,101,3.33
65,102,2.94
65,103,2.38
65,104,8.33
65,105,3.33
65,106,2.17
65,107,2.08
65,108,2.27
65,109,2.38
65,110,4.17
65,111,8.33
65,112,3.85
65,113,2.5
65,114,2.63
65,115,7.14
65,116,2.5
65,117,6.25
65,118,2.27
65,119,2.5
65,120,2.38
65,121,2.08
65,122,3.57
65,123,5
65,124,5
65,125,3.33
65,126,2.5
65,127,4.55
65,128,3.85
65,129,7.14
65,130,8.33
65,131,2
65,132,2.5
65,133,10
65,134,4.55
65,135,4.55
65,136,2.94
65,137,5
65,138,3.33
65,139,5.56
65,140,3.57
65,141,2
65,142,7.14
65,143,2.5
65,144,2.5
65,145,10
65,146,2.27
65,147,3.13
65,148,2.94
65,149,2.38
65,150,3.85
65,151,3.13
65,152,3.57
65,153,7.14
65,154,7.14
65,155,3.33
65,156,2.63
65,157,3.13
65,158,4.55
65,159,4.17
65,160,2
65,161,2.94
65,162,4.55
65,163,5
65,164,5.56
65,165,2.78
65,166,2.5
65,167,2.78
65,168,2.17
65,169,2
65,170,2
65,171,5
65,172,2.27
65,173,3.85
65,174,2.08
65,175,7.14
65,176,2.78
65,177,2.38
65,178,7.14
65,179,2.08
65,180,3.33
65,181,3.33
65,182,2.78
65,183,2
65,184,2.17
65,185,2.5
65,186,2.5
65,187,2.94
65,188,2
65,189,4.55
65,190,6.25
65,191,3.33
65,192,2.78
65,193,2.17
65,194,6.25
65,195,4.17
65,196,3.33
65,197,4.55
65,198,2.5
65,199,6.25
65,200,2.63
66,1,3.33
66,2,3.57
66,3,4.55
66,4,6.25
66,5,2.38
66,6,2
66,7,2.63
66,8,2.17
66,9,3.13
66,10,4.55
66,11,2
66,12,2.78
66,13,2.17
66,14,5.56
66,15,7.14
66,16,2.38
66,17,7.14
66,18,3.13
66,19,5.56
66,20,3.33
66,21,4.17
66,22,3.85
66,23,5
66,24,3.57
66,25,3.85
66,26,7.14
66,27,2.38
66,28,3.57
66,29,2.17
66,30,2.08
66,31,2.78
66,32,3.13
66,33,3.13
66,34,6.25
66,35,6.25
66,36,10
66,37,5
66,38,2.63
66,39,2.5
66,40,4.17
66,41,2
66,42,4.17
66,43,3.13
66,44,6.25
66,45,10
66,46,5.56
66,47,6.25
66,48,2.63
66,49,5
66,50,2
66,51,10
66,52,2.94
66,53,3.57
66,54,2.38
66,55,3.57
66,56,2.78
66,57,7.14
66,58,3.57
66,59,10
66,60,5
66,61,2.5
66,62,2.17
66,63,8.33
66,64,4.17
66,65,2.94
66,66,2
66,67,2
66,68,5.56
66,69,2.27
66,70,4.55
66,71,2
66,72,2.78
66,73,3.85
66,74,3.57
66,75,5
66,76,7.14
66,77,2.08
66,78,2.94
66,79,10
66,80,3.13
66,81,5
66,82,8.33
66,83,2.38
66,84,5.56
66,85,2.08
66,86,4.17
66,87,2
66,88,3.57
66,89,3.13
66,90,2.17
66,91,5.56
66,92,6.25
66,93,10
66,94,3.85
66,95,2.94
66,96,10
66,97,4.17
66,98,4.17
66,99,2.78
66,100,3.13
66,101,2.63
66,102,3.33
66,103,8.33
66,104,8.33
66,105,3.85
66,106,8.33
66,107,2.94
66,108,2.63
66,109,3.13
66,110,2.08
66,111,2.38
66,112,3.57
66,113,4.55
66,114,4.55
66,115,8.33
66,116,2.94
66,117,2
66,118,2.27
66,119,2.17
66,120,3.85
66,121,2.63
66,122,2
66,123,2.63
66,124,4.17
66,125,2.27
66,126,2.38
66,127,2.17
66,128,3.33
66,129,7.14
66,130,2.08
66,131,8.33
66,132,8.33
66,133,2.5
66,134,4.17
66,135,2.63
66,136,3.13
66,137,5.56
66,138,10
66,139,2.08
66,140,2.63
66,141,6.25
66,142,2.94
66,143,3.85
66,144,3.33
66,145,2.94
66,146,5.56
66,147,2.63
66,148,2
66,149,2.08
66,150,5
66,151,10
66,152,5.56
66,153,10
66,154,2
66,155,2.38
66,156,3.13
66,157,3.57
66,158,3.33
66,159,2.5
66,160,2.94
66,161,10
66,162,5
66,163,2.63
66,164,2.08
66,165,3.33
66,166,10
66,167,3.57
66,168,2.63
66,169,3.85
66,170,4.17
66,171,2.38
66,172,4.17
66,173,2
66,174,2.38
66,175,2.63
66,176,2.38
66,177,5.56
66,178,3.57
66,179,2.94
66,180,2.08
66,181,2.63
66,182,2.08
66,183,3.33
66,184,2.38
66,185,4.55
66,186,6.25
66,187,3.57
66,188,2.38
66,189,3.33
66,190,2.38
66,191,2.5
66,192,3.33
66,193,2.08
66,194,2
66,195,3.57
66,196,2.17
66,197,3.13
66,198,3.13
66,199,6.25
66,200,2.17
67,1,5
67,2,8.33
67,3,10
67,4,6.25
67,5,2.5
67,6,2.38
67,7,2.17
67,8,2.08
67,9,2.27
67,10,2.5
67,11,5
67,12,5.56
67,13,5.56
67,14,2.78
67,15,3.57
67,16,2.63
67,17,2.27
67,18,2
67,19,2
67,20,5.56
67,21,3.57
67,22,4.17
67,23,5.56
67,24,7.14
67,25,2.5
67,26,6.25
67,27,2.08
67,28,8.33
67,29,2.94
67,30,5
67,31,2.27
67,32,2
67,33,10
67,34,7.14
67,35,3.13
67,36,3.13
67,37,5
67,38,2.78
67,39,3.13
67,40,2
67,41,4.55
67,42,4.17
67,43,5.56
67,44,2.78
67,45,3.13
67,46,2.17
67,47,2.78
67,48,5.56
67,49,3.57
67,50,3.13
67,51,2.63
67,52,3.13
67,53,3.33
67,54,3.57
67,55,2.94
67,56,7.14
67,57,4.17
67,58,4.55
67,59,2.38
67,60,2.78
67,61,5.56
67,62,3.85
67,63,2.17
67,64,3.33
67,65,2.38
67,66,4.55
67,67,3.57
67,68,2.38
67,69,3.33
67,70,3.57
67,71,4.55
67,72,3.57
67,73,5
67,74,2.08
67,75,7.14
67,76,2.94
67,77,2.63
67,78,2.78
67,79,4.17
67,80,4.17
67,81,3.57
67,82,4.55
67,83,2
67,84,2.38
67,85,4.17
67,86,3.85
67,87,3.85
67,88,2.27
67,89,5.56
67,90,2.08
67,91,2.27
67,92,3.57
67,93,2.17
67,94,3.57
67,95,2.94
67,96,3.13
67,97,6.25
67,98,2.5
67,99,8.33
67,100,3.85
67,101,2.5
67,102,2.5
67,103,2.78
67,104,4.17
67,105,2.38
67,106,2.08
67,107,2.78
67,108,5.56
67,109,3.85
67,110,3.85
67,111,2.63
67,112,2.5
67,113,7.14
67,114,4.17
67,115,2.5
67,116,2.78
67,117,2.08
67,118,2.08
67,119,2.5
67,120,8.33
67,121,10
67,122,2.63
67,123,3.13
67,124,2.17
67,125,6.25
67,126,2.5
67,127,2.27
67,128,2.27
67,129,2.17
67,130,3.13
67,131,10
67,132,2.5
67,133,2.27
67,134,5
67,135,3.33
67,136,2.17
67,137,2.08
67,138,3.85
67,139,8.33
67,140,2.27
67,141,2.08
67,142,2.63
67,143,2.5
67,144,2
67,145,3.85
67,146,3.13
67,147,2.38
67,148,2.94
67,149,10
67,150,7.14
67,151,4.55
67,152,2.78
67,153,3.85
67,154,2.5
67,155,2.94
67,156,2.38
67,157,2
67,158,8.33
67,159,2.5
67,160,10
67,161,7.14
67,162,2.08
67,163,7.14
67,164,2.78
67,165,3.57
67,166,2.5
67,167,2.63
67,168,3.33
67,169,2
67,170,7.14
67,171,2.94
67,172,8.33
67,173,3.57
67,174,3.85
67,175,5.56
67,176,3.57
67,177,4.55
67,178,2.27
67,179,2
67,180,3.13
67,181,3.57
67,182,2.17
67,183,3.13
67,184,2.17
67,185,7.14
67,186,4.17
67,187,2.5
67,188,3.85
67,189,3.85
67,190,3.13
67,191,3.33
67,192,6.25
67,193,3.33
67,194,2.08
67,195,8.33
67,196,2.94
67,197,3.57
67,198,3.85
67,199,10
67,200,2.78
68,1,2.08
68,2,3.33
68,3,8.33
68,4,7.14
68,5,3.13
68,6,8.33
68,7,10
68,8,2.08
68,9,2.27
68,10,3.85
68,11,2.08
68,12,2.5
68,13,5
68,14,3.57
68,15,2.63
68,16,2.27
68,17,2.5
68,18,8.33
68,19,5.56
68,20,2.38
68,21,2.78
68,22,2.78
68,23,2.63
68,24,3.13
68,25,10
68,26,2.94
68,27,5.56
68,28,3.57
68,29,2.5
68,30,2.63
68,31,5.56
68,32,8.33
68,33,2.38
68,34,7.14
68,35,2.27
68,36,5.56
68,37,2.17
68,38,7.14
68,39,2.38
68,40,6.25
68,41,5.56
68,42,2.78
68,43,2.17
68,44,5
68,45,3.33
68,46,5
68,47,2.17
68,48,6.25
68,49,2.5
68,50,3.13
68,51,2
68,52,3.85
68,53,2.27
68,54,5.56
68,55,2
68,56,4.55
68,57,3.85
68,58,2
68,59,3.13
68,60,3.85
68,61,8.33
68,62,2.94
68,63,2.78
68,64,2.94
68,65,2.17
68,66,3.33
68,67,5
68,68,4.17
68,69,7.14
68,70,3.57
68,71,2.63
68,72,2.78
68,73,5
68,74,2.08
68,75,7.14
68,76,2.78
68,77,3.13
68,78,2.08
68,79,2.94
68,80,2.78
68,81,3.57
68,82,2.17
68,83,10
68,84,2.63
68,85,2.38
68,86,3.13
68,87,2
68,88,2
68,89,2.63
68,90,2.63
68,91,4.17
68,92,3.85
68,93,10
68,94,5.56
68,95,6.25
68,96,3.57
68,97,7.14
68,98,3.33
68,99,10
68,100,2.08
68,101,3.33
68,102,7.14
68,103,2.08
68,104,6.25
68,105,2.63
68,106,5
68,107,4.55
68,108,5.56
68,109,2.5
68,110,8.33
68,111,2.63
68,112,5
68,113,3.13
68,114,2.08
68,115,8.33
68,116,4.55
68,117,3.33
68,118,2.78
68,119,5.56
68,120,7.14
68,121,2.17
68,122,8.33
68,123,3.57
68,124,2
68,125,2
68,126,2.17
68,127,6.25
68,128,4.17
68,129,4.17
68,130,2.08
68,131,5.56
68,132,3.85
68,133,6.25
68,134,4.17
68,135,6.25
68,136,2.78
68,137,2.17
68,138,2.38
68,139,6.25
68,140,8.33
68,141,7.14
68,142,2.63
68,143,10
68,144,5
68,145,2.63
68,146,2.94
68,147,2.63
68,148,2.17
68,149,4.55
68,150,2.63
68,151,4.17
68,152,10
68,153,5.56
68,154,8.33
68,155,2.17
68,156,10
68,157,2.17
68,158,2.63
68,159,7.14
68,160,3.33
68,161,3.85
68,162,4.17
68,163,10
68,164,10
68,165,2.27
68,166,3.33
68,167,2.08
68,168,2.27
68,169,3.57
68,170,4.55
68,171,3.85
68,172,2.17
68,173,4.55
68,174,3.57
68,175,2.94
68,176,2.63
68,177,3.85
68,178,2.38
68,179,4.17
68,180,2.78
68,181,3.85
68,182,10
68,183,6.25
68,184,2.5
68,185,3.13
68,186,6.25
68,187,2.08
68,188,5
68,189,5
68,190,3.33
68,191,2.17
68,192,7.14
68,193,6.25
68,194,2.5
68,195,2
68,196,3.85
68,197,3.13
68,198,7.14
68,199,7.14
68,200,2.78
69,1,2.27
69,2,8.33
69,3,4.55
69,4,8.33
69,5,2.27
69,6,2.63
69,7,3.85
69,8,4.17
69,9,5.56
69,10,2.94
69,11,3.57
69,12,2.08
69,13,10
69,14,2.5
69,15,2.08
69,16,2.5
69,17,10
69,18,2.78
69,19,2.17
69,20,2.08
69,21,10
69,22,4.55
69,23,3.85
69,24,2.94
69,25,8.33
69,26,3.33
69,27,3.33
69,28,2.63
69,29,2.63
69,30,2.08
69,31,2
69,32,3.33
69,33,7.14
69,34,6.25
69,35,3.57
69,36,5
69,37,2.27
69,38,3.57
69,39,8.33
69,40,4.55
69,41,2.63
69,42,2.94
69,43,2.08
69,44,2.17
69,45,10
69,46,8.33
69,47,2.78
69,48,5.56
69,49,2.63
69,50,8.33
69,51,2.38
69,52,7.14
69,53,8.33
69,54,3.13
69,55,10
69,56,5
69,57,2.08
69,58,3.33
69,59,2.78
69,60,10
69,61,2.27
69,62,2.38
69,63,2.38
69,64,5
69,65,2.78
69,66,6.25
69,67,2.27
69,68,4.55
69,69,3.13
69,70,7.14
69,71,2.08
69,72,6.25
69,73,2.17
69,74,2.17
69,75,2.08
69,76,2.08
69,77,7.14
69,78,5
69,79,2.63
69,80,3.33
69,81,2.17
69,82,4.17
69,83,3.33
69,84,5
69,85,2
69,86,2.38
69,87,8.33
69,88,3.57
69,89,3.57
69,90,3.85
69,91,3.33
69,92,2.27
69,93,2.94
69,94,5
69,95,8.33
69,96,5.56
69,97,3.33
69,98,5.56
69,99,4.55
69,100,2.38
69,101,7.14
69,102,2.17
69,103,2
69,104,7.14
69,105,8.33
69,106,2.08
69,107,2.27
69,108,2.94
69,109,2.63
69,110,3.13
69,111,3.85
69,112,3.13
69,113,2
69,114,10
69,115,3.13
69,116,5
69,117,5.56
69,118,2.08
69,119,2
69,120,2.5
69,121,5
69,122,5.56
69,123,4.17
69,124,2.5
69,125,2.5
69,126,10
69,127,2.78
69,128,10
69,129,2.63
69,130,3.13
69,131,2.94
69,132,2
69,133,10
69,134,4.55
69,135,2.78
69,136,4.55
69,137,2.38
69,138,4.55
69,139,3.85
69,140,6.25
69,141,3.85
69,142,8.33
69,143,2.94
69,144,4.17
69,145,4.17
69,146,3.85
69,147,4.55
69,148,3.57
69,149,2.17
69,150,5.56
69,151,5
69,152,5
69,153,3.85
69,154,2.38
69,155,2.78
69,156,2.78
69,157,4.55
69,158,2.94
69,159,2
69,160,2
69,161,5
69,162,2.78
69,163,8.33
69,164,5
69,165,2.17
69,166,6.25
69,167,2.94
69,168,3.57
69,169,4.17
69,170,2.38
69,171,7.14
69,172,8.33
69,173,2.78
69,174,2.27
69,175,2.78
69,176,5
69,177,2.63
69,178,2.78
69,179,2.63
69,180,4.55
69,181,4.55
69,182,2.08
69,183,3.13
69,184,4.17
69,185,5
69,186,2.63
69,187,3.57
69,188,3.57
69,189,3.13
69,190,10
69,191,8.33
69,192,2
69,193,2
69,194,2.78
69,195,3.85
69,196,2.5
69,197,2.63
69,198,2.63
69,199,5.56
69,200,5.56
70,1,2.17
70,2,2.27
70,3,8.33
70,4,2.17
70,5,2
70,6,2.94
70,7,2.63
70,8,2.27
70,9,2.78
70,10,6.25
70,11,8.33
70,12,2.27
70,13,2.08
70,14,5
70,15,2.5
70,16,2
70,17,2.5
70,18,2.94
70,19,2.5
70,20,2.78
70,21,2.63
70,22,8.33
70,23,3.57
70,24,4.55
70,25,2.5
70,26,2.94
70,27,2.63
70,28,10
70,29,3.57
70,30,7.14
70,31,2.08
70,32,7.14
70,33,5
70,34,10
70,35,3.85
70,36,2.94
70,37,3.57
70,38,3.13
70,39,5
70,40,2.17
70,41,2.63
70,42,2
70,43,2.78
70,44,2.08
70,45,3.57
70,46,7.14
70,47,6.25
70,48,2
70,49,2
70,50,8.33
70,51,2.5
70,52,2.5
70,53,5.56
70,54,8.33
70,55,2.27
70,56,5
70,57,2.63
70,58,2.5
70,59,2.38
70,60,2
70,61,4.55
70,62,10
70,63,4.55
70,64,2.17
70,65,8.33
70,66,5.56
70,67,8.33
70,68,2.63
70,69,2.63
70,70,5.56
70,71,5
70,72,5.56
70,73,2.78
70,74,2.17
70,75,8.33
70,76,3.33
70,77,2
70,78,4.17
70,79,2
70,80,4.55
70,81,7.14
70,82,3.57
70,83,6.25
70,84,7.14
70,85,2
70,86,3.33
70,87,5
70,88,2
70,89,2.08
70,90,2.38
70,91,2.5
70,92,2.17
70,93,2.27
70,94,2.5
70,95,2.08
70,96,2.63
70,97,2.78
70,98,2.27
70,99,3.57
70,100,2.17
70,101,10
70,102,2.5
70,103,2.5
70,104,2.94
70,105,6.25
70,106,3.57
70,107,2.78
70,108,3.13
70,109,5
70,110,2.27
70,111,2.5
70,112,2.63
70,113,6.25
70,114,2.17
70,115,3.13
70,116,2.27
70,117,4.17
70,118,4.17
70,119,2.08
70,120,2.27
70,121,2.78
70,122,4.17
70,123,5.56
70,124,2.78
70,125,10
70,126,2.08
70,127,3.33
70,128,5
70,129,5
70,130,4.17
70,131,6.25
70,132,2.38
70,133,4.55
70,134,3.85
70,135,2.27
70,136,4.17
70,137,5
70,138,8.33
70,139,2.5
70,140,8.33
70,141,2.27
70,142,3.57
70,143,5
70,144,3.13
70,145,2.38
70,146,4.55
70,147,7.14
70,148,6.25
70,149,2.63
70,150,6.25
70,151,3.57
70,152,5.56
70,153,3.33
70,154,5
70,155,8.33
70,156,4.17
70,157,2.94
70,158,2.78
70,159,2.94
70,160,10
70,161,2.78
70,162,7.14
70,163,2.08
70,164,10
70,165,3.85
70,166,2.17
70,167,3.57
70,168,4.17
70,169,5.56
70,170,6.25
70,171,2.17
70,172,10
70,173,2.5
70,174,4.17
70,175,3.13
70,176,3.85
70,177,4.17
70,178,2.78
70,179,2.27
70,180,2.78
70,181,3.57
70,182,3.85
70,183,4.17
70,184,2.63
70,185,2.08
70,186,2.17
70,187,2
70,188,2.27
70,189,4.17
70,190,2.38
70,191,2.17
70,192,2.27
70,193,6.25
70,194,3.13
70,195,2.63
70,196,2.78
70,197,6.25
70,198,2.27
70,199,3.85
70,200,7.14
71,1,3.57
71,2,2.27
71,3,2.17
71,4,2.94
71,5,2.27
71,6,2.38
71,7,3.33
71,8,7.14
71,9,2.5
71,10,2.08
71,11,2.27
71,12,2.17
71,13,2.08
71,14,2.08
71,15,3.85
71,16,6.25
71,17,10
71,18,2.17
71,19,3.57
71,20,2.78
71,21,3.85
71,22,6.25
71,23,3.57
71,24,3.33
71,25,5
71,26,5
71,27,4.17
71,28,7.14
71,29,5.56
71,30,4.17
71,31,3.57
71,32,2.5
71,33,2
71,34,4.17
71,35,2.94
71,36,2.78
71,37,8.33
71,38,2.94
71,39,6.25
71,40,3.57
71,41,2.78
71,42,2.78
71,43,2.94
71,44,3.13
71,45,10
71,46,6.25
71,47,4.55
71,48,3.57
71,49,7.14
71,50,2.17
71,51,2
71,52,5.56
71,53,3.85
71,54,7.14
71,55,2.17
71,56,10
71,57,2.08
71,58,3.57
71,59,4.55
71,60,3.33
71,61,8.33
71,62,5.56
71,63,8.33
71,64,8.33
71,65,3.13
71,66,2.63
71,67,2
71,68,4.17
71,69,8.33
71,70,2.27
71,71,4.55
71,72,2.63
71,73,10
71,74,8.33
71,75,2.38
71,76,2.78
71,77,6.25
71,78,2.38
71,79,2.17
71,80,2.38
71,81,3.13
71,82,2.78
71,83,7.14
71,84,3.33
71,85,6.25
71,86,2.17
71,87,4.17
71,88,4.17
71,89,2.38
71,90,2.38
71,91,2.94
71,92,7.14
71,93,2.63
71,94,4.55
71,95,5.56
71,96,3.85
71,97,2.5
71,98,3.57
71,99,10
71,100,3.33
71,101,2.08
71,102,5.56
71,103,2.27
71,104,4.55
71,105,3.85
71,106,8.33
71,107,2.5
71,108,7.14
71,109,10
71,110,4.17
71,111,2.63
71,112,2.38
71,113,3.57
71,114,3.13
71,115,2.5
71,116,3.33
71,117,3.57
71,118,3.13
71,119,2.78
71,120,4.55
71,121,8.33
71,122,3.85
71,123,2.38
71,124,3.57
71,125,2.94
71,126,2.08
71,127,8.33
71,128,4.55
71,129,2.5
71,130,5
71,131,6.25
71,132,3.13
71,133,2.63
71,134,2.08
71,135,2.08
71,136,2.08
71,137,2.08
71,138,2.17
71,139,3.33
71,140,3.85
71,141,2.63
71,142,10
71,143,2.5
71,144,2.63
71,145,4.17
71,146,4.17
71,147,5
71,148,3.13
71,149,10
71,150,2.27
71,151,6.25
71,152,4.17
71,153,5
71,154,10
71,155,2.38
71,156,6.25
71,157,2.5
71,158,2.63
71,159,2.78
71,160,10
71,161,2.08
71,162,2.63
71,163,3.33
71,164,7.14
71,165,3.57
71,166,8.33
71,167,10
71,168,2.08
71,169,10
71,170,2.08
71,171,4.17
71,172,2.08
71,173,2.5
71,174,2.17
71,175,3.85
71,176,3.13
71,177,2.5
71,178,3.33
71,179,5.56
71,180,7.14
71,181,2.08
71,182,8.33
71,183,3.57
71,184,2.08
71,185,5
71,186,6.25
71,187,4.17
71,188,4.55
71,189,4.55
71,190,10
71,191,2.5
71,192,6.25
71,193,2.5
71,194,7.14
71,195,6.25
71,196,2.78
71,197,2.17
71,198,2.63
71,199,2
71,200,3.13
72,1,3.33
72,2,10
72,3,5.56
72,4,4.55
72,5,6.25
72,6,3.13
72,7,7.14
72,8,6.25
72,9,2.5
72,10,2.94
72,11,3.57
72,12,2
72,13,2.38
72,14,3.13
72,15,7.14
72,16,2
72,17,3.13
72,18,2
72,19,2
72,20,3.13
72,21,5
72,22,8.33
72,23,2.17
72,24,3.85
72,25,2
72,26,4.17
72,27,3.33
72,28,3.33
72,29,2.63
72,30,7.14
72,31,6.25
72,32,3.85
72,33,2.17
72,34,7.14
72,35,7.14
72,36,5
72,37,2.78
72,38,7.14
72,39,3.33
72,40,5.56
72,41,2.78
72,42,3.57
72,43,2.08
72,44,4.17
72,45,3.57
72,46,6.25
72,47,8.33
72,48,2.38
72,49,2.63
72,50,7.14
72,51,4.55
72,52,4.17
72,53,7.14
72,54,2
72,55,8.33
72,56,2.5
72,57,5
72,58,5.56
72,59,3.33
72,60,10
72,61,2.5
72,62,2.94
72,63,2.94
72,64,2.27
72,65,2.63
72,66,7.14
72,67,4.55
72,68,5
72,69,4.17
72,70,2.08
72,71,3.85
72,72,5
72,73,2.94
72,74,2.27
72,75,3.85
72,76,2
72,77,2.08
72,78,2.27
72,79,5
72,80,2.27
72,81,7.14
72,82,3.85
72,83,2
72,84,2.08
72,85,10
72,86,3.85
72,87,2.17
72,88,5.56
72,89,8.33
72,90,2.17
72,91,6.25
72,92,4.55
72,93,3.57
72,94,3.85
72,95,10
72,96,2.94
72,97,3.57
72,98,8.33
72,99,2.08
72,100,3.57
72,101,2.78
72,102,3.13
72,103,3.85
72,104,8.33
72,105,3.13
72,106,7.14
72,107,2.63
72,108,3.57
72,109,2.63
72,110,2.38
72,111,2.08
72,112,2.17
72,113,5
72,114,4.55
72,115,4.17
72,116,2.94
72,117,5.56
72,118,10
72,119,2.27
72,120,8.33
72,121,2.17
72,122,2.27
72,123,7.14
72,124,2.17
72,125,2.38
72,126,3.85
72,127,2.78
72,128,2.78
72,129,6.25
72,130,4.17
72,131,10
72,132,5.56
72,133,2.17
72,134,7.14
72,135,3.13
72,136,2
72,137,2
72,138,4.55
72,139,8.33
72,140,2.63
72,141,4.17
72,142,2.63
72,143,2.94
72,144,3.57
72,145,2.08
72,146,3.13
72,147,2.38
72,148,6.25
72,149,2.08
72,150,7.14
72,151,4.17
72,152,2.5
72,153,7.14
72,154,7.14
72,155,2.78
72,156,4.17
72,157,7.14
72,158,2.27
72,159,5.56
72,160,5.56
72,161,2.08
72,162,2.08
72,163,2.94
72,164,4.17
72,165,5
72,166,3.13
72,167,2.27
72,168,2.38
72,169,4.17
72,170,4.17
72,171,7.14
72,172,4.55
72,173,3.57
72,174,4.17
72,175,2.08
72,176,5
72,177,4.17
72,178,2.63
72,179,2.5
72,180,2.08
72,181,10
72,182,2.27
72,183,3.13
72,184,2.5
72,185,2.38
72,186,10
72,187,2.5
72,188,4.55
72,189,3.33
72,190,2.17
72,191,6.25
72,192,2.38
72,193,3.13
72,194,3.57
72,195,3.33
72,196,3.85
72,197,2.63
72,198,2.5
72,199,2.5
72,200,2.27
73,1,6.25
73,2,2
73,3,2.63
73,4,4.17
73,5,2.17
73,6,2.27
73,7,7.14
73,8,2
73,9,2.94
73,10,4.17
73,11,3.57
73,12,2.27
73,13,2.94
73,14,2.38
73,15,3.33
73,16,3.33
73,17,2.08
73,18,4.55
73,19,4.55
73,20,3.57
73,21,2.17
73,22,5.56
73,23,2.94
73,24,7.14
73,25,4.55
73,26,2.63
73,27,2.94
73,28,4.55
73,29,8.33
73,30,2.08
73,31,5
73,32,2.27
73,33,2.17
73,34,3.33
73,35,2.08
73,36,3.85
73,37,6.25
73,38,2
73,39,10
73,40,3.33
73,41,2.27
73,42,6.25
73,43,2.5
73,44,8.33
73,45,3.85
73,46,2
73,47,3.57
73,48,2.27
73,49,2.78
73,50,4.55
73,51,4.17
73,52,4.17
73,53,2.08
73,54,4.55
73,55,8.33
73,56,3.57
73,57,2.5
73,58,3.85
73,59,2.27
73,60,2.38
73,61,6.25
73,62,2.08
73,63,6.25
73,64,4.17
73,65,4.17
73,66,6.25
73,67,2.38
73,68,2.94
73,69,2.17
73,70,5
73,71,3.85
73,72,4.17
73,73,3.33
73,74,3.85
73,75,3.13
73,76,2.08
73,77,2.17
73,78,3.57
73,79,2.38
73,80,5
73,81,3.13
73,82,2.63
73,83,2.5
73,84,2.63
73,85,5
73,86,2.17
73,87,2.5
73,88,3.33
73,89,4.55
73,90,10
73,91,2.08
73,92,2.5
73,93,5.56
73,94,2
73,95,3.85
73,96,2.38
73,97,2.17
73,98,10
73,99,2
73,100,2
73,101,7.14
73,102,2.94
73,103,10
73,104,3.85
73,105,2.78
73,106,2.17
73,107,3.13
73,108,2
73,109,2.63
73,110,2.27
73,111,4.55
73,112,3.85
73,113,4.17
73,114,2.94
73,115,3.57
73,116,3.85
73,117,10
73,118,3.33
73,119,2.27
73,120,7.14
73,121,7.14
73,122,6.25
73,123,5.56
73,124,3.85
73,125,2.78
73,126,2.94
73,127,2.27
73,128,7.14
73,129,4.17
73,130,6.25
73,131,8.33
73,132,2.17
73,133,3.33
73,134,5
73,135,4.55
73,136,5
73,137,8.33
73,138,5
73,139,2.5
73,140,5.56
73,141,2.38
73,142,2
73,143,5.56
73,144,2.27
73,145,2.38
73,146,2.5
73,147,3.33
73,148,8.33
73,149,2.08
73,150,4.55
73,151,3.57
73,152,2.27
73,153,3.13
73,154,2.27
73,155,6.25
73,156,2.08
73,157,6.25
73,158,4.17
73,159,3.13
73,160,6.25
73,161,2.78
73,162,8.33
73,163,3.33
73,164,2.08
73,165,2
73,166,5
73,167,2.63
73,168,3.33
73,169,10
73,170,8.33
73,171,2.17
73,172,7.14
73,173,5.56
73,174,2
73,175,2.27
73,176,2.5
73,177,2.17
73,178,2.08
73,179,3.13
73,180,6.25
73,181,2.38
73,182,2.38
73,183,6.25
73,184,2
73,185,7.14
73,186,2.94
73,187,3.57
73,188,2.27
73,189,2.08
73,190,6.25
73,191,2.78
73,192,4.55
73,193,4.17
73,194,2.5
73,195,5.56
73,196,5
73,197,2.27
73,198,2.38
73,199,3.33
73,200,2.27
74,1,3.13
74,2,4.55
74,3,3.57
74,4,2.63
74,5,4.55
74,6,2.17
74,7,2.5
74,8,3.57
74,9,6.25
74,10,2.17
74,11,10
74,12,2.08
74,13,3.13
74,14,2.08
74,15,4.17
74,16,4.17
74,17,2.38
74,18,5
74,19,3.85
74,20,2.5
74,21,5
74,22,3.13
74,23,3.57
74,24,5.56
74,25,2.78
74,26,7.14
74,27,3.13
74,28,4.17
74,29,10
74,30,2.27
74,31,4.17
74,32,10
74,33,2.94
74,34,2.38
74,35,8.33
74,36,2.94
74,37,5.56
74,38,2.94
74,39,3.57
74,40,3.85
74,41,8.33
74,42,2.78
74,43,3.85
74,44,8.33
74,45,2
74,46,7.14
74,47,2.17
74,48,7.14
74,49,2.38
74,50,5
74,51,2.38
74,52,5.56
74,53,2.38
74,54,2.78
74,55,7.14
74,56,4.55
74,57,3.13
74,58,3.33
74,59,3.85
74,60,2.38
74,61,2
74,62,2
74,63,7.14
74,64,2.38
74,65,3.33
74,66,3.57
74,67,2.5
74,68,2.17
74,69,2.78
74,70,6.25
74,71,5.56
74,72,5.56
74,73,2.38
74,74,2.63
74,75,5
74,76,2.63
74,77,2
74,78,6.25
74,79,5.56
74,80,2.78
74,81,2.08
74,82,2.78
74,83,6.25
74,84,10
74,85,2.94
74,86,2.38
74,87,2.63
74,88,2
74,89,2.38
74,90,3.33
74,91,4.17
74,92,2.27
74,93,2.38
74,94,2.17
74,95,10
74,96,2.78
74,97,2.5
74,98,2
74,99,5.56
74,100,5
74,101,5
74,102,2.63
74,103,2
74,104,2.08
74,105,3.33
74,106,2.78
74,107,2.27
74,108,4.17
74,109,3.85
74,110,3.33
74,111,10
74,112,2.38
74,113,10
74,114,2.17
74,115,7.14
74,116,3.57
74,117,7.14
74,118,2.5
74,119,2.5
74,120,2
74,121,2.63
74,122,2.78
74,123,8.33
74,124,8.33
74,125,2.94
74,126,2.78
74,127,3.85
74,128,2.08
74,129,4.55
74,130,2.94
74,131,2.17
74,132,2.63
74,133,2.17
74,134,7.14
74,135,2.08
74,136,3.13
74,137,2.08
74,138,8.33
74,139,3.57
74,140,5
74,141,3.33
74,142,6.25
74,143,10
74,144,5
74,145,7.14
74,146,3.57
74,147,3.85
74,148,2.78
74,149,6.25
74,150,7.14
74,151,2
74,152,2.94
74,153,10
74,154,3.57
74,155,2.27
74,156,2.17
74,157,2.94
74,158,2.78
74,159,3.13
74,160,2.94
74,161,10
74,162,7.14
74,163,3.33
74,164,6.25
74,165,6.25
74,166,3.13
74,167,3.13
74,168,2.38
74,169,4.17
74,170,3.57
74,171,5
74,172,3.13
74,173,3.85
74,174,5.56
74,175,7.14
74,176,2.08
74,177,4.17
74,178,2
74,179,2.27
74,180,2.78
74,181,3.85
74,182,2
74,183,3.57
74,184,2.27
74,185,2.38
74,186,2
74,187,6.25
74,188,7.14
74,189,2.08
74,190,3.57
74,191,2.27
74,192,4.17
74,193,2.94
74,194,2.78
74,195,3.13
74,196,2.38
74,197,3.33
74,198,2.94
74,199,6.25
74,200,2.5
75,1,4.17
75,2,5.56
75,3,8.33
75,4,2.38
75,5,2.38
75,6,2.63
75,7,2.63
75,8,7.14
75,9,8.33
75,10,5.56
75,11,4.55
75,12,8.33
75,13,2.27
75,14,3.57
75,15,2.5
75,16,2.27
75,17,4.17
75,18,3.33
75,19,2.5
75,20,8.33
75,21,2.08
75,22,2.94
75,23,2.17
75,24,5
75,25,4.17
75,26,2.78
75,27,4.55
75,28,3.57
75,29,8.33
75,30,2
75,31,5
75,32,6.25
75,33,3.33
75,34,8.33
75,35,3.33
75,36,2.08
75,37,2.38
75,38,4.55
75,39,3.13
75,40,3.33
75,41,3.33
75,42,2.08
75,43,2.5
75,44,3.33
75,45,4.17
75,46,4.17
75,47,2.27
75,48,10
75,49,10
75,50,5.56
75,51,7.14
75,52,3.13
75,53,10
75,54,2.38
75,55,3.57
75,56,3.33
75,57,3.57
75,58,5.56
75,59,2
75,60,2
75,61,3.33
75,62,3.85
75,63,10
75,64,3.33
75,65,5
75,66,2.17
75,67,7.14
75,68,3.33
75,69,8.33
75,70,2.78
75,71,3.13
75,72,2.38
75,73,2.27
75,74,3.33
75,75,2.94
75,76,5
75,77,5
75,78,7.14
75,79,8.33
75,80,2.27
75,81,4.17
75,82,3.85
75,83,2.27
75,84,5.56
75,85,3.57
75,86,2.27
75,87,3.85
75,88,3.85
75,89,2.94
75,90,4.17
75,91,5.56
75,92,2.63
75,93,10
75,94,4.55
75,95,4.17
75,96,8.33
75,97,3.13
75,98,4.55
75,99,2.38
75,100,2.78
75,101,2.78
75,102,5
75,103,3.13
75,104,2.27
75,105,10
75,106,2.38
75,107,3.57
75,108,5.56
75,109,2.5
75,110,2.94
75,111,3.13
75,112,4.55
75,113,5.56
75,114,7.14
75,115,3.13
75,116,3.85
75,117,3.85
75,118,5.56
75,119,6.25
75,120,2.27
75,121,4.55
75,122,2.63
75,123,2.27
75,124,2.27
75,125,3.85
75,126,7.14
75,127,3.85
75,128,2.27
75,129,2.5
75,130,5.56
75,131,2.08
75,132,8.33
75,133,7.14
75,134,3.85
75,135,4.17
75,136,2.94
75,137,3.85
75,138,3.85
75,139,4.55
75,140,2.78
75,141,10
75,142,2.78
75,143,2.17
75,144,2.08
75,145,3.33
75,146,2.63
75,147,2.78
75,148,2.38
75,149,2.38
75,150,8.33
75,151,2.17
75,152,3.85
75,153,10
75,154,4.17
75,155,2.38
75,156,8.33
75,157,2
75,158,2.17
75,159,4.55
75,160,3.33
75,161,4.55
75,162,8.33
75,163,6.25
75,164,2.17
75,165,3.33
75,166,2.63
75,167,2.5
75,168,2.63
75,169,2.5
75,170,2.27
75,171,6.25
75,172,2.17
75,173,2.5
75,174,2.94
75,175,8.33
75,176,2.27
75,177,2.08
75,178,2.27
75,179,2.08
75,180,2.78
75,181,2.63
75,182,10
75,183,3.13
75,184,2.78
75,185,4.55
75,186,3.33
75,187,2
75,188,2.63
75,189,7.14
75,190,4.55
75,191,2.5
75,192,3.57
75,193,2.94
75,194,5.56
75,195,2.94
75,196,5
75,197,3.33
75,198,2
75,199,3.57
75,200,2.38
76,1,5
76,2,4.17
76,3,3.13
76,4,2.63
76,5,2.63
76,6,3.57
76,7,2.78
76,8,2
76,9,3.33
76,10,2.94
76,11,2.27
76,12,3.57
76,13,2.27
76,14,7.14
76,15,3.33
76,16,2.08
76,17,8.33
76,18,2.17
76,19,5.56
76,20,2.27
76,21,3.85
76,22,2.17
76,23,2.17
76,24,2.17
76,25,10
76,26,2.08
76,27,4.17
76,28,7.14
76,29,2.94
76,30,4.17
76,31,2.08
76,32,3.57
76,33,2.38
76,34,2.08
76,35,3.85
76,36,5
76,37,2.63
76,38,3.57
76,39,3.57
76,40,6.25
76,41,7.14
76,42,2.94
76,43,5
76,44,2.08
76,45,5.56
76,46,2.17
76,47,2.94
76,48,2.08
76,49,2.08
76,50,5
76,51,4.17
76,52,10
76,53,4.17
76,54,2.17
76,55,6.25
76,56,6.25
76,57,2.08
76,58,2.27
76,59,3.13
76,60,2.78
76,61,2.27
76,62,2.08
76,63,2.63
76,64,5.56
76,65,2.78
76,66,7.14
76,67,6.25
76,68,7.14
76,69,10
76,70,4.55
76,71,3.13
76,72,3.13
76,73,5
76,74,2.08
76,75,2
76,76,5
76,77,2.78
76,78,3.13
76,79,7.14
76,80,3.57
76,81,3.33
76,82,2.63
76,83,10
76,84,2.27
76,85,2.27
76,86,5
76,87,2.38
76,88,2.17
76,89,2.63
76,90,10
76,91,2.5
76,92,5
76,93,5
76,94,2.5
76,95,7.14
76,96,7.14
76,97,2
76,98,4.55
76,99,2
76,100,2.5
76,101,4.17
76,102,2.5
76,103,2.5
76,104,10
76,105,2.5
76,106,4.55
76,107,8.33
76,108,3.85
76,109,3.85
76,110,2.5
76,111,2.38
76,112,5.56
76,113,2.08
76,114,6.25
76,115,2.38
76,116,6.25
76,117,4.17
76,118,2.08
76,119,2.38
76,120,3.13
76,121,10
76,122,3.85
76,123,2.08
76,124,2.27
76,125,8.33
76,126,4.55
76,127,3.13
76,128,3.13
76,129,3.85
76,130,3.85
76,131,4.55
76,132,2.94
76,133,2.27
76,134,2
76,135,3.57
76,136,2.38
76,137,4.17
76,138,2.5
76,139,5
76,140,2.38
76,141,5
76,142,3.57
76,143,8.33
76,144,10
76,145,2.17
76,146,3.33
76,147,10
76,148,2.5
76,149,2
76,150,2.78
76,151,2.38
76,152,2.08
76,153,2.94
76,154,4.55
76,155,4.17
76,156,3.85
76,157,8.33
76,158,10
76,159,7.14
76,160,10
76,161,3.85
76,162,4.55
76,163,7.14
76,164,8.33
76,165,3.57
76,166,2.78
76,167,2.08
76,168,2.38
76,169,2.08
76,170,2.27
76,171,4.17
76,172,2.38
76,173,3.33
76,174,5.56
76,175,2.5
76,176,3.57
76,177,4.55
76,178,4.55
76,179,3.85
76,180,3.13
76,181,3.33
76,182,6.25
76,183,4.17
76,184,2.08
76,185,8.33
76,186,4.17
76,187,3.13
76,188,8.33
76,189,2
76,190,3.13
76,191,5.56
76,192,2.38
76,193,5
76,194,7.14
76,195,8.33
76,196,5.56
76,197,3.85
76,198,2.5
76,199,6.25
76,200,7.14
77,1,2.27
77,2,4.17
77,3,2.5
77,4,2.38
77,5,2.78
77,6,2.38
77,7,5.56
77,8,3.13
77,9,6.25
77,10,3.57
77,11,2.27
77,12,6.25
77,13,7.14
77,14,2.5
77,15,3.13
77,16,3.33
77,17,4.55
77,18,2.78
77,19,2.78
77,20,4.17
77,21,3.85
77,22,5
77,23,2
77,24,3.85
77,25,2.94
77,26,10
77,27,5.56
77,28,5
77,29,3.13
77,30,3.85
77,31,3.85
77,32,5.56
77,33,3.57
77,34,2.17
77,35,5
77,36,4.55
77,37,3.85
77,38,8.33
77,39,6.25
77,40,4.55
77,41,2.5
77,42,6.25
77,43,7.14
77,44,3.57
77,45,2.08
77,46,2.63
77,47,3.13
77,48,10
77,49,2
77,50,7.14
77,51,2.78
77,52,3.85
77,53,8.33
77,54,3.85
77,55,3.57
77,56,3.13
77,57,5
77,58,2.38
77,59,2.17
77,60,5
77,61,2.63
77,62,4.55
77,63,2.08
77,64,5
77,65,3.33
77,66,3.85
77,67,2
77,68,2.94
77,69,2.94
77,70,3.13
77,71,3.13
77,72,4.17
77,73,5.56
77,74,6.25
77,75,3.33
77,76,2.27
77,77,3.85
77,78,10
77,79,3.57
77,80,7.14
77,81,2.27
77,82,8.33
77,83,8.33
77,84,2.08
77,85,2.08
77,86,2.08
77,87,7.14
77,88,4.17
77,89,2
77,90,2.94
77,91,2.08
77,92,5.56
77,93,5.56
77,94,4.55
77,95,2.27
77,96,7.14
77,97,2.17
77,98,7.14
77,99,2.94
77,100,8.33
77,101,8.33
77,102,3.33
77,103,3.13
77,104,7.14
77,105,2.08
77,106,8.33
77,107,3.85
77,108,3.57
77,109,2.17
77,110,10
77,111,3.33
77,112,7.14
77,113,2
77,114,10
77,115,4.17
77,116,5
77,117,3.85
77,118,7.14
77,119,3.85
77,120,2.27
77,121,3.13
77,122,4.17
77,123,5
77,124,3.57
77,125,4.17
77,126,3.85
77,127,8.33
77,128,3.85
77,129,2.63
77,130,2.08
77,131,6.25
77,132,2.17
77,133,2
77,134,5.56
77,135,3.33
77,136,4.17
77,137,2.78
77,138,8.33
77,139,4.17
77,140,2.63
77,141,5.56
77,142,2.94
77,143,2.08
77,144,4.55
77,145,5
77,146,10
77,147,2.17
77,148,2.94
77,149,8.33
77,150,2.5
77,151,4.55
77,152,4.17
77,153,2.5
77,154,2.38
77,155,6.25
77,156,10
77,157,8.33
77,158,5.56
77,159,5
77,160,2.08
77,161,3.33
77,162,8.33
77,163,2.38
77,164,2.08
77,165,2
77,166,2.38
77,167,2.38
77,168,2.27
77,169,2.38
77,170,2.38
77,171,3.13
77,172,7.14
77,173,2.38
77,174,2.94
77,175,5.56
77,176,4.17
77,177,5.56
77,178,5.56
77,179,2.5
77,180,6.25
77,181,5.56
77,182,2.5
77,183,5.56
77,184,3.33
77,185,4.55
77,186,3.13
77,187,3.85
77,188,3.85
77,189,8.33
77,190,3.57
77,191,2.17
77,192,3.13
77,193,2
77,194,8.33
77,195,2
77,196,2.08
77,197,2
77,198,5
77,199,2.78
77,200,2.27
78,1,2.08
78,2,10
78,3,5
78,4,3.85
78,5,4.55
78,6,3.57
78,7,3.85
78,8,2.78
78,9,2.38
78,10,2.27
78,11,8.33
78,12,3.57
78,13,3.33
78,14,3.85
78,15,7.14
78,16,5.56
78,17,5
78,18,6.25
78,19,2.27
78,20,3.85
78,21,4.55
78,22,4.17
78,23,3.57
78,24,2.17
78,25,2.5
78,26,2.63
78,27,4.17
78,28,2.63
78,29,4.17
78,30,3.85
78,31,3.57
78,32,2.94
78,33,8.33
78,34,2.08
78,35,6.25
78,36,3.57
78,37,2.08
78,38,4.17
78,39,2.63
78,40,2.17
78,41,3.13
78,42,10
78,43,5
78,44,4.17
78,45,2.94
78,46,7.14
78,47,5
78,48,3.13
78,49,10
78,50,4.17
78,51,7.14
78,52,3.57
78,53,2.08
78,54,6.25
78,55,7.14
78,56,2.63
78,57,2.94
78,58,6.25
78,59,2.94
78,60,3.57
78,61,2.17
78,62,2.5
78,63,10
78,64,2.5
78,65,7.14
78,66,8.33
78,67,7.14
78,68,2.08
78,69,5.56
78,70,2.63
78,71,3.13
78,72,4.55
78,73,2.63
78,74,7.14
78,75,2.27
78,76,2.38
78,77,6.25
78,78,7.14
78,79,2.5
78,80,2.5
78,81,2.78
78,82,2
78,83,2.94
78,84,6.25
78,85,2.94
78,86,4.55
78,87,2.5
78,88,3.85
78,89,5.56
78,90,7.14
78,91,2.94
78,92,2.5
78,93,2.94
78,94,2.94
78,95,5
78,96,3.13
78,97,6.25
78,98,2.5
78,99,2.5
78,100,3.57
78,101,3.85
78,102,2.08
78,103,6.25
78,104,4.55
78,105,2.63
78,106,3.85
78,107,2.94
78,108,2.5
78,109,2
78,110,2.78
78,111,3.13
78,112,2
78,113,10
78,114,2.17
78,115,3.13
78,116,5.56
78,117,4.55
78,118,2.5
78,119,2.08
78,120,3.13
78,121,2.94
78,122,2.78
78,123,4.17
78,124,7.14
78,125,4.17
78,126,2.08
78,127,2.27
78,128,2.17
78,129,6.25
78,130,2.27
78,131,2.5
78,132,5.56
78,133,2.08
78,134,3.57
78,135,4.17
78,136,6.25
78,137,2.5
78,138,3.85
78,139,5.56
78,140,2.08
78,141,2.78
78,142,2.08
78,143,10
78,144,4.17
78,145,3.33
78,146,4.17
78,147,2.27
78,148,2.63
78,149,3.13
78,150,2.27
78,151,5
78,152,3.33
78,153,2.78
78,154,2.27
78,155,3.33
78,156,2.17
78,157,4.55
78,158,5.56
78,159,2.38
78,160,2.27
78,161,2.5
78,162,2.63
78,163,2.08
78,164,3.57
78,165,3.57
78,166,3.13
78,167,5
78,168,2.5
78,169,8.33
78,170,5.56
78,171,2.78
78,172,2
78,173,6.25
78,174,2
78,175,5
78,176,2.17
78,177,2.63
78,178,2.27
78,179,7.14
78,180,6.25
78,181,8.33
78,182,3.13
78,183,10
78,184,3.85
78,185,3.85
78,186,8.33
78,187,10
78,188,2.78
78,189,10
78,190,2.78
78,191,5
78,192,8.33
78,193,3.85
78,194,3.85
78,195,5.56
78,196,3.33
78,197,7.14
78,198,3.85
78,199,3.33
78,200,2.27
79,1,2.08
79,2,5
79,3,7.14
79,4,10
79,5,2.08
79,6,2.78
79,7,2.17
79,8,3.33
79,9,2.08
79,10,2.78
79,11,10
79,12,6.25
79,13,3.57
79,14,3.85
79,15,2.78
79,16,2.63
79,17,4.55
79,18,3.57
79,19,2
79,20,6.25
79,21,10
79,22,2.17
79,23,3.13
79,24,3.33
79,25,3.85
79,26,2.08
79,27,2.27
79,28,2.63
79,29,8.33
79,30,4.55
79,31,2.17
79,32,5.56
79,33,3.13
79,34,2.63
79,35,3.57
79,36,4.55
79,37,8.33
79,38,2.17
79,39,8.33
79,40,3.33
79,41,7.14
79,42,3.13
79,43,3.33
79,44,5.56
79,45,2.78
79,46,2.17
79,47,2.5
79,48,5
79,49,5.56
79,50,4.17
79,51,4.55
79,52,3.13
79,53,2.38
79,54,2.38
79,55,10
79,56,3.13
79,57,4.55
79,58,2.78
79,59,3.57
79,60,5
79,61,2.38
79,62,3.13
79,63,2.38
79,64,3.57
79,65,3.85
79,66,4.55
79,67,2.08
79,68,2.78
79,69,3.13
79,70,5
79,71,3.33
79,72,3.33
79,73,6.25
79,74,2
79,75,2.5
79,76,2.08
79,77,3.85
79,78,3.57
79,79,2.08
79,80,4.55
79,81,7.14
79,82,3.57
79,83,10
79,84,2.27
79,85,7.14
79,86,5.56
79,87,7.14
79,88,5
79,89,2
79,90,2.78
79,91,4.17
79,92,3.85
79,93,4.17
79,94,2
79,95,5.56
79,96,4.17
79,97,5.56
79,98,2.63
79,99,5.56
79,100,7.14
79,101,2.94
79,102,2.08
79,103,8.33
79,104,2.5
79,105,8.33
79,106,4.17
79,107,3.57
79,108,7.14
79,109,2.17
79,110,5
79,111,2.27
79,112,4.55
79,113,7.14
79,114,2.94
79,115,7.14
79,116,3.57
79,117,2.17
79,118,10
79,119,3.13
79,120,3.57
79,121,5.56
79,122,2.27
79,123,2.5
79,124,4.55
79,125,2.17
79,126,10
79,127,2.5
79,128,2.94
79,129,7.14
79,130,2
79,131,2.5
79,132,4.55
79,133,10
79,134,4.17
79,135,5
79,136,4.55
79,137,2.17
79,138,3.57
79,139,5.56
79,140,2.08
79,141,5
79,142,7.14
79,143,2
79,144,2.5
79,145,6.25
79,146,4.55
79,147,2.38
79,148,2.17
79,149,10
79,150,3.13
79,151,3.57
79,152,2.17
79,153,10
79,154,3.13
79,155,4.55
79,156,7.14
79,157,10
79,158,3.85
79,159,6.25
79,160,10
79,161,4.55
79,162,2.5
79,163,4.17
79,164,5.56
79,165,8.33
79,166,2.08
79,167,5
79,168,4.17
79,169,5.56
79,170,2.27
79,171,3.33
79,172,2
79,173,2.38
79,174,3.85
79,175,8.33
79,176,2
79,177,2.27
79,178,2.94
79,179,2.17
79,180,3.33
79,181,7.14
79,182,6.25
79,183,4.17
79,184,4.17
79,185,2.5
79,186,2.94
79,187,4.17
79,188,4.17
79,189,2.17
79,190,2.63
79,191,3.33
79,192,4.55
79,193,2
79,194,2.17
79,195,3.33
79,196,3.57
79,197,3.57
79,198,2.5
79,199,2.5
79,200,3.33
80,1,2.27
80,2,5
80,3,7.14
80,4,10
80,5,2.5
80,6,2.63
80,7,2
80,8,5.56
80,9,4.17
80,10,3.13
80,11,2.17
80,12,3.13
80,13,2.17
80,14,3.33
80,15,2.38
80,16,2.27
80,17,2
80,18,3.85
80,19,2.08
80,20,3.13
80,21,4.55
80,22,2.17
80,23,5.56
80,24,4.17
80,25,3.57
80,26,4.17
80,27,4.55
80,28,4.17
80,29,2
80,30,2.63
80,31,2.5
80,32,2.94
80,33,5.56
80,34,2.78
80,35,4.55
80,36,6.25
80,37,3.33
80,38,3.57
80,39,10
80,40,2.38
80,41,2.5
80,42,4.55
80,43,4.55
80,44,4.17
80,45,8.33
80,46,2.08
80,47,4.55
80,48,10
80,49,7.14
80,50,2.27
80,51,5
80,52,5.56
80,53,5
80,54,7.14
80,55,2.94
80,56,6.25
80,57,10
80,58,2.27
80,59,2.38
80,60,7.14
80,61,3.33
80,62,7.14
80,63,4.55
80,64,10
80,65,3.57
80,66,3.33
80,67,8.33
80,68,3.57
80,69,2.78
80,70,2.63
80,71,5.56
80,72,2.38
80,73,5
80,74,2.17
80,75,10
80,76,3.33
80,77,4.17
80,78,5.56
80,79,6.25
80,80,2.38
80,81,2.5
80,82,2.94
80,83,2.78
80,84,8.33
80,85,3.57
80,86,2.38
80,87,5
80,88,4.55
80,89,7.14
80,90,3.33
80,91,2.94
80,92,2.78
80,93,3.33
80,94,4.17
80,95,2.94
80,96,2.08
80,97,5
80,98,2.94
80,99,2.27
80,100,2.94
80,101,3.57
80,102,2.08
80,103,4.17
80,104,2.27
80,105,2
80,106,2.27
80,107,3.13
80,108,4.55
80,109,2.78
80,110,2.63
80,111,2.08
80,112,2.27
80,113,3.13
80,114,2.08
80,115,3.57
80,116,3.33
80,117,2.38
80,118,2.08
80,119,4.55
80,120,2.94
80,121,2
80,122,2.08
80,123,3.57
80,124,7.14
80,125,3.33
80,126,2.78
80,127,5.56
80,128,4.55
80,129,2.17
80,130,4.17
80,131,4.55
80,132,2
80,133,3.33
80,134,3.13
80,135,3.13
80,136,2
80,137,5.56
80,138,5.56
80,139,5.56
80,140,8.33
80,141,10
80,142,4.55
80,143,3.33
80,144,2.78
80,145,2.17
80,146,2.08
80,147,4.55
80,148,3.85
80,149,2.5
80,150,6.25
80,151,3.33
80,152,2.94
80,153,2.38
80,154,5.56
80,155,8.33
80,156,10
80,157,7.14
80,158,2.94
80,159,3.13
80,160,4.17
80,161,2.17
80,162,3.57
80,163,2.94
80,164,8.33
80,165,10
80,166,2.5
80,167,3.57
80,168,2.17
80,169,2.94
80,170,3.13
80,171,5.56
80,172,2.38
80,173,7.14
80,174,2.5
80,175,3.13
80,176,5.56
80,177,8.33
80,178,3.85
80,179,10
80,180,4.55
80,181,5
80,182,2.63
80,183,6.25
80,184,3.13
80,185,8.33
80,186,2.78
80,187,5
80,188,2.08
80,189,4.55
80,190,3.13
80,191,5
80,192,5
80,193,5.56
80,194,10
80,195,2.63
80,196,3.33
80,197,7.14
80,198,2.5
80,199,3.33
80,200,2.78
81,1,2.38
81,2,7.14
81,3,3.85
81,4,2.78
81,5,2.78
81,6,4.55
81,7,2.17
81,8,2.17
81,9,2.27
81,10,8.33
81,11,2.5
81,12,2.38
81,13,4.55
81,14,4.17
81,15,4.17
81,16,7.14
81,17,5
81,18,6.25
81,19,2.78
81,20,7.14
81,21,4.17
81,22,2.78
81,23,4.55
81,24,2.5
81,25,10
81,26,5.56
81,27,2
81,28,8.33
81,29,10
81,30,2.78
81,31,8.33
81,32,2.17
81,33,6.25
81,34,3.57
81,35,2.38
81,36,2.94
81,37,3.85
81,38,2.08
81,39,2.94
81,40,2.78
81,41,8.33
81,42,3.13
81,43,2.27
81,44,3.85
81,45,3.57
81,46,8.33
81,47,2.78
81,48,3.13
81,49,4.55
81,50,2.78
81,51,4.55
81,52,3.13
81,53,2.94
81,54,4.17
81,55,2
81,56,2.27
81,57,3.13
81,58,2.27
81,59,2.63
81,60,2
81,61,3.85
81,62,2.08
81,63,4.55
81,64,2.27
81,65,3.57
81,66,2.63
81,67,2.63
81,68,2.08
81,69,2.38
81,70,7.14
81,71,2
81,72,5.56
81,73,4.55
81,74,3.57
81,75,8.33
81,76,3.33
81,77,3.33
81,78,10
81,79,2.94
81,80,2.5
81,81,2.27
81,82,10
81,83,2.38
81,84,2.5
81,85,2.63
81,86,2.78
81,87,3.85
81,88,8.33
81,89,2.17
81,90,7.14
81,91,8.33
81,92,2.94
81,93,2.17
81,94,7.14
81,95,8.33
81,96,4.17
81,97,3.33
81,98,2.94
81,99,2.5
81,100,5.56
81,101,2.27
81,102,5
81,103,2.63
81,104,2
81,105,2.08
81,106,3.13
81,107,7.14
81,108,3.57
81,109,3.85
81,110,3.57
81,111,2.78
81,112,10
81,113,5.56
81,114,10
81,115,5.56
81,116,3.13
81,117,2.5
81,118,10
81,119,2.94
81,120,8.33
81,121,2.63
81,122,2.27
81,123,2.63
81,124,2.17
81,125,4.17
81,126,6.25
81,127,6.25
81,128,2.94
81,129,4.17
81,130,6.25
81,131,8.33
81,132,4.17
81,133,3.57
81,134,10
81,135,2.08
81,136,10
81,137,3.57
81,138,3.13
81,139,2.27
81,140,8.33
81,141,2.08
81,142,6.25
81,143,2.17
81,144,2.38
81,145,2.08
81,146,2.78
81,147,2
81,148,5
81,149,4.55
81,150,2.63
81,151,5.56
81,152,2
81,153,2.38
81,154,2.38
81,155,3.13
81,156,2
81,157,2.08
81,158,5.56
81,159,3.13
81,160,2.94
81,161,10
81,162,8.33
81,163,7.14
81,164,3.85
81,165,10
81,166,2.63
81,167,10
81,168,2.08
81,169,8.33
81,170,6.25
81,171,3.33
81,172,2.5
81,173,2.27
81,174,3.33
81,175,3.85
81,176,3.85
81,177,3.33
81,178,8.33
81,179,10
81,180,2.94
81,181,2.5
81,182,4.17
81,183,3.33
81,184,7.14
81,185,2.27
81,186,2.5
81,187,2.08
81,188,5.56
81,189,10
81,190,2.78
81,191,3.85
81,192,3.85
81,193,3.85
81,194,2.5
81,195,4.55
81,196,4.55
81,197,5
81,198,2.5
81,199,5.56
81,200,4.17
82,1,3.57
82,2,6.25
82,3,5
82,4,2.5
82,5,8.33
82,6,3.85
82,7,2.5
82,8,2
82,9,5.56
82,10,2.38
82,11,5.56
82,12,2
82,13,5.56
82,14,2.63
82,15,3.13
82,16,4.55
82,17,7.14
82,18,2.08
82,19,3.13
82,20,2.5
82,21,2.27
82,22,2.94
82,23,3.13
82,24,3.85
82,25,5
82,26,2.17
82,27,6.25
82,28,4.55
82,29,3.57
82,30,4.55
82,31,6.25
82,32,5
82,33,3.13
82,34,3.13
82,35,10
82,36,2.27
82,37,3.85
82,38,4.55
82,39,2.27
82,40,5
82,41,4.55
82,42,5
82,43,3.13
82,44,3.85
82,45,7.14
82,46,2.5
82,47,2.5
82,48,3.85
82,49,4.17
82,50,3.13
82,51,3.13
82,52,5.56
82,53,2.94
82,54,2.27
82,55,5
82,56,2.27
82,57,6.25
82,58,8.33
82,59,6.25
82,60,2.17
82,61,2.63
82,62,2.63
82,63,2
82,64,7.14
82,65,3.13
82,66,2.63
82,67,5
82,68,2.63
82,69,2.78
82,70,3.33
82,71,3.13
82,72,4.55
82,73,3.57
82,74,3.85
82,75,3.57
82,76,3.57
82,77,4.17
82,78,10
82,79,7.14
82,80,3.85
82,81,7.14
82,82,3.57
82,83,4.17
82,84,2.63
82,85,6.25
82,86,2.94
82,87,2.94
82,88,5
82,89,2.27
82,90,7.14
82,91,2.78
82,92,5.56
82,93,3.57
82,94,5
82,95,2.38
82,96,4.55
82,97,2.17
82,98,4.17
82,99,4.55
82,100,2.38
82,101,2
82,102,2.08
82,103,2.78
82,104,10
82,105,2.08
82,106,2.94
82,107,6.25
82,108,2
82,109,2.38
82,110,2.08
82,111,2.27
82,112,3.13
82,113,2.5
82,114,3.57
82,115,2.63
82,116,2.08
82,117,5.56
82,118,4.17
82,119,3.33
82,120,2.08
82,121,2.5
82,122,10
82,123,2.38
82,124,10
82,125,3.13
82,126,2.38
82,127,3.13
82,128,2.17
82,129,10
82,130,4.55
82,131,2.17
82,132,8.33
82,133,6.25
82,134,8.33
82,135,10
82,136,2.63
82,137,2.63
82,138,4.55
82,139,8.33
82,140,8.33
82,141,2.63
82,142,3.13
82,143,8.33
82,144,2.27
82,145,5
82,146,2.38
82,147,3.85
82,148,2.94
82,149,4.55
82,150,2.78
82,151,10
82,152,5.56
82,153,6.25
82,154,4.17
82,155,3.33
82,156,2.08
82,157,2.78
82,158,3.85
82,159,5.56
82,160,2.78
82,161,2.38
82,162,10
82,163,2.78
82,164,2.38
82,165,3.33
82,166,2.08
82,167,2.63
82,168,5
82,169,5
82,170,5.56
82,171,7.14
82,172,3.13
82,173,2.5
82,174,7.14
82,175,2.63
82,176,2.94
82,177,6.25
82,178,3.85
82,179,3.85
82,180,5.56
82,181,2.63
82,182,2.17
82,183,3.85
82,184,2.17
82,185,2.08
82,186,2.94
82,187,2
82,188,2.78
82,189,6.25
82,190,4.17
82,191,4.17
82,192,8.33
82,193,4.17
82,194,7.14
82,195,3.85
82,196,6.25
82,197,2.17
82,198,5
82,199,4.55
82,200,2.27
83,1,10
83,2,3.13
83,3,2
83,4,3.85
83,5,2.63
83,6,4.55
83,7,5
83,8,3.57
83,9,2.78
83,10,2.78
83,11,3.33
83,12,7.14
83,13,8.33
83,14,2.08
83,15,5
83,16,4.55
83,17,2
83,18,2.17
83,19,3.85
83,20,7.14
83,21,3.85
83,22,4.17
83,23,4.17
83,24,4.17
83,25,2.17
83,26,2.5
83,27,2.27
83,28,2.08
83,29,3.13
83,30,4.55
83,31,10
83,32,5
83,33,3.57
83,34,2.08
83,35,3.85
83,36,5.56
83,37,5.56
83,38,3.33
83,39,4.17
83,40,10
83,41,5
83,42,2.27
83,43,4.55
83,44,2.5
83,45,3.85
83,46,4.17
83,47,2.17
83,48,2.08
83,49,3.13
83,50,6.25
83,51,2.78
83,52,2.38
83,53,3.13
83,54,2.94
83,55,8.33
83,56,4.17
83,57,5
83,58,7.14
83,59,6.25
83,60,8.33
83,61,8.33
83,62,5
83,63,2.78
83,64,2.94
83,65,3.57
83,66,4.55
83,67,2.38
83,68,8.33
83,69,5.56
83,70,2.38
83,71,2.94
83,72,4.17
83,73,3.13
83,74,3.57
83,75,2.94
83,76,4.55
83,77,2.78
83,78,4.17
83,79,2.78
83,80,2.08
83,81,8.33
83,82,5
83,83,5
83,84,3.33
83,85,8.33
83,86,10
83,87,2.78
83,88,2.38
83,89,2.94
83,90,7.14
83,91,3.85
83,92,3.13
83,93,2.38
83,94,2.94
83,95,8.33
83,96,2.78
83,97,2.5
83,98,8.33
83,99,6.25
83,100,2.38
83,101,5
83,102,3.85
83,103,2.38
83,104,3.85
83,105,3.85
83,106,2
83,107,3.13
83,108,7.14
83,109,2.27
83,110,3.13
83,111,3.57
83,112,5.56
83,113,2.5
83,114,2.63
83,115,3.13
83,116,4.17
83,117,8.33
83,118,3.33
83,119,8.33
83,120,3.33
83,121,2.17
83,122,2.08
83,123,2.17
83,124,2.17
83,125,7.14
83,126,3.33
83,127,3.57
83,128,5.56
83,129,2.78
83,130,2.27
83,131,2.94
83,132,4.17
83,133,2.08
83,134,2
83,135,8.33
83,136,3.33
83,137,2.08
83,138,2.17
83,139,3.13
83,140,3.33
83,141,5
83,142,2.38
83,143,4.17
83,144,5
83,145,2.63
83,146,3.57
83,147,2.17
83,148,4.17
83,149,10
83,150,4.55
83,151,2.27
83,152,2.5
83,153,4.17
83,154,5
83,155,5.56
83,156,2.38
83,157,3.33
83,158,2.27
83,159,4.17
83,160,4.17
83,161,2.5
83,162,2.63
83,163,10
83,164,2.5
83,165,2.94
83,166,2.63
83,167,2
83,168,4.17
83,169,3.85
83,170,2.63
83,171,5
83,172,2.94
83,173,5.56
83,174,2
83,175,6.25
83,176,3.33
83,177,10
83,178,2.27
83,179,5
83,180,2.38
83,181,2.5
83,182,3.33
83,183,2.08
83,184,2.5
83,185,2.08
83,186,2.17
83,187,2.63
83,188,2.27
83,189,2.08
83,190,6.25
83,191,3.13
83,192,2.94
83,193,3.33
83,194,2.78
83,195,5
83,196,10
83,197,7.14
83,198,3.85
83,199,2.27
83,200,5.56
84,1,5
84,2,3.85
84,3,6.25
84,4,3.13
84,5,3.85
84,6,5.56
84,7,7.14
84,8,3.57
84,9,4.17
84,10,7.14
84,11,7.14
84,12,3.57
84,13,8.33
84,14,2.38
84,15,2.94
84,16,2
84,17,3.85
84,18,10
84,19,8.33
84,20,3.85
84,21,3.33
84,22,2.78
84,23,2.78
84,24,2.17
84,25,2.38
84,26,2
84,27,4.17
84,28,6.25
84,29,7.14
84,30,6.25
84,31,6.25
84,32,2.63
84,33,2.08
84,34,2.5
84,35,8.33
84,36,5.56
84,37,3.33
84,38,5
84,39,3.33
84,40,2.63
84,41,4.55
84,42,2
84,43,3.13
84,44,5.56
84,45,3.33
84,46,5.56
84,47,3.57
84,48,3.33
84,49,10
84,50,2
84,51,2.94
84,52,2.27
84,53,4.17
84,54,5
84,55,6.25
84,56,2
84,57,3.57
84,58,2.27
84,59,4.55
84,60,2.27
84,61,2.63
84,62,3.85
84,63,2
84,64,2.94
84,65,2.5
84,66,5
84,67,3.57
84,68,10
84,69,3.33
84,70,5.56
84,71,2.5
84,72,2.94
84,73,3.13
84,74,5
84,75,3.85
84,76,3.85
84,77,3.57
84,78,2.17
84,79,2.08
84,80,7.14
84,81,2.17
84,82,4.55
84,83,3.13
84,84,3.33
84,85,8.33
84,86,2.08
84,87,2.38
84,88,5.56
84,89,2.17
84,90,4.17
84,91,2.63
84,92,2
84,93,2
84,94,2.94
84,95,4.17
84,96,3.33
84,97,2.17
84,98,5
84,99,4.17
84,100,3.85
84,101,5
84,102,3.13
84,103,2.27
84,104,2.08
84,105,2.63
84,106,4.17
84,107,2.78
84,108,2.08
84,109,4.17
84,110,5.56
84,111,8.33
84,112,4.55
84,113,2.08
84,114,4.17
84,115,3.57
84,116,2
84,117,8.33
84,118,2.17
84,119,2.08
84,120,2.27
84,121,2.63
84,122,2.63
84,123,10
84,124,2.5
84,125,2.63
84,126,5.56
84,127,6.25
84,128,3.57
84,129,10
84,130,6.25
84,131,6.25
84,132,2.78
84,133,3.85
84,134,5.56
84,135,2.17
84,136,2
84,137,2
84,138,8.33
84,139,2
84,140,5.56
84,141,2.27
84,142,3.85
84,143,3.13
84,144,3.57
84,145,2.78
84,146,5.56
84,147,2.08
84,148,3.13
84,149,7.14
84,150,4.17
84,151,2.5
84,152,5.56
84,153,3.33
84,154,2.5
84,155,2.63
84,156,4.55
84,157,2.78
84,158,3.57
84,159,2.27
84,160,4.17
84,161,2.27
84,162,10
84,163,8.33
84,164,2.38
84,165,2.63
84,166,5
84,167,2.63
84,168,2.08
84,169,2.27
84,170,10
84,171,4.55
84,172,2.5
84,173,3.85
84,174,2.17
84,175,5
84,176,3.57
84,177,4.55
84,178,2.08
84,179,2
84,180,2.38
84,181,2.08
84,182,2.5
84,183,2.38
84,184,2.38
84,185,2.08
84,186,6.25
84,187,3.57
84,188,10
84,189,5.56
84,190,2.78
84,191,3.85
84,192,7.14
84,193,2.38
84,194,5.56
84,195,2.78
84,196,2.78
84,197,3.85
84,198,4.55
84,199,3.13
84,200,5.56
85,1,10
85,2,2.78
85,3,2.94
85,4,2.5
85,5,4.17
85,6,5
85,7,8.33
85,8,2.94
85,9,6.25
85,10,3.33
85,11,5.56
85,12,4.55
85,13,2.17
85,14,2.08
85,15,2.38
85,16,2.08
85,17,7.14
85,18,2.17
85,19,4.55
85,20,5
85,21,4.17
85,22,2.38
85,23,2.17
85,24,2.27
85,25,3.13
85,26,2
85,27,2.08
85,28,3.57
85,29,6.25
85,30,3.13
85,31,2.63
85,32,8.33
85,33,8.33
85,34,2.78
85,35,2
85,36,6.25
85,37,3.13
85,38,3.57
85,39,2.78
85,40,2.94
85,41,4.17
85,42,2.27
85,43,5
85,44,2.5
85,45,5.56
85,46,5
85,47,2.27
85,48,5.56
85,49,2.17
85,50,10
85,51,10
85,52,3.57
85,53,2.78
85,54,5
85,55,3.85
85,56,4.17
85,57,3.85
85,58,7.14
85,59,6.25
85,60,5.56
85,61,2
85,62,2.63
85,63,8.33
85,64,6.25
85,65,6.25
85,66,4.17
85,67,2.38
85,68,2.27
85,69,2.38
85,70,8.33
85,71,5
85,72,2.5
85,73,3.85
85,74,2.17
85,75,6.25
85,76,3.57
85,77,3.13
85,78,2.27
85,79,2.38
85,80,5.56
85,81,3.57
85,82,4.17
85,83,3.13
85,84,2.17
85,85,4.17
85,86,7.14
85,87,4.17
85,88,2.27
85,89,7.14
85,90,3.13
85,91,2.08
85,92,2.78
85,93,4.17
85,94,6.25
85,95,3.85
85,96,6.25
85,97,5
85,98,2.5
85,99,3.13
85,100,4.55
85,101,6.25
85,102,3.13
85,103,4.17
85,104,2.17
85,105,8.33
85,106,2.78
85,107,2.17
85,108,2.38
85,109,2.63
85,110,4.17
85,111,2.63
85,112,4.17
85,113,5
85,114,2
85,115,2.27
85,116,2.38
85,117,3.57
85,118,2
85,119,4.17
85,120,3.13
85,121,10
85,122,4.17
85,123,2.63
85,124,3.13
85,125,3.13
85,126,4.17
85,127,3.33
85,128,3.57
85,129,6.25
85,130,2.94
85,131,4.55
85,132,3.33
85,133,2.94
85,134,4.55
85,135,3.85
85,136,3.13
85,137,2.27
85,138,3.85
85,139,3.57
85,140,2.17
85,141,2
85,142,2.78
85,143,2.27
85,144,3.13
85,145,3.85
85,146,3.33
85,147,7.14
85,148,10
85,149,4.17
85,150,6.25
85,151,2.08
85,152,5.56
85,153,2.5
85,154,2.94
85,155,3.13
85,156,10
85,157,2.08
85,158,3.13
85,159,2.27
85,160,6.25
85,161,2
85,162,2.5
85,163,8.33
85,164,2
85,165,3.85
85,166,6.25
85,167,3.57
85,168,2.94
85,169,4.55
85,170,6.25
85,171,6.25
85,172,5.56
85,173,2.5
85,174,8.33
85,175,2.78
85,176,2.08
85,177,2.27
85,178,2.17
85,179,4.17
85,180,4.55
85,181,2
85,182,2.17
85,183,4.17
85,184,3.13
85,185,3.85
85,186,3.13
85,187,2.5
85,188,3.85
85,189,5.56
85,190,8.33
85,191,2.94
85,192,2.63
85,193,2.78
85,194,8.33
85,195,2.63
85,196,3.33
85,197,3.57
85,198,8.33
85,199,2.78
85,200,2.27
86,1,7.14
86,2,5
86,3,7.14
86,4,5.56
86,5,2.5
86,6,6.25
86,7,2.5
86,8,2.63
86,9,4.17
86,10,5
86,11,2.94
86,12,8.33
86,13,2
86,14,2.08
86,15,2.38
86,16,5
86,17,2.17
86,18,2.08
86,19,2.78
86,20,4.55
86,21,3.33
86,22,4.55
86,23,2.38
86,24,2.78
86,25,2.94
86,26,2.5
86,27,4.55
86,28,3.57
86,29,5
86,30,5.56
86,31,2
86,32,5.56
86,33,2.63
86,34,5
86,35,2.08
86,36,4.17
86,37,5.56
86,38,3.13
86,39,4.55
86,40,2.63
86,41,2.27
86,42,2.63
86,43,2.63
86,44,2.08
86,45,5
86,46,2.38
86,47,4.17
86,48,4.17
86,49,8.33
86,50,2
86,51,2.94
86,52,2.27
86,53,2.78
86,54,5.56
86,55,2.27
86,56,2.5
86,57,10
86,58,6.25
86,59,5.56
86,60,2.27
86,61,2.38
86,62,3.57
86,63,2.17
86,64,4.17
86,65,6.25
86,66,3.33
86,67,4.17
86,68,3.13
86,69,3.85
86,70,3.13
86,71,3.13
86,72,4.17
86,73,3.85
86,74,2.94
86,75,2.38
86,76,6.25
86,77,3.85
86,78,7.14
86,79,8.33
86,80,2.94
86,81,2.38
86,82,3.13
86,83,7.14
86,84,3.13
86,85,3.13
86,86,4.17
86,87,4.55
86,88,5
86,89,3.13
86,90,5
86,91,5.56
86,92,8.33
86,93,2.94
86,94,4.17
86,95,4.55
86,96,2.38
86,97,2.94
86,98,5
86,99,2.27
86,100,3.13
86,101,3.57
86,102,5.56
86,103,7.14
86,104,4.17
86,105,4.17
86,106,2.78
86,107,4.55
86,108,2.27
86,109,2.94
86,110,2.38
86,111,5
86,112,2.38
86,113,4.55
86,114,2.08
86,115,2.17
86,116,2.08
86,117,2.78
86,118,2.17
86,119,2.17
86,120,5
86,121,2.78
86,122,2.5
86,123,2.27
86,124,5.56
86,125,5.56
86,126,2.94
86,127,3.33
86,128,10
86,129,6.25
86,130,4.17
86,131,3.13
86,132,2.5
86,133,2
86,134,2.94
86,135,2.38
86,136,3.85
86,137,10
86,138,6.25
86,139,5
86,140,2.63
86,141,2.08
86,142,10
86,143,5
86,144,2.5
86,145,2.94
86,146,3.85
86,147,2.63
86,148,5
86,149,4.55
86,150,4.17
86,151,2.94
86,152,8.33
86,153,7.14
86,154,4.55
86,155,7.14
86,156,7.14
86,157,5
86,158,8.33
86,159,7.14
86,160,3.13
86,161,3.85
86,162,2
86,163,10
86,164,3.85
86,165,6.25
86,166,6.25
86,167,2.38
86,168,2.27
86,169,2.63
86,170,6.25
86,171,2.5
86,172,3.57
86,173,4.17
86,174,10
86,175,2
86,176,2.17
86,177,3.13
86,178,2.27
86,179,2.5
86,180,2.63
86,181,2.94
86,182,2.08
86,183,8.33
86,184,3.13
86,185,3.57
86,186,3.33
86,187,2.38
86,188,2.27
86,189,6.25
86,190,8.33
86,191,2.17
86,192,2.94
86,193,2.17
86,194,6.25
86,195,2
86,196,2.5
86,197,2.38
86,198,2.78
86,199,3.57
86,200,7.14
87,1,8.33
87,2,10
87,3,3.13
87,4,4.55
87,5,3.13
87,6,6.25
87,7,7.14
87,8,4.55
87,9,2.94
87,10,2.08
87,11,2.38
87,12,2.5
87,13,4.55
87,14,2.17
87,15,3.13
87,16,2.78
87,17,10
87,18,2.5
87,19,3.85
87,20,5
87,21,8.33
87,22,3.57
87,23,2.17
87,24,3.57
87,25,6.25
87,26,8.33
87,27,3.85
87,28,2.63
87,29,2.08
87,30,2.63
87,31,2.17
87,32,5.56
87,33,7.14
87,34,2.94
87,35,4.55
87,36,3.85
87,37,10
87,38,5
87,39,2.5
87,40,2.17
87,41,5.56
87,42,2.94
87,43,2.78
87,44,5
87,45,6.25
87,46,3.85
87,47,2.78
87,48,3.57
87,49,2.63
87,50,4.17
87,51,3.85
87,52,2.78
87,53,3.33
87,54,2.08
87,55,2.63
87,56,2.63
87,57,2.17
87,58,5.56
87,59,8.33
87,60,10
87,61,3.13
87,62,5.56
87,63,5.56
87,64,5.56
87,65,3.85
87,66,7.14
87,67,3.33
87,68,8.33
87,69,4.17
87,70,4.17
87,71,5.56
87,72,2.27
87,73,2.38
87,74,2.38
87,75,3.33
87,76,2
87,77,6.25
87,78,10
87,79,2.17
87,80,3.13
87,81,3.57
87,82,2.38
87,83,4.17
87,84,2.08
87,85,2.17
87,86,4.55
87,87,6.25
87,88,3.33
87,89,2.08
87,90,2
87,91,2.94
87,92,4.55
87,93,5
87,94,5
87,95,4.17
87,96,2.27
87,97,2.38
87,98,3.85
87,99,2
87,100,2.27
87,101,4.17
87,102,2.38
87,103,2.78
87,104,2.94
87,105,10
87,106,3.13
87,107,5
87,108,8.33
87,109,2.27
87,110,2.27
87,111,6.25
87,112,8.33
87,113,2.38
87,114,3.85
87,115,3.33
87,116,3.57
87,117,2.94
87,118,4.55
87,119,2.17
87,120,5.56
87,121,3.57
87,122,7.14
87,123,3.13
87,124,2.27
87,125,6.25
87,126,7.14
87,127,10
87,128,2
87,129,2.27
87,130,4.55
87,131,8.33
87,132,2
87,133,2
87,134,2.94
87,135,4.55
87,136,2.27
87,137,10
87,138,2.17
87,139,2.94
87,140,2.17
87,141,2.08
87,142,4.17
87,143,2.27
87,144,2.38
87,145,5.56
87,146,3.13
87,147,3.33
87,148,5.56
87,149,7.14
87,150,2
87,151,2
87,152,2.27
87,153,2
87,154,8.33
87,155,5
87,156,6.25
87,157,3.85
87,158,2.78
87,159,3.13
87,160,2.27
87,161,4.17
87,162,3.33
87,163,2
87,164,3.57
87,165,2
87,166,2.78
87,167,5.56
87,168,2.17
87,169,3.13
87,170,3.57
87,171,2.17
87,172,7.14
87,173,2.38
87,174,2.94
87,175,2.08
87,176,4.55
87,177,2.78
87,178,3.57
87,179,2.5
87,180,8.33
87,181,2.08
87,182,2.08
87,183,2.78
87,184,2.38
87,185,4.17
87,186,4.55
87,187,5
87,188,2.5
87,189,5
87,190,3.33
87,191,2.94
87,192,5.56
87,193,2.63
87,194,5.56
87,195,8.33
87,196,6.25
87,197,7.14
87,198,6.25
87,199,8.33
87,200,2.17
88,1,3.57
88,2,4.17
88,3,2.38
88,4,2.78
88,5,2.38
88,6,5
88,7,2
88,8,3.13
88,9,2.38
88,10,7.14
88,11,5
88,12,5
88,13,5
88,14,3.33
88,15,3.13
88,16,10
88,17,2
88,18,2.17
88,19,3.33
88,20,3.13
88,21,4.55
88,22,2.17
88,23,5
88,24,2.17
88,25,5.56
88,26,5
88,27,2.27
88,28,3.57
88,29,4.55
88,30,2.78
88,31,3.13
88,32,3.13
88,33,2.94
88,34,4.55
88,35,5.56
88,36,6.25
88,37,2.27
88,38,2.78
88,39,2.27
88,40,2.38
88,41,2.08
88,42,3.57
88,43,6.25
88,44,2.38
88,45,4.55
88,46,2.94
88,47,2.38
88,48,2.08
88,49,3.13
88,50,5.56
88,51,7.14
88,52,3.33
88,53,5.56
88,54,5.56
88,55,2.17
88,56,2.08
88,57,2.17
88,58,2
88,59,2
88,60,2.38
88,61,2.63
88,62,3.57
88,63,2.63
88,64,3.33
88,65,2.27
88,66,2.08
88,67,6.25
88,68,2
88,69,3.57
88,70,5
88,71,2.63
88,72,10
88,73,2.63
88,74,4.17
88,75,5
88,76,3.13
88,77,2.38
88,78,2.63
88,79,5.56
88,80,3.57
88,81,5.56
88,82,4.55
88,83,2.17
88,84,2.5
88,85,6.25
88,86,4.17
88,87,3.85
88,88,2.94
88,89,5.56
88,90,2.94
88,91,3.85
88,92,7.14
88,93,2
88,94,3.57
88,95,2.78
88,96,4.17
88,97,2.63
88,98,4.55
88,99,7.14
88,100,2
88,101,4.17
88,102,3.85
88,103,5.56
88,104,3.33
88,105,4.17
88,106,2.27
88,107,2.94
88,108,8.33
88,109,8.33
88,110,5
88,111,6.25
88,112,2.5
88,113,2.38
88,114,8.33
88,115,2.63
88,116,2.27
88,117,10
88,118,4.17
88,119,7.14
88,120,8.33
88,121,2.17
88,122,5.56
88,123,2.38
88,124,3.57
88,125,4.55
88,126,3.13
88,127,2.78
88,128,5.56
88,129,2.27
88,130,3.57
88,131,3.85
88,132,3.57
88,133,2.27
88,134,2.5
88,135,5
88,136,2.5
88,137,2.63
88,138,6.25
88,139,2.63
88,140,2
88,141,2
88,142,5
88,143,5.56
88,144,7.14
88,145,2.38
88,146,7.14
88,147,2.17
88,148,5.56
88,149,4.55
88,150,2.17
88,151,3.57
88,152,3.57
88,153,2.63
88,154,3.33
88,155,3.85
88,156,2.94
88,157,3.13
88,158,2.27
88,159,7.14
88,160,2.94
88,161,4.55
88,162,3.13
88,163,3.13
88,164,5.56
88,165,2.08
88,166,2.63
88,167,2.5
88,168,2.38
88,169,7.14
88,170,2.17
88,171,5.56
88,172,2.94
88,173,4.17
88,174,7.14
88,175,2.27
88,176,2.94
88,177,10
88,178,10
88,179,2.08
88,180,3.85
88,181,10
88,182,5.56
88,183,4.17
88,184,2.78
88,185,2
88,186,3.33
88,187,7.14
88,188,2.94
88,189,2.27
88,190,2
88,191,6.25
88,192,2.08
88,193,2.78
88,194,2.94
88,195,2.08
88,196,10
88,197,4.55
88,198,2.78
88,199,2.27
88,200,2.94
89,1,4.17
89,2,5.56
89,3,2.94
89,4,3.85
89,5,2.94
89,6,10
89,7,6.25
89,8,2.5
89,9,2.38
89,10,3.85
89,11,8.33
89,12,3.13
89,13,2.63
89,14,2.27
89,15,2.27
89,16,7.14
89,17,10
89,18,2
89,19,2
89,20,2
89,21,2.38
89,22,3.13
89,23,2.5
89,24,3.57
89,25,5
89,26,7.14
89,27,3.57
89,28,7.14
89,29,2.38
89,30,2.27
89,31,3.57
89,32,6.25
89,33,3.33
89,34,8.33
89,35,2.94
89,36,10
89,37,4.17
89,38,10
89,39,2.63
89,40,5.56
89,41,3.85
89,42,2.27
89,43,2.78
89,44,2.27
89,45,2.78
89,46,4.17
89,47,2.63
89,48,10
89,49,7.14
89,50,2.78
89,51,6.25
89,52,2.63
89,53,2.78
89,54,2.17
89,55,4.17
89,56,3.13
89,57,5.56
89,58,2.17
89,59,3.13
89,60,3.57
89,61,3.33
89,62,3.13
89,63,3.57
89,64,7.14
89,65,4.55
89,66,3.57
89,67,2.27
89,68,3.85
89,69,3.33
89,70,4.17
89,71,2.08
89,72,2.38
89,73,2.94
89,74,4.17
89,75,10
89,76,3.33
89,77,5.56
89,78,3.57
89,79,3.33
89,80,7.14
89,81,7.14
89,82,3.13
89,83,2.94
89,84,5
89,85,2.78
89,86,5
89,87,4.17
89,88,2.63
89,89,3.57
89,90,8.33
89,91,2.38
89,92,2.5
89,93,2.38
89,94,3.57
89,95,2.94
89,96,6.25
89,97,5
89,98,2.78
89,99,3.57
89,100,3.13
89,101,3.13
89,102,2.27
89,103,2.17
89,104,10
89,105,3.33
89,106,2.27
89,107,8.33
89,108,4.17
89,109,3.57
89,110,3.57
89,111,2.17
89,112,5
89,113,5
89,114,8.33
89,115,3.13
89,116,3.13
89,117,4.55
89,118,2.17
89,119,3.33
89,120,3.13
89,121,10
89,122,4.17
89,123,2.63
89,124,3.85
89,125,3.13
89,126,2.78
89,127,6.25
89,128,10
89,129,2.94
89,130,2
89,131,3.33
89,132,5
89,133,4.17
89,134,2.17
89,135,4.55
89,136,2.78
89,137,2.17
89,138,7.14
89,139,7.14
89,140,5.56
89,141,2.08
89,142,3.57
89,143,4.55
89,144,3.33
89,145,3.33
89,146,3.85
89,147,3.13
89,148,2.63
89,149,2
89,150,10
89,151,2.94
89,152,3.85
89,153,2.94
89,154,3.13
89,155,2.78
89,156,8.33
89,157,2.38
89,158,2.38
89,159,2.27
89,160,2.17
89,161,10
89,162,4.55
89,163,5.56
89,164,3.85
89,165,8.33
89,166,2.27
89,167,4.55
89,168,3.13
89,169,4.55
89,170,4.17
89,171,4.55
89,172,3.13
89,173,5
89,174,4.55
89,175,2.17
89,176,3.33
89,177,2.08
89,178,6.25
89,179,2.63
89,180,5.56
89,181,3.13
89,182,2.27
89,183,5.56
89,184,2.94
89,185,2.17
89,186,5.56
89,187,6.25
89,188,3.33
89,189,6.25
89,190,8.33
89,191,5.56
89,192,2.38
89,193,5
89,194,2
89,195,3.85
89,196,5
89,197,3.13
89,198,4.55
89,199,2
89,200,4.17
90,1,3.33
90,2,2.08
90,3,2.94
90,4,2.94
90,5,2.17
90,6,2.94
90,7,2.27
90,8,2.63
90,9,3.33
90,10,10
90,11,7.14
90,12,4.55
90,13,3.33
90,14,5.56
90,15,4.17
90,16,2.5
90,17,10
90,18,3.13
90,19,10
90,20,10
90,21,3.13
90,22,10
90,23,2.63
90,24,7.14
90,25,3.13
90,26,2.78
90,27,2.94
90,28,8.33
90,29,4.17
90,30,2.78
90,31,2.78
90,32,2
90,33,6.25
90,34,10
90,35,2.78
90,36,2.94
90,37,2.17
90,38,7.14
90,39,2.63
90,40,7.14
90,41,7.14
90,42,2.08
90,43,10
90,44,4.55
90,45,2.78
90,46,3.85
90,47,2.38
90,48,8.33
90,49,3.57
90,50,2.94
90,51,5
90,52,2.63
90,53,2.08
90,54,2.63
90,55,8.33
90,56,8.33
90,57,2.78
90,58,2.17
90,59,3.33
90,60,2.38
90,61,2.5
90,62,10
90,63,2.94
90,64,4.17
90,65,4.17
90,66,2.17
90,67,2.94
90,68,7.14
90,69,8.33
90,70,8.33
90,71,5.56
90,72,8.33
90,73,2.38
90,74,3.33
90,75,2.63
90,76,2.5
90,77,3.85
90,78,7.14
90,79,3.13
90,80,2.08
90,81,3.13
90,82,2.63
90,83,4.55
90,84,2.94
90,85,2.63
90,86,2
90,87,8.33
90,88,3.85
90,89,8.33
90,90,2.08
90,91,2.63
90,92,4.55
90,93,2.08
90,94,3.57
90,95,2.38
90,96,3.13
90,97,2.27
90,98,2.38
90,99,3.13
90,100,3.57
90,101,7.14
90,102,2.17
90,103,2.27
90,104,2.5
90,105,2.17
90,106,6.25
90,107,2.78
90,108,2.63
90,109,2.17
90,110,2.94
90,111,2.27
90,112,4.17
90,113,2.5
90,114,10
90,115,2.78
90,116,4.55
90,117,2.78
90,118,6.25
90,119,3.85
90,120,5.56
90,121,6.25
90,122,8.33
90,123,2.78
90,124,3.85
90,125,3.85
90,126,7.14
90,127,10
90,128,5
90,129,2.17
90,130,2.78
90,131,10
90,132,5
90,133,4.17
90,134,3.57
90,135,6.25
90,136,4.55
90,137,2
90,138,2
90,139,7.14
90,140,2.5
90,141,2.63
90,142,2.5
90,143,3.13
90,144,3.33
90,145,8.33
90,146,4.17
90,147,6.25
90,148,3.57
90,149,3.33
90,150,2.17
90,151,8.33
90,152,3.57
90,153,5
90,154,3.13
90,155,7.14
90,156,3.85
90,157,6.25
90,158,3.57
90,159,2.27
90,160,2.27
90,161,7.14
90,162,2.17
90,163,2.08
90,164,2.5
90,165,3.57
90,166,2.5
90,167,2.38
90,168,2.63
90,169,2.27
90,170,2.78
90,171,2.17
90,172,4.55
90,173,2.63
90,174,3.33
90,175,3.33
90,176,3.85
90,177,2
90,178,2.08
90,179,2.78
90,180,2.5
90,181,3.33
90,182,2.78
90,183,2.17
90,184,7.14
90,185,6.25
90,186,3.33
90,187,2.78
90,188,5
90,189,2.27
90,190,3.13
90,191,4.55
90,192,7.14
90,193,2.78
90,194,2.17
90,195,5
90,196,4.55
90,197,2.17
90,198,2.08
90,199,8.33
90,200,7.14
91,1,2.78
91,2,2.78
91,3,2.78
91,4,3.57
91,5,2.5
91,6,3.57
91,7,7.14
91,8,6.25
91,9,6.25
91,10,3.13
91,11,2.27
91,12,6.25
91,13,2.27
91,14,3.33
91,15,2.94
91,16,3.13
91,17,2.17
91,18,5
91,19,2.5
91,20,2.27
91,21,3.33
91,22,2.78
91,23,2.17
91,24,2.5
91,25,7.14
91,26,2.94
91,27,2.27
91,28,7.14
91,29,2.94
91,30,4.55
91,31,7.14
91,32,2.08
91,33,2.94
91,34,10
91,35,3.57
91,36,2.94
91,37,2.08
91,38,2.5
91,39,2.63
91,40,3.57
91,41,4.17
91,42,2
91,43,7.14
91,44,6.25
91,45,2.17
91,46,2
91,47,6.25
91,48,2.17
91,49,5
91,50,3.33
91,51,2.94
91,52,4.55
91,53,5.56
91,54,2
91,55,3.13
91,56,4.55
91,57,2.08
91,58,2.94
91,59,3.57
91,60,7.14
91,61,5
91,62,2.27
91,63,3.13
91,64,2
91,65,5.56
91,66,6.25
91,67,2.27
91,68,2.63
91,69,3.57
91,70,10
91,71,4.55
91,72,2
91,73,2.63
91,74,4.55
91,75,3.33
91,76,8.33
91,77,2.63
91,78,2.94
91,79,3.85
91,80,2
91,81,7.14
91,82,4.55
91,83,3.57
91,84,2.38
91,85,6.25
91,86,2.78
91,87,5.56
91,88,5.56
91,89,3.57
91,90,5.56
91,91,5.56
91,92,4.17
91,93,6.25
91,94,4.55
91,95,2.08
91,96,3.57
91,97,6.25
91,98,8.33
91,99,2
91,100,2.78
91,101,4.17
91,102,2.78
91,103,4.55
91,104,3.57
91,105,7.14
91,106,8.33
91,107,10
91,108,2.5
91,109,2
91,110,3.85
91,111,2.78
91,112,2.38
91,113,2.5
91,114,7.14
91,115,2.38
91,116,8.33
91,117,3.13
91,118,7.14
91,119,2.17
91,120,4.55
91,121,3.57
91,122,2.08
91,123,8.33
91,124,8.33
91,125,2.5
91,126,2.78
91,127,2.08
91,128,2.17
91,129,3.57
91,130,6.25
91,131,2.27
91,132,2.94
91,133,2.63
91,134,2.78
91,135,2.08
91,136,2.38
91,137,4.17
91,138,4.17
91,139,2.17
91,140,2.78
91,141,2.27
91,142,5.56
91,143,10
91,144,8.33
91,145,2.63
91,146,4.55
91,147,2.5
91,148,2.08
91,149,2.94
91,150,3.33
91,151,10
91,152,5.56
91,153,10
91,154,3.57
91,155,2.63
91,156,3.33
91,157,2.08
91,158,4.17
91,159,2.5
91,160,3.85
91,161,2.63
91,162,2.17
91,163,2
91,164,2.78
91,165,2.94
91,166,2.63
91,167,5.56
91,168,4.55
91,169,2.08
91,170,3.85
91,171,3.13
91,172,4.55
91,173,7.14
91,174,7.14
91,175,4.55
91,176,5.56
91,177,3.13
91,178,3.57
91,179,5
91,180,2.78
91,181,5
91,182,7.14
91,183,2
91,184,2.63
91,185,2.63
91,186,3.85
91,187,3.85
91,188,4.55
91,189,2.27
91,190,2.17
91,191,3.33
91,192,6.25
91,193,5
91,194,5.56
91,195,5.56
91,196,2.94
91,197,6.25
91,198,5
91,199,3.57
91,200,5.56
92,1,2.17
92,2,2
92,3,6.25
92,4,4.55
92,5,3.57
92,6,2.17
92,7,4.17
92,8,6.25
92,9,2.94
92,10,3.85
92,11,4.17
92,12,2.27
92,13,2.94
92,14,8.33
92,15,2.78
92,16,3.33
92,17,3.85
92,18,6.25
92,19,3.33
92,20,2
92,21,2.5
92,22,3.85
92,23,7.14
92,24,5.56
92,25,2.78
92,26,3.33
92,27,2
92,28,6.25
92,29,4.55
92,30,2.38
92,31,3.33
92,32,4.17
92,33,6.25
92,34,5.56
92,35,2.63
92,36,2.78
92,37,4.17
92,38,2.63
92,39,2.17
92,40,2.38
92,41,2.38
92,42,3.13
92,43,2.38
92,44,2.94
92,45,7.14
92,46,10
92,47,3.57
92,48,5
92,49,3.85
92,50,2.17
92,51,10
92,52,5.56
92,53,10
92,54,7.14
92,55,2.27
92,56,2.63
92,57,8.33
92,58,3.57
92,59,5
92,60,2.17
92,61,2.08
92,62,10
92,63,8.33
92,64,2.38
92,65,5.56
92,66,2.08
92,67,2.17
92,68,2.27
92,69,2.17
92,70,2.94
92,71,3.33
92,72,10
92,73,2.38
92,74,3.33
92,75,5
92,76,7.14
92,77,4.55
92,78,3.57
92,79,7.14
92,80,3.13
92,81,4.17
92,82,10
92,83,6.25
92,84,3.57
92,85,2.78
92,86,4.55
92,87,3.85
92,88,4.55
92,89,2.38
92,90,3.13
92,91,2.78
92,92,2.78
92,93,2.27
92,94,5.56
92,95,2.94
92,96,3.13
92,97,2.38
92,98,2.63
92,99,2.5
92,100,2.08
92,101,2
92,102,2.78
92,103,3.85
92,104,2.94
92,105,5.56
92,106,6.25
92,107,2.94
92,108,3.13
92,109,7.14
92,110,2.27
92,111,3.13
92,112,2.5
92,113,4.17
92,114,2.63
92,115,3.85
92,116,4.17
92,117,2
92,118,4.55
92,119,3.85
92,120,4.17
92,121,3.33
92,122,6.25
92,123,2
92,124,2.38
92,125,2.63
92,126,3.85
92,127,2.38
92,128,2.17
92,129,3.85
92,130,3.85
92,131,2.5
92,132,6.25
92,133,3.85
92,134,3.13
92,135,8.33
92,136,2.08
92,137,3.57
92,138,3.85
92,139,2.27
92,140,2.17
92,141,2.08
92,142,2
92,143,2.78
92,144,3.33
92,145,3.57
92,146,10
92,147,2.08
92,148,3.57
92,149,2.63
92,150,4.55
92,151,2.17
92,152,5.56
92,153,2.5
92,154,8.33
92,155,2.5
92,156,3.33
92,157,2.17
92,158,2.17
92,159,2.27
92,160,8.33
92,161,6.25
92,162,2.78
92,163,2.17
92,164,3.13
92,165,3.33
92,166,4.55
92,167,2.63
92,168,8.33
92,169,2
92,170,8.33
92,171,3.57
92,172,4.55
92,173,3.33
92,174,2.17
92,175,5
92,176,2.17
92,177,3.13
92,178,3.13
92,179,2.5
92,180,5.56
92,181,3.57
92,182,3.85
92,183,2
92,184,2.5
92,185,8.33
92,186,5.56
92,187,5.56
92,188,4.55
92,189,5.56
92,190,5
92,191,8.33
92,192,5
92,193,4.17
92,194,4.55
92,195,3.13
92,196,2.17
92,197,2.5
92,198,2.38
92,199,10
92,200,6.25
93,1,2.63
93,2,2.94
93,3,2.78
93,4,8.33
93,5,2.78
93,6,2.17
93,7,7.14
93,8,2.17
93,9,2.63
93,10,3.13
93,11,10
93,12,2.78
93,13,2.38
93,14,3.13
93,15,2.78
93,16,5.56
93,17,2.17
93,18,7.14
93,19,7.14
93,20,2.5
93,21,2
93,22,3.33
93,23,3.57
93,24,2.38
93,25,8.33
93,26,2.38
93,27,8.33
93,28,3.13
93,29,2.63
93,30,4.55
93,31,7.14
93,32,2.27
93,33,10
93,34,2.5
93,35,4.17
93,36,8.33
93,37,2.08
93,38,2.63
93,39,2.17
93,40,2.5
93,41,2.17
93,42,5
93,43,6.25
93,44,2.5
93,45,3.85
93,46,4.17
93,47,7.14
93,48,3.85
93,49,2.17
93,50,3.85
93,51,4.17
93,52,2.78
93,53,5
93,54,3.13
93,55,8.33
93,56,5
93,57,2.27
93,58,2.17
93,59,3.85
93,60,4.55
93,61,3.13
93,62,3.85
93,63,2.5
93,64,10
93,65,2.63
93,66,10
93,67,2.63
93,68,10
93,69,10
93,70,3.13
93,71,5
93,72,4.17
93,73,3.57
93,74,4.17
93,75,3.13
93,76,7.14
93,77,2.27
93,78,2.17
93,79,3.13
93,80,4.55
93,81,3.57
93,82,2.38
93,83,3.13
93,84,4.55
93,85,3.33
93,86,5
93,87,2
93,88,2.38
93,89,2.27
93,90,2.08
93,91,8.33
93,92,10
93,93,6.25
93,94,3.57
93,95,5
93,96,4.55
93,97,6.25
93,98,4.17
93,99,2
93,100,2.63
93,101,2
93,102,3.33
93,103,2.27
93,104,4.17
93,105,2.78
93,106,6.25
93,107,2.08
93,108,2.17
93,109,4.17
93,110,2.63
93,111,3.13
93,112,2.94
93,113,2.08
93,114,2.17
93,115,5.56
93,116,2.5
93,117,3.57
93,118,5.56
93,119,5
93,120,2
93,121,3.57
93,122,2
93,123,8.33
93,124,6.25
93,125,10
93,126,2.38
93,127,3.85
93,128,4.17
93,129,5
93,130,2.63
93,131,3.57
93,132,3.57
93,133,7.14
93,134,5.56
93,135,3.85
93,136,2.94
93,137,2.27
93,138,3.33
93,139,6.25
93,140,4.55
93,141,6.25
93,142,2.08
93,143,4.17
93,144,6.25
93,145,2.78
93,146,5.56
93,147,6.25
93,148,6.25
93,149,2.27
93,150,3.57
93,151,2.27
93,152,8.33
93,153,2.78
93,154,2.27
93,155,2.08
93,156,6.25
93,157,2.27
93,158,2.17
93,159,4.55
93,160,2.94
93,161,2.17
93,162,8.33
93,163,2.08
93,164,2.27
93,165,3.85
93,166,7.14
93,167,2.17
93,168,3.57
93,169,3.33
93,170,3.33
93,171,3.13
93,172,2.5
93,173,3.85
93,174,6.25
93,175,2.27
93,176,2.08
93,177,2.08
93,178,7.14
93,179,2.27
93,180,2.63
93,181,4.17
93,182,4.55
93,183,3.13
93,184,2.78
93,185,2.08
93,186,4.17
93,187,5
93,188,2
93,189,2.08
93,190,2.17
93,191,3.13
93,192,2.17
93,193,3.13
93,194,2.17
93,195,4.17
93,196,4.55
93,197,2
93,198,3.57
93,199,10
93,200,6.25
94,1,2.38
94,2,2.38
94,3,2.63
94,4,4.17
94,5,3.85
94,6,3.13
94,7,7.14
94,8,2.08
94,9,2.27
94,10,3.85
94,11,2.78
94,12,5
94,13,2.5
94,14,3.57
94,15,2.94
94,16,2.5
94,17,7.14
94,18,2.27
94,19,2.78
94,20,7.14
94,21,2.78
94,22,2.38
94,23,4.55
94,24,10
94,25,8.33
94,26,8.33
94,27,3.85
94,28,2.5
94,29,7.14
94,30,2.94
94,31,7.14
94,32,2.27
94,33,2.94
94,34,2.5
94,35,2.38
94,36,3.33
94,37,3.13
94,38,3.85
94,39,7.14
94,40,2.27
94,41,6.25
94,42,4.55
94,43,3.57
94,44,3.85
94,45,8.33
94,46,7.14
94,47,3.85
94,48,6.25
94,49,6.25
94,50,2.27
94,51,2.08
94,52,6.25
94,53,2.17
94,54,7.14
94,55,5
94,56,2.63
94,57,2.38
94,58,2.63
94,59,5.56
94,60,2.94
94,61,5
94,62,2.17
94,63,7.14
94,64,2.27
94,65,2.78
94,66,3.85
94,67,2.27
94,68,2.08
94,69,10
94,70,10
94,71,2.94
94,72,2.38
94,73,2.38
94,74,4.55
94,75,2.63
94,76,3.85
94,77,2.38
94,78,2
94,79,2.5
94,80,10
94,81,2.27
94,82,6.25
94,83,2.38
94,84,2.38
94,85,4.55
94,86,2.63
94,87,2.5
94,88,2.63
94,89,4.55
94,90,2.08
94,91,3.33
94,92,3.57
94,93,2.08
94,94,5
94,95,7.14
94,96,2.5
94,97,8.33
94,98,7.14
94,99,5
94,100,2.94
94,101,5
94,102,7.14
94,103,2
94,104,6.25
94,105,7.14
94,106,8.33
94,107,2.78
94,108,6.25
94,109,4.55
94,110,4.17
94,111,7.14
94,112,2.94
94,113,3.57
94,114,2.63
94,115,7.14
94,116,8.33
94,117,2.27
94,118,8.33
94,119,3.33
94,120,6.25
94,121,2.08
94,122,2.5
94,123,7.14
94,124,2
94,125,6.25
94,126,5
94,127,2.78
94,128,5
94,129,4.17
94,130,4.55
94,131,10
94,132,5
94,133,4.55
94,134,6.25
94,135,3.57
94,136,5
94,137,5.56
94,138,2.27
94,139,2.27
94,140,2.94
94,141,3.57
94,142,5
94,143,2.38
94,144,2.08
94,145,4.55
94,146,2.38
94,147,2.63
94,148,6.25
94,149,2.5
94,150,2
94,151,2.94
94,152,2.5
94,153,2
94,154,3.57
94,155,2.78
94,156,2.63
94,157,8.33
94,158,3.57
94,159,4.55
94,160,5
94,161,2.17
94,162,2.5
94,163,3.85
94,164,2.38
94,165,3.57
94,166,3.13
94,167,2.94
94,168,2.17
94,169,2.94
94,170,2.08
94,171,4.55
94,172,10
94,173,10
94,174,4.17
94,175,2.78
94,176,2.94
94,177,2.63
94,178,2.63
94,179,3.85
94,180,7.14
94,181,2.63
94,182,2
94,183,3.33
94,184,3.13
94,185,2.17
94,186,7.14
94,187,5
94,188,3.13
94,189,8.33
94,190,2.08
94,191,2.38
94,192,4.55
94,193,2.94
94,194,2.94
94,195,2.94
94,196,2.78
94,197,4.17
94,198,2.08
94,199,3.85
94,200,2.08
95,1,2.27
95,2,6.25
95,3,5
95,4,5.56
95,5,6.25
95,6,2.38
95,7,2.94
95,8,3.33
95,9,2.94
95,10,5.56
95,11,4.17
95,12,5
95,13,2
95,14,2.94
95,15,7.14
95,16,3.33
95,17,2.5
95,18,2.08
95,19,2
95,20,2
95,21,7.14
95,22,3.57
95,23,4.17
95,24,5.56
95,25,2.38
95,26,2.08
95,27,2.63
95,28,4.17
95,29,7.14
95,30,3.85
95,31,5
95,32,2.08
95,33,3.85
95,34,10
95,35,4.55
95,36,3.85
95,37,5
95,38,4.17
95,39,2.08
95,40,2.63
95,41,3.13
95,42,3.33
95,43,3.33
95,44,7.14
95,45,3.57
95,46,2.5
95,47,2.08
95,48,3.33
95,49,3.33
95,50,4.55
95,51,2.38
95,52,4.55
95,53,3.85
95,54,2.94
95,55,2
95,56,2.94
95,57,6.25
95,58,2.78
95,59,3.85
95,60,2.63
95,61,2
95,62,3.33
95,63,5.56
95,64,5.56
95,65,4.55
95,66,2.17
95,67,3.13
95,68,2.17
95,69,3.85
95,70,3.57
95,71,4.17
95,72,3.13
95,73,5
95,74,5.56
95,75,2
95,76,2.78
95,77,4.55
95,78,3.57
95,79,3.33
95,80,2.08
95,81,6.25
95,82,3.33
95,83,2.17
95,84,2.63
95,85,3.13
95,86,2.08
95,87,2.63
95,88,10
95,89,3.57
95,90,2.08
95,91,2.94
95,92,8.33
95,93,2
95,94,2.27
95,95,3.57
95,96,6.25
95,97,4.17
95,98,2.94
95,99,4.55
95,100,2.94
95,101,3.33
95,102,2.27
95,103,3.33
95,104,2.38
95,105,3.85
95,106,5
95,107,2.08
95,108,6.25
95,109,4.55
95,110,3.13
95,111,2.94
95,112,2.08
95,113,2.78
95,114,2.38
95,115,2.63
95,116,2
95,117,2.94
95,118,10
95,119,2.38
95,120,4.55
95,121,2.17
95,122,6.25
95,123,3.85
95,124,7.14
95,125,5
95,126,2.38
95,127,3.13
95,128,2.38
95,129,7.14
95,130,4.17
95,131,2.38
95,132,8.33
95,133,2.17
95,134,3.57
95,135,7.14
95,136,2.94
95,137,2.08
95,138,2
95,139,4.55
95,140,6.25
95,141,2.5
95,142,8.33
95,143,10
95,144,2.63
95,145,4.17
95,146,3.85
95,147,3.85
95,148,7.14
95,149,2.08
95,150,2.08
95,151,3.57
95,152,10
95,153,3.33
95,154,5.56
95,155,8.33
95,156,2.08
95,157,2.17
95,158,4.17
95,159,2.78
95,160,2.08
95,161,3.33
95,162,8.33
95,163,2.78
95,164,2.94
95,165,2.94
95,166,2.27
95,167,3.57
95,168,6.25
95,169,4.55
95,170,8.33
95,171,2.94
95,172,8.33
95,173,2.38
95,174,5
95,175,4.17
95,176,3.13
95,177,5.56
95,178,3.33
95,179,6.25
95,180,4.17
95,181,7.14
95,182,5.56
95,183,2.63
95,184,2.94
95,185,10
95,186,3.85
95,187,2.17
95,188,2.27
95,189,2.94
95,190,2
95,191,6.25
95,192,2.63
95,193,10
95,194,2.5
95,195,2.78
95,196,4.17
95,197,2.27
95,198,6.25
95,199,4.17
95,200,2.27
96,1,5.56
96,2,4.17
96,3,2.63
96,4,7.14
96,5,7.14
96,6,2
96,7,2.63
96,8,8.33
96,9,5
96,10,10
96,11,2.5
96,12,2.38
96,13,8.33
96,14,3.85
96,15,2
96,16,10
96,17,3.57
96,18,2.5
96,19,4.55
96,20,3.33
96,21,6.25
96,22,10
96,23,5
96,24,4.55
96,25,7.14
96,26,8.33
96,27,3.13
96,28,3.33
96,29,6.25
96,30,2.17
96,31,3.13
96,32,3.57
96,33,3.57
96,34,2.63
96,35,2.5
96,36,2.78
96,37,2.94
96,38,4.17
96,39,2.38
96,40,2.5
96,41,5.56
96,42,3.33
96,43,4.55
96,44,3.13
96,45,5
96,46,5.56
96,47,3.33
96,48,10
96,49,7.14
96,50,4.55
96,51,5
96,52,4.55
96,53,4.17
96,54,2.78
96,55,2.38
96,56,7.14
96,57,8.33
96,58,3.33
96,59,5
96,60,2.38
96,61,2.27
96,62,2.5
96,63,8.33
96,64,4.55
96,65,8.33
96,66,2.17
96,67,2.5
96,68,3.85
96,69,10
96,70,2.17
96,71,2.5
96,72,2.94
96,73,2.17
96,74,2.38
96,75,3.13
96,76,3.33
96,77,5
96,78,3.57
96,79,8.33
96,80,3.13
96,81,6.25
96,82,2
96,83,2.63
96,84,2
96,85,4.55
96,86,2.08
96,87,4.55
96,88,2.17
96,89,3.13
96,90,8.33
96,91,3.33
96,92,2.08
96,93,3.33
96,94,2.17
96,95,2.08
96,96,2.27
96,97,2.17
96,98,8.33
96,99,2.63
96,100,10
96,101,6.25
96,102,3.13
96,103,3.33
96,104,5.56
96,105,2.5
96,106,2
96,107,2.78
96,108,10
96,109,7.14
96,110,2.78
96,111,5
96,112,5
96,113,2.94
96,114,2
96,115,2.17
96,116,4.55
96,117,2.5
96,118,2.17
96,119,10
96,120,2.27
96,121,2.5
96,122,2.5
96,123,2.27
96,124,2.17
96,125,2.38
96,126,3.85
96,127,3.13
96,128,2
96,129,7.14
96,130,2.63
96,131,10
96,132,2.38
96,133,5
96,134,2.17
96,135,4.17
96,136,3.33
96,137,2.08
96,138,2.27
96,139,2.5
96,140,3.57
96,141,3.13
96,142,7.14
96,143,5
96,144,10
96,145,4.55
96,146,5.56
96,147,8.33
96,148,2.08
96,149,2.94
96,150,2.17
96,151,10
96,152,5
96,153,4.55
96,154,3.57
96,155,2.5
96,156,4.55
96,157,2.78
96,158,2.94
96,159,7.14
96,160,2.38
96,161,3.57
96,162,2.5
96,163,10
96,164,8.33
96,165,5
96,166,7.14
96,167,10
96,168,3.85
96,169,2.94
96,170,3.57
96,171,2.63
96,172,7.14
96,173,2.5
96,174,2.5
96,175,3.85
96,176,2.63
96,177,2.63
96,178,2.27
96,179,5.56
96,180,4.17
96,181,2.5
96,182,3.13
96,183,3.85
96,184,2.17
96,185,3.33
96,186,2.17
96,187,2
96,188,5.56
96,189,2.94
96,190,3.85
96,191,2.17
96,192,3.85
96,193,3.13
96,194,7.14
96,195,2.38
96,196,2.38
96,197,2.27
96,198,4.55
96,199,3.57
96,200,2.38
97,1,8.33
97,2,4.55
97,3,4.55
97,4,4.55
97,5,3.57
97,6,3.85
97,7,2.27
97,8,3.85
97,9,2.63
97,10,4.17
97,11,6.25
97,12,7.14
97,13,2.38
97,14,2.94
97,15,2.94
97,16,8.33
97,17,5.56
97,18,2.78
97,19,7.14
97,20,4.55
97,21,3.13
97,22,2.38
97,23,6.25
97,24,2.78
97,25,2.94
97,26,4.55
97,27,3.85
97,28,5.56
97,29,2.94
97,30,8.33
97,31,3.33
97,32,3.33
97,33,3.33
97,34,4.17
97,35,3.13
97,36,2.08
97,37,3.33
97,38,2.17
97,39,3.33
97,40,5
97,41,3.33
97,42,10
97,43,5.56
97,44,2.78
97,45,3.57
97,46,2
97,47,6.25
97,48,8.33
97,49,2.38
97,50,2.27
97,51,3.33
97,52,4.17
97,53,2.78
97,54,5
97,55,7.14
97,56,2.08
97,57,2.27
97,58,3.57
97,59,3.57
97,60,3.13
97,61,5
97,62,5.56
97,63,3.33
97,64,5.56
97,65,3.57
97,66,2.5
97,67,5.56
97,68,10
97,69,2.63
97,70,2.94
97,71,2.17
97,72,5.56
97,73,2.08
97,74,5.56
97,75,6.25
97,76,2.5
97,77,3.13
97,78,2.38
97,79,2.08
97,80,3.33
97,81,2.08
97,82,7.14
97,83,3.85
97,84,2.78
97,85,2.38
97,86,2.27
97,87,3.85
97,88,4.55
97,89,2.38
97,90,2.78
97,91,4.17
97,92,2.27
97,93,3.33
97,94,2.5
97,95,7.14
97,96,3.85
97,97,5
97,98,7.14
97,99,2.27
97,100,2.63
97,101,4.55
97,102,2.63
97,103,8.33
97,104,8.33
97,105,2.78
97,106,2.27
97,107,5.56
97,108,2.94
97,109,7.14
97,110,7.14
97,111,2
97,112,3.13
97,113,2.27
97,114,3.33
97,115,4.55
97,116,6.25
97,117,2.38
97,118,2.38
97,119,2.38
97,120,3.85
97,121,4.17
97,122,3.13
97,123,10
97,124,2.08
97,125,2.08
97,126,7.14
97,127,2.5
97,128,2.27
97,129,2.17
97,130,2.78
97,131,2.5
97,132,8.33
97,133,4.55
97,134,6.25
97,135,2
97,136,2.27
97,137,3.33
97,138,2.78
97,139,4.17
97,140,8.33
97,141,8.33
97,142,5.56
97,143,4.55
97,144,10
97,145,2.17
97,146,3.13
97,147,8.33
97,148,2.94
97,149,6.25
97,150,2.78
97,151,2.38
97,152,4.17
97,153,7.14
97,154,7.14
97,155,2.17
97,156,7.14
97,157,3.85
97,158,7.14
97,159,5.56
97,160,10
97,161,2.94
97,162,2.94
97,163,5
97,164,2.5
97,165,2.17
97,166,8.33
97,167,6.25
97,168,3.13
97,169,2.17
97,170,2
97,171,2.08
97,172,5.56
97,173,2.94
97,174,5.56
97,175,2.5
97,176,2.5
97,177,2.17
97,178,2.78
97,179,7.14
97,180,2.94
97,181,2.94
97,182,4.55
97,183,3.57
97,184,8.33
97,185,8.33
97,186,7.14
97,187,3.57
97,188,2
97,189,2.27
97,190,3.57
97,191,2.38
97,192,8.33
97,193,10
97,194,3.85
97,195,2.27
97,196,5
97,197,2.08
97,198,2.63
97,199,5.56
97,200,2.08
98,1,3.33
98,2,2
98,3,2.78
98,4,2
98,5,2.38
98,6,2.17
98,7,2.08
98,8,2.78
98,9,5
98,10,4.17
98,11,2.78
98,12,4.55
98,13,2.38
98,14,2.08
98,15,2.17
98,16,2.27
98,17,3.33
98,18,2.08
98,19,3.85
98,20,4.55
98,21,3.85
98,22,2
98,23,3.13
98,24,2.08
98,25,2.38
98,26,2.5
98,27,5
98,28,8.33
98,29,8.33
98,30,5.56
98,31,6.25
98,32,5.56
98,33,5
98,34,2.78
98,35,5.56
98,36,4.55
98,37,4.17
98,38,2.94
98,39,7.14
98,40,5
98,41,8.33
98,42,2.63
98,43,2.27
98,44,2.5
98,45,2
98,46,3.33
98,47,2.78
98,48,5.56
98,49,2.78
98,50,5.56
98,51,3.85
98,52,2.27
98,53,2
98,54,2.94
98,55,3.57
98,56,4.17
98,57,4.55
98,58,5.56
98,59,3.57
98,60,2.17
98,61,2.63
98,62,5.56
98,63,3.13
98,64,2.5
98,65,2.17
98,66,5
98,67,6.25
98,68,6.25
98,69,2.94
98,70,2
98,71,3.57
98,72,2.63
98,73,4.17
98,74,5.56
98,75,5.56
98,76,2.17
98,77,5
98,78,3.13
98,79,5
98,80,10
98,81,6.25
98,82,2.17
98,83,2.78
98,84,2.27
98,85,3.85
98,86,4.55
98,87,2.78
98,88,3.57
98,89,4.55
98,90,4.55
98,91,2.63
98,92,6.25
98,93,3.85
98,94,3.85
98,95,2.38
98,96,2.5
98,97,10
98,98,2.78
98,99,2.63
98,100,5
98,101,3.57
98,102,3.57
98,103,7.14
98,104,3.85
98,105,2.17
98,106,4.55
98,107,5.56
98,108,4.55
98,109,3.33
98,110,5
98,111,2.5
98,112,5.56
98,113,2.17
98,114,5
98,115,10
98,116,3.33
98,117,3.33
98,118,7.14
98,119,4.55
98,120,2.38
98,121,2.27
98,122,10
98,123,5
98,124,5.56
98,125,8.33
98,126,3.33
98,127,3.57
98,128,2.5
98,129,2.17
98,130,6.25
98,131,10
98,132,2.27
98,133,2.27
98,134,2.17
98,135,2.78
98,136,5.56
98,137,4.17
98,138,3.57
98,139,3.57
98,140,2.94
98,141,4.17
98,142,3.33
98,143,3.85
98,144,8.33
98,145,10
98,146,7.14
98,147,3.13
98,148,5
98,149,4.17
98,150,10
98,151,8.33
98,152,2.08
98,153,2.17
98,154,5.56
98,155,2
98,156,3.13
98,157,3.57
98,158,3.57
98,159,10
98,160,2.38
98,161,2.5
98,162,4.17
98,163,3.13
98,164,7.14
98,165,3.33
98,166,3.33
98,167,3.13
98,168,8.33
98,169,5.56
98,170,5.56
98,171,2.38
98,172,7.14
98,173,2.5
98,174,5
98,175,3.57
98,176,4.55
98,177,2.94
98,178,3.33
98,179,8.33
98,180,2.08
98,181,2.63
98,182,2.27
98,183,7.14
98,184,2.17
98,185,8.33
98,186,2.94
98,187,2.63
98,188,3.57
98,189,7.14
98,190,2.38
98,191,3.33
98,192,5.56
98,193,2.5
98,194,6.25
98,195,5
98,196,4.17
98,197,8.33
98,198,3.85
98,199,2
98,200,2
99,1,8.33
99,2,10
99,3,3.57
99,4,7.14
99,5,3.33
99,6,4.17
99,7,8.33
99,8,4.55
99,9,10
99,10,2.94
99,11,2.38
99,12,7.14
99,13,3.85
99,14,2
99,15,5.56
99,16,5
99,17,5
99,18,7.14
99,19,2.5
99,20,4.17
99,21,3.13
99,22,5
99,23,7.14
99,24,3.85
99,25,8.33
99,26,5
99,27,2.94
99,28,5.56
99,29,4.55
99,30,2.17
99,31,4.17
99,32,7.14
99,33,2.63
99,34,2
99,35,7.14
99,36,2.08
99,37,3.33
99,38,4.17
99,39,2.27
99,40,2.17
99,41,10
99,42,2.38
99,43,7.14
99,44,5.56
99,45,5.56
99,46,8.33
99,47,2.94
99,48,2.27
99,49,2.27
99,50,2.78
99,51,4.55
99,52,6.25
99,53,4.17
99,54,7.14
99,55,5.56
99,56,10
99,57,5
99,58,4.55
99,59,5
99,60,2.94
99,61,2.94
99,62,3.57
99,63,4.17
99,64,2.38
99,65,3.57
99,66,5
99,67,8.33
99,68,3.57
99,69,7.14
99,70,2.94
99,71,5
99,72,4.17
99,73,2
99,74,3.57
99,75,4.55
99,76,3.57
99,77,2
99,78,2.38
99,79,2.5
99,80,3.33
99,81,3.57
99,82,4.55
99,83,2.78
99,84,3.33
99,85,2.17
99,86,4.55
99,87,2.17
99,88,2.78
99,89,6.25
99,90,4.17
99,91,4.17
99,92,2.78
99,93,8.33
99,94,6.25
99,95,3.57
99,96,5.56
99,97,2.63
99,98,6.25
99,99,6.25
99,100,5.56
99,101,5.56
99,102,2.94
99,103,2.78
99,104,2.63
99,105,3.33
99,106,3.85
99,107,2.38
99,108,4.55
99,109,2.63
99,110,2.27
99,111,10
99,112,2.38
99,113,3.33
99,114,8.33
99,115,3.85
99,116,2.63
99,117,5.56
99,118,2.38
99,119,3.33
99,120,2.38
99,121,2.94
99,122,2.94
99,123,10
99,124,7.14
99,125,3.33
99,126,4.55
99,127,2
99,128,3.33
99,129,5.56
99,130,2.38
99,131,3.85
99,132,3.57
99,133,2.5
99,134,2.63
99,135,2.38
99,136,3.13
99,137,2
99,138,10
99,139,5.56
99,140,2.08
99,141,2.27
99,142,5.56
99,143,2.63
99,144,3.33
99,145,4.17
99,146,2.63
99,147,6.25
99,148,2.78
99,149,8.33
99,150,3.13
99,151,4.55
99,152,8.33
99,153,3.33
99,154,2.17
99,155,5.56
99,156,5
99,157,8.33
99,158,8.33
99,159,7.14
99,160,3.33
99,161,5.56
99,162,5.56
99,163,7.14
99,164,2.94
99,165,3.57
99,166,2
99,167,2.17
99,168,5.56
99,169,5
99,170,6.25
99,171,5
99,172,2.17
99,173,2.17
99,174,2.5
99,175,2.08
99,176,2.94
99,177,3.13
99,178,8.33
99,179,10
99,180,5.56
99,181,2
99,182,10
99,183,2
99,184,4.55
99,185,2.78
99,186,7.14
99,187,3.13
99,188,2.27
99,189,6.25
99,190,3.85
99,191,4.17
99,192,10
99,193,5
99,194,4.17
99,195,3.57
99,196,2.78
99,197,3.85
99,198,3.13
99,199,2.38
99,200,2.63
100,1,2
100,2,2.63
100,3,2.17
100,4,2.38
100,5,2.78
100,6,4.17
100,7,4.17
100,8,3.33
100,9,2.38
100,10,4.17
100,11,2.17
100,12,2.17
100,13,2.17
100,14,8.33
100,15,5
100,16,5
100,17,2.63
100,18,2.27
100,19,4.17
100,20,2.94
100,21,3.57
100,22,3.13
100,23,3.33
100,24,5.56
100,25,3.33
100,26,2.08
100,27,10
100,28,3.13
100,29,2.08
100,30,2.08
100,31,2.63
100,32,4.55
100,33,7.14
100,34,3.33
100,35,8.33
100,36,3.33
100,37,3.13
100,38,3.85
100,39,2.27
100,40,2.78
100,41,6.25
100,42,3.33
100,43,3.85
100,44,5
100,45,2.27
100,46,3.85
100,47,2.5
100,48,2.17
100,49,2.08
100,50,10
100,51,2.5
100,52,3.85
100,53,8.33
100,54,2.5
100,55,2.5
100,56,10
100,57,3.57
100,58,2.5
100,59,2.38
100,60,4.55
100,61,2.08
100,62,6.25
100,63,3.13
100,64,7.14
100,65,2.17
100,66,2.08
100,67,3.85
100,68,2.38
100,69,2.78
100,70,5.56
100,71,2.17
100,72,2
100,73,6.25
100,74,2.08
100,75,8.33
100,76,2.38
100,77,2
100,78,3.85
100,79,3.33
100,80,2.27
100,81,3.33
100,82,2
100,83,4.55
100,84,2.38
100,85,7.14
100,86,3.85
100,87,3.33
100,88,3.33
100,89,3.33
100,90,2
100,91,5.56
100,92,5.56
100,93,4.55
100,94,2.5
100,95,2.27
100,96,3.33
100,97,2.78
100,98,10
100,99,2.08
100,100,7.14
100,101,4.17
100,102,3.13
100,103,8.33
100,104,3.85
100,105,8.33
100,106,3.85
100,107,5.56
100,108,4.17
100,109,4.55
100,110,3.57
100,111,6.25
100,112,3.57
100,113,2.5
100,114,7.14
100,115,4.55
100,116,5
100,117,5
100,118,3.57
100,119,4.55
100,120,3.85
100,121,5
100,122,2.27
100,123,5
100,124,10
100,125,5.56
100,126,2.94
100,127,8.33
100,128,8.33
100,129,2.27
100,130,3.85
100,131,2.38
100,132,2.27
100,133,2.5
100,134,6.25
100,135,3.85
100,136,7.14
100,137,3.13
100,138,3.57
100,139,4.17
100,140,2.08
100,141,2.17
100,142,6.25
100,143,2
100,144,10
100,145,4.17
100,146,7.14
100,147,10
100,148,5
100,149,2
100,150,2.38
100,151,8.33
100,152,2.08
100,153,7.14
100,154,2.38
100,155,2.78
100,156,2.38
100,157,2.27
100,158,5.56
100,159,7.14
100,160,2.5
100,161,2.63
100,162,2.38
100,163,2.5
100,164,3.33
100,165,2.27
100,166,5
100,167,2
100,168,3.57
100,169,3.85
100,170,2.08
100,171,2.5
100,172,10
100,173,2.27
100,174,2.17
100,175,2.5
100,176,4.17
100,177,4.17
100,178,4.17
100,179,8.33
100,180,4.17
100,181,2.27
100,182,5.56
100,183,4.55
100,184,2.78
100,185,3.57
100,186,8.33
100,187,8.33
100,188,2.08
100,189,2.63
100,190,4.17
100,191,2
100,192,5.56
100,193,2.38
100,194,2.5
100,195,2.63
100,196,2.27
100,197,2.63
100,198,4.17
100,199,2.27
100,200,7.14
