plant,market,cost
1,1,2
1,2,3.33
1,3,2.78
1,4,4.17
1,5,4.55
1,6,4.55
1,7,2.63
1,8,2.38
1,9,2.63
1,10,2.5
1,11,2.5
1,12,3.85
1,13,2.78
1,14,10
1,15,2.08
1,16,5.56
1,17,3.85
1,18,3.33
1,19,2.17
1,20,2.17
1,21,2.38
1,22,5
1,23,5
1,24,4.17
1,25,3.13
1,26,7.14
1,27,3.57
1,28,2.17
1,29,7.14
1,30,2.78
1,31,4.17
1,32,3.33
1,33,2.78
1,34,2.17
1,35,5.56
1,36,3.57
1,37,4.17
1,38,2
1,39,2.94
1,40,2.08
1,41,2.78
1,42,3.57
1,43,4.55
1,44,3.57
1,45,4.17
1,46,3.33
1,47,4.55
1,48,2.94
1,49,2.78
1,50,3.85
1,51,5.56
1,52,5
1,53,3.13
1,54,3.13
1,55,7.14
1,56,3.57
1,57,5
1,58,5
1,59,2
1,60,3.57
1,61,2.08
1,62,3.13
1,63,5
1,64,3.13
1,65,10
1,66,3.33
1,67,2.5
1,68,2.78
1,69,2.38
1,70,3.13
1,71,10
1,72,3.33
1,73,2.63
1,74,7.14
1,75,2.08
1,76,7.14
1,77,2
1,78,3.85
1,79,6.25
1,80,7.14
1,81,3.33
1,82,3.57
1,83,6.25
1,84,2.78
1,85,5
1,86,4.55
1,87,2.38
1,88,3.13
1,89,4.17
1,90,2.38
1,91,2.27
1,92,10
1,93,4.55
1,94,2.27
1,95,2.08
1,96,5
1,97,7.14
1,98,8.33
1,99,5
1,100,2.38
1,101,2.27
1,102,2.38
1,103,5.56
1,104,2.78
1,105,6.25
1,106,2.27
1,107,2.94
1,108,4.17
1,109,2.38
1,110,3.13
1,111,3.33
1,112,6.25
1,113,7.14
1,114,2.5
1,115,6.25
1,116,4.55
1,117,2.17
1,118,2.38
1,119,6.25
1,120,4.55
1,121,5.56
1,122,8.33
1,123,2.78
1,124,7.14
1,125,10
1,126,2.94
1,127,3.13
1,128,10
1,129,3.33
1,130,6.25
1,131,2.27
1,132,5
1,133,2.38
1,134,2.63
1,135,2.78
1,136,2.5
1,137,2
1,138,7.14
1,139,2.27
1,140,4.55
1,141,3.85
1,142,2.78
1,143,10
1,144,3.33
1,145,7.14
1,146,3.57
1,147,6.25
1,148,10
1,149,2.5
1,150,2
1,151,2.78
1,152,2
1,153,3.13
1,154,2.94
1,155,2.5
1,156,5.56
1,157,2.08
1,158,2.08
1,159,2.17
1,160,2
1,161,5.56
1,162,7.14
1,163,5.56
1,164,5
1,165,8.33
1,166,3.85
1,167,3.13
1,168,8.33
1,169,2.17
1,170,3.13
1,171,8.33
1,172,2.94
1,173,2.94
1,174,10
1,175,3.13
1,176,5
1,177,2.78
1,178,2.94
1,179,2.78
1,180,2.38
1,181,2.38
1,182,10
1,183,3.33
1,184,7.14
1,185,6.25
1,186,2.27
1,187,2.08
1,188,3.13
1,189,2.63
1,190,2.08
1,191,3.85
1,192,2.38
1,193,2.27
1,194,2.78
1,195,4.17
1,196,2.63
1,197,4.55
1,198,5.56
1,199,6.25
1,200,6.25
2,1,2.17
2,2,2.38
2,3,3.33
2,4,2.63
2,5,2.27
2,6,4.17
2,7,2.94
2,8,3.57
2,9,2
2,10,2.5
2,11,8.33
2,12,3.85
2,13,6.25
2,14,2.94
2,15,2.63
2,16,5
2,17,2.5
2,18,2.5
2,19,5
2,20,5
2,21,8.33
2,22,3.57
2,23,4.17
2,24,3.33
2,25,2.38
2,26,10
2,27,2.94
2,28,2
2,29,2.5
2,30,4.55
2,31,7.14
2,32,3.85
2,33,2.17
2,34,6.25
2,35,3.33
2,36,4.17
2,37,2.5
2,38,2.38
2,39,10
2,40,2.27
2,41,2
2,42,5.56
2,43,4.17
2,44,2.08
2,45,4.55
2,46,5
2,47,2.27
2,48,3.85
2,49,2.27
2,50,4.17
2,51,4.17
2,52,10
2,53,2.5
2,54,5
2,55,3.85
2,56,2.94
2,57,10
2,58,4.17
2,59,5.56
2,60,2.63
2,61,3.33
2,62,2.08
2,63,8.33
2,64,2
2,65,4.55
2,66,2.17
2,67,2.38
2,68,2.08
2,69,2.08
2,70,2.38
2,71,2.08
2,72,3.85
2,73,2
2,74,3.85
2,75,3.85
2,76,2.78
2,77,3.33
2,78,2.78
2,79,4.55
2,80,2.5
2,81,8.33
2,82,3.13
2,83,3.85
2,84,2
2,85,4.17
2,86,3.33
2,87,6.25
2,88,2.38
2,89,3.13
2,90,4.55
2,91,2.78
2,92,4.55
2,93,6.25
2,94,2.27
2,95,3.33
2,96,2
2,97,3.85
2,98,5
2,99,7.14
2,100,6.25
2,101,3.57
2,102,8.33
2,103,6.25
2,104,2.27
2,105,2.08
2,106,3.85
2,107,2
2,108,8.33
2,109,2.63
2,110,4.17
2,111,2
2,112,2
2,113,3.13
2,114,5.56
2,115,10
2,116,2.08
2,117,2.08
2,118,3.85
2,119,3.57
2,120,3.85
2,121,8.33
2,122,3.33
2,123,3.57
2,124,6.25
2,125,2.5
2,126,10
2,127,7.14
2,128,7.14
2,129,2.94
2,130,7.14
2,131,10
2,132,2.5
2,133,8.33
2,134,3.33
2,135,3.33
2,136,2.38
2,137,2
2,138,3.33
2,139,2.38
2,140,8.33
2,141,2.94
2,142,5
2,143,3.33
2,144,2.5
2,145,6.25
2,146,4.55
2,147,5
2,148,2.17
2,149,2.38
2,150,2.78
2,151,3.13
2,152,8.33
2,153,5.56
2,154,5
2,155,2.63
2,156,3.33
2,157,3.13
2,158,2.94
2,159,3.85
2,160,6.25
2,161,5
2,162,2.94
2,163,3.13
2,164,2.08
2,165,2.38
2,166,2.78
2,167,4.17
2,168,5.56
2,169,3.33
2,170,3.33
2,171,7.14
2,172,2.78
2,173,10
2,174,7.14
2,175,3.85
2,176,2.38
2,177,3.33
2,178,7.14
2,179,2.17
2,180,2.27
2,181,10
2,182,10
2,183,3.33
2,184,5
2,185,2.78
2,186,3.13
2,187,3.33
2,188,4.17
2,189,5.56
2,190,2.38
2,191,2.94
2,192,5.56
2,193,5
2,194,2.38
2,195,10
2,196,2.38
2,197,2.27
2,198,4.55
2,199,8.33
2,200,10
3,1,4.17
3,2,2.38
3,3,2
3,4,8.33
3,5,2.38
3,6,10
3,7,2.38
3,8,3.85
3,9,2.17
3,10,2
3,11,2.17
3,12,4.17
3,13,2.5
3,14,10
3,15,3.13
3,16,3.57
3,17,2.5
3,18,2.78
3,19,8.33
3,20,8.33
3,21,7.14
3,22,2.38
3,23,4.17
3,24,8.33
3,25,4.55
3,26,5.56
3,27,2
3,28,2.78
3,29,5.56
3,30,2
3,31,2.78
3,32,5.56
3,33,2
3,34,2.5
3,35,2.17
3,36,10
3,37,8.33
3,38,5
3,39,5
3,40,5
3,41,2.94
3,42,2
3,43,2.27
3,44,2.78
3,45,5
3,46,5.56
3,47,3.85
3,48,5.56
3,49,8.33
3,50,2.08
3,51,2.08
3,52,5.56
3,53,2.17
3,54,6.25
3,55,5.56
3,56,10
3,57,2.5
3,58,10
3,59,3.57
3,60,3.13
3,61,4.17
3,62,2.38
3,63,4.17
3,64,2.5
3,65,2.78
3,66,2.17
3,67,2
3,68,2
3,69,2
3,70,2
3,71,10
3,72,7.14
3,73,2.08
3,74,3.13
3,75,3.57
3,76,2.5
3,77,3.85
3,78,2.08
3,79,2.17
3,80,7.14
3,81,4.17
3,82,3.85
3,83,2.27
3,84,4.55
3,85,3.85
3,86,6.25
3,87,2.63
3,88,3.33
3,89,2.17
3,90,4.17
3,91,2.08
3,92,2.17
3,93,10
3,94,2.38
3,95,8.33
3,96,2
3,97,6.25
3,98,2.38
3,99,3.13
3,100,3.85
3,101,2.17
3,102,3.85
3,103,2.08
3,104,3.13
3,105,3.13
3,106,2.5
3,107,2.08
3,108,2.27
3,109,5.56
3,110,8.33
3,111,2.5
3,112,2
3,113,7.14
3,114,2.08
3,115,5
3,116,3.57
3,117,2.5
3,118,5
3,119,3.13
3,120,2
3,121,3.57
3,122,3.13
3,123,7.14
3,124,4.17
3,125,6.25
3,126,3.85
3,127,2.27
3,128,6.25
3,129,3.57
3,130,7.14
3,131,3.33
3,132,5.56
3,133,2
3,134,2.63
3,135,3.13
3,136,3.33
3,137,2.63
3,138,8.33
3,139,2
3,140,5
3,141,2.17
3,142,3.85
3,143,2.17
3,144,10
3,145,2.63
3,146,2
3,147,2.08
3,148,2.17
3,149,2.27
3,150,5
3,151,3.57
3,152,8.33
3,153,2.08
3,154,2.78
3,155,2.94
3,156,3.13
3,157,10
3,158,3.57
3,159,7.14
3,160,2.17
3,161,3.85
3,162,5.56
3,163,2.78
3,164,3.57
3,165,3.13
3,166,2.5
3,167,2.08
3,168,5.56
3,169,2.78
3,170,5
3,171,2.08
3,172,2.38
3,173,2.38
3,174,4.17
3,175,3.13
3,176,2.78
3,177,2.78
3,178,2.94
3,179,6.25
3,180,3.57
3,181,2.38
3,182,10
3,183,8.33
3,184,2.27
3,185,5.56
3,186,4.55
3,187,2.78
3,188,2.27
3,189,10
3,190,4.55
3,191,2
3,192,2.94
3,193,2.08
3,194,2.94
3,195,7.14
3,196,2.08
3,197,2.63
3,198,3.57
3,199,2
3,200,2.5
4,1,8.33
4,2,3.33
4,3,5.56
4,4,2.5
4,5,2.27
4,6,3.13
4,7,2.27
4,8,5.56
4,9,2.38
4,10,5
4,11,3.85
4,12,3.13
4,13,5.56
4,14,2.27
4,15,4.17
4,16,3.85
4,17,3.33
4,18,2.38
4,19,4.17
4,20,2.08
4,21,7.14
4,22,4.17
4,23,2.38
4,24,2.27
4,25,2.78
4,26,2.38
4,27,2.08
4,28,3.13
4,29,4.55
4,30,2.38
4,31,5
4,32,4.17
4,33,3.85
4,34,3.57
4,35,2.63
4,36,5
4,37,4.17
4,38,2.38
4,39,3.33
4,40,10
4,41,3.13
4,42,4.55
4,43,4.17
4,44,3.85
4,45,5.56
4,46,5
4,47,3.57
4,48,2.38
4,49,5
4,50,6.25
4,51,3.13
4,52,3.85
4,53,2.94
4,54,2.63
4,55,7.14
4,56,3.13
4,57,3.85
4,58,3.85
4,59,2.17
4,60,3.57
4,61,2.5
4,62,4.17
4,63,2.08
4,64,4.55
4,65,4.17
4,66,4.17
4,67,2.17
4,68,2.78
4,69,10
4,70,3.13
4,71,2.27
4,72,5.56
4,73,3.57
4,74,2.5
4,75,8.33
4,76,2.63
4,77,3.13
4,78,2.17
4,79,10
4,80,4.55
4,81,2
4,82,6.25
4,83,4.55
4,84,2.27
4,85,7.14
4,86,2.5
4,87,3.57
4,88,5.56
4,89,3.33
4,90,2
4,91,2.38
4,92,2.78
4,93,2.08
4,94,4.17
4,95,4.55
4,96,2
4,97,3.33
4,98,5
4,99,6.25
4,100,5.56
4,101,7.14
4,102,2.27
4,103,2.78
4,104,2
4,105,8.33
4,106,2.38
4,107,4.17
4,108,2.27
4,109,2.78
4,110,2.94
4,111,2.38
4,112,2.78
4,113,5.56
4,114,2.27
4,115,3.33
4,116,2.27
4,117,3.13
4,118,4.17
4,119,2.94
4,120,2.17
4,121,3.13
4,122,2.94
4,123,2.27
4,124,2
4,125,7.14
4,126,2.17
4,127,4.55
4,128,5
4,129,2.5
4,130,2
4,131,2.38
4,132,3.13
4,133,4.55
4,134,3.85
4,135,2.5
4,136,2.38
4,137,2.38
4,138,3.57
4,139,4.55
4,140,4.55
4,141,2.63
4,142,10
4,143,2.17
4,144,5
4,145,4.17
4,146,5
4,147,2.08
4,148,5.56
4,149,10
4,150,2.38
4,151,10
4,152,2.38
4,153,4.55
4,154,8.33
4,155,2.78
4,156,7.14
4,157,2
4,158,7.14
4,159,2.27
4,160,2.08
4,161,5.56
4,162,3.33
4,163,5
4,164,2.94
4,165,8.33
4,166,2.94
4,167,5
4,168,3.33
4,169,5
4,170,10
4,171,2.27
4,172,3.33
4,173,6.25
4,174,4.55
4,175,5
4,176,3.85
4,177,6.25
4,178,8.33
4,179,7.14
4,180,4.55
4,181,3.85
4,182,5
4,183,3.57
4,184,2.94
4,185,8.33
4,186,6.25
4,187,4.17
4,188,3.13
4,189,2.38
4,190,2.38
4,191,10
4,192,2.17
4,193,3.13
4,194,4.17
4,195,3.85
4,196,8.33
4,197,3.85
4,198,4.55
4,199,2.78
4,200,2
5,1,2.5
5,2,4.55
5,3,4.55
5,4,8.33
5,5,2.38
5,6,2.08
5,7,3.13
5,8,5
5,9,3.85
5,10,5.56
5,11,6.25
5,12,2.63
5,13,5
5,14,2.63
5,15,4.55
5,16,4.17
5,17,2.78
5,18,2.38
5,19,4.55
5,20,3.33
5,21,2.94
5,22,2.94
5,23,2.27
5,24,3.57
5,25,3.85
5,26,4.17
5,27,3.85
5,28,2.08
5,29,6.25
5,30,3.85
5,31,6.25
5,32,8.33
5,33,2.08
5,34,3.33
5,35,8.33
5,36,2.5
5,37,2.78
5,38,2.78
5,39,2
5,40,4.55
5,41,10
5,42,3.57
5,43,10
5,44,2.38
5,45,2.08
5,46,2.27
5,47,3.57
5,48,2.38
5,49,2
5,50,2
5,51,2.38
5,52,2.38
5,53,3.33
5,54,5
5,55,2.63
5,56,8.33
5,57,8.33
5,58,2.08
5,59,5
5,60,8.33
5,61,6.25
5,62,3.57
5,63,5
5,64,3.85
5,65,2
5,66,2.63
5,67,3.85
5,68,5
5,69,2
5,70,6.25
5,71,4.55
5,72,2.27
5,73,4.17
5,74,2.17
5,75,2.27
5,76,7.14
5,77,2.17
5,78,3.57
5,79,2.38
5,80,6.25
5,81,5.56
5,82,2.38
5,83,2
5,84,7.14
5,85,4.17
5,86,2.08
5,87,2.5
5,88,2.78
5,89,8.33
5,90,3.85
5,91,7.14
5,92,2.5
5,93,10
5,94,5
5,95,2.78
5,96,2.17
5,97,3.57
5,98,2.94
5,99,2.5
5,100,10
5,101,3.85
5,102,2.38
5,103,2.17
5,104,3.13
5,105,4.55
5,106,2
5,107,3.57
5,108,3.13
5,109,7.14
5,110,4.17
5,111,8.33
5,112,2.27
5,113,2.27
5,114,8.33
5,115,10
5,116,2.5
5,117,6.25
5,118,7.14
5,119,3.13
5,120,2.17
5,121,2.27
5,122,2.38
5,123,2.63
5,124,4.55
5,125,2.94
5,126,4.17
5,127,2.38
5,128,5
5,129,8.33
5,130,3.33
5,131,7.14
5,132,3.85
5,133,2.94
5,134,5.56
5,135,2.27
5,136,2.78
5,137,10
5,138,2
5,139,5.56
5,140,4.55
5,141,7.14
5,142,3.85
5,143,4.17
5,144,8.33
5,145,3.33
5,146,3.13
5,147,7.14
5,148,2.63
5,149,3.33
5,150,3.57
5,151,2.63
5,152,2.78
5,153,2.08
5,154,3.57
5,155,2
5,156,3.13
5,157,2.17
5,158,10
5,159,3.33
5,160,2.94
5,161,2.08
5,162,4.17
5,163,4.17
5,164,2.78
5,165,4.17
5,166,8.33
5,167,3.57
5,168,3.13
5,169,2.27
5,170,4.55
5,171,7.14
5,172,2.78
5,173,2.78
5,174,2.27
5,175,7.14
5,176,3.13
5,177,2.94
5,178,3.57
5,179,2.63
5,180,2.27
5,181,2.27
5,182,3.85
5,183,2.63
5,184,3.33
5,185,2.08
5,186,4.55
5,187,3.85
5,188,10
5,189,3.85
5,190,2.17
5,191,2.94
5,192,10
5,193,2.17
5,194,3.57
5,195,4.17
5,196,2.38
5,197,3.85
5,198,2.5
5,199,3.33
5,200,7.14
6,1,4.55
6,2,2.5
6,3,2.78
6,4,6.25
6,5,2.78
6,6,2.17
6,7,2.78
6,8,4.17
6,9,2.38
6,10,4.55
6,11,7.14
6,12,3.33
6,13,2.5
6,14,4.17
6,15,2.5
6,16,8.33
6,17,2.27
6,18,3.57
6,19,2.94
6,20,5.56
6,21,3.57
6,22,4.17
6,23,3.85
6,24,2.38
6,25,2.38
6,26,2.27
6,27,2
6,28,2.78
6,29,3.57
6,30,5
6,31,2.17
6,32,4.17
6,33,10
6,34,2.63
6,35,3.85
6,36,3.57
6,37,3.57
6,38,10
6,39,2.27
6,40,2.94
6,41,3.13
6,42,2.63
6,43,6.25
6,44,2.08
6,45,10
6,46,2.78
6,47,3.85
6,48,2.94
6,49,3.33
6,50,4.17
6,51,4.55
6,52,8.33
6,53,3.13
6,54,2.78
6,55,3.85
6,56,5.56
6,57,7.14
6,58,7.14
6,59,3.13
6,60,2.17
6,61,2
6,62,2.38
6,63,10
6,64,3.85
6,65,8.33
6,66,2.38
6,67,3.57
6,68,3.13
6,69,5.56
6,70,3.57
6,71,8.33
6,72,2.63
6,73,2.5
6,74,2.17
6,75,2.27
6,76,2
6,77,3.85
6,78,4.17
6,79,2.78
6,80,2.63
6,81,2.94
6,82,2.63
6,83,3.85
6,84,3.57
6,85,10
6,86,3.13
6,87,3.85
6,88,3.57
6,89,8.33
6,90,2.78
6,91,6.25
6,92,2.38
6,93,5.56
6,94,2.94
6,95,2.78
6,96,5
6,97,3.13
6,98,3.57
6,99,2.38
6,100,2.63
6,101,7.14
6,102,3.33
6,103,2.27
6,104,2.38
6,105,3.33
6,106,6.25
6,107,2.5
6,108,2.27
6,109,4.55
6,110,2.78
6,111,4.17
6,112,3.13
6,113,3.57
6,114,4.55
6,115,3.57
6,116,2.63
6,117,2.5
6,118,2
6,119,5
6,120,2.17
6,121,8.33
6,122,2
6,123,5.56
6,124,2
6,125,3.57
6,126,2.78
6,127,8.33
6,128,2.27
6,129,5
6,130,5.56
6,131,5
6,132,3.33
6,133,2.5
6,134,4.55
6,135,2.94
6,136,5.56
6,137,4.17
6,138,5.56
6,139,2.38
6,140,2.5
6,141,8.33
6,142,4.55
6,143,7.14
6,144,5.56
6,145,2.63
6,146,2
6,147,3.33
6,148,4.55
6,149,3.85
6,150,2.17
6,151,3.13
6,152,5
6,153,2.38
6,154,3.85
6,155,5
6,156,6.25
6,157,10
6,158,7.14
6,159,2.27
6,160,8.33
6,161,2.63
6,162,5.56
6,163,4.17
6,164,2
6,165,3.85
6,166,2.17
6,167,2.94
6,168,2.5
6,169,2
6,170,4.17
6,171,2.17
6,172,5
6,173,7.14
6,174,2.08
6,175,2.38
6,176,2.38
6,177,4.55
6,178,2.38
6,179,3.33
6,180,7.14
6,181,4.55
6,182,3.85
6,183,7.14
6,184,7.14
6,185,3.13
6,186,10
6,187,3.13
6,188,5
6,189,4.17
6,190,2.94
6,191,2.78
6,192,10
6,193,5.56
6,194,4.55
6,195,7.14
6,196,7.14
6,197,7.14
6,198,2.78
6,199,2.08
6,200,3.57
7,1,3.33
7,2,2.27
7,3,5.56
7,4,2.38
7,5,2.27
7,6,2.5
7,7,3.33
7,8,7.14
7,9,5.56
7,10,2.38
7,11,5.56
7,12,2.5
7,13,2
7,14,8.33
7,15,4.55
7,16,3.57
7,17,8.33
7,18,3.33
7,19,2
7,20,4.55
7,21,4.17
7,22,5.56
7,23,3.85
7,24,3.13
7,25,2.17
7,26,2.38
7,27,7.14
7,28,4.55
7,29,5.56
7,30,2.78
7,31,4.55
7,32,7.14
7,33,2.5
7,34,2.63
7,35,2.38
7,36,2.78
7,37,2.63
7,38,2.17
7,39,10
7,40,3.33
7,41,8.33
7,42,8.33
7,43,2.63
7,44,2.17
7,45,4.55
7,46,8.33
7,47,3.57
7,48,4.55
7,49,2.17
7,50,2.63
7,51,3.85
7,52,4.17
7,53,4.55
7,54,4.17
7,55,8.33
7,56,2.5
7,57,3.57
7,58,10
7,59,5
7,60,5.56
7,61,2.78
7,62,4.17
7,63,10
7,64,3.85
7,65,7.14
7,66,2.5
7,67,2.27
7,68,7.14
7,69,2.38
7,70,4.55
7,71,10
7,72,5
7,73,2.5
7,74,2.17
7,75,3.33
7,76,3.33
7,77,10
7,78,6.25
7,79,2.5
7,80,8.33
7,81,2
7,82,3.33
7,83,3.85
7,84,4.17
7,85,2.94
7,86,2.78
7,87,3.57
7,88,5.56
7,89,3.33
7,90,2.38
7,91,2.17
7,92,2
7,93,6.25
7,94,3.33
7,95,8.33
7,96,4.17
7,97,7.14
7,98,10
7,99,2.94
7,100,5
7,101,3.85
7,102,10
7,103,2.94
7,104,2.17
7,105,10
7,106,5
7,107,5.56
7,108,3.13
7,109,3.33
7,110,5
7,111,4.17
7,112,4.55
7,113,2.08
7,114,3.57
7,115,2.5
7,116,10
7,117,10
7,118,3.33
7,119,5
7,120,4.55
7,121,2.78
7,122,3.57
7,123,2
7,124,2.5
7,125,2
7,126,2.08
7,127,2.5
7,128,4.55
7,129,3.85
7,130,6.25
7,131,5
7,132,6.25
7,133,3.33
7,134,2.78
7,135,3.13
7,136,3.85
7,137,3.13
7,138,10
7,139,3.33
7,140,5
7,141,2.5
7,142,2.27
7,143,4.55
7,144,2.38
7,145,2.78
7,146,8.33
7,147,2.08
7,148,2.08
7,149,2.27
7,150,2.78
7,151,6.25
7,152,2
7,153,7.14
7,154,5
7,155,7.14
7,156,5
7,157,3.33
7,158,6.25
7,159,10
7,160,2.17
7,161,2.63
7,162,3.57
7,163,5
7,164,2.17
7,165,2.27
7,166,2.5
7,167,2.94
7,168,2.08
7,169,3.13
7,170,2
7,171,2.08
7,172,3.57
7,173,2.38
7,174,4.17
7,175,3.57
7,176,3.33
7,177,2.78
7,178,2.38
7,179,10
7,180,4.17
7,181,10
7,182,2.17
7,183,5
7,184,7.14
7,185,4.55
7,186,2.38
7,187,10
7,188,3.13
7,189,7.14
7,190,3.57
7,191,5.56
7,192,4.17
7,193,3.57
7,194,2.17
7,195,2.27
7,196,2.63
7,197,7.14
7,198,2.17
7,199,5.56
7,200,3.57
8,1,3.33
8,2,3.33
8,3,2.78
8,4,3.57
8,5,2.63
8,6,3.13
8,7,7.14
8,8,2.27
8,9,4.55
8,10,3.85
8,11,2.5
8,12,10
8,13,4.17
8,14,5
8,15,3.33
8,16,2.38
8,17,3.57
8,18,3.13
8,19,6.25
8,20,3.33
8,21,2.38
8,22,2.08
8,23,2.38
8,24,4.17
8,25,2.08
8,26,5.56
8,27,2.17
8,28,2
8,29,2
8,30,10
8,31,4.55
8,32,2.94
8,33,4.17
8,34,2.78
8,35,6.25
8,36,2.94
8,37,2.08
8,38,6.25
8,39,3.85
8,40,5
8,41,8.33
8,42,8.33
8,43,4.17
8,44,2.78
8,45,4.55
8,46,3.85
8,47,3.33
8,48,2.63
8,49,5.56
8,50,2.94
8,51,4.17
8,52,4.17
8,53,4.55
8,54,4.55
8,55,8.33
8,56,2.94
8,57,7.14
8,58,2.78
8,59,3.13
8,60,2.94
8,61,10
8,62,6.25
8,63,2
8,64,2.27
8,65,5.56
8,66,2.5
8,67,2.08
8,68,3.33
8,69,2.17
8,70,2.27
8,71,5
8,72,10
8,73,2.78
8,74,2.27
8,75,6.25
8,76,2.38
8,77,3.57
8,78,2
8,79,3.33
8,80,2.78
8,81,4.55
8,82,8.33
8,83,4.17
8,84,2
8,85,2.78
8,86,4.55
8,87,4.17
8,88,2.17
8,89,2.38
8,90,4.55
8,91,5.56
8,92,3.85
8,93,2.08
8,94,8.33
8,95,7.14
8,96,7.14
8,97,3.57
8,98,8.33
8,99,3.13
8,100,5
8,101,3.13
8,102,5.56
8,103,6.25
8,104,3.57
8,105,4.17
8,106,2.78
8,107,8.33
8,108,8.33
8,109,4.55
8,110,2.08
8,111,2.94
8,112,2
8,113,2.17
8,114,2.78
8,115,10
8,116,2.38
8,117,3.85
8,118,3.33
8,119,2.94
8,120,3.57
8,121,6.25
8,122,2.38
8,123,2.78
8,124,2.94
8,125,2.27
8,126,2.08
8,127,3.85
8,128,3.13
8,129,2.08
8,130,2.63
8,131,3.13
8,132,2.27
8,133,4.17
8,134,6.25
8,135,2.17
8,136,2.17
8,137,3.57
8,138,5.56
8,139,3.33
8,140,3.33
8,141,2.94
8,142,3.85
8,143,6.25
8,144,10
8,145,7.14
8,146,10
8,147,10
8,148,2.27
8,149,2.08
8,150,5
8,151,5.56
8,152,4.17
8,153,7.14
8,154,2.5
8,155,8.33
8,156,5
8,157,4.17
8,158,2.08
8,159,7.14
8,160,2
8,161,2.17
8,162,5.56
8,163,2.94
8,164,2.94
8,165,2.17
8,166,2.08
8,167,5
8,168,2.5
8,169,3.85
8,170,8.33
8,171,6.25
8,172,2.27
8,173,2.94
8,174,2.17
8,175,2.08
8,176,3.85
8,177,2.5
8,178,2.63
8,179,10
8,180,2.5
8,181,4.17
8,182,2.5
8,183,3.33
8,184,7.14
8,185,5.56
8,186,6.25
8,187,3.33
8,188,2.17
8,189,2.94
8,190,4.17
8,191,2.27
8,192,3.13
8,193,7.14
8,194,2.17
8,195,2.78
8,196,2.08
8,197,7.14
8,198,3.33
8,199,7.14
8,200,2.63
9,1,2.94
9,2,3.85
9,3,2.5
9,4,8.33
9,5,2.5
9,6,5.56
9,7,2.27
9,8,4.55
9,9,3.85
9,10,2.38
9,11,2.38
9,12,2.08
9,13,2
9,14,10
9,15,2.78
9,16,3.85
9,17,10
9,18,3.13
9,19,2.63
9,20,6.25
9,21,2.78
9,22,7.14
9,23,5
9,24,4.17
9,25,6.25
9,26,7.14
9,27,2.5
9,28,2.08
9,29,2.63
9,30,2.78
9,31,2.38
9,32,3.13
9,33,2.63
9,34,10
9,35,2.78
9,36,4.55
9,37,4.55
9,38,3.85
9,39,2.17
9,40,2.17
9,41,3.13
9,42,2.17
9,43,4.17
9,44,2.17
9,45,3.13
9,46,5.56
9,47,4.17
9,48,2.38
9,49,6.25
9,50,3.57
9,51,7.14
9,52,3.13
9,53,2.27
9,54,2.5
9,55,2.08
9,56,2.5
9,57,10
9,58,2.17
9,59,2.63
9,60,7.14
9,61,10
9,62,8.33
9,63,2.38
9,64,2.94
9,65,3.33
9,66,3.33
9,67,2.08
9,68,4.17
9,69,3.13
9,70,2.08
9,71,2.63
9,72,5
9,73,2.08
9,74,2.27
9,75,2.17
9,76,5.56
9,77,2.27
9,78,2.17
9,79,2.38
9,80,2.38
9,81,2.08
9,82,5.56
9,83,2.63
9,84,5
9,85,8.33
9,86,10
9,87,2.08
9,88,5.56
9,89,6.25
9,90,3.33
9,91,2.08
9,92,2.08
9,93,4.17
9,94,2.17
9,95,8.33
9,96,4.17
9,97,2.5
9,98,4.55
9,99,2.78
9,100,2.5
9,101,2
9,102,2.38
9,103,2.17
9,104,10
9,105,4.17
9,106,2.5
9,107,3.13
9,108,2.5
9,109,2.27
9,110,2.63
9,111,3.13
9,112,5.56
9,113,2.5
9,114,2.63
9,115,3.57
9,116,2.17
9,117,2.17
9,118,2.17
9,119,4.17
9,120,2
9,121,2.63
9,122,2.94
9,123,2
9,124,3.85
9,125,5
9,126,5.56
9,127,3.33
9,128,2.94
9,129,3.33
9,130,2
9,131,4.17
9,132,3.13
9,133,2.5
9,134,2.94
9,135,3.33
9,136,3.33
9,137,3.33
9,138,2.94
9,139,7.14
9,140,10
9,141,2.17
9,142,2.27
9,143,5
9,144,4.17
9,145,5
9,146,2.27
9,147,4.55
9,148,3.33
9,149,2.5
9,150,6.25
9,151,2
9,152,4.17
9,153,7.14
9,154,3.57
9,155,3.57
9,156,4.55
9,157,3.13
9,158,2.5
9,159,6.25
9,160,3.13
9,161,2.94
9,162,8.33
9,163,7.14
9,164,5
9,165,6.25
9,166,3.57
9,167,3.85
9,168,2.38
9,169,3.33
9,170,2.5
9,171,3.13
9,172,7.14
9,173,3.13
9,174,4.17
9,175,4.55
9,176,6.25
9,177,2.08
9,178,10
9,179,2
9,180,3.33
9,181,4.55
9,182,2.27
9,183,5
9,184,2
9,185,3.33
9,186,3.13
9,187,2.27
9,188,6.25
9,189,5
9,190,3.57
9,191,2.78
9,192,5
9,193,2.78
9,194,2.38
9,195,3.33
9,196,2.78
9,197,2.78
9,198,2.38
9,199,3.85
9,200,5
10,1,2.63
10,2,10
10,3,2
10,4,2.38
10,5,8.33
10,6,4.17
10,7,3.57
10,8,10
10,9,2.5
10,10,8.33
10,11,5.56
10,12,6.25
10,13,10
10,14,2.17
10,15,2
10,16,2.63
10,17,3.85
10,18,2.63
10,19,10
10,20,5.56
10,21,3.57
10,22,3.13
10,23,6.25
10,24,3.57
10,25,2.27
10,26,3.13
10,27,2.27
10,28,2.94
10,29,2.63
10,30,2.94
10,31,2.5
10,32,3.57
10,33,2.78
10,34,7.14
10,35,3.33
10,36,3.57
10,37,2.94
10,38,2.94
10,39,2.08
10,40,3.33
10,41,3.85
10,42,2.27
10,43,4.17
10,44,3.85
10,45,7.14
10,46,7.14
10,47,4.55
10,48,6.25
10,49,2.08
10,50,10
10,51,2.5
10,52,2.38
10,53,3.85
10,54,5.56
10,55,2.08
10,56,2
10,57,10
10,58,2.94
10,59,3.85
10,60,5
10,61,3.13
10,62,2.38
10,63,3.33
10,64,10
10,65,4.55
10,66,7.14
10,67,4.55
10,68,3.85
10,69,6.25
10,70,10
10,71,2.08
10,72,7.14
10,73,2.5
10,74,2.08
10,75,2.63
10,76,7.14
10,77,5
10,78,3.13
10,79,8.33
10,80,2
10,81,3.13
10,82,2.5
10,83,4.55
10,84,2.38
10,85,5.56
10,86,3.33
10,87,2
10,88,2.27
10,89,7.14
10,90,2.38
10,91,3.13
10,92,2.38
10,93,6.25
10,94,8.33
10,95,2
10,96,2.5
10,97,2.27
10,98,2.5
10,99,6.25
10,100,5
10,101,2.27
10,102,2.63
10,103,2.94
10,104,4.55
10,105,10
10,106,2.08
10,107,2.38
10,108,2.78
10,109,2.78
10,110,6.25
10,111,3.85
10,112,2.78
10,113,2.78
10,114,3.57
10,115,10
10,116,2.38
10,117,3.13
10,118,3.57
10,119,6.25
10,120,2.94
10,121,3.57
10,122,4.17
10,123,3.85
10,124,2.94
10,125,3.13
10,126,2
10,127,2.78
10,128,2.94
10,129,7.14
10,130,2.94
10,131,5
10,132,2.63
10,133,2.63
10,134,3.57
10,135,3.85
10,136,7.14
10,137,2.63
10,138,2.5
10,139,8.33
10,140,6.25
10,141,2.94
10,142,2.63
10,143,2.17
10,144,2.5
10,145,2
10,146,2.27
10,147,3.85
10,148,3.13
10,149,2.78
10,150,2.5
10,151,8.33
10,152,2
10,153,6.25
10,154,4.55
10,155,2.78
10,156,2.63
10,157,3.85
10,158,2.17
10,159,4.55
10,160,2.27
10,161,2.94
10,162,8.33
10,163,7.14
10,164,5
10,165,2.17
10,166,2.78
10,167,10
10,168,3.33
10,169,4.55
10,170,3.13
10,171,2.63
10,172,2
10,173,2.17
10,174,2.08
10,175,7.14
10,176,4.17
10,177,2.5
10,178,5.56
10,179,2.17
10,180,2.38
10,181,2.63
10,182,6.25
10,183,2.38
10,184,2.94
10,185,4.17
10,186,2.08
10,187,3.13
10,188,2.94
10,189,2.5
10,190,2.27
10,191,4.55
10,192,3.85
10,193,2.63
10,194,2.5
10,195,2.38
10,196,6.25
10,197,2.5
10,198,4.17
10,199,2.5
10,200,7.14
11,1,3.85
11,2,7.14
11,3,2.94
11,4,5.56
11,5,2.78
11,6,2.17
11,7,10
11,8,2
11,9,2.78
11,10,7.14
11,11,2.17
11,12,5.56
11,13,2.94
11,14,5
11,15,4.17
11,16,2.94
11,17,3.57
11,18,3.33
11,19,2.38
11,20,6.25
11,21,5
11,22,2.94
11,23,2.08
11,24,2.17
11,25,3.13
11,26,4.55
11,27,2.78
11,28,2.38
11,29,8.33
11,30,2.5
11,31,5.56
11,32,6.25
11,33,2.38
11,34,2.27
11,35,5
11,36,7.14
11,37,2.17
11,38,5.56
11,39,2.63
11,40,2.08
11,41,2.63
11,42,2.63
11,43,2.17
11,44,2.27
11,45,2
11,46,5
11,47,3.57
11,48,2.27
11,49,3.57
11,50,4.17
11,51,2.94
11,52,3.57
11,53,5
11,54,3.85
11,55,2.5
11,56,2.5
11,57,2.5
11,58,2.38
11,59,10
11,60,4.17
11,61,10
11,62,8.33
11,63,6.25
11,64,5
11,65,10
11,66,2.5
11,67,2.5
11,68,5.56
11,69,5
11,70,7.14
11,71,3.13
11,72,3.13
11,73,10
11,74,2
11,75,5.56
11,76,2.08
11,77,8.33
11,78,8.33
11,79,5
11,80,4.55
11,81,8.33
11,82,7.14
11,83,2.17
11,84,2.17
11,85,5.56
11,86,3.33
11,87,6.25
11,88,2.08
11,89,3.57
11,90,6.25
11,91,3.85
11,92,7.14
11,93,5.56
11,94,2.17
11,95,2.5
11,96,2.17
11,97,2.94
11,98,2.27
11,99,4.17
11,100,2
11,101,3.85
11,102,3.33
11,103,7.14
11,104,10
11,105,2.5
11,106,6.25
11,107,4.55
11,108,4.17
11,109,8.33
11,110,3.57
11,111,2.5
11,112,10
11,113,2.27
11,114,3.85
11,115,2.63
11,116,2.17
11,117,5.56
11,118,2.17
11,119,2.5
11,120,2.17
11,121,2.08
11,122,3.33
11,123,2.38
11,124,2
11,125,5.56
11,126,3.85
11,127,2.27
11,128,5
11,129,2.94
11,130,5
11,131,8.33
11,132,3.13
11,133,2.5
11,134,6.25
11,135,3.85
11,136,5
11,137,2.78
11,138,2.27
11,139,2.63
11,140,4.17
11,141,2.94
11,142,2.5
11,143,2.38
11,144,2.78
11,145,3.13
11,146,2.08
11,147,2.38
11,148,2.94
11,149,6.25
11,150,5.56
11,151,2.38
11,152,10
11,153,3.33
11,154,3.33
11,155,8.33
11,156,10
11,157,2.94
11,158,4.55
11,159,8.33
11,160,2.78
11,161,2.17
11,162,2.5
11,163,7.14
11,164,2.08
11,165,2.78
11,166,8.33
11,167,3.57
11,168,2.5
11,169,2.27
11,170,2.94
11,171,10
11,172,4.17
11,173,5
11,174,2.08
11,175,3.85
11,176,10
11,177,10
11,178,8.33
11,179,2.78
11,180,3.13
11,181,2.63
11,182,2.63
11,183,3.57
11,184,2.27
11,185,3.13
11,186,2.08
11,187,2.27
11,188,4.55
11,189,2.38
11,190,2.78
11,191,3.85
11,192,2.27
11,193,2
11,194,3.13
11,195,5
11,196,4.55
11,197,2.94
11,198,4.17
11,199,5
11,200,3.33
12,1,4.17
12,2,2.17
12,3,3.33
12,4,7.14
12,5,2.08
12,6,2.27
12,7,3.33
12,8,6.25
12,9,2.94
12,10,2.08
12,11,2.38
12,12,2
12,13,6.25
12,14,2.17
12,15,6.25
12,16,2.78
12,17,2
12,18,3.57
12,19,5
12,20,3.13
12,21,5.56
12,22,5.56
12,23,4.55
12,24,2.94
12,25,2.94
12,26,2.27
12,27,3.13
12,28,2.5
12,29,5
12,30,5.56
12,31,3.57
12,32,2.78
12,33,7.14
12,34,10
12,35,6.25
12,36,3.33
12,37,8.33
12,38,8.33
12,39,7.14
12,40,7.14
12,41,3.57
12,42,2.08
12,43,4.55
12,44,7.14
12,45,2.17
12,46,2.63
12,47,6.25
12,48,2.5
12,49,3.13
12,50,2.5
12,51,2.5
12,52,4.55
12,53,5.56
12,54,10
12,55,3.13
12,56,5.56
12,57,2.5
12,58,4.55
12,59,2
12,60,2.63
12,61,3.57
12,62,5.56
12,63,3.57
12,64,3.13
12,65,3.57
12,66,2.38
12,67,2.94
12,68,7.14
12,69,2.17
12,70,8.33
12,71,10
12,72,4.17
12,73,2.08
12,74,10
12,75,2.17
12,76,2
12,77,8.33
12,78,2.78
12,79,2.63
12,80,6.25
12,81,2.94
12,82,2.27
12,83,2.17
12,84,4.17
12,85,2.63
12,86,10
12,87,5
12,88,4.17
12,89,5.56
12,90,4.55
12,91,2
12,92,4.55
12,93,2.94
12,94,2.27
12,95,5.56
12,96,2.5
12,97,4.55
12,98,5.56
12,99,4.55
12,100,2.08
12,101,3.33
12,102,7.14
12,103,4.55
12,104,2.38
12,105,2.27
12,106,3.13
12,107,4.55
12,108,2.17
12,109,3.57
12,110,7.14
12,111,4.17
12,112,2.78
12,113,3.33
12,114,2.17
12,115,5.56
12,116,5
12,117,3.85
12,118,5
12,119,10
12,120,7.14
12,121,3.57
12,122,2.38
12,123,2.78
12,124,2
12,125,2.78
12,126,2.78
12,127,3.85
12,128,3.33
12,129,6.25
12,130,2.63
12,131,2.94
12,132,3.57
12,133,10
12,134,2.78
12,135,3.57
12,136,5.56
12,137,3.33
12,138,3.85
12,139,3.13
12,140,3.57
12,141,4.17
12,142,3.85
12,143,2
12,144,2.94
12,145,4.17
12,146,3.13
12,147,5.56
12,148,10
12,149,2.5
12,150,8.33
12,151,2.08
12,152,7.14
12,153,2.63
12,154,7.14
12,155,2
12,156,2.5
12,157,4.55
12,158,3.57
12,159,3.13
12,160,3.33
12,161,2.5
12,162,2.78
12,163,6.25
12,164,2.94
12,165,10
12,166,8.33
12,167,5.56
12,168,3.13
12,169,5
12,170,2.38
12,171,4.55
12,172,6.25
12,173,3.13
12,174,5
12,175,2.63
12,176,2.38
12,177,4.17
12,178,2.94
12,179,4.17
12,180,10
12,181,2.94
12,182,3.13
12,183,6.25
12,184,3.33
12,185,5.56
12,186,8.33
12,187,3.57
12,188,7.14
12,189,6.25
12,190,3.85
12,191,2.27
12,192,2.5
12,193,5
12,194,2
12,195,2.63
12,196,8.33
12,197,5
12,198,5
12,199,3.33
12,200,2.63
13,1,3.13
13,2,10
13,3,4.17
13,4,2.5
13,5,6.25
13,6,2.94
13,7,5
13,8,3.57
13,9,2.17
13,10,2.5
13,11,3.85
13,12,5.56
13,13,3.33
13,14,2.08
13,15,3.13
13,16,2.78
13,17,3.57
13,18,4.17
13,19,4.17
13,20,2.63
13,21,4.17
13,22,4.55
13,23,7.14
13,24,2.27
13,25,2.38
13,26,3.13
13,27,2.78
13,28,6.25
13,29,7.14
13,30,2.27
13,31,2.27
13,32,3.85
13,33,4.55
13,34,8.33
13,35,2.94
13,36,2.5
13,37,10
13,38,2.94
13,39,3.57
13,40,8.33
13,41,2
13,42,2.38
13,43,6.25
13,44,8.33
13,45,4.55
13,46,2.5
13,47,5
13,48,5.56
13,49,3.33
13,50,2.17
13,51,2.63
13,52,2.78
13,53,6.25
13,54,6.25
13,55,3.13
13,56,2.5
13,57,3.13
13,58,2
13,59,5
13,60,2
13,61,10
13,62,2.5
13,63,3.13
13,64,2.63
13,65,3.33
13,66,2.5
13,67,2.17
13,68,2.17
13,69,5.56
13,70,5
13,71,4.17
13,72,4.55
13,73,2.78
13,74,3.85
13,75,2.78
13,76,2.17
13,77,3.33
13,78,8.33
13,79,2.17
13,80,2.27
13,81,7.14
13,82,3.13
13,83,6.25
13,84,2.27
13,85,4.55
13,86,2.5
13,87,2
13,88,5.56
13,89,10
13,90,5
13,91,3.85
13,92,2.78
13,93,5
13,94,2.94
13,95,5.56
13,96,6.25
13,97,8.33
13,98,10
13,99,3.57
13,100,2.38
13,101,2.08
13,102,2.17
13,103,6.25
13,104,6.25
13,105,6.25
13,106,2.5
13,107,5.56
13,108,2.08
13,109,6.25
13,110,4.17
13,111,4.55
13,112,3.33
13,113,10
13,114,6.25
13,115,2.38
13,116,2.08
13,117,7.14
13,118,7.14
13,119,5
13,120,3.13
13,121,3.57
13,122,2.08
13,123,5
13,124,4.55
13,125,5.56
13,126,2.17
13,127,3.13
13,128,2.63
13,129,2.94
13,130,3.85
13,131,2.27
13,132,2.08
13,133,5
13,134,2.94
13,135,7.14
13,136,5.56
13,137,3.13
13,138,2.38
13,139,4.17
13,140,2.94
13,141,5.56
13,142,2.78
13,143,2.78
13,144,8.33
13,145,5.56
13,146,2.63
13,147,6.25
13,148,7.14
13,149,2.27
13,150,2.63
13,151,2.5
13,152,4.55
13,153,4.17
13,154,3.33
13,155,2.94
13,156,2.08
13,157,7.14
13,158,2.08
13,159,2.94
13,160,2.94
13,161,2.08
13,162,2.94
13,163,2.08
13,164,3.57
13,165,7.14
13,166,2.78
13,167,3.57
13,168,8.33
13,169,5.56
13,170,3.57
13,171,2.78
13,172,2.38
13,173,2.63
13,174,2.27
13,175,2.08
13,176,7.14
13,177,3.85
13,178,4.55
13,179,10
13,180,2.17
13,181,6.25
13,182,10
13,183,4.17
13,184,2.17
13,185,3.13
13,186,8.33
13,187,3.13
13,188,3.85
13,189,7.14
13,190,2.94
13,191,3.13
13,192,8.33
13,193,3.13
13,194,2.78
13,195,5
13,196,7.14
13,197,10
13,198,4.17
13,199,2.08
13,200,2.38
14,1,3.57
14,2,2.27
14,3,4.55
14,4,2.78
14,5,5.56
14,6,2.38
14,7,4.17
14,8,4.17
14,9,5.56
14,10,2.38
14,11,2
14,12,3.33
14,13,4.55
14,14,4.17
14,15,2.17
14,16,3.57
14,17,7.14
14,18,2.38
14,19,3.57
14,20,3.13
14,21,4.17
14,22,2.38
14,23,2.5
14,24,2.5
14,25,2.94
14,26,8.33
14,27,4.17
14,28,5.56
14,29,2.17
14,30,8.33
14,31,2.5
14,32,2.94
14,33,5
14,34,4.55
14,35,4.17
14,36,2.38
14,37,5
14,38,3.85
14,39,3.13
14,40,2.08
14,41,2.17
14,42,2.38
14,43,4.17
14,44,2
14,45,6.25
14,46,4.17
14,47,2.08
14,48,3.33
14,49,7.14
14,50,7.14
14,51,2.27
14,52,10
14,53,3.13
14,54,6.25
14,55,5
14,56,2.27
14,57,5
14,58,8.33
14,59,4.55
14,60,2.38
14,61,8.33
14,62,3.33
14,63,6.25
14,64,8.33
14,65,3.33
14,66,4.55
14,67,2.27
14,68,5
14,69,5.56
14,70,8.33
14,71,2.78
14,72,2.17
14,73,7.14
14,74,3.57
14,75,7.14
14,76,2.27
14,77,2.27
14,78,3.13
14,79,2.94
14,80,10
14,81,2.27
14,82,3.85
14,83,3.57
14,84,8.33
14,85,4.55
14,86,2.63
14,87,2.5
14,88,2.63
14,89,3.57
14,90,3.33
14,91,8.33
14,92,2.78
14,93,3.33
14,94,8.33
14,95,2.27
14,96,2.17
14,97,4.55
14,98,3.57
14,99,7.14
14,100,3.13
14,101,2.5
14,102,5.56
14,103,2.27
14,104,3.85
14,105,5.56
14,106,2.63
14,107,2.78
14,108,2.17
14,109,2.94
14,110,2.27
14,111,4.55
14,112,2.27
14,113,4.17
14,114,10
14,115,2.63
14,116,7.14
14,117,3.85
14,118,2.94
14,119,2.08
14,120,7.14
14,121,7.14
14,122,3.13
14,123,2.08
14,124,3.33
14,125,3.13
14,126,2.27
14,127,2.78
14,128,5
14,129,3.33
14,130,5
14,131,2.38
14,132,2.38
14,133,3.57
14,134,4.55
14,135,4.55
14,136,4.17
14,137,10
14,138,4.17
14,139,7.14
14,140,2.38
14,141,2.08
14,142,3.85
14,143,3.33
14,144,5
14,145,10
14,146,2.17
14,147,10
14,148,2.08
14,149,2.27
14,150,3.57
14,151,5.56
14,152,6.25
14,153,2.38
14,154,2.5
14,155,8.33
14,156,2.38
14,157,3.13
14,158,2.63
14,159,3.57
14,160,2.38
14,161,2.38
14,162,4.17
14,163,6.25
14,164,2.08
14,165,2.78
14,166,2.94
14,167,7.14
14,168,3.13
14,169,2.78
14,170,10
14,171,3.85
14,172,3.57
14,173,2.63
14,174,4.17
14,175,2.38
14,176,5.56
14,177,4.55
14,178,8.33
14,179,5.56
14,180,3.85
14,181,3.13
14,182,2.5
14,183,3.13
14,184,3.57
14,185,3.33
14,186,2.63
14,187,4.17
14,188,2.78
14,189,3.33
14,190,8.33
14,191,2.27
14,192,10
14,193,2.5
14,194,6.25
14,195,2.17
14,196,2.08
14,197,8.33
14,198,4.55
14,199,2.5
14,200,6.25
15,1,2.27
15,2,8.33
15,3,3.13
15,4,6.25
15,5,4.55
15,6,5
15,7,2.63
15,8,7.14
15,9,3.33
15,10,5.56
15,11,7.14
15,12,10
15,13,2.78
15,14,3.13
15,15,2.94
15,16,6.25
15,17,2.63
15,18,2.94
15,19,5
15,20,5
15,21,2.63
15,22,2
15,23,2.27
15,24,5.56
15,25,7.14
15,26,2.78
15,27,2.63
15,28,3.33
15,29,10
15,30,2
15,31,4.17
15,32,5
15,33,2.38
15,34,2.17
15,35,4.55
15,36,2.27
15,37,5.56
15,38,8.33
15,39,5.56
15,40,4.55
15,41,2.17
15,42,2.17
15,43,2.27
15,44,2.27
15,45,2.78
15,46,4.55
15,47,8.33
15,48,2.08
15,49,3.13
15,50,2.63
15,51,4.55
15,52,2
15,53,2.94
15,54,3.33
15,55,6.25
15,56,2.63
15,57,6.25
15,58,5.56
15,59,3.13
15,60,2.38
15,61,7.14
15,62,3.13
15,63,3.33
15,64,10
15,65,2
15,66,2.63
15,67,2.38
15,68,7.14
15,69,2.08
15,70,2
15,71,8.33
15,72,4.17
15,73,3.33
15,74,2.94
15,75,3.57
15,76,5
15,77,2.78
15,78,2.94
15,79,3.13
15,80,4.17
15,81,8.33
15,82,4.55
15,83,4.17
15,84,2.5
15,85,6.25
15,86,2.38
15,87,3.13
15,88,2.94
15,89,6.25
15,90,2
15,91,2.17
15,92,2.17
15,93,7.14
15,94,2.17
15,95,6.25
15,96,6.25
15,97,2.63
15,98,4.17
15,99,2.38
15,100,8.33
15,101,2.63
15,102,2.38
15,103,4.17
15,104,4.17
15,105,2
15,106,2.38
15,107,6.25
15,108,5.56
15,109,2.08
15,110,2.27
15,111,7.14
15,112,2.63
15,113,2.5
15,114,5.56
15,115,4.17
15,116,3.57
15,117,3.85
15,118,10
15,119,2.63
15,120,2.5
15,121,4.55
15,122,5.56
15,123,2.94
15,124,3.57
15,125,4.17
15,126,2
15,127,2.94
15,128,2.5
15,129,6.25
15,130,2.63
15,131,3.85
15,132,2.94
15,133,2.27
15,134,3.33
15,135,2.17
15,136,8.33
15,137,3.85
15,138,2.08
15,139,10
15,140,2.17
15,141,3.33
15,142,2
15,143,4.17
15,144,2.78
15,145,2.63
15,146,2.63
15,147,2.5
15,148,2.27
15,149,7.14
15,150,2.38
15,151,2.38
15,152,2
15,153,10
15,154,2.17
15,155,2.17
15,156,6.25
15,157,3.57
15,158,2.08
15,159,3.85
15,160,5.56
15,161,2.27
15,162,2.63
15,163,4.55
15,164,3.33
15,165,3.33
15,166,2.38
15,167,8.33
15,168,2.5
15,169,8.33
15,170,3.85
15,171,7.14
15,172,6.25
15,173,5
15,174,3.57
15,175,7.14
15,176,8.33
15,177,2.5
15,178,2.38
15,179,2.78
15,180,3.57
15,181,2.08
15,182,3.33
15,183,5
15,184,2.5
15,185,3.33
15,186,2.63
15,187,7.14
15,188,2.63
15,189,2.38
15,190,5
15,191,2.17
15,192,2
15,193,8.33
15,194,4.55
15,195,4.17
15,196,6.25
15,197,3.57
15,198,5.56
15,199,2.63
15,200,3.33
16,1,2.17
16,2,3.13
16,3,4.55
16,4,7.14
16,5,3.13
16,6,10
16,7,4.17
16,8,2.08
16,9,8.33
16,10,2.08
16,11,4.17
16,12,2.27
16,13,3.13
16,14,2.94
16,15,8.33
16,16,4.55
16,17,4.55
16,18,2
16,19,4.55
16,20,4.55
16,21,2.78
16,22,2.94
16,23,5
16,24,2
16,25,5.56
16,26,3.57
16,27,2.78
16,28,4.55
16,29,2.27
16,30,4.17
16,31,6.25
16,32,2.08
16,33,2.08
16,34,4.55
16,35,2.08
16,36,6.25
16,37,2.38
16,38,5.56
16,39,5.56
16,40,2.27
16,41,4.55
16,42,4.17
16,43,2.5
16,44,2.78
16,45,10
16,46,4.17
16,47,2.17
16,48,2
16,49,2
16,50,5
16,51,2.5
16,52,2.63
16,53,7.14
16,54,2.63
16,55,3.13
16,56,3.33
16,57,10
16,58,2.17
16,59,2.78
16,60,3.13
16,61,3.85
16,62,3.57
16,63,2.63
16,64,2.17
16,65,3.13
16,66,5
16,67,2.08
16,68,4.55
16,69,4.17
16,70,5.56
16,71,5.56
16,72,3.57
16,73,10
16,74,2.63
16,75,4.55
16,76,2.63
16,77,3.13
16,78,6.25
16,79,2.94
16,80,2.94
16,81,3.85
16,82,10
16,83,2.27
16,84,2.63
16,85,2.17
16,86,2.78
16,87,4.55
16,88,2.63
16,89,2.08
16,90,2.38
16,91,2.94
16,92,2.63
16,93,2.94
16,94,2.78
16,95,2.17
16,96,3.33
16,97,2.08
16,98,10
16,99,2.63
16,100,2.17
16,101,2.17
16,102,6.25
16,103,2.38
16,104,7.14
16,105,10
16,106,2.17
16,107,6.25
16,108,2.27
16,109,2.78
16,110,3.85
16,111,2.63
16,112,2.08
16,113,2
16,114,10
16,115,2.08
16,116,2.5
16,117,2.78
16,118,7.14
16,119,8.33
16,120,2.38
16,121,2.5
16,122,2.94
16,123,6.25
16,124,2.5
16,125,3.13
16,126,2
16,127,2.94
16,128,6.25
16,129,5
16,130,2.78
16,131,2.17
16,132,3.33
16,133,5
16,134,2.94
16,135,7.14
16,136,5
16,137,3.33
16,138,2.17
16,139,8.33
16,140,2.94
16,141,2.78
16,142,3.33
16,143,2.38
16,144,2.63
16,145,2.08
16,146,3.13
16,147,3.85
16,148,5.56
16,149,7.14
16,150,2.08
16,151,2
16,152,2.27
16,153,2.63
16,154,3.57
16,155,3.57
16,156,3.33
16,157,2.38
16,158,7.14
16,159,2.08
16,160,5.56
16,161,2.94
16,162,3.57
16,163,3.57
16,164,2.94
16,165,2.78
16,166,3.13
16,167,2.27
16,168,4.17
16,169,3.13
16,170,5
16,171,2.38
16,172,3.33
16,173,4.55
16,174,2.08
16,175,2.38
16,176,8.33
16,177,6.25
16,178,7.14
16,179,2.08
16,180,4.17
16,181,2.17
16,182,4.55
16,183,2.17
16,184,3.85
16,185,2.38
16,186,2
16,187,2.38
16,188,2.5
16,189,6.25
16,190,2
16,191,8.33
16,192,8.33
16,193,2.5
16,194,2.08
16,195,2.94
16,196,2.63
16,197,2.94
16,198,3.13
16,199,4.55
16,200,5.56
17,1,2
17,2,2.27
17,3,4.17
17,4,2
17,5,3.33
17,6,2.08
17,7,2.63
17,8,7.14
17,9,7.14
17,10,2
17,11,5
17,12,2.27
17,13,5.56
17,14,4.55
17,15,3.13
17,16,4.55
17,17,2.78
17,18,3.33
17,19,10
17,20,2.08
17,21,4.17
17,22,2.63
17,23,2.38
17,24,2.08
17,25,2.63
17,26,2.94
17,27,2.63
17,28,4.17
17,29,2.5
17,30,3.57
17,31,3.33
17,32,3.13
17,33,4.17
17,34,3.57
17,35,7.14
17,36,8.33
17,37,2
17,38,2.94
17,39,3.33
17,40,4.17
17,41,6.25
17,42,3.57
17,43,3.85
17,44,10
17,45,10
17,46,3.13
17,47,2
17,48,3.57
17,49,2
17,50,2.78
17,51,6.25
17,52,2.78
17,53,5
17,54,2.38
17,55,10
17,56,2.5
17,57,2.5
17,58,2.17
17,59,2.94
17,60,2.38
17,61,2.17
17,62,3.85
17,63,2.08
17,64,2.38
17,65,2.17
17,66,10
17,67,2.63
17,68,2.38
17,69,6.25
17,70,2.27
17,71,3.33
17,72,3.85
17,73,2.08
17,74,2.08
17,75,3.33
17,76,2.94
17,77,6.25
17,78,3.33
17,79,2
17,80,2.27
17,81,2.63
17,82,2.27
17,83,7.14
17,84,5
17,85,5
17,86,2
17,87,2.27
17,88,2.38
17,89,2.17
17,90,4.17
17,91,6.25
17,92,2.27
17,93,3.13
17,94,2.17
17,95,2.63
17,96,2.63
17,97,2.08
17,98,2
17,99,4.17
17,100,2.94
17,101,2.27
17,102,3.33
17,103,5.56
17,104,4.55
17,105,6.25
17,106,6.25
17,107,5.56
17,108,2.17
17,109,3.85
17,110,2.63
17,111,2.5
17,112,3.13
17,113,4.55
17,114,2.63
17,115,2.17
17,116,2.78
17,117,2.94
17,118,5
17,119,2.27
17,120,2.08
17,121,5
17,122,2.94
17,123,2.63
17,124,3.85
17,125,2.27
17,126,3.85
17,127,3.33
17,128,2.17
17,129,3.85
17,130,2.94
17,131,2.08
17,132,5.56
17,133,5
17,134,4.17
17,135,4.55
17,136,2.78
17,137,2.17
17,138,2.94
17,139,3.57
17,140,10
17,141,2.08
17,142,4.17
17,143,3.33
17,144,8.33
17,145,4.55
17,146,6.25
17,147,3.57
17,148,4.17
17,149,2.38
17,150,10
17,151,4.17
17,152,6.25
17,153,3.13
17,154,2.27
17,155,2.08
17,156,6.25
17,157,10
17,158,2.78
17,159,3.33
17,160,7.14
17,161,7.14
17,162,7.14
17,163,7.14
17,164,2.38
17,165,6.25
17,166,3.57
17,167,3.33
17,168,2.5
17,169,2.5
17,170,3.57
17,171,2.94
17,172,4.17
17,173,5.56
17,174,2.5
17,175,2.17
17,176,8.33
17,177,3.85
17,178,2.94
17,179,2.78
17,180,2.78
17,181,7.14
17,182,2.94
17,183,5.56
17,184,2.94
17,185,2
17,186,3.85
17,187,3.13
17,188,2.94
17,189,2.38
17,190,5
17,191,2.27
17,192,3.85
17,193,5.56
17,194,2.5
17,195,2.08
17,196,3.57
17,197,2
17,198,4.55
17,199,3.33
17,200,8.33
18,1,4.55
18,2,2.78
18,3,2.38
18,4,2.27
18,5,3.13
18,6,2.63
18,7,4.55
18,8,3.57
18,9,4.17
18,10,10
18,11,2.5
18,12,7.14
18,13,2.63
18,14,2.5
18,15,2.17
18,16,4.55
18,17,4.55
18,18,2
18,19,3.57
18,20,2.17
18,21,7.14
18,22,2.94
18,23,8.33
18,24,5.56
18,25,2.17
18,26,2.08
18,27,8.33
18,28,2.94
18,29,4.17
18,30,4.17
18,31,8.33
18,32,2.38
18,33,4.17
18,34,4.17
18,35,2.17
18,36,3.13
18,37,6.25
18,38,2.78
18,39,2.38
18,40,6.25
18,41,5.56
18,42,7.14
18,43,6.25
18,44,5
18,45,8.33
18,46,2
18,47,7.14
18,48,2.17
18,49,2.94
18,50,4.55
18,51,5.56
18,52,2
18,53,2.5
18,54,5
18,55,3.85
18,56,3.85
18,57,3.33
18,58,8.33
18,59,8.33
18,60,2.94
18,61,2.17
18,62,10
18,63,2
18,64,3.57
18,65,2.38
18,66,6.25
18,67,2.5
18,68,2.08
18,69,3.57
18,70,2.38
18,71,3.13
18,72,3.13
18,73,6.25
18,74,2.78
18,75,2.08
18,76,2.17
18,77,3.85
18,78,2.63
18,79,4.55
18,80,4.17
18,81,8.33
18,82,6.25
18,83,4.55
18,84,5.56
18,85,7.14
18,86,4.55
18,87,3.33
18,88,7.14
18,89,2.27
18,90,3.13
18,91,8.33
18,92,4.55
18,93,2.08
18,94,3.13
18,95,5
18,96,2.5
18,97,7.14
18,98,5.56
18,99,3.57
18,100,2.78
18,101,4.55
18,102,8.33
18,103,2.5
18,104,7.14
18,105,2.5
18,106,2
18,107,3.33
18,108,7.14
18,109,5.56
18,110,2.17
18,111,7.14
18,112,2.94
18,113,2.94
18,114,2.94
18,115,2.78
18,116,2.94
18,117,2.38
18,118,2
18,119,2.63
18,120,10
18,121,2.94
18,122,10
18,123,3.85
18,124,4.17
18,125,2.17
18,126,2.5
18,127,2.27
18,128,2.17
18,129,2
18,130,7.14
18,131,2.94
18,132,3.33
18,133,2.27
18,134,2.94
18,135,5
18,136,3.57
18,137,6.25
18,138,2.63
18,139,3.85
18,140,5
18,141,2.38
18,142,5
18,143,3.57
18,144,4.55
18,145,2
18,146,3.57
18,147,2
18,148,2.38
18,149,2.5
18,150,2.63
18,151,2.27
18,152,3.13
18,153,2.17
18,154,10
18,155,2.94
18,156,8.33
18,157,5
18,158,2.38
18,159,5
18,160,8.33
18,161,8.33
18,162,4.55
18,163,8.33
18,164,2.17
18,165,4.17
18,166,2.5
18,167,5.56
18,168,5
18,169,2.78
18,170,2.38
18,171,2.38
18,172,7.14
18,173,2.08
18,174,8.33
18,175,4.17
18,176,2.63
18,177,5.56
18,178,10
18,179,2.17
18,180,2.94
18,181,4.17
18,182,5
18,183,8.33
18,184,2.94
18,185,2.78
18,186,5.56
18,187,2.08
18,188,10
18,189,3.33
18,190,4.55
18,191,3.33
18,192,2
18,193,5.56
18,194,5
18,195,6.25
18,196,10
18,197,2.94
18,198,10
18,199,3.85
18,200,2.5
19,1,6.25
19,2,3.57
19,3,3.33
19,4,2.17
19,5,4.55
19,6,5.56
19,7,2.78
19,8,6.25
19,9,5
19,10,10
19,11,2.78
19,12,7.14
19,13,2.27
19,14,5
19,15,2.08
19,16,6.25
19,17,2.38
19,18,3.33
19,19,5
19,20,5
19,21,2.17
19,22,8.33
19,23,2.38
19,24,2.5
19,25,2.38
19,26,2.08
19,27,3.57
19,28,5.56
19,29,3.85
19,30,3.57
19,31,2.27
19,32,2.38
19,33,2.5
19,34,2.5
19,35,2.08
19,36,3.85
19,37,2.94
19,38,6.25
19,39,2.5
19,40,2.94
19,41,6.25
19,42,4.55
19,43,6.25
19,44,3.33
19,45,2
19,46,2.78
19,47,2.08
19,48,3.57
19,49,6.25
19,50,4.55
19,51,3.57
19,52,3.13
19,53,2.5
19,54,5.56
19,55,4.55
19,56,10
19,57,2
19,58,3.13
19,59,3.85
19,60,2.08
19,61,2
19,62,3.85
19,63,8.33
19,64,10
19,65,3.85
19,66,10
19,67,3.57
19,68,3.57
19,69,2.5
19,70,2.17
19,71,2.63
19,72,3.33
19,73,2.78
19,74,2.38
19,75,2.78
19,76,2.17
19,77,2.63
19,78,2.17
19,79,2
19,80,2.5
19,81,4.17
19,82,2.38
19,83,10
19,84,4.55
19,85,5
19,86,7.14
19,87,8.33
19,88,2.63
19,89,2.08
19,90,2.17
19,91,2.5
19,92,8.33
19,93,2.5
19,94,2
19,95,2.08
19,96,2.38
19,97,2
19,98,3.57
19,99,2.17
19,100,2
19,101,2.08
19,102,2
19,103,5.56
19,104,2.38
19,105,8.33
19,106,3.33
19,107,2.17
19,108,6.25
19,109,2.08
19,110,2.27
19,111,5
19,112,3.33
19,113,10
19,114,3.85
19,115,2.27
19,116,3.57
19,117,2.78
19,118,2.08
19,119,5
19,120,2.27
19,121,3.13
19,122,2.78
19,123,6.25
19,124,4.55
19,125,2.78
19,126,2.78
19,127,6.25
19,128,3.57
19,129,2.63
19,130,2.63
19,131,3.33
19,132,4.17
19,133,2.17
19,134,6.25
19,135,3.57
19,136,4.55
19,137,2.5
19,138,6.25
19,139,6.25
19,140,2.78
19,141,2
19,142,2.17
19,143,8.33
19,144,7.14
19,145,2.5
19,146,2.17
19,147,4.55
19,148,7.14
19,149,3.13
19,150,4.17
19,151,5.56
19,152,2.17
19,153,10
19,154,4.55
19,155,4.17
19,156,4.17
19,157,2.78
19,158,2.17
19,159,10
19,160,2.17
19,161,3.13
19,162,2.78
19,163,2.17
19,164,2.08
19,165,4.55
19,166,3.13
19,167,5
19,168,2
19,169,8.33
19,170,2.94
19,171,3.85
19,172,2.08
19,173,4.17
19,174,2.5
19,175,2.5
19,176,2.17
19,177,7.14
19,178,5
19,179,3.13
19,180,7.14
19,181,4.17
19,182,2.78
19,183,2.94
19,184,3.13
19,185,2.08
19,186,2.78
19,187,3.13
19,188,5
19,189,3.33
19,190,2.63
19,191,2.5
19,192,3.85
19,193,6.25
19,194,2.5
19,195,2.27
19,196,2.27
19,197,2.27
19,198,2.27
19,199,2.94
19,200,2.08
20,1,2.38
20,2,2.78
20,3,2.94
20,4,3.13
20,5,5
20,6,4.55
20,7,2.78
20,8,4.17
20,9,2.17
20,10,3.33
20,11,5.56
20,12,2.27
20,13,2.27
20,14,6.25
20,15,5
20,16,3.85
20,17,5.56
20,18,6.25
20,19,2.17
20,20,2.94
20,21,3.33
20,22,2
20,23,6.25
20,24,2.63
20,25,6.25
20,26,3.13
20,27,8.33
20,28,3.85
20,29,4.17
20,30,2.94
20,31,3.85
20,32,2.17
20,33,5.56
20,34,2.38
20,35,5.56
20,36,10
20,37,7.14
20,38,2.63
20,39,3.85
20,40,2.5
20,41,4.55
20,42,6.25
20,43,2.27
20,44,2.17
20,45,4.17
20,46,2.38
20,47,2.27
20,48,4.17
20,49,10
20,50,7.14
20,51,2.78
20,52,5
20,53,5.56
20,54,2.5
20,55,2.17
20,56,2.38
20,57,2.38
20,58,7.14
20,59,3.85
20,60,2.5
20,61,2.63
20,62,2.5
20,63,2.38
20,64,3.13
20,65,2.5
20,66,2.78
20,67,2.27
20,68,2.38
20,69,4.55
20,70,5
20,71,2.08
20,72,2
20,73,2.78
20,74,10
20,75,2.27
20,76,6.25
20,77,4.55
20,78,7.14
20,79,4.17
20,80,6.25
20,81,2.08
20,82,6.25
20,83,2.38
20,84,2.08
20,85,3.33
20,86,2.78
20,87,2
20,88,5
20,89,3.13
20,90,8.33
20,91,3.13
20,92,10
20,93,2.08
20,94,2.17
20,95,4.17
20,96,2.63
20,97,7.14
20,98,2.63
20,99,4.17
20,100,2.94
20,101,5.56
20,102,3.33
20,103,3.57
20,104,7.14
20,105,2.08
20,106,5
20,107,2
20,108,2
20,109,8.33
20,110,2.08
20,111,2.17
20,112,5
20,113,2.38
20,114,4.55
20,115,5.56
20,116,3.85
20,117,2
20,118,3.33
20,119,3.33
20,120,4.55
20,121,5
20,122,3.13
20,123,5
20,124,4.17
20,125,2.08
20,126,2.17
20,127,8.33
20,128,3.57
20,129,8.33
20,130,3.33
20,131,2.27
20,132,2.27
20,133,8.33
20,134,5
20,135,5.56
20,136,3.57
20,137,4.17
20,138,2.94
20,139,2.5
20,140,4.17
20,141,8.33
20,142,4.55
20,143,3.13
20,144,2.5
20,145,2.78
20,146,2
20,147,4.17
20,148,3.13
20,149,2.17
20,150,2.38
20,151,2.78
20,152,6.25
20,153,4.17
20,154,2.08
20,155,4.17
20,156,2.17
20,157,2.63
20,158,3.85
20,159,2
20,160,7.14
20,161,2
20,162,2.17
20,163,6.25
20,164,5.56
20,165,3.13
20,166,3.85
20,167,3.13
20,168,7.14
20,169,2.63
20,170,2.63
20,171,5.56
20,172,4.55
20,173,2.94
20,174,4.17
20,175,5.56
20,176,2
20,177,3.85
20,178,2.27
20,179,4.55
20,180,3.57
20,181,6.25
20,182,3.57
20,183,6.25
20,184,7.14
20,185,3.57
20,186,2
20,187,2.08
20,188,3.33
20,189,7.14
20,190,3.13
20,191,8.33
20,192,2.38
20,193,2
20,194,7.14
20,195,3.57
20,196,2.63
20,197,2.17
20,198,10
20,199,2.17
20,200,5
21,1,3.33
21,2,3.57
21,3,2.78
21,4,2.27
21,5,2.27
21,6,4.17
21,7,2
21,8,4.55
21,9,2.63
21,10,5
21,11,4.55
21,12,4.55
21,13,3.85
21,14,7.14
21,15,5
21,16,6.25
21,17,4.17
21,18,2.78
21,19,6.25
21,20,7.14
21,21,3.33
21,22,7.14
21,23,6.25
21,24,5
21,25,4.55
21,26,2.5
21,27,10
21,28,2.94
21,29,3.85
21,30,3.13
21,31,3.57
21,32,2
21,33,5
21,34,7.14
21,35,10
21,36,2.5
21,37,4.55
21,38,2.17
21,39,2.5
21,40,2.94
21,41,2.63
21,42,3.13
21,43,3.13
21,44,3.85
21,45,2.78
21,46,2.38
21,47,3.33
21,48,2.08
21,49,2.17
21,50,2.78
21,51,2.78
21,52,2.5
21,53,4.17
21,54,4.17
21,55,5
21,56,3.33
21,57,2.63
21,58,2.27
21,59,5
21,60,4.55
21,61,2.63
21,62,2.63
21,63,2.08
21,64,2.17
21,65,2.38
21,66,2.78
21,67,2.5
21,68,2.27
21,69,2.27
21,70,4.55
21,71,2.08
21,72,4.17
21,73,5.56
21,74,2.94
21,75,2
21,76,2.94
21,77,2.17
21,78,3.85
21,79,10
21,80,3.13
21,81,4.55
21,82,3.85
21,83,5.56
21,84,2.08
21,85,5.56
21,86,5
21,87,10
21,88,2.5
21,89,2.5
21,90,2.78
21,91,4.17
21,92,10
21,93,5.56
21,94,2.17
21,95,10
21,96,4.55
21,97,5
21,98,8.33
21,99,6.25
21,100,3.85
21,101,2.94
21,102,8.33
21,103,5.56
21,104,2.5
21,105,2.78
21,106,5.56
21,107,4.17
21,108,3.57
21,109,3.57
21,110,10
21,111,2.63
21,112,2.63
21,113,4.17
21,114,7.14
21,115,2
21,116,3.57
21,117,5.56
21,118,2.63
21,119,3.33
21,120,4.55
21,121,4.55
21,122,6.25
21,123,2.17
21,124,2.94
21,125,2.17
21,126,3.57
21,127,3.85
21,128,2.17
21,129,2.63
21,130,2
21,131,3.13
21,132,2.78
21,133,7.14
21,134,2.5
21,135,2.38
21,136,2.08
21,137,3.85
21,138,6.25
21,139,2.38
21,140,2.94
21,141,10
21,142,2.17
21,143,4.55
21,144,8.33
21,145,3.13
21,146,5.56
21,147,8.33
21,148,5
21,149,3.13
21,150,3.13
21,151,7.14
21,152,6.25
21,153,2.5
21,154,5
21,155,6.25
21,156,3.33
21,157,5
21,158,3.13
21,159,8.33
21,160,3.85
21,161,3.85
21,162,10
21,163,3.13
21,164,2.63
21,165,7.14
21,166,3.33
21,167,2.94
21,168,4.55
21,169,2.78
21,170,5
21,171,6.25
21,172,2.5
21,173,3.33
21,174,7.14
21,175,3.57
21,176,5.56
21,177,4.55
21,178,4.17
21,179,3.57
21,180,5.56
21,181,2.17
21,182,5
21,183,3.13
21,184,2
21,185,3.33
21,186,3.13
21,187,4.17
21,188,2.17
21,189,2.08
21,190,5.56
21,191,4.17
21,192,2.5
21,193,10
21,194,5.56
21,195,5
21,196,2
21,197,3.13
21,198,3.57
21,199,2.17
21,200,2.78
22,1,7.14
22,2,3.57
22,3,3.57
22,4,6.25
22,5,2.78
22,6,2.27
22,7,3.57
22,8,2.17
22,9,2.63
22,10,2.5
22,11,2.38
22,12,8.33
22,13,3.57
22,14,4.17
22,15,2.5
22,16,2.78
22,17,8.33
22,18,8.33
22,19,3.85
22,20,8.33
22,21,5
22,22,10
22,23,4.55
22,24,6.25
22,25,2.78
22,26,3.85
22,27,2.63
22,28,10
22,29,2.17
22,30,2.17
22,31,3.85
22,32,2.78
22,33,5.56
22,34,2
22,35,3.57
22,36,2.27
22,37,2.38
22,38,2.27
22,39,3.57
22,40,6.25
22,41,2.94
22,42,2.08
22,43,4.17
22,44,3.33
22,45,4.17
22,46,2.78
22,47,10
22,48,3.85
22,49,2.17
22,50,2
22,51,8.33
22,52,3.57
22,53,2.5
22,54,7.14
22,55,10
22,56,2.78
22,57,3.33
22,58,2
22,59,2.08
22,60,2.17
22,61,3.33
22,62,2.78
22,63,5
22,64,2.38
22,65,8.33
22,66,2.38
22,67,5
22,68,3.57
22,69,2.78
22,70,2.17
22,71,3.85
22,72,5.56
22,73,10
22,74,6.25
22,75,2.63
22,76,5.56
22,77,2.38
22,78,3.85
22,79,4.55
22,80,5
22,81,2.5
22,82,5
22,83,2.08
22,84,2
22,85,2
22,86,5
22,87,2.78
22,88,3.85
22,89,2.5
22,90,7.14
22,91,4.55
22,92,3.85
22,93,8.33
22,94,5.56
22,95,5
22,96,2.38
22,97,10
22,98,8.33
22,99,4.17
22,100,3.13
22,101,2.94
22,102,2.38
22,103,2.17
22,104,3.13
22,105,3.33
22,106,2.78
22,107,3.33
22,108,10
22,109,5.56
22,110,4.17
22,111,2.94
22,112,2.78
22,113,4.55
22,114,2.27
22,115,2.08
22,116,3.57
22,117,5
22,118,2
22,119,3.57
22,120,2.27
22,121,6.25
22,122,2
22,123,2.94
22,124,8.33
22,125,10
22,126,4.55
22,127,2.17
22,128,2.78
22,129,2.17
22,130,2
22,131,10
22,132,2.63
22,133,3.85
22,134,2.78
22,135,2.78
22,136,5
22,137,5.56
22,138,2.17
22,139,2
22,140,6.25
22,141,5.56
22,142,2.08
22,143,2.78
22,144,5.56
22,145,4.17
22,146,3.57
22,147,4.55
22,148,8.33
22,149,2.63
22,150,10
22,151,7.14
22,152,2.27
22,153,3.33
22,154,2.63
22,155,3.57
22,156,2.5
22,157,2.08
22,158,7.14
22,159,2.27
22,160,4.55
22,161,3.57
22,162,6.25
22,163,7.14
22,164,6.25
22,165,3.57
22,166,4.55
22,167,2.08
22,168,3.57
22,169,3.33
22,170,8.33
22,171,2.38
22,172,8.33
22,173,4.17
22,174,2.38
22,175,3.33
22,176,2.17
22,177,2.08
22,178,2.38
22,179,4.55
22,180,2.27
22,181,3.13
22,182,4.55
22,183,3.33
22,184,2.63
22,185,4.17
22,186,6.25
22,187,10
22,188,5
22,189,2.94
22,190,2.38
22,191,7.14
22,192,7.14
22,193,2.17
22,194,2.27
22,195,5.56
22,196,2.17
22,197,2.27
22,198,3.33
22,199,2.27
22,200,2.17
23,1,2.17
23,2,3.13
23,3,2.78
23,4,4.55
23,5,2.63
23,6,2.38
23,7,2
23,8,2.08
23,9,5
23,10,3.57
23,11,2.08
23,12,2.63
23,13,2
23,14,3.57
23,15,2.78
23,16,4.55
23,17,6.25
23,18,4.17
23,19,2.17
23,20,2.17
23,21,2.17
23,22,4.17
23,23,6.25
23,24,4.17
23,25,7.14
23,26,2.94
23,27,7.14
23,28,2.38
23,29,3.57
23,30,2.27
23,31,2.63
23,32,6.25
23,33,2.17
23,34,2.63
23,35,5.56
23,36,3.85
23,37,7.14
23,38,3.85
23,39,4.55
23,40,10
23,41,2.08
23,42,2.17
23,43,2.5
23,44,8.33
23,45,5
23,46,3.33
23,47,2.63
23,48,4.55
23,49,8.33
23,50,3.57
23,51,5.56
23,52,3.13
23,53,3.13
23,54,2.94
23,55,8.33
23,56,8.33
23,57,2.78
23,58,3.85
23,59,2.38
23,60,2.94
23,61,2.94
23,62,2.27
23,63,10
23,64,5
23,65,2.38
23,66,3.85
23,67,5
23,68,2.78
23,69,6.25
23,70,10
23,71,2.08
23,72,3.33
23,73,2.5
23,74,3.85
23,75,10
23,76,3.85
23,77,5.56
23,78,3.57
23,79,2.27
23,80,2.78
23,81,3.85
23,82,10
23,83,2.78
23,84,3.33
23,85,2.5
23,86,5.56
23,87,2
23,88,3.13
23,89,5.56
23,90,3.33
23,91,2.38
23,92,3.85
23,93,4.17
23,94,2.27
23,95,4.17
23,96,5
23,97,3.33
23,98,5
23,99,2.17
23,100,5.56
23,101,2.63
23,102,2.17
23,103,2.63
23,104,3.13
23,105,6.25
23,106,3.13
23,107,3.33
23,108,3.13
23,109,3.85
23,110,7.14
23,111,2.5
23,112,2.78
23,113,3.13
23,114,2.08
23,115,4.17
23,116,3.57
23,117,10
23,118,2.27
23,119,2
23,120,10
23,121,2.5
23,122,2
23,123,8.33
23,124,2
23,125,2.08
23,126,3.85
23,127,2.38
23,128,2.94
23,129,2
23,130,2.17
23,131,3.85
23,132,5
23,133,2.94
23,134,3.85
23,135,3.33
23,136,2.08
23,137,2.5
23,138,2.17
23,139,2.08
23,140,2.94
23,141,3.85
23,142,7.14
23,143,3.57
23,144,10
23,145,2
23,146,2
23,147,4.55
23,148,5
23,149,2.38
23,150,2.17
23,151,2.5
23,152,7.14
23,153,2.63
23,154,4.17
23,155,2.5
23,156,5
23,157,5
23,158,10
23,159,6.25
23,160,2.5
23,161,4.17
23,162,10
23,163,2.17
23,164,5.56
23,165,2.27
23,166,2.63
23,167,3.33
23,168,3.13
23,169,4.17
23,170,3.33
23,171,5
23,172,2.78
23,173,8.33
23,174,3.85
23,175,2.94
23,176,4.55
23,177,3.57
23,178,2.94
23,179,2.08
23,180,10
23,181,7.14
23,182,8.33
23,183,8.33
23,184,3.85
23,185,2.5
23,186,2.63
23,187,2.38
23,188,7.14
23,189,4.55
23,190,6.25
23,191,2.38
23,192,2.63
23,193,8.33
23,194,3.13
23,195,2.63
23,196,5.56
23,197,8.33
23,198,2.5
23,199,3.33
23,200,2
24,1,10
24,2,2.94
24,3,3.57
24,4,3.33
24,5,3.13
24,6,7.14
24,7,2.5
24,8,10
24,9,3.13
24,10,2.17
24,11,8.33
24,12,7.14
24,13,10
24,14,3.33
24,15,3.57
24,16,8.33
24,17,10
24,18,2.78
24,19,2.38
24,20,2.94
24,21,10
24,22,8.33
24,23,8.33
24,24,7.14
24,25,2.17
24,26,2.94
24,27,5
24,28,3.85
24,29,3.57
24,30,2.27
24,31,2.08
24,32,2.38
24,33,6.25
24,34,2.78
24,35,3.85
24,36,2.08
24,37,3.33
24,38,3.33
24,39,2.17
24,40,2.94
24,41,10
24,42,7.14
24,43,2
24,44,2.94
24,45,4.55
24,46,2.63
24,47,2.08
24,48,2.38
24,49,6.25
24,50,2.94
24,51,2.08
24,52,2.27
24,53,2.5
24,54,4.17
24,55,2.63
24,56,5.56
24,57,6.25
24,58,4.55
24,59,3.33
24,60,8.33
24,61,2.17
24,62,4.55
24,63,3.33
24,64,10
24,65,7.14
24,66,2.38
24,67,3.57
24,68,7.14
24,69,2.78
24,70,6.25
24,71,5.56
24,72,7.14
24,73,4.55
24,74,3.13
24,75,2.27
24,76,3.33
24,77,3.85
24,78,4.55
24,79,6.25
24,80,2.63
24,81,8.33
24,82,2.78
24,83,2.94
24,84,2.94
24,85,8.33
24,86,5
24,87,2
24,88,2.08
24,89,2.27
24,90,4.17
24,91,10
24,92,2.38
24,93,6.25
24,94,6.25
24,95,2.27
24,96,7.14
24,97,2.27
24,98,6.25
24,99,2
24,100,5.56
24,101,5
24,102,2.94
24,103,7.14
24,104,2.17
24,105,2.78
24,106,8.33
24,107,4.55
24,108,6.25
24,109,2.78
24,110,10
24,111,8.33
24,112,2.78
24,113,3.13
24,114,7.14
24,115,3.13
24,116,10
24,117,4.17
24,118,3.57
24,119,3.85
24,120,2.38
24,121,3.57
24,122,10
24,123,5
24,124,6.25
24,125,4.17
24,126,2.27
24,127,7.14
24,128,2
24,129,2.08
24,130,2.94
24,131,4.17
24,132,2.78
24,133,2.5
24,134,3.85
24,135,4.17
24,136,2.17
24,137,2.63
24,138,2.17
24,139,2
24,140,2.08
24,141,5.56
24,142,2.27
24,143,3.13
24,144,3.13
24,145,4.55
24,146,3.85
24,147,2.94
24,148,5
24,149,4.55
24,150,2.38
24,151,4.17
24,152,2.27
24,153,2.5
24,154,8.33
24,155,2.5
24,156,3.57
24,157,2.63
24,158,8.33
24,159,8.33
24,160,3.33
24,161,3.13
24,162,8.33
24,163,2.17
24,164,7.14
24,165,2.78
24,166,2.27
24,167,2
24,168,2.08
24,169,2.94
24,170,5
24,171,2
24,172,2.27
24,173,5.56
24,174,8.33
24,175,2.17
24,176,2.63
24,177,2.5
24,178,6.25
24,179,2.17
24,180,2
24,181,2.5
24,182,2.38
24,183,4.17
24,184,5.56
24,185,8.33
24,186,2.5
24,187,2
24,188,6.25
24,189,3.57
24,190,7.14
24,191,8.33
24,192,2.38
24,193,6.25
24,194,3.13
24,195,2.27
24,196,4.55
24,197,2.17
24,198,7.14
24,199,2.17
24,200,2.94
25,1,2.63
25,2,2.78
25,3,8.33
25,4,2.38
25,5,3.57
25,6,8.33
25,7,2.5
25,8,2.08
25,9,3.85
25,10,2.78
25,11,2.5
25,12,2.94
25,13,6.25
25,14,2.08
25,15,3.57
25,16,5
25,17,6.25
25,18,2.17
25,19,2.27
25,20,3.57
25,21,10
25,22,2.17
25,23,7.14
25,24,10
25,25,8.33
25,26,2.08
25,27,10
25,28,3.57
25,29,2.38
25,30,3.85
25,31,2.27
25,32,2.17
25,33,6.25
25,34,2.17
25,35,2.17
25,36,7.14
25,37,2.5
25,38,8.33
25,39,2.17
25,40,6.25
25,41,2.5
25,42,6.25
25,43,7.14
25,44,2.08
25,45,2.94
25,46,2.94
25,47,3.13
25,48,6.25
25,49,2
25,50,2.5
25,51,2.78
25,52,2.38
25,53,7.14
25,54,2.63
25,55,3.33
25,56,2.17
25,57,5
25,58,2.63
25,59,3.13
25,60,5.56
25,61,3.57
25,62,2.17
25,63,5.56
25,64,2.94
25,65,2.78
25,66,8.33
25,67,2.78
25,68,7.14
25,69,3.85
25,70,6.25
25,71,2.38
25,72,2.38
25,73,6.25
25,74,3.13
25,75,3.13
25,76,3.13
25,77,3.13
25,78,5.56
25,79,4.17
25,80,2.17
25,81,3.33
25,82,5.56
25,83,3.13
25,84,2.63
25,85,2.08
25,86,2.27
25,87,2.94
25,88,5.56
25,89,2.94
25,90,5.56
25,91,2
25,92,3.33
25,93,2.27
25,94,2.27
25,95,8.33
25,96,2.94
25,97,2.27
25,98,2.78
25,99,5
25,100,2.5
25,101,5
25,102,2.5
25,103,6.25
25,104,2.5
25,105,8.33
25,106,3.85
25,107,3.85
25,108,3.33
25,109,8.33
25,110,4.55
25,111,3.33
25,112,2.94
25,113,3.85
25,114,6.25
25,115,5.56
25,116,2.27
25,117,10
25,118,5.56
25,119,2.38
25,120,8.33
25,121,8.33
25,122,2
25,123,8.33
25,124,3.85
25,125,3.85
25,126,5.56
25,127,3.13
25,128,3.33
25,129,8.33
25,130,3.33
25,131,2.5
25,132,8.33
25,133,2.63
25,134,4.55
25,135,4.55
25,136,3.33
25,137,3.13
25,138,2.38
25,139,2.08
25,140,2.08
25,141,3.13
25,142,10
25,143,5.56
25,144,10
25,145,2.08
25,146,6.25
25,147,8.33
25,148,3.13
25,149,5.56
25,150,5.56
25,151,5.56
25,152,3.57
25,153,4.17
25,154,2.94
25,155,10
25,156,2.27
25,157,8.33
25,158,2.94
25,159,2.08
25,160,2.5
25,161,2.63
25,162,3.85
25,163,2.5
25,164,8.33
25,165,2.38
25,166,2.94
25,167,3.85
25,168,2.08
25,169,3.13
25,170,2.27
25,171,2
25,172,3.57
25,173,2.08
25,174,2.94
25,175,4.17
25,176,8.33
25,177,3.57
25,178,6.25
25,179,2.63
25,180,2.63
25,181,2.5
25,182,5.56
25,183,4.17
25,184,2.5
25,185,2.27
25,186,3.85
25,187,2
25,188,2.38
25,189,3.85
25,190,3.85
25,191,2.78
25,192,3.33
25,193,7.14
25,194,2.5
25,195,3.13
25,196,2.5
25,197,2.5
25,198,3.33
25,199,3.13
25,200,4.55
26,1,2.5
26,2,2
26,3,4.55
26,4,8.33
26,5,5
26,6,4.17
26,7,4.55
26,8,2.5
26,9,4.55
26,10,3.57
26,11,7.14
26,12,6.25
26,13,3.85
26,14,2.94
26,15,2.63
26,16,2.27
26,17,5.56
26,18,3.57
26,19,4.17
26,20,3.57
26,21,5.56
26,22,3.85
26,23,3.57
26,24,2.94
26,25,3.57
26,26,3.85
26,27,2.94
26,28,6.25
26,29,5
26,30,4.55
26,31,2.78
26,32,2.38
26,33,8.33
26,34,6.25
26,35,2.78
26,36,3.85
26,37,2.5
26,38,3.13
26,39,2.5
26,40,2.38
26,41,2
26,42,6.25
26,43,4.55
26,44,3.85
26,45,2.5
26,46,3.33
26,47,8.33
26,48,6.25
26,49,3.57
26,50,2.08
26,51,2.08
26,52,2.5
26,53,2.5
26,54,2.63
26,55,6.25
26,56,2.17
26,57,2.08
26,58,5.56
26,59,2.27
26,60,6.25
26,61,4.17
26,62,3.85
26,63,2.63
26,64,3.85
26,65,3.13
26,66,6.25
26,67,4.55
26,68,2.5
26,69,6.25
26,70,2
26,71,2.08
26,72,2.94
26,73,2.5
26,74,2.17
26,75,2.63
26,76,4.55
26,77,7.14
26,78,3.13
26,79,10
26,80,7.14
26,81,2.94
26,82,2
26,83,3.57
26,84,7.14
26,85,4.17
26,86,2.27
26,87,2.5
26,88,2.5
26,89,3.13
26,90,2.38
26,91,3.33
26,92,2.94
26,93,2.63
26,94,2.08
26,95,2.94
26,96,2.5
26,97,2.27
26,98,2.5
26,99,2.94
26,100,2.27
26,101,3.13
26,102,10
26,103,2.38
26,104,8.33
26,105,2.63
26,106,2.94
26,107,2.17
26,108,3.13
26,109,2.27
26,110,2
26,111,2.63
26,112,2.94
26,113,3.57
26,114,3.13
26,115,2.5
26,116,4.55
26,117,2.17
26,118,3.33
26,119,8.33
26,120,2
26,121,4.17
26,122,7.14
26,123,6.25
26,124,8.33
26,125,6.25
26,126,2.27
26,127,5
26,128,2.5
26,129,2.38
26,130,3.57
26,131,2.94
26,132,4.17
26,133,3.57
26,134,3.33
26,135,4.17
26,136,5
26,137,3.85
26,138,8.33
26,139,5.56
26,140,2.94
26,141,2.08
26,142,5
26,143,2.63
26,144,2.78
26,145,2.17
26,146,7.14
26,147,7.14
26,148,2.38
26,149,2.27
26,150,4.55
26,151,4.17
26,152,5.56
26,153,7.14
26,154,2.08
26,155,5.56
26,156,3.57
26,157,3.13
26,158,2.78
26,159,2.38
26,160,2.08
26,161,6.25
26,162,3.33
26,163,2.38
26,164,2.27
26,165,4.55
26,166,2
26,167,3.57
26,168,4.55
26,169,2.63
26,170,6.25
26,171,5
26,172,2.63
26,173,2
26,174,5.56
26,175,2
26,176,3.33
26,177,2.08
26,178,10
26,179,2.5
26,180,4.17
26,181,7.14
26,182,3.85
26,183,6.25
26,184,2.17
26,185,2.27
26,186,2.94
26,187,7.14
26,188,2.17
26,189,3.13
26,190,2.94
26,191,10
26,192,6.25
26,193,5.56
26,194,4.55
26,195,2.78
26,196,2.08
26,197,4.55
26,198,2.63
26,199,2
26,200,3.33
27,1,4.17
27,2,4.17
27,3,5.56
27,4,5
27,5,2.94
27,6,2.27
27,7,2
27,8,3.33
27,9,2.08
27,10,10
27,11,3.13
27,12,4.17
27,13,2.78
27,14,6.25
27,15,7.14
27,16,10
27,17,5.56
27,18,2.94
27,19,2.38
27,20,7.14
27,21,2.17
27,22,4.17
27,23,3.33
27,24,10
27,25,2.17
27,26,2.38
27,27,2.38
27,28,4.17
27,29,2.08
27,30,6.25
27,31,6.25
27,32,4.55
27,33,3.85
27,34,2
27,35,4.55
27,36,10
27,37,4.17
27,38,4.17
27,39,2.38
27,40,4.17
27,41,2.17
27,42,2.78
27,43,2.63
27,44,5.56
27,45,2.27
27,46,2.08
27,47,3.57
27,48,3.85
27,49,6.25
27,50,2.08
27,51,8.33
27,52,4.17
27,53,3.85
27,54,5.56
27,55,6.25
27,56,2.08
27,57,4.17
27,58,2.27
27,59,3.13
27,60,2.08
27,61,3.85
27,62,2.78
27,63,2.78
27,64,2.78
27,65,3.13
27,66,2.78
27,67,2.63
27,68,5.56
27,69,2.27
27,70,2.5
27,71,2.94
27,72,2.63
27,73,2.27
27,74,4.17
27,75,3.85
27,76,8.33
27,77,5
27,78,5
27,79,2.27
27,80,10
27,81,2.63
27,82,2.17
27,83,2
27,84,8.33
27,85,7.14
27,86,2.17
27,87,2.08
27,88,5.56
27,89,3.33
27,90,3.85
27,91,2.17
27,92,2.38
27,93,8.33
27,94,8.33
27,95,5
27,96,8.33
27,97,2.63
27,98,3.57
27,99,5.56
27,100,2.38
27,101,6.25
27,102,4.17
27,103,2.38
27,104,3.57
27,105,10
27,106,2.63
27,107,2.78
27,108,2.78
27,109,3.33
27,110,2.17
27,111,2.78
27,112,3.85
27,113,2.5
27,114,5.56
27,115,8.33
27,116,2.17
27,117,2.38
27,118,5
27,119,2.38
27,120,7.14
27,121,2.78
27,122,2.08
27,123,6.25
27,124,3.33
27,125,2.78
27,126,2
27,127,2.63
27,128,3.13
27,129,7.14
27,130,3.85
27,131,2.5
27,132,4.17
27,133,4.55
27,134,8.33
27,135,2.78
27,136,10
27,137,5.56
27,138,2
27,139,7.14
27,140,2.08
27,141,3.13
27,142,4.17
27,143,2.5
27,144,7.14
27,145,5
27,146,2.27
27,147,2.5
27,148,8.33
27,149,2.08
27,150,5.56
27,151,5.56
27,152,3.57
27,153,2.27
27,154,4.55
27,155,2.38
27,156,2
27,157,2.27
27,158,2.63
27,159,10
27,160,2.27
27,161,3.57
27,162,5
27,163,2.08
27,164,3.85
27,165,3.85
27,166,5
27,167,3.85
27,168,2.63
27,169,4.17
27,170,7.14
27,171,2.17
27,172,3.33
27,173,2.63
27,174,10
27,175,2.78
27,176,2.27
27,177,8.33
27,178,5
27,179,3.33
27,180,3.13
27,181,2.08
27,182,2.27
27,183,2.94
27,184,5
27,185,10
27,186,2.38
27,187,6.25
27,188,2.5
27,189,3.57
27,190,3.13
27,191,2.63
27,192,2.27
27,193,2.5
27,194,2.78
27,195,4.17
27,196,4.17
27,197,2.27
27,198,4.55
27,199,4.17
27,200,2.08
28,1,2.78
28,2,5.56
28,3,2.78
28,4,4.17
28,5,2.78
28,6,4.17
28,7,2.38
28,8,4.17
28,9,4.17
28,10,2.94
28,11,3.33
28,12,3.85
28,13,6.25
28,14,10
28,15,2.27
28,16,2.38
28,17,6.25
28,18,2.78
28,19,8.33
28,20,2.38
28,21,4.55
28,22,2.63
28,23,2.08
28,24,3.13
28,25,2.38
28,26,2.63
28,27,5
28,28,7.14
28,29,3.85
28,30,2.08
28,31,3.85
28,32,3.13
28,33,2.17
28,34,2.27
28,35,6.25
28,36,2.27
28,37,8.33
28,38,2.5
28,39,4.55
28,40,2.5
28,41,2.27
28,42,2.94
28,43,2.5
28,44,2.08
28,45,3.33
28,46,2.38
28,47,4.17
28,48,4.17
28,49,3.33
28,50,10
28,51,2.94
28,52,2.5
28,53,2.17
28,54,2.78
28,55,2.78
28,56,4.17
28,57,2.78
28,58,7.14
28,59,3.13
28,60,6.25
28,61,2
28,62,4.17
28,63,3.13
28,64,2
28,65,3.13
28,66,3.13
28,67,5
28,68,4.17
28,69,2.94
28,70,2.78
28,71,3.85
28,72,2
28,73,2.5
28,74,2.27
28,75,6.25
28,76,5.56
28,77,2.5
28,78,2.5
28,79,5
28,80,2
28,81,2.17
28,82,2.94
28,83,4.17
28,84,2
28,85,4.55
28,86,10
28,87,2.5
28,88,2.27
28,89,8.33
28,90,5.56
28,91,2.94
28,92,2.17
28,93,3.13
28,94,3.85
28,95,2.5
28,96,2.08
28,97,2.08
28,98,7.14
28,99,4.55
28,100,4.55
28,101,10
28,102,3.33
28,103,2.63
28,104,4.55
28,105,2.17
28,106,2.78
28,107,3.33
28,108,2
28,109,10
28,110,2.38
28,111,5
28,112,5.56
28,113,3.13
28,114,3.13
28,115,3.33
28,116,4.55
28,117,2.38
28,118,5.56
28,119,2.17
28,120,3.85
28,121,10
28,122,3.33
28,123,8.33
28,124,2.38
28,125,3.57
28,126,2.5
28,127,3.33
28,128,2.27
28,129,10
28,130,3.57
28,131,8.33
28,132,3.57
28,133,2.5
28,134,3.33
28,135,2.38
28,136,2.38
28,137,2.08
28,138,2.94
28,139,2.63
28,140,2.5
28,141,10
28,142,3.33
28,143,10
28,144,3.33
28,145,4.55
28,146,10
28,147,2.38
28,148,4.17
28,149,6.25
28,150,10
28,151,2.08
28,152,2.17
28,153,2.94
28,154,2.38
28,155,2
28,156,5
28,157,2.78
28,158,5.56
28,159,5.56
28,160,2.38
28,161,2.5
28,162,2
28,163,3.57
28,164,5.56
28,165,2
28,166,3.33
28,167,2.63
28,168,2.27
28,169,2.63
28,170,2.78
28,171,5
28,172,2.63
28,173,3.33
28,174,6.25
28,175,5.56
28,176,7.14
28,177,2.27
28,178,2.17
28,179,3.57
28,180,5.56
28,181,7.14
28,182,4.55
28,183,5.56
28,184,2.78
28,185,5
28,186,3.13
28,187,7.14
28,188,3.33
28,189,3.33
28,190,4.17
28,191,2.78
28,192,6.25
28,193,3.13
28,194,5.56
28,195,2
28,196,2.94
28,197,7.14
28,198,8.33
28,199,3.33
28,200,2.5
29,1,7.14
29,2,2.08
29,3,6.25
29,4,2.94
29,5,2.63
29,6,2.63
29,7,2.08
29,8,3.33
29,9,7.14
29,10,7.14
29,11,2
29,12,2.27
29,13,3.85
29,14,2.63
29,15,8.33
29,16,2.38
29,17,5.56
29,18,3.13
29,19,3.85
29,20,2.5
29,21,2.27
29,22,2.5
29,23,3.57
29,24,2.94
29,25,7.14
29,26,2.5
29,27,2.78
29,28,4.17
29,29,7.14
29,30,2.38
29,31,4.55
29,32,2.63
29,33,2.17
29,34,2.63
29,35,8.33
29,36,2.08
29,37,6.25
29,38,5.56
29,39,2.63
29,40,2.78
29,41,5.56
29,42,2
29,43,3.13
29,44,5
29,45,3.85
29,46,10
29,47,3.57
29,48,4.55
29,49,8.33
29,50,4.17
29,51,2.78
29,52,3.57
29,53,6.25
29,54,5.56
29,55,3.33
29,56,3.57
29,57,4.17
29,58,5.56
29,59,2.63
29,60,4.55
29,61,10
29,62,2.63
29,63,3.85
29,64,3.33
29,65,5
29,66,4.17
29,67,2.27
29,68,6.25
29,69,2.94
29,70,5.56
29,71,2.5
29,72,4.55
29,73,2.38
29,74,3.13
29,75,3.13
29,76,2.38
29,77,2.17
29,78,2.5
29,79,4.55
29,80,3.85
29,81,2.78
29,82,2.17
29,83,2.94
29,84,2.08
29,85,2.17
29,86,3.57
29,87,4.55
29,88,3.13
29,89,2.38
29,90,2.78
29,91,7.14
29,92,8.33
29,93,2.78
29,94,2.78
29,95,2.27
29,96,2.5
29,97,2.17
29,98,4.17
29,99,8.33
29,100,2
29,101,8.33
29,102,5
29,103,3.13
29,104,2.78
29,105,8.33
29,106,2.5
29,107,4.17
29,108,3.33
29,109,2.94
29,110,6.25
29,111,2.78
29,112,4.55
29,113,2
29,114,3.85
29,115,4.17
29,116,5.56
29,117,2.27
29,118,2
29,119,4.55
29,120,4.17
29,121,4.55
29,122,3.13
29,123,2.63
29,124,2.38
29,125,3.85
29,126,2
29,127,6.25
29,128,2.63
29,129,2.38
29,130,3.85
29,131,6.25
29,132,2.08
29,133,2.27
29,134,3.13
29,135,7.14
29,136,5
29,137,10
29,138,2.27
29,139,2.38
29,140,2.17
29,141,4.55
29,142,2.27
29,143,4.55
29,144,3.85
29,145,5.56
29,146,2.78
29,147,2
29,148,2.94
29,149,7.14
29,150,2.94
29,151,2.27
29,152,8.33
29,153,2.63
29,154,3.13
29,155,8.33
29,156,2.63
29,157,2.27
29,158,2.94
29,159,3.85
29,160,2
29,161,2.38
29,162,2.94
29,163,3.85
29,164,2.17
29,165,3.13
29,166,10
29,167,2.17
29,168,5
29,169,3.33
29,170,5
29,171,3.57
29,172,2.78
29,173,4.55
29,174,2
29,175,5
29,176,10
29,177,2.78
29,178,3.57
29,179,2.17
29,180,4.17
29,181,2.5
29,182,2.08
29,183,3.13
29,184,2.27
29,185,2.38
29,186,2.27
29,187,2.08
29,188,2
29,189,3.33
29,190,2.78
29,191,2.63
29,192,5
29,193,5
29,194,3.57
29,195,7.14
29,196,5.56
29,197,7.14
29,198,10
29,199,2.17
29,200,5
30,1,2
30,2,2.38
30,3,7.14
30,4,2.27
30,5,4.17
30,6,2.78
30,7,2.5
30,8,2.38
30,9,2.78
30,10,2.78
30,11,2.38
30,12,2.78
30,13,2.63
30,14,2.5
30,15,2.5
30,16,2.5
30,17,2.17
30,18,3.57
30,19,5.56
30,20,2
30,21,6.25
30,22,2.94
30,23,2.17
30,24,2.08
30,25,2.5
30,26,3.57
30,27,3.57
30,28,10
30,29,2
30,30,2.17
30,31,2
30,32,2.78
30,33,2.63
30,34,10
30,35,7.14
30,36,4.17
30,37,10
30,38,5.56
30,39,3.33
30,40,2.5
30,41,2.94
30,42,2.63
30,43,3.33
30,44,2
30,45,2
30,46,5.56
30,47,8.33
30,48,2.78
30,49,2.94
30,50,4.17
30,51,2.08
30,52,10
30,53,3.85
30,54,3.57
30,55,5.56
30,56,7.14
30,57,2.38
30,58,5.56
30,59,2.38
30,60,2.08
30,61,2.78
30,62,2.27
30,63,3.85
30,64,4.17
30,65,4.17
30,66,2.94
30,67,3.57
30,68,2
30,69,2.63
30,70,3.33
30,71,3.13
30,72,6.25
30,73,2.94
30,74,2.17
30,75,4.17
30,76,2.94
30,77,2.27
30,78,2
30,79,3.13
30,80,3.13
30,81,2.63
30,82,5.56
30,83,7.14
30,84,2.38
30,85,2.5
30,86,2.78
30,87,2.27
30,88,3.85
30,89,10
30,90,10
30,91,8.33
30,92,2.17
30,93,3.33
30,94,2.38
30,95,2.63
30,96,5
30,97,8.33
30,98,2.38
30,99,3.57
30,100,2
30,101,3.57
30,102,3.57
30,103,8.33
30,104,2.38
30,105,2
30,106,7.14
30,107,4.55
30,108,2.27
30,109,2.08
30,110,2.94
30,111,2.63
30,112,5.56
30,113,10
30,114,2.63
30,115,3.85
30,116,5.56
30,117,2.08
30,118,2.17
30,119,10
30,120,2.38
30,121,2.5
30,122,2.17
30,123,5
30,124,3.33
30,125,8.33
30,126,2.94
30,127,4.17
30,128,5.56
30,129,5
30,130,5.56
30,131,2.17
30,132,3.85
30,133,3.33
30,134,4.55
30,135,2.38
30,136,2.38
30,137,5
30,138,2.17
30,139,2.63
30,140,5
30,141,2.94
30,142,3.13
30,143,2.94
30,144,2.5
30,145,7.14
30,146,3.33
30,147,6.25
30,148,2.5
30,149,3.85
30,150,7.14
30,151,2.78
30,152,4.17
30,153,2
30,154,7.14
30,155,5
30,156,3.57
30,157,2.38
30,158,3.33
30,159,2.5
30,160,2
30,161,2.08
30,162,3.33
30,163,2
30,164,4.17
30,165,2.94
30,166,7.14
30,167,5.56
30,168,5
30,169,4.55
30,170,7.14
30,171,8.33
30,172,3.57
30,173,5.56
30,174,6.25
30,175,4.55
30,176,6.25
30,177,4.55
30,178,2.94
30,179,2.17
30,180,3.57
30,181,10
30,182,5.56
30,183,4.55
30,184,3.85
30,185,2.63
30,186,5
30,187,7.14
30,188,2.17
30,189,2.63
30,190,2.27
30,191,4.17
30,192,2
30,193,2.38
30,194,2.17
30,195,6.25
30,196,2.5
30,197,2.27
30,198,2.08
30,199,3.33
30,200,2.27
31,1,5.56
31,2,2.17
31,3,4.17
31,4,2.63
31,5,2
31,6,2.27
31,7,7.14
31,8,2.63
31,9,3.33
31,10,8.33
31,11,2.78
31,12,2.63
31,13,2.38
31,14,2.78
31,15,3.13
31,16,3.85
31,17,8.33
31,18,8.33
31,19,8.33
31,20,2.63
31,21,3.13
31,22,2
31,23,4.55
31,24,2.78
31,25,3.33
31,26,2
31,27,2.38
31,28,2.5
31,29,10
31,30,3.57
31,31,3.33
31,32,2.27
31,33,2.5
31,34,3.57
31,35,10
31,36,10
31,37,2.5
31,38,2.94
31,39,2.63
31,40,4.17
31,41,2
31,42,2.38
31,43,2.63
31,44,2.78
31,45,4.17
31,46,2.38
31,47,2
31,48,2.5
31,49,2.63
31,50,10
31,51,7.14
31,52,2
31,53,6.25
31,54,2.27
31,55,3.33
31,56,5
31,57,2.38
31,58,3.13
31,59,4.55
31,60,5.56
31,61,2
31,62,2
31,63,4.55
31,64,2.27
31,65,4.55
31,66,4.17
31,67,2.17
31,68,4.17
31,69,4.17
31,70,2.38
31,71,3.33
31,72,2.94
31,73,7.14
31,74,2.08
31,75,2.27
31,76,2.38
31,77,3.13
31,78,4.17
31,79,7.14
31,80,2.17
31,81,2
31,82,7.14
31,83,5.56
31,84,8.33
31,85,2.17
31,86,3.57
31,87,5
31,88,5.56
31,89,4.17
31,90,4.17
31,91,3.57
31,92,4.17
31,93,2.63
31,94,2.78
31,95,5
31,96,3.33
31,97,2.63
31,98,6.25
31,99,5.56
31,100,2.27
31,101,3.57
31,102,2.63
31,103,2.38
31,104,2.17
31,105,4.17
31,106,2.27
31,107,2.63
31,108,2.78
31,109,2.38
31,110,5
31,111,3.13
31,112,5
31,113,4.55
31,114,2.63
31,115,2.5
31,116,3.33
31,117,2.78
31,118,7.14
31,119,3.13
31,120,3.33
31,121,5.56
31,122,5
31,123,5.56
31,124,5.56
31,125,5
31,126,2.38
31,127,2.63
31,128,2
31,129,3.13
31,130,10
31,131,2.17
31,132,3.57
31,133,2.5
31,134,3.13
31,135,5
31,136,5
31,137,2.17
31,138,3.57
31,139,2.08
31,140,3.57
31,141,10
31,142,7.14
31,143,3.85
31,144,2.38
31,145,4.55
31,146,5.56
31,147,2.63
31,148,7.14
31,149,2
31,150,10
31,151,3.33
31,152,4.17
31,153,2.5
31,154,6.25
31,155,2
31,156,3.57
31,157,5.56
31,158,2.5
31,159,5
31,160,3.13
31,161,2
31,162,2.08
31,163,10
31,164,2.63
31,165,4.17
31,166,2.63
31,167,4.17
31,168,2.27
31,169,5
31,170,5.56
31,171,2.78
31,172,5
31,173,5.56
31,174,2.38
31,175,2.94
31,176,2.94
31,177,6.25
31,178,6.25
31,179,3.13
31,180,3.13
31,181,3.33
31,182,4.17
31,183,2
31,184,8.33
31,185,2.78
31,186,2.38
31,187,2.78
31,188,2.94
31,189,3.13
31,190,8.33
31,191,5.56
31,192,4.55
31,193,2.94
31,194,3.85
31,195,3.57
31,196,10
31,197,3.33
31,198,3.85
31,199,2.94
31,200,4.55
32,1,3.85
32,2,3.33
32,3,10
32,4,2.08
32,5,2.5
32,6,2.17
32,7,2.5
32,8,4.17
32,9,4.55
32,10,4.17
32,11,2.78
32,12,3.57
32,13,2
32,14,2.27
32,15,10
32,16,4.17
32,17,2.78
32,18,7.14
32,19,2
32,20,2.5
32,21,4.17
32,22,8.33
32,23,3.13
32,24,10
32,25,2
32,26,4.17
32,27,2.27
32,28,2.94
32,29,2.78
32,30,2.38
32,31,5.56
32,32,8.33
32,33,8.33
32,34,2.17
32,35,2.78
32,36,5
32,37,2.17
32,38,3.57
32,39,8.33
32,40,8.33
32,41,3.85
32,42,7.14
32,43,2.5
32,44,7.14
32,45,2.78
32,46,2.78
32,47,2
32,48,10
32,49,2.78
32,50,2.38
32,51,4.17
32,52,6.25
32,53,2.94
32,54,2.63
32,55,4.55
32,56,2.63
32,57,3.85
32,58,3.13
32,59,2.63
32,60,5.56
32,61,4.55
32,62,2.17
32,63,2.38
32,64,2.17
32,65,2.08
32,66,2
32,67,2.08
32,68,10
32,69,3.33
32,70,10
32,71,2
32,72,3.85
32,73,8.33
32,74,3.85
32,75,2.94
32,76,3.33
32,77,8.33
32,78,2.38
32,79,6.25
32,80,8.33
32,81,2.78
32,82,5.56
32,83,3.13
32,84,3.85
32,85,6.25
32,86,2.27
32,87,3.13
32,88,2.38
32,89,2.63
32,90,3.57
32,91,2.08
32,92,2.27
32,93,2.94
32,94,8.33
32,95,3.33
32,96,6.25
32,97,2.63
32,98,2.27
32,99,2.27
32,100,4.17
32,101,2.38
32,102,2
32,103,7.14
32,104,3.85
32,105,2.27
32,106,8.33
32,107,3.85
32,108,2.17
32,109,2.63
32,110,5.56
32,111,3.33
32,112,3.13
32,113,2.78
32,114,5.56
32,115,2.63
32,116,3.57
32,117,7.14
32,118,2.38
32,119,8.33
32,120,5
32,121,2.38
32,122,2.94
32,123,3.57
32,124,10
32,125,8.33
32,126,7.14
32,127,5.56
32,128,2.27
32,129,7.14
32,130,4.17
32,131,6.25
32,132,2.38
32,133,3.57
32,134,3.85
32,135,2.38
32,136,3.57
32,137,4.55
32,138,7.14
32,139,5
32,140,10
32,141,3.13
32,142,4.17
32,143,2.5
32,144,2.63
32,145,5.56
32,146,4.55
32,147,3.13
32,148,4.17
32,149,3.33
32,150,3.33
32,151,2.08
32,152,2.94
32,153,8.33
32,154,5.56
32,155,3.33
32,156,5.56
32,157,3.85
32,158,2.08
32,159,5
32,160,2
32,161,2.5
32,162,10
32,163,2.63
32,164,10
32,165,3.85
32,166,8.33
32,167,3.85
32,168,2.94
32,169,2
32,170,2.94
32,171,5.56
32,172,3.85
32,173,2.17
32,174,4.17
32,175,3.85
32,176,4.55
32,177,3.85
32,178,5
32,179,2.94
32,180,3.33
32,181,5
32,182,5.56
32,183,2.5
32,184,2.94
32,185,3.57
32,186,4.55
32,187,6.25
32,188,3.13
32,189,3.57
32,190,2.08
32,191,3.13
32,192,3.85
32,193,3.13
32,194,2.17
32,195,2.94
32,196,2.63
32,197,10
32,198,8.33
32,199,4.17
32,200,3.85
33,1,2
33,2,5.56
33,3,10
33,4,2.5
33,5,2.78
33,6,7.14
33,7,3.33
33,8,7.14
33,9,2.08
33,10,4.55
33,11,2.5
33,12,3.33
33,13,2.17
33,14,4.17
33,15,10
33,16,3.33
33,17,2.63
33,18,7.14
33,19,10
33,20,3.33
33,21,2.17
33,22,2
33,23,8.33
33,24,5.56
33,25,2.38
33,26,7.14
33,27,3.85
33,28,2.38
33,29,2.27
33,30,2.27
33,31,4.17
33,32,5.56
33,33,3.33
33,34,7.14
33,35,8.33
33,36,3.57
33,37,2.94
33,38,2.17
33,39,2.78
33,40,2.17
33,41,5
33,42,3.85
33,43,2.63
33,44,2
33,45,2.63
33,46,2.17
33,47,2.78
33,48,2
33,49,4.17
33,50,3.13
33,51,8.33
33,52,3.85
33,53,3.57
33,54,5
33,55,2.08
33,56,2.78
33,57,3.57
33,58,6.25
33,59,5.56
33,60,5.56
33,61,7.14
33,62,2
33,63,3.33
33,64,2.38
33,65,8.33
33,66,2.38
33,67,2.27
33,68,3.13
33,69,2.78
33,70,2.94
33,71,6.25
33,72,3.85
33,73,7.14
33,74,3.85
33,75,2.17
33,76,4.55
33,77,3.13
33,78,2.27
33,79,2.27
33,80,7.14
33,81,2.5
33,82,4.17
33,83,7.14
33,84,4.17
33,85,6.25
33,86,2.27
33,87,4.17
33,88,5
33,89,3.13
33,90,5
33,91,2.38
33,92,2
33,93,2.38
33,94,2.63
33,95,8.33
33,96,3.33
33,97,2
33,98,3.57
33,99,3.13
33,100,4.55
33,101,2.94
33,102,2.17
33,103,3.85
33,104,2.94
33,105,2.78
33,106,10
33,107,4.17
33,108,10
33,109,5
33,110,2.08
33,111,3.57
33,112,2.08
33,113,2.17
33,114,2.17
33,115,3.33
33,116,3.13
33,117,2.5
33,118,8.33
33,119,2.94
33,120,10
33,121,8.33
33,122,2.94
33,123,10
33,124,10
33,125,3.33
33,126,3.13
33,127,7.14
33,128,3.85
33,129,3.57
33,130,2.17
33,131,8.33
33,132,4.17
33,133,7.14
33,134,4.55
33,135,2.78
33,136,7.14
33,137,2.08
33,138,2.94
33,139,2.78
33,140,8.33
33,141,4.55
33,142,2.94
33,143,7.14
33,144,3.13
33,145,8.33
33,146,3.13
33,147,2.38
33,148,5.56
33,149,3.13
33,150,5
33,151,2.94
33,152,2.5
33,153,2.78
33,154,4.17
33,155,2.78
33,156,2.78
33,157,2.27
33,158,5.56
33,159,2.08
33,160,3.13
33,161,2.5
33,162,2.08
33,163,2.08
33,164,2.5
33,165,2.94
33,166,3.13
33,167,2.78
33,168,5
33,169,7.14
33,170,2.63
33,171,2.5
33,172,7.14
33,173,4.55
33,174,2.17
33,175,2.17
33,176,2.63
33,177,2.5
33,178,3.13
33,179,2.27
33,180,3.57
33,181,3.13
33,182,3.13
33,183,2.5
33,184,3.33
33,185,4.55
33,186,10
33,187,7.14
33,188,10
33,189,2
33,190,2.78
33,191,4.17
33,192,2.78
33,193,2.63
33,194,3.85
33,195,2.5
33,196,7.14
33,197,3.57
33,198,2.63
33,199,3.85
33,200,2.08
34,1,4.55
34,2,2
34,3,7.14
34,4,4.55
34,5,2.38
34,6,6.25
34,7,2.27
34,8,2
34,9,8.33
34,10,3.57
34,11,3.57
34,12,3.57
34,13,7.14
34,14,2.08
34,15,2.38
34,16,5
34,17,5.56
34,18,8.33
34,19,2.17
34,20,2.27
34,21,3.33
34,22,2.38
34,23,2.38
34,24,2.78
34,25,4.17
34,26,2.08
34,27,4.55
34,28,3.33
34,29,5
34,30,2.17
34,31,2.78
34,32,4.55
34,33,7.14
34,34,3.33
34,35,10
34,36,3.33
34,37,5.56
34,38,2.78
34,39,2.17
34,40,5.56
34,41,2.63
34,42,3.57
34,43,2
34,44,2
34,45,3.13
34,46,7.14
34,47,3.33
34,48,2.5
34,49,4.55
34,50,2.17
34,51,2.27
34,52,4.55
34,53,5.56
34,54,2.78
34,55,2.5
34,56,3.13
34,57,2.38
34,58,5
34,59,2.38
34,60,2.63
34,61,4.17
34,62,3.85
34,63,2.17
34,64,2.5
34,65,10
34,66,2.27
34,67,2
34,68,2.38
34,69,2.63
34,70,2.78
34,71,4.55
34,72,3.33
34,73,2.27
34,74,2
34,75,8.33
34,76,2.78
34,77,2.27
34,78,2.63
34,79,4.55
34,80,2.38
34,81,2
34,82,3.85
34,83,2.94
34,84,3.33
34,85,2.38
34,86,2.63
34,87,8.33
34,88,2
34,89,3.85
34,90,2.17
34,91,3.13
34,92,5
34,93,5.56
34,94,2.5
34,95,3.13
34,96,2.78
34,97,2
34,98,2.63
34,99,2.5
34,100,2.38
34,101,2.78
34,102,2.27
34,103,4.55
34,104,2
34,105,2.94
34,106,3.13
34,107,2
34,108,5
34,109,2.5
34,110,2.94
34,111,2.17
34,112,6.25
34,113,4.17
34,114,5.56
34,115,2.08
34,116,2
34,117,2.27
34,118,2.5
34,119,2.17
34,120,5
34,121,5.56
34,122,8.33
34,123,4.55
34,124,5
34,125,4.55
34,126,4.17
34,127,2.38
34,128,2.94
34,129,10
34,130,2.17
34,131,3.13
34,132,3.33
34,133,3.57
34,134,4.17
34,135,2.17
34,136,2.94
34,137,5.56
34,138,3.85
34,139,3.33
34,140,4.55
34,141,2
34,142,5.56
34,143,2.38
34,144,7.14
34,145,3.33
34,146,6.25
34,147,8.33
34,148,4.17
34,149,2.08
34,150,2.5
34,151,5.56
34,152,2.5
34,153,2.63
34,154,6.25
34,155,2.27
34,156,2.38
34,157,2.08
34,158,2
34,159,2.38
34,160,5
34,161,6.25
34,162,3.57
34,163,4.55
34,164,7.14
34,165,2.78
34,166,2.17
34,167,3.33
34,168,4.17
34,169,2.27
34,170,2.78
34,171,2.63
34,172,3.13
34,173,2.94
34,174,2
34,175,2.94
34,176,2.38
34,177,10
34,178,2
34,179,6.25
34,180,4.17
34,181,3.33
34,182,3.85
34,183,5.56
34,184,7.14
34,185,3.85
34,186,4.55
34,187,3.13
34,188,2.5
34,189,5
34,190,4.17
34,191,2.08
34,192,6.25
34,193,2.78
34,194,6.25
34,195,2.94
34,196,5
34,197,2.38
34,198,2.17
34,199,4.55
34,200,2.27
35,1,5
35,2,2.63
35,3,2.78
35,4,5.56
35,5,10
35,6,2.17
35,7,2.63
35,8,2.27
35,9,6.25
35,10,6.25
35,11,2.94
35,12,2.94
35,13,3.85
35,14,10
35,15,2.78
35,16,5.56
35,17,6.25
35,18,4.17
35,19,3.57
35,20,2.5
35,21,2.94
35,22,8.33
35,23,2.78
35,24,2.78
35,25,3.33
35,26,4.17
35,27,2.38
35,28,4.17
35,29,5
35,30,5
35,31,3.33
35,32,3.33
35,33,7.14
35,34,2.63
35,35,2
35,36,6.25
35,37,5.56
35,38,2.94
35,39,2.27
35,40,7.14
35,41,2.38
35,42,2.78
35,43,2.27
35,44,3.57
35,45,5
35,46,2.94
35,47,5.56
35,48,2
35,49,4.17
35,50,3.33
35,51,2.27
35,52,8.33
35,53,4.55
35,54,8.33
35,55,2.94
35,56,2.78
35,57,3.85
35,58,3.57
35,59,2.5
35,60,10
35,61,7.14
35,62,2.63
35,63,3.13
35,64,2.08
35,65,2
35,66,5
35,67,3.13
35,68,4.55
35,69,4.17
35,70,4.17
35,71,5
35,72,2.08
35,73,2.38
35,74,3.85
35,75,5.56
35,76,2.78
35,77,2.08
35,78,5
35,79,3.85
35,80,4.55
35,81,3.33
35,82,3.13
35,83,2.17
35,84,2
35,85,3.85
35,86,2
35,87,2.63
35,88,2
35,89,7.14
35,90,2.94
35,91,4.17
35,92,3.57
35,93,4.55
35,94,2.38
35,95,3.33
35,96,4.55
35,97,5
35,98,8.33
35,99,2.27
35,100,2.38
35,101,2.08
35,102,3.57
35,103,5
35,104,5
35,105,10
35,106,6.25
35,107,3.13
35,108,2.27
35,109,5.56
35,110,7.14
35,111,2.78
35,112,2.38
35,113,10
35,114,4.17
35,115,3.85
35,116,4.55
35,117,2.08
35,118,2.38
35,119,10
35,120,2.27
35,121,4.17
35,122,2.63
35,123,2.08
35,124,2.08
35,125,10
35,126,8.33
35,127,5
35,128,2.94
35,129,4.55
35,130,2.78
35,131,3.33
35,132,3.13
35,133,3.85
35,134,3.85
35,135,2.27
35,136,5.56
35,137,4.55
35,138,2.08
35,139,2.78
35,140,3.85
35,141,2.38
35,142,3.13
35,143,6.25
35,144,3.57
35,145,5
35,146,2.27
35,147,2.78
35,148,3.33
35,149,2.27
35,150,2.27
35,151,2.5
35,152,2.08
35,153,2.5
35,154,3.33
35,155,3.33
35,156,3.13
35,157,8.33
35,158,7.14
35,159,4.17
35,160,2.08
35,161,6.25
35,162,5.56
35,163,2.38
35,164,2.63
35,165,2.78
35,166,4.55
35,167,10
35,168,5
35,169,3.57
35,170,10
35,171,2.08
35,172,3.85
35,173,5.56
35,174,3.85
35,175,2.38
35,176,4.55
35,177,2.5
35,178,8.33
35,179,5
35,180,2.63
35,181,2.94
35,182,4.17
35,183,2.78
35,184,2.78
35,185,2.08
35,186,6.25
35,187,6.25
35,188,3.85
35,189,2.63
35,190,3.85
35,191,10
35,192,8.33
35,193,3.13
35,194,2.27
35,195,7.14
35,196,2
35,197,4.17
35,198,2.27
35,199,6.25
35,200,3.13
36,1,4.17
36,2,6.25
36,3,5
36,4,3.85
36,5,3.85
36,6,2.5
36,7,2.94
36,8,5.56
36,9,4.17
36,10,2.08
36,11,2.27
36,12,3.57
36,13,3.57
36,14,2
36,15,3.33
36,16,3.33
36,17,3.13
36,18,4.17
36,19,3.57
36,20,2.5
36,21,5
36,22,2.5
36,23,3.57
36,24,10
36,25,4.55
36,26,4.55
36,27,3.33
36,28,6.25
36,29,2.17
36,30,2.17
36,31,6.25
36,32,2.17
36,33,2.63
36,34,2.78
36,35,4.55
36,36,3.57
36,37,3.13
36,38,2.94
36,39,3.33
36,40,7.14
36,41,10
36,42,5
36,43,2
36,44,4.17
36,45,5
36,46,4.17
36,47,2.63
36,48,5
36,49,8.33
36,50,2.63
36,51,2.78
36,52,2.08
36,53,2.94
36,54,2.27
36,55,2.63
36,56,2.27
36,57,2.08
36,58,2.63
36,59,3.33
36,60,5.56
36,61,8.33
36,62,8.33
36,63,5
36,64,3.57
36,65,3.57
36,66,5
36,67,2.94
36,68,3.33
36,69,2.5
36,70,2.78
36,71,2.5
36,72,2.78
36,73,5
36,74,3.85
36,75,4.17
36,76,3.57
36,77,7.14
36,78,8.33
36,79,8.33
36,80,3.85
36,81,2.17
36,82,2.27
36,83,3.57
36,84,7.14
36,85,2.94
36,86,2.08
36,87,7.14
36,88,6.25
36,89,5
36,90,5
36,91,2.08
36,92,3.13
36,93,10
36,94,3.57
36,95,4.17
36,96,8.33
36,97,2.17
36,98,7.14
36,99,4.17
36,100,2.08
36,101,3.33
36,102,2.27
36,103,2.08
36,104,4.17
36,105,2.27
36,106,5
36,107,3.13
36,108,2
36,109,10
36,110,4.17
36,111,8.33
36,112,2.17
36,113,2.94
36,114,2.63
36,115,7.14
36,116,2
36,117,2.94
36,118,2.5
36,119,4.55
36,120,3.85
36,121,3.13
36,122,7.14
36,123,2.08
36,124,8.33
36,125,2.38
36,126,2.63
36,127,2.17
36,128,4.55
36,129,6.25
36,130,6.25
36,131,7.14
36,132,2.5
36,133,2.63
36,134,2.08
36,135,3.33
36,136,3.85
36,137,7.14
36,138,3.57
36,139,5.56
36,140,2.94
36,141,10
36,142,10
36,143,2
36,144,3.33
36,145,2.78
36,146,3.33
36,147,2.78
36,148,2
36,149,4.17
36,150,4.17
36,151,3.85
36,152,4.55
36,153,2.94
36,154,2.27
36,155,3.33
36,156,2.38
36,157,10
36,158,2.5
36,159,10
36,160,6.25
36,161,4.55
36,162,2.08
36,163,4.55
36,164,8.33
36,165,3.85
36,166,2.5
36,167,3.33
36,168,2.78
36,169,2.17
36,170,10
36,171,2.78
36,172,3.85
36,173,8.33
36,174,3.13
36,175,2.17
36,176,7.14
36,177,3.57
36,178,6.25
36,179,4.17
36,180,5
36,181,2.27
36,182,8.33
36,183,3.33
36,184,2.27
36,185,2.38
36,186,2.78
36,187,6.25
36,188,2.38
36,189,2
36,190,4.55
36,191,3.33
36,192,5.56
36,193,7.14
36,194,3.57
36,195,3.13
36,196,3.33
36,197,4.17
36,198,2.63
36,199,2.17
36,200,2.63
37,1,2.27
37,2,2.63
37,3,2
37,4,3.57
37,5,2.08
37,6,2.5
37,7,3.33
37,8,2.94
37,9,2.78
37,10,5.56
37,11,7.14
37,12,2.5
37,13,2.78
37,14,2.5
37,15,4.17
37,16,2.27
37,17,3.13
37,18,5.56
37,19,4.55
37,20,7.14
37,21,2.78
37,22,10
37,23,2.94
37,24,3.33
37,25,2.78
37,26,2.63
37,27,3.33
37,28,5
37,29,5.56
37,30,5
37,31,2.27
37,32,6.25
37,33,8.33
37,34,2.94
37,35,2.63
37,36,2.17
37,37,5
37,38,2.38
37,39,2
37,40,8.33
37,41,4.55
37,42,3.13
37,43,8.33
37,44,5.56
37,45,3.13
37,46,3.13
37,47,2.17
37,48,4.17
37,49,10
37,50,4.17
37,51,7.14
37,52,5.56
37,53,2
37,54,3.57
37,55,2.17
37,56,2.27
37,57,2.5
37,58,3.33
37,59,4.17
37,60,2.08
37,61,8.33
37,62,8.33
37,63,10
37,64,2.08
37,65,2.5
37,66,2.94
37,67,4.17
37,68,2.94
37,69,7.14
37,70,3.57
37,71,2.08
37,72,7.14
37,73,6.25
37,74,8.33
37,75,3.57
37,76,2.63
37,77,6.25
37,78,2.38
37,79,4.17
37,80,2.38
37,81,10
37,82,2.78
37,83,2
37,84,2
37,85,10
37,86,2.5
37,87,2.08
37,88,7.14
37,89,2.27
37,90,4.55
37,91,7.14
37,92,2.94
37,93,2
37,94,5
37,95,7.14
37,96,4.55
37,97,2.5
37,98,5.56
37,99,2.63
37,100,2.17
37,101,2.17
37,102,7.14
37,103,3.57
37,104,5.56
37,105,2.38
37,106,2.27
37,107,7.14
37,108,2.38
37,109,7.14
37,110,10
37,111,2.38
37,112,10
37,113,2
37,114,2
37,115,2.17
37,116,2.08
37,117,2.94
37,118,4.17
37,119,8.33
37,120,2.78
37,121,10
37,122,5.56
37,123,3.85
37,124,8.33
37,125,2.94
37,126,2.27
37,127,3.57
37,128,7.14
37,129,2
37,130,8.33
37,131,6.25
37,132,3.57
37,133,2.78
37,134,3.85
37,135,2
37,136,8.33
37,137,2.08
37,138,3.33
37,139,2.38
37,140,2.78
37,141,5
37,142,5
37,143,2.94
37,144,4.17
37,145,4.17
37,146,3.57
37,147,5.56
37,148,3.13
37,149,3.33
37,150,7.14
37,151,3.57
37,152,4.55
37,153,4.17
37,154,2
37,155,2.38
37,156,2.78
37,157,2.27
37,158,8.33
37,159,2
37,160,3.33
37,161,8.33
37,162,5.56
37,163,5
37,164,2.27
37,165,2.08
37,166,2.17
37,167,10
37,168,7.14
37,169,3.57
37,170,2.5
37,171,6.25
37,172,2.27
37,173,5
37,174,5.56
37,175,2.94
37,176,3.33
37,177,6.25
37,178,2.17
37,179,3.33
37,180,6.25
37,181,6.25
37,182,2.27
37,183,2.94
37,184,5.56
37,185,3.85
37,186,2.17
37,187,2.78
37,188,2.78
37,189,3.13
37,190,2.5
37,191,2.38
37,192,2
37,193,7.14
37,194,8.33
37,195,2.5
37,196,2.78
37,197,3.85
37,198,2.08
37,199,2.78
37,200,5.56
38,1,6.25
38,2,2.63
38,3,7.14
38,4,2.27
38,5,2.08
38,6,3.13
38,7,2.94
38,8,2.5
38,9,5.56
38,10,2.17
38,11,7.14
38,12,6.25
38,13,2.78
38,14,4.17
38,15,3.57
38,16,7.14
38,17,4.55
38,18,5
38,19,2.78
38,20,2.63
38,21,2.08
38,22,5
38,23,2.27
38,24,5.56
38,25,2.17
38,26,7.14
38,27,2.94
38,28,2.94
38,29,7.14
38,30,2.78
38,31,2.63
38,32,2.27
38,33,2.5
38,34,5
38,35,6.25
38,36,2.63
38,37,2.78
38,38,7.14
38,39,2.27
38,40,7.14
38,41,2.5
38,42,4.55
38,43,2.63
38,44,3.57
38,45,3.33
38,46,7.14
38,47,4.17
38,48,2.94
38,49,6.25
38,50,2.63
38,51,2.17
38,52,2
38,53,6.25
38,54,2.17
38,55,2.08
38,56,2
38,57,2.78
38,58,8.33
38,59,5
38,60,3.57
38,61,2.5
38,62,4.55
38,63,3.13
38,64,2.27
38,65,2.38
38,66,10
38,67,2.38
38,68,5.56
38,69,3.85
38,70,3.33
38,71,6.25
38,72,2.63
38,73,2
38,74,2.17
38,75,2.38
38,76,2.27
38,77,3.85
38,78,10
38,79,2
38,80,4.55
38,81,2.08
38,82,2.17
38,83,2.63
38,84,6.25
38,85,3.85
38,86,2.17
38,87,2.63
38,88,2.27
38,89,4.55
38,90,3.13
38,91,2.38
38,92,3.85
38,93,7.14
38,94,4.17
38,95,2.94
38,96,10
38,97,6.25
38,98,2.5
38,99,10
38,100,5
38,101,3.33
38,102,2.94
38,103,2.27
38,104,5.56
38,105,2.63
38,106,3.33
38,107,2.38
38,108,3.85
38,109,3.85
38,110,5
38,111,2.5
38,112,2.08
38,113,3.57
38,114,2.94
38,115,3.85
38,116,5
38,117,2
38,118,3.13
38,119,2.08
38,120,3.33
38,121,2.5
38,122,3.85
38,123,2.38
38,124,2.08
38,125,3.13
38,126,3.33
38,127,2.94
38,128,3.57
38,129,5.56
38,130,5.56
38,131,8.33
38,132,4.17
38,133,3.85
38,134,2.08
38,135,2.17
38,136,2.08
38,137,2.17
38,138,5.56
38,139,2.38
38,140,3.33
38,141,3.57
38,142,5
38,143,2.17
38,144,2.78
38,145,5.56
38,146,2.08
38,147,4.55
38,148,7.14
38,149,5
38,150,4.55
38,151,2.27
38,152,5.56
38,153,2.5
38,154,7.14
38,155,7.14
38,156,3.33
38,157,10
38,158,2.17
38,159,2.27
38,160,6.25
38,161,6.25
38,162,2.78
38,163,3.57
38,164,6.25
38,165,5.56
38,166,8.33
38,167,3.57
38,168,3.33
38,169,5
38,170,2.78
38,171,2.38
38,172,2.78
38,173,2.63
38,174,2.27
38,175,5
38,176,2.78
38,177,4.55
38,178,7.14
38,179,3.33
38,180,5
38,181,2.08
38,182,2.63
38,183,2.63
38,184,5.56
38,185,2.5
38,186,10
38,187,3.85
38,188,2.08
38,189,7.14
38,190,3.57
38,191,2
38,192,2.08
38,193,3.33
38,194,2.08
38,195,2
38,196,2.38
38,197,6.25
38,198,2.94
38,199,2.17
38,200,7.14
39,1,5
39,2,2.08
39,3,2
39,4,6.25
39,5,6.25
39,6,2.17
39,7,2.17
39,8,5.56
39,9,2.08
39,10,3.57
39,11,6.25
39,12,3.33
39,13,6.25
39,14,2.78
39,15,2.94
39,16,6.25
39,17,3.85
39,18,4.17
39,19,5.56
39,20,3.85
39,21,2.17
39,22,4.55
39,23,2.38
39,24,2.38
39,25,3.85
39,26,5
39,27,5.56
39,28,10
39,29,2.5
39,30,2.78
39,31,3.57
39,32,2.5
39,33,6.25
39,34,2.5
39,35,2
39,36,2.17
39,37,2.63
39,38,2.5
39,39,5.56
39,40,2.17
39,41,10
39,42,3.85
39,43,5.56
39,44,2.17
39,45,5.56
39,46,3.57
39,47,5
39,48,2.94
39,49,2.78
39,50,2
39,51,2.27
39,52,2
39,53,2
39,54,6.25
39,55,4.55
39,56,2.08
39,57,2.78
39,58,8.33
39,59,7.14
39,60,2
39,61,3.85
39,62,6.25
39,63,5
39,64,7.14
39,65,8.33
39,66,2.78
39,67,3.33
39,68,2.38
39,69,3.33
39,70,2.08
39,71,4.17
39,72,2.78
39,73,6.25
39,74,2.27
39,75,3.13
39,76,2.27
39,77,2.27
39,78,2.78
39,79,2.27
39,80,3.57
39,81,3.85
39,82,6.25
39,83,2.27
39,84,5.56
39,85,2.27
39,86,6.25
39,87,3.85
39,88,2.78
39,89,5.56
39,90,2.94
39,91,10
39,92,2.17
39,93,3.57
39,94,10
39,95,3.13
39,96,3.13
39,97,4.17
39,98,8.33
39,99,2.78
39,100,10
39,101,4.55
39,102,2.17
39,103,2.08
39,104,5
39,105,5.56
39,106,6.25
39,107,3.33
39,108,3.33
39,109,5.56
39,110,2.5
39,111,2.5
39,112,2.63
39,113,5.56
39,114,3.57
39,115,2
39,116,2.08
39,117,2.27
39,118,2.38
39,119,2.94
39,120,2.63
39,121,3.85
39,122,3.85
39,123,5
39,124,3.33
39,125,7.14
39,126,4.17
39,127,5.56
39,128,3.85
39,129,2.94
39,130,5.56
39,131,2
39,132,6.25
39,133,3.85
39,134,3.33
39,135,2.17
39,136,3.85
39,137,2.17
39,138,3.85
39,139,5
39,140,2.5
39,141,2
39,142,4.17
39,143,3.85
39,144,8.33
39,145,2.63
39,146,2.78
39,147,3.13
39,148,10
39,149,5
39,150,2
39,151,8.33
39,152,6.25
39,153,2.38
39,154,3.85
39,155,2.08
39,156,2.38
39,157,2.08
39,158,2.78
39,159,2.94
39,160,5.56
39,161,5.56
39,162,8.33
39,163,2
39,164,2.27
39,165,2.17
39,166,3.13
39,167,2.94
39,168,3.57
39,169,2.63
39,170,7.14
39,171,3.13
39,172,2.08
39,173,2.27
39,174,2.38
39,175,2
39,176,4.17
39,177,2.94
39,178,5.56
39,179,3.57
39,180,2.38
39,181,3.33
39,182,4.17
39,183,2.17
39,184,3.13
39,185,3.57
39,186,2.38
39,187,2.63
39,188,2.5
39,189,2.27
39,190,7.14
39,191,2.63
39,192,2.94
39,193,2.38
39,194,2.38
39,195,10
39,196,6.25
39,197,3.57
39,198,4.55
39,199,3.57
39,200,8.33
40,1,2.08
40,2,8.33
40,3,3.57
40,4,3.85
40,5,3.33
40,6,5.56
40,7,5
40,8,3.85
40,9,2.08
40,10,6.25
40,11,2.78
40,12,3.33
40,13,8.33
40,14,7.14
40,15,2.38
40,16,2.27
40,17,2.78
40,18,2.17
40,19,2.17
40,20,2
40,21,2.94
40,22,5.56
40,23,2.78
40,24,3.85
40,25,3.57
40,26,2.63
40,27,7.14
40,28,4.17
40,29,3.13
40,30,5
40,31,2.08
40,32,2.63
40,33,3.13
40,34,3.85
40,35,2.27
40,36,3.85
40,37,2.78
40,38,2.94
40,39,3.13
40,40,2.27
40,41,2.17
40,42,3.33
40,43,4.55
40,44,4.55
40,45,3.57
40,46,8.33
40,47,4.55
40,48,5.56
40,49,3.13
40,50,2.08
40,51,5.56
40,52,8.33
40,53,3.33
40,54,2.63
40,55,3.85
40,56,5
40,57,2.78
40,58,2.94
40,59,7.14
40,60,2
40,61,2.38
40,62,3.57
40,63,5
40,64,4.55
40,65,4.55
40,66,2.38
40,67,2.17
40,68,8.33
40,69,7.14
40,70,2.78
40,71,2.17
40,72,2.94
40,73,3.85
40,74,2.5
40,75,8.33
40,76,2.63
40,77,3.13
40,78,2.27
40,79,2.63
40,80,3.85
40,81,5
40,82,2
40,83,3.33
40,84,4.17
40,85,2.63
40,86,2.38
40,87,3.33
40,88,2.27
40,89,3.57
40,90,2
40,91,2.38
40,92,2.5
40,93,2.38
40,94,3.33
40,95,7.14
40,96,3.13
40,97,2.17
40,98,2.5
40,99,5.56
40,100,2.27
40,101,2.27
40,102,3.13
40,103,5.56
40,104,2.38
40,105,8.33
40,106,8.33
40,107,2.17
40,108,8.33
40,109,2.78
40,110,2.94
40,111,3.57
40,112,2.38
40,113,3.57
40,114,4.17
40,115,3.33
40,116,10
40,117,6.25
40,118,3.13
40,119,3.33
40,120,7.14
40,121,5
40,122,7.14
40,123,4.55
40,124,5
40,125,2.63
40,126,3.85
40,127,2.38
40,128,4.17
40,129,3.57
40,130,3.85
40,131,6.25
40,132,2.94
40,133,3.33
40,134,2.08
40,135,3.57
40,136,5
40,137,2.38
40,138,2.63
40,139,2.94
40,140,3.57
40,141,3.57
40,142,10
40,143,10
40,144,8.33
40,145,5
40,146,4.55
40,147,3.57
40,148,2.5
40,149,2.63
40,150,2.94
40,151,4.17
40,152,5
40,153,7.14
40,154,2.5
40,155,2.38
40,156,2.78
40,157,2.17
40,158,4.55
40,159,5
40,160,2.5
40,161,4.17
40,162,4.17
40,163,2.5
40,164,7.14
40,165,2.94
40,166,3.85
40,167,2.08
40,168,2.78
40,169,8.33
40,170,3.85
40,171,2.08
40,172,2.38
40,173,4.55
40,174,2.27
40,175,3.57
40,176,2.63
40,177,10
40,178,4.17
40,179,2.5
40,180,2.78
40,181,4.17
40,182,7.14
40,183,6.25
40,184,2.38
40,185,3.13
40,186,2.08
40,187,10
40,188,2.78
40,189,5
40,190,3.85
40,191,4.55
40,192,7.14
40,193,8.33
40,194,2
40,195,10
40,196,2
40,197,5
40,198,2.94
40,199,2.78
40,200,2.38
41,1,3.13
41,2,10
41,3,3.57
41,4,2.27
41,5,2.63
41,6,2.38
41,7,5
41,8,3.57
41,9,2.17
41,10,2.78
41,11,2.08
41,12,10
41,13,10
41,14,2.94
41,15,2.08
41,16,4.17
41,17,4.17
41,18,2.27
41,19,7.14
41,20,3.57
41,21,2.38
41,22,5
41,23,10
41,24,5
41,25,3.57
41,26,8.33
41,27,5
41,28,10
41,29,2.08
41,30,6.25
41,31,2.78
41,32,3.33
41,33,2
41,34,5.56
41,35,2.63
41,36,3.13
41,37,4.55
41,38,2.5
41,39,10
41,40,2.38
41,41,2.17
41,42,10
41,43,2.78
41,44,10
41,45,2.78
41,46,5
41,47,2.5
41,48,2
41,49,6.25
41,50,2.63
41,51,2.63
41,52,2.38
41,53,5
41,54,2.78
41,55,2.5
41,56,8.33
41,57,2.5
41,58,4.17
41,59,5.56
41,60,2.08
41,61,5.56
41,62,2.17
41,63,2.38
41,64,8.33
41,65,4.55
41,66,2.78
41,67,2.78
41,68,2.38
41,69,4.17
41,70,2.78
41,71,3.57
41,72,2.78
41,73,3.57
41,74,5
41,75,4.17
41,76,2
41,77,6.25
41,78,6.25
41,79,2.08
41,80,2.5
41,81,2
41,82,7.14
41,83,2.08
41,84,2.5
41,85,8.33
41,86,3.13
41,87,3.85
41,88,3.13
41,89,8.33
41,90,10
41,91,8.33
41,92,2.27
41,93,2.94
41,94,5.56
41,95,4.55
41,96,2.5
41,97,5.56
41,98,3.33
41,99,2.27
41,100,2.27
41,101,3.33
41,102,2.27
41,103,2.38
41,104,6.25
41,105,2.63
41,106,3.85
41,107,2.08
41,108,5.56
41,109,5
41,110,4.55
41,111,2
41,112,8.33
41,113,2.17
41,114,7.14
41,115,2.94
41,116,3.33
41,117,8.33
41,118,2.78
41,119,10
41,120,4.55
41,121,5
41,122,3.13
41,123,2.63
41,124,2
41,125,2.38
41,126,2.78
41,127,4.55
41,128,2.78
41,129,6.25
41,130,2.63
41,131,2.17
41,132,2.78
41,133,4.17
41,134,6.25
41,135,4.55
41,136,4.17
41,137,2.17
41,138,3.33
41,139,2.17
41,140,2.94
41,141,10
41,142,2.94
41,143,3.85
41,144,5
41,145,2.94
41,146,2.08
41,147,2.94
41,148,2.17
41,149,5.56
41,150,2.5
41,151,4.17
41,152,5.56
41,153,2.94
41,154,2.94
41,155,2.78
41,156,3.33
41,157,2.5
41,158,8.33
41,159,2.38
41,160,2
41,161,2.17
41,162,2.5
41,163,4.17
41,164,5
41,165,5
41,166,2.27
41,167,6.25
41,168,3.85
41,169,3.85
41,170,2.38
41,171,4.17
41,172,2.38
41,173,5
41,174,2.63
41,175,2
41,176,2.27
41,177,6.25
41,178,3.57
41,179,4.17
41,180,5.56
41,181,3.33
41,182,2.38
41,183,2.94
41,184,7.14
41,185,2.38
41,186,3.57
41,187,2.78
41,188,2.27
41,189,3.85
41,190,4.55
41,191,3.33
41,192,2.5
41,193,7.14
41,194,10
41,195,2.27
41,196,4.17
41,197,2.08
41,198,2.27
41,199,2.78
41,200,7.14
42,1,3.85
42,2,2.27
42,3,3.13
42,4,3.13
42,5,2
42,6,2.08
42,7,7.14
42,8,2.17
42,9,3.57
42,10,5
42,11,2.08
42,12,5
42,13,3.13
42,14,5
42,15,2.27
42,16,4.17
42,17,2.38
42,18,8.33
42,19,2.08
42,20,6.25
42,21,4.17
42,22,2
42,23,5
42,24,3.85
42,25,2.94
42,26,3.13
42,27,2.38
42,28,2.17
42,29,5.56
42,30,4.17
42,31,2.5
42,32,2.94
42,33,8.33
42,34,3.57
42,35,2.08
42,36,5
42,37,2.38
42,38,2.27
42,39,3.33
42,40,7.14
42,41,4.55
42,42,4.55
42,43,2.38
42,44,10
42,45,7.14
42,46,3.57
42,47,7.14
42,48,7.14
42,49,2.17
42,50,3.13
42,51,10
42,52,5
42,53,3.13
42,54,2.94
42,55,3.33
42,56,3.57
42,57,2.17
42,58,3.33
42,59,2.63
42,60,3.85
42,61,4.17
42,62,10
42,63,6.25
42,64,3.13
42,65,2.08
42,66,3.33
42,67,6.25
42,68,2
42,69,2.94
42,70,5.56
42,71,6.25
42,72,2.63
42,73,3.33
42,74,2.94
42,75,2.94
42,76,2.5
42,77,2.38
42,78,2.78
42,79,3.33
42,80,2.38
42,81,2.94
42,82,2.08
42,83,2.38
42,84,2.5
42,85,10
42,86,2.17
42,87,3.13
42,88,3.85
42,89,2.08
42,90,2.94
42,91,2.17
42,92,5.56
42,93,2
42,94,7.14
42,95,6.25
42,96,3.57
42,97,5
42,98,5
42,99,2.78
42,100,2.17
42,101,5.56
42,102,2.5
42,103,2
42,104,8.33
42,105,2.17
42,106,10
42,107,7.14
42,108,4.17
42,109,4.55
42,110,4.17
42,111,8.33
42,112,4.55
42,113,2.5
42,114,8.33
42,115,2.78
42,116,8.33
42,117,4.17
42,118,2.38
42,119,3.85
42,120,4.55
42,121,3.33
42,122,2.38
42,123,7.14
42,124,2
42,125,4.55
42,126,3.85
42,127,2.5
42,128,3.33
42,129,2.17
42,130,2.63
42,131,2.63
42,132,2.94
42,133,2.63
42,134,2.5
42,135,5.56
42,136,2.08
42,137,3.57
42,138,3.13
42,139,2.78
42,140,7.14
42,141,2.78
42,142,5.56
42,143,5.56
42,144,7.14
42,145,8.33
42,146,2.38
42,147,2.94
42,148,2.78
42,149,4.17
42,150,6.25
42,151,2.17
42,152,2.17
42,153,2
42,154,10
42,155,8.33
42,156,2.17
42,157,5.56
42,158,2.78
42,159,2.17
42,160,4.17
42,161,8.33
42,162,3.57
42,163,5
42,164,2.94
42,165,6.25
42,166,3.85
42,167,4.17
42,168,3.33
42,169,6.25
42,170,10
42,171,6.25
42,172,2.27
42,173,3.57
42,174,2.63
42,175,4.17
42,176,8.33
42,177,4.17
42,178,2.08
42,179,2.63
42,180,7.14
42,181,4.17
42,182,5
42,183,3.13
42,184,2.38
42,185,2.5
42,186,2.08
42,187,10
42,188,2
42,189,5
42,190,2.08
42,191,2
42,192,2.27
42,193,2.94
42,194,10
42,195,3.33
42,196,8.33
42,197,2.08
42,198,10
42,199,6.25
42,200,10
43,1,7.14
43,2,5.56
43,3,10
43,4,4.17
43,5,7.14
43,6,5
43,7,4.55
43,8,3.13
43,9,3.57
43,10,3.85
43,11,2.63
43,12,3.57
43,13,4.17
43,14,3.85
43,15,7.14
43,16,2.78
43,17,2.08
43,18,2.78
43,19,5.56
43,20,2.38
43,21,4.55
43,22,3.85
43,23,4.17
43,24,3.57
43,25,10
43,26,2.17
43,27,2.27
43,28,7.14
43,29,10
43,30,3.85
43,31,7.14
43,32,3.85
43,33,4.17
43,34,2.38
43,35,2.78
43,36,2.94
43,37,4.17
43,38,2
43,39,2.27
43,40,2.08
43,41,2.94
43,42,6.25
43,43,7.14
43,44,3.13
43,45,2.08
43,46,4.55
43,47,2.17
43,48,2.5
43,49,3.13
43,50,2.08
43,51,2.94
43,52,2.63
43,53,8.33
43,54,3.33
43,55,8.33
43,56,2.63
43,57,4.55
43,58,3.85
43,59,7.14
43,60,10
43,61,3.33
43,62,5
43,63,3.57
43,64,4.17
43,65,5
43,66,4.17
43,67,2.78
43,68,6.25
43,69,3.85
43,70,2.63
43,71,10
43,72,2.08
43,73,7.14
43,74,8.33
43,75,10
43,76,4.55
43,77,2.63
43,78,2
43,79,2.27
43,80,2.5
43,81,3.57
43,82,2.27
43,83,2.27
43,84,2.5
43,85,5
43,86,4.55
43,87,7.14
43,88,2.17
43,89,5.56
43,90,2.08
43,91,10
43,92,2.63
43,93,8.33
43,94,7.14
43,95,2
43,96,2.08
43,97,6.25
43,98,7.14
43,99,2.94
43,100,5.56
43,101,2.08
43,102,10
43,103,8.33
43,104,5.56
43,105,3.57
43,106,10
43,107,7.14
43,108,4.17
43,109,3.13
43,110,3.85
43,111,3.33
43,112,2.94
43,113,4.17
43,114,2
43,115,2.78
43,116,4.55
43,117,5
43,118,2.78
43,119,4.17
43,120,2.63
43,121,5.56
43,122,2
43,123,2.63
43,124,3.33
43,125,7.14
43,126,2.5
43,127,3.33
43,128,2.17
43,129,2
43,130,4.17
43,131,2.17
43,132,6.25
43,133,5
43,134,3.33
43,135,3.57
43,136,5.56
43,137,2.63
43,138,3.13
43,139,6.25
43,140,10
43,141,8.33
43,142,5
43,143,2
43,144,7.14
43,145,2.27
43,146,4.55
43,147,7.14
43,148,10
43,149,2.78
43,150,5
43,151,5.56
43,152,2.63
43,153,5.56
43,154,3.57
43,155,2.94
43,156,3.57
43,157,3.13
43,158,2.94
43,159,2.38
43,160,3.85
43,161,3.85
43,162,2.38
43,163,3.57
43,164,3.57
43,165,2.27
43,166,2.63
43,167,2.78
43,168,2.5
43,169,2.27
43,170,2.27
43,171,2.27
43,172,3.13
43,173,3.33
43,174,5.56
43,175,3.33
43,176,5.56
43,177,2.17
43,178,8.33
43,179,8.33
43,180,3.57
43,181,3.85
43,182,2.63
43,183,5
43,184,2.5
43,185,7.14
43,186,4.55
43,187,2.27
43,188,10
43,189,3.33
43,190,5
43,191,8.33
43,192,3.13
43,193,5
43,194,3.85
43,195,2.38
43,196,3.57
43,197,2.17
43,198,3.57
43,199,2.5
43,200,3.57
44,1,2.63
44,2,4.55
44,3,8.33
44,4,2.17
44,5,2.17
44,6,2.17
44,7,4.17
44,8,2.17
44,9,5
44,10,3.85
44,11,2.63
44,12,2.08
44,13,3.57
44,14,3.85
44,15,2.63
44,16,2.38
44,17,7.14
44,18,2.5
44,19,2.17
44,20,2.38
44,21,8.33
44,22,2.27
44,23,2
44,24,2.78
44,25,4.55
44,26,2.5
44,27,3.13
44,28,3.13
44,29,2.5
44,30,3.13
44,31,5
44,32,3.33
44,33,5.56
44,34,2.27
44,35,5
44,36,2.27
44,37,2.27
44,38,10
44,39,3.57
44,40,2.78
44,41,5
44,42,2.63
44,43,2.63
44,44,3.85
44,45,2.78
44,46,2.08
44,47,3.85
44,48,5
44,49,3.57
44,50,2.63
44,51,2.38
44,52,10
44,53,2
44,54,5
44,55,2.94
44,56,3.85
44,57,5.56
44,58,5
44,59,2.17
44,60,3.13
44,61,2.78
44,62,2.27
44,63,4.17
44,64,5
44,65,7.14
44,66,3.13
44,67,3.13
44,68,5
44,69,3.57
44,70,3.33
44,71,4.17
44,72,5
44,73,2.38
44,74,2.27
44,75,2.5
44,76,10
44,77,2.63
44,78,6.25
44,79,3.33
44,80,7.14
44,81,6.25
44,82,2
44,83,6.25
44,84,10
44,85,3.57
44,86,2.17
44,87,2.94
44,88,2.27
44,89,2.63
44,90,3.33
44,91,2.17
44,92,2.63
44,93,4.17
44,94,7.14
44,95,5.56
44,96,3.13
44,97,2.27
44,98,2.63
44,99,2.27
44,100,2.63
44,101,4.17
44,102,3.85
44,103,2.78
44,104,3.33
44,105,2
44,106,2.38
44,107,10
44,108,8.33
44,109,6.25
44,110,2.94
44,111,2
44,112,2.17
44,113,2.27
44,114,2.08
44,115,3.85
44,116,4.55
44,117,7.14
44,118,3.85
44,119,3.85
44,120,5.56
44,121,3.33
44,122,2.27
44,123,2
44,124,2.38
44,125,3.85
44,126,2.94
44,127,3.33
44,128,3.85
44,129,7.14
44,130,2.27
44,131,8.33
44,132,3.85
44,133,5
44,134,6.25
44,135,3.85
44,136,5.56
44,137,2.38
44,138,3.57
44,139,3.33
44,140,3.33
44,141,10
44,142,8.33
44,143,10
44,144,2.17
44,145,7.14
44,146,2.5
44,147,2.08
44,148,5.56
44,149,2.38
44,150,3.33
44,151,2.5
44,152,3.13
44,153,2.5
44,154,2.27
44,155,3.57
44,156,6.25
44,157,3.85
44,158,2.27
44,159,8.33
44,160,3.33
44,161,5.56
44,162,6.25
44,163,2.63
44,164,2.63
44,165,3.85
44,166,3.33
44,167,6.25
44,168,4.17
44,169,3.57
44,170,6.25
44,171,2
44,172,2.94
44,173,3.33
44,174,3.33
44,175,7.14
44,176,8.33
44,177,6.25
44,178,5.56
44,179,6.25
44,180,3.85
44,181,2.08
44,182,2.27
44,183,2.78
44,184,4.55
44,185,2.94
44,186,3.33
44,187,7.14
44,188,5
44,189,2.08
44,190,8.33
44,191,10
44,192,8.33
44,193,2.38
44,194,2.08
44,195,10
44,196,6.25
44,197,7.14
44,198,2.08
44,199,8.33
44,200,5
45,1,4.55
45,2,2.5
45,3,10
45,4,8.33
45,5,3.13
45,6,4.17
45,7,2.27
45,8,10
45,9,4.17
45,10,8.33
45,11,5.56
45,12,3.85
45,13,5
45,14,4.55
45,15,2.08
45,16,2.08
45,17,6.25
45,18,3.85
45,19,7.14
45,20,2.17
45,21,3.13
45,22,5.56
45,23,2
45,24,2.78
45,25,3.33
45,26,2
45,27,10
45,28,3.33
45,29,2.17
45,30,10
45,31,5.56
45,32,2.63
45,33,4.55
45,34,8.33
45,35,10
45,36,5
45,37,5
45,38,2.78
45,39,2.08
45,40,4.55
45,41,2.27
45,42,2
45,43,4.55
45,44,3.33
45,45,5
45,46,4.55
45,47,4.17
45,48,2.78
45,49,3.33
45,50,2.63
45,51,2.5
45,52,2.94
45,53,3.13
45,54,10
45,55,2
45,56,5
45,57,6.25
45,58,3.33
45,59,2.27
45,60,2.78
45,61,6.25
45,62,2.5
45,63,2.27
45,64,2.17
45,65,2.38
45,66,7.14
45,67,2.5
45,68,2.08
45,69,8.33
45,70,2.94
45,71,2.08
45,72,4.55
45,73,8.33
45,74,3.13
45,75,6.25
45,76,3.33
45,77,3.33
45,78,2.78
45,79,3.85
45,80,3.13
45,81,2
45,82,2.94
45,83,2.63
45,84,5
45,85,7.14
45,86,6.25
45,87,2.17
45,88,3.57
45,89,6.25
45,90,4.17
45,91,2.27
45,92,5.56
45,93,7.14
45,94,5
45,95,2.5
45,96,8.33
45,97,10
45,98,7.14
45,99,8.33
45,100,2
45,101,6.25
45,102,2.38
45,103,2.17
45,104,2.63
45,105,3.33
45,106,3.57
45,107,10
45,108,2.08
45,109,2.5
45,110,8.33
45,111,4.17
45,112,2.27
45,113,2.78
45,114,3.57
45,115,7.14
45,116,4.17
45,117,2.5
45,118,3.85
45,119,5.56
45,120,4.17
45,121,3.33
45,122,2.5
45,123,7.14
45,124,10
45,125,3.33
45,126,2
45,127,2.38
45,128,3.85
45,129,2
45,130,2.5
45,131,6.25
45,132,2.08
45,133,3.33
45,134,7.14
45,135,2.17
45,136,5.56
45,137,6.25
45,138,5
45,139,5
45,140,3.85
45,141,8.33
45,142,4.55
45,143,2.17
45,144,3.33
45,145,4.17
45,146,7.14
45,147,4.17
45,148,3.33
45,149,3.33
45,150,2.38
45,151,6.25
45,152,6.25
45,153,3.57
45,154,2.38
45,155,5
45,156,5
45,157,4.55
45,158,2
45,159,2.17
45,160,8.33
45,161,2
45,162,3.33
45,163,10
45,164,2.78
45,165,5.56
45,166,2.17
45,167,7.14
45,168,7.14
45,169,10
45,170,8.33
45,171,6.25
45,172,5
45,173,2.38
45,174,2.63
45,175,2.5
45,176,8.33
45,177,3.85
45,178,10
45,179,4.17
45,180,2.27
45,181,8.33
45,182,10
45,183,2.08
45,184,3.85
45,185,2.63
45,186,3.85
45,187,7.14
45,188,2.27
45,189,5.56
45,190,2
45,191,2.27
45,192,2.08
45,193,3.13
45,194,2.5
45,195,8.33
45,196,7.14
45,197,2.94
45,198,4.55
45,199,2.63
45,200,2.94
46,1,2.63
46,2,7.14
46,3,2.17
46,4,4.17
46,5,2.94
46,6,5.56
46,7,4.55
46,8,7.14
46,9,2.08
46,10,2.63
46,11,2.08
46,12,4.17
46,13,5.56
46,14,2
46,15,5
46,16,2.38
46,17,2.63
46,18,5.56
46,19,5.56
46,20,5.56
46,21,4.55
46,22,3.85
46,23,4.17
46,24,2.38
46,25,7.14
46,26,4.55
46,27,4.17
46,28,2.5
46,29,2.27
46,30,2.27
46,31,2.5
46,32,5
46,33,4.17
46,34,2.78
46,35,6.25
46,36,2.38
46,37,8.33
46,38,3.85
46,39,2.08
46,40,10
46,41,2.63
46,42,2.5
46,43,2.17
46,44,6.25
46,45,2.5
46,46,2.17
46,47,2.38
46,48,5.56
46,49,2.5
46,50,4.17
46,51,8.33
46,52,4.55
46,53,6.25
46,54,2.94
46,55,10
46,56,5
46,57,2.08
46,58,7.14
46,59,2.17
46,60,2.5
46,61,3.33
46,62,2.63
46,63,2.08
46,64,2.63
46,65,7.14
46,66,2
46,67,2.38
46,68,2.78
46,69,3.33
46,70,2.27
46,71,3.85
46,72,2.17
46,73,2.78
46,74,2.27
46,75,3.13
46,76,3.85
46,77,2.78
46,78,3.33
46,79,4.55
46,80,3.13
46,81,10
46,82,2.08
46,83,10
46,84,3.85
46,85,8.33
46,86,2.08
46,87,4.55
46,88,5
46,89,7.14
46,90,6.25
46,91,2.08
46,92,3.13
46,93,2.94
46,94,3.57
46,95,4.55
46,96,2.08
46,97,3.85
46,98,5
46,99,2.08
46,100,2.94
46,101,2.94
46,102,2.78
46,103,2.94
46,104,3.57
46,105,3.13
46,106,6.25
46,107,10
46,108,2.08
46,109,6.25
46,110,2.63
46,111,4.17
46,112,5.56
46,113,2.63
46,114,2.17
46,115,2.94
46,116,2.78
46,117,4.55
46,118,2.17
46,119,3.85
46,120,2.94
46,121,2.94
46,122,5.56
46,123,4.55
46,124,2
46,125,3.57
46,126,3.33
46,127,2.08
46,128,2.27
46,129,2
46,130,3.85
46,131,5.56
46,132,4.17
46,133,2.08
46,134,3.33
46,135,2
46,136,10
46,137,3.57
46,138,7.14
46,139,7.14
46,140,3.85
46,141,5
46,142,2.63
46,143,5.56
46,144,4.55
46,145,5.56
46,146,5.56
46,147,3.85
46,148,3.57
46,149,2
46,150,4.17
46,151,3.33
46,152,7.14
46,153,7.14
46,154,2
46,155,2.94
46,156,5
46,157,2.38
46,158,7.14
46,159,4.55
46,160,2.78
46,161,2.38
46,162,2.38
46,163,2.08
46,164,6.25
46,165,5.56
46,166,3.33
46,167,2.78
46,168,3.85
46,169,5.56
46,170,2.5
46,171,5
46,172,5.56
46,173,3.33
46,174,3.57
46,175,4.17
46,176,4.17
46,177,3.57
46,178,5
46,179,5.56
46,180,6.25
46,181,7.14
46,182,2.78
46,183,2.78
46,184,2.08
46,185,2.27
46,186,10
46,187,2.08
46,188,2.38
46,189,2.5
46,190,2.17
46,191,2.63
46,192,2.94
46,193,2.17
46,194,3.57
46,195,10
46,196,2.5
46,197,2.78
46,198,3.57
46,199,10
46,200,3.85
47,1,3.33
47,2,10
47,3,2.78
47,4,6.25
47,5,2.5
47,6,10
47,7,3.85
47,8,8.33
47,9,4.17
47,10,7.14
47,11,3.85
47,12,2.78
47,13,2.27
47,14,3.33
47,15,5.56
47,16,2.5
47,17,5.56
47,18,3.57
47,19,3.13
47,20,3.85
47,21,8.33
47,22,7.14
47,23,8.33
47,24,3.85
47,25,2.78
47,26,2.63
47,27,8.33
47,28,7.14
47,29,2.78
47,30,2.17
47,31,6.25
47,32,2.94
47,33,2.63
47,34,2.63
47,35,6.25
47,36,3.13
47,37,6.25
47,38,2.38
47,39,6.25
47,40,3.85
47,41,10
47,42,8.33
47,43,5
47,44,7.14
47,45,2.94
47,46,6.25
47,47,2.27
47,48,2.5
47,49,3.13
47,50,2.5
47,51,3.33
47,52,6.25
47,53,2.5
47,54,5.56
47,55,6.25
47,56,2.38
47,57,5
47,58,4.17
47,59,7.14
47,60,7.14
47,61,3.13
47,62,4.17
47,63,2.38
47,64,3.33
47,65,4.17
47,66,2.94
47,67,10
47,68,2.5
47,69,2.63
47,70,3.13
47,71,8.33
47,72,8.33
47,73,2.94
47,74,3.33
47,75,2
47,76,2.78
47,77,2.27
47,78,2.17
47,79,2.63
47,80,2
47,81,4.17
47,82,2.08
47,83,8.33
47,84,10
47,85,8.33
47,86,5
47,87,6.25
47,88,3.85
47,89,2.5
47,90,5.56
47,91,6.25
47,92,2.63
47,93,3.57
47,94,4.55
47,95,2.17
47,96,4.17
47,97,2.27
47,98,4.55
47,99,8.33
47,100,2.78
47,101,2.63
47,102,2.63
47,103,2
47,104,2.38
47,105,2.08
47,106,2.08
47,107,2.17
47,108,2.27
47,109,2.38
47,110,3.57
47,111,2
47,112,6.25
47,113,2.27
47,114,10
47,115,2.38
47,116,2
47,117,4.55
47,118,4.17
47,119,3.57
47,120,10
47,121,5
47,122,8.33
47,123,2
47,124,6.25
47,125,2.78
47,126,4.17
47,127,2.38
47,128,2.63
47,129,5.56
47,130,2.27
47,131,7.14
47,132,3.57
47,133,2.17
47,134,2.63
47,135,2.27
47,136,2.94
47,137,2.78
47,138,3.85
47,139,2
47,140,3.33
47,141,2.5
47,142,10
47,143,5.56
47,144,2.78
47,145,2.5
47,146,2.38
47,147,2.38
47,148,2.78
47,149,7.14
47,150,2.17
47,151,3.85
47,152,3.57
47,153,3.13
47,154,6.25
47,155,5
47,156,5
47,157,5
47,158,4.17
47,159,2.17
47,160,8.33
47,161,2
47,162,2.08
47,163,3.13
47,164,3.85
47,165,8.33
47,166,4.55
47,167,3.57
47,168,4.55
47,169,5
47,170,3.33
47,171,2
47,172,7.14
47,173,3.85
47,174,5
47,175,2.78
47,176,2.63
47,177,3.33
47,178,2
47,179,5.56
47,180,2.27
47,181,4.17
47,182,4.55
47,183,7.14
47,184,4.17
47,185,5
47,186,2.27
47,187,3.85
47,188,5
47,189,3.85
47,190,2
47,191,3.13
47,192,3.13
47,193,2.38
47,194,2.27
47,195,2.17
47,196,3.33
47,197,2.08
47,198,2.38
47,199,2.94
47,200,2.63
48,1,4.55
48,2,4.17
48,3,4.55
48,4,4.17
48,5,2.5
48,6,2.94
48,7,2
48,8,2.17
48,9,2.38
48,10,5.56
48,11,7.14
48,12,3.85
48,13,3.57
48,14,8.33
48,15,6.25
48,16,3.13
48,17,8.33
48,18,3.13
48,19,2.63
48,20,3.33
48,21,2.08
48,22,3.33
48,23,4.17
48,24,2.27
48,25,4.17
48,26,2.38
48,27,2.17
48,28,5.56
48,29,5.56
48,30,4.17
48,31,3.33
48,32,10
48,33,2
48,34,3.85
48,35,2.08
48,36,2.27
48,37,2.5
48,38,5.56
48,39,2
48,40,8.33
48,41,4.55
48,42,8.33
48,43,10
48,44,3.33
48,45,2.17
48,46,10
48,47,4.17
48,48,2.08
48,49,4.17
48,50,4.17
48,51,2.78
48,52,2.5
48,53,7.14
48,54,2.27
48,55,2.17
48,56,10
48,57,2.94
48,58,7.14
48,59,8.33
48,60,8.33
48,61,4.55
48,62,8.33
48,63,8.33
48,64,2
48,65,6.25
48,66,10
48,67,2
48,68,2.38
48,69,2.38
48,70,2.78
48,71,2.08
48,72,7.14
48,73,3.85
48,74,4.55
48,75,3.57
48,76,4.55
48,77,2.63
48,78,5
48,79,3.33
48,80,2.08
48,81,2.78
48,82,2.38
48,83,4.17
48,84,2.63
48,85,3.57
48,86,3.57
48,87,2.38
48,88,3.57
48,89,6.25
48,90,2.27
48,91,4.17
48,92,6.25
48,93,5.56
48,94,2.63
48,95,3.33
48,96,8.33
48,97,4.17
48,98,4.17
48,99,7.14
48,100,4.17
48,101,2.78
48,102,8.33
48,103,2.63
48,104,3.57
48,105,4.17
48,106,8.33
48,107,3.13
48,108,5
48,109,2.17
48,110,10
48,111,8.33
48,112,5.56
48,113,4.17
48,114,2.38
48,115,10
48,116,10
48,117,2.38
48,118,3.13
48,119,2.78
48,120,2.63
48,121,2.94
48,122,7.14
48,123,2.27
48,124,2.78
48,125,3.57
48,126,2.38
48,127,6.25
48,128,6.25
48,129,3.57
48,130,2.78
48,131,2.27
48,132,3.85
48,133,4.17
48,134,4.17
48,135,2.94
48,136,2.94
48,137,4.17
48,138,2.63
48,139,6.25
48,140,10
48,141,5
48,142,2.17
48,143,2
48,144,4.55
48,145,2
48,146,2.17
48,147,2.08
48,148,8.33
48,149,2.63
48,150,5
48,151,2
48,152,5
48,153,2.38
48,154,4.55
48,155,2.5
48,156,3.33
48,157,4.55
48,158,7.14
48,159,4.55
48,160,2.94
48,161,2.17
48,162,4.17
48,163,5.56
48,164,4.55
48,165,3.57
48,166,3.57
48,167,3.33
48,168,2.63
48,169,2.08
48,170,6.25
48,171,2.63
48,172,2.94
48,173,10
48,174,8.33
48,175,8.33
48,176,2.5
48,177,3.57
48,178,2.08
48,179,4.55
48,180,2.27
48,181,2.38
48,182,7.14
48,183,7.14
48,184,5
48,185,7.14
48,186,2.94
48,187,5.56
48,188,3.85
48,189,2.08
48,190,6.25
48,191,2.27
48,192,2.08
48,193,2.78
48,194,3.85
48,195,3.33
48,196,7.14
48,197,5.56
48,198,2.78
48,199,2.08
48,200,6.25
49,1,8.33
49,2,3.33
49,3,6.25
49,4,3.13
49,5,2.08
49,6,2.38
49,7,2.78
49,8,3.57
49,9,2
49,10,2.08
49,11,5.56
49,12,4.17
49,13,6.25
49,14,3.33
49,15,2
49,16,3.33
49,17,2.38
49,18,4.55
49,19,10
49,20,10
49,21,2
49,22,2.08
49,23,5.56
49,24,2.27
49,25,2.17
49,26,2.78
49,27,7.14
49,28,2.78
49,29,2.17
49,30,2.63
49,31,3.33
49,32,2.63
49,33,2.5
49,34,5.56
49,35,2.5
49,36,2.17
49,37,5
49,38,2.17
49,39,3.33
49,40,2.78
49,41,7.14
49,42,3.57
49,43,4.55
49,44,5
49,45,6.25
49,46,2.63
49,47,4.55
49,48,3.13
49,49,5
49,50,10
49,51,5.56
49,52,2.08
49,53,2.94
49,54,2.27
49,55,4.55
49,56,3.33
49,57,2.08
49,58,4.17
49,59,3.57
49,60,4.17
49,61,2.5
49,62,4.55
49,63,3.85
49,64,2.08
49,65,2.27
49,66,2.63
49,67,4.17
49,68,2.08
49,69,8.33
49,70,7.14
49,71,6.25
49,72,4.17
49,73,4.55
49,74,7.14
49,75,2.5
49,76,2.63
49,77,3.13
49,78,3.57
49,79,5.56
49,80,3.85
49,81,3.33
49,82,4.17
49,83,8.33
49,84,2.08
49,85,5.56
49,86,5
49,87,8.33
49,88,5
49,89,7.14
49,90,2.38
49,91,2.5
49,92,3.33
49,93,2.63
49,94,3.57
49,95,3.33
49,96,3.13
49,97,3.57
49,98,10
49,99,3.57
49,100,8.33
49,101,3.85
49,102,2.5
49,103,2.08
49,104,5.56
49,105,2.5
49,106,2
49,107,2
49,108,2
49,109,10
49,110,6.25
49,111,10
49,112,2.63
49,113,8.33
49,114,2.94
49,115,2.38
49,116,2.08
49,117,5
49,118,3.13
49,119,5
49,120,2.5
49,121,2.5
49,122,2
49,123,2
49,124,5.56
49,125,3.57
49,126,2.08
49,127,4.55
49,128,2.17
49,129,3.33
49,130,5.56
49,131,2
49,132,2.27
49,133,4.55
49,134,2.5
49,135,2.63
49,136,2.5
49,137,10
49,138,2.17
49,139,8.33
49,140,2.38
49,141,4.55
49,142,4.17
49,143,2.78
49,144,5.56
49,145,2.38
49,146,2.63
49,147,6.25
49,148,5
49,149,2
49,150,5.56
49,151,3.13
49,152,2.17
49,153,4.55
49,154,2
49,155,2.94
49,156,2.17
49,157,3.57
49,158,3.33
49,159,10
49,160,2.63
49,161,2.38
49,162,4.17
49,163,2.27
49,164,5
49,165,4.55
49,166,4.55
49,167,2.63
49,168,3.13
49,169,10
49,170,3.57
49,171,2.17
49,172,2
49,173,3.13
49,174,4.17
49,175,3.13
49,176,4.17
49,177,2.5
49,178,2.27
49,179,2.94
49,180,2.5
49,181,5
49,182,2.17
49,183,2.94
49,184,5.56
49,185,2.17
49,186,2.38
49,187,6.25
49,188,5
49,189,7.14
49,190,3.13
49,191,3.85
49,192,4.17
49,193,2.63
49,194,3.57
49,195,2.5
49,196,2.17
49,197,4.17
49,198,5
49,199,2
49,200,2.17
50,1,2.63
50,2,2.17
50,3,2.5
50,4,3.85
50,5,2.27
50,6,3.85
50,7,2.5
50,8,3.57
50,9,2.27
50,10,2.08
50,11,2.17
50,12,2.5
50,13,2.94
50,14,2.17
50,15,4.17
50,16,8.33
50,17,2
50,18,2
50,19,5
50,20,2.08
50,21,2.5
50,22,10
50,23,2
50,24,2.78
50,25,7.14
50,26,10
50,27,4.55
50,28,2.63
50,29,5
50,30,2.63
50,31,5.56
50,32,2.63
50,33,3.85
50,34,2.17
50,35,2.17
50,36,3.33
50,37,10
50,38,4.17
50,39,5.56
50,40,3.85
50,41,4.55
50,42,3.85
50,43,2.08
50,44,2
50,45,5.56
50,46,2.08
50,47,8.33
50,48,2.27
50,49,2.78
50,50,3.57
50,51,4.17
50,52,3.13
50,53,6.25
50,54,2.08
50,55,2.17
50,56,7.14
50,57,3.33
50,58,2.63
50,59,2.94
50,60,4.17
50,61,2.08
50,62,8.33
50,63,4.17
50,64,5.56
50,65,10
50,66,3.33
50,67,4.55
50,68,8.33
50,69,5.56
50,70,5
50,71,3.57
50,72,2.17
50,73,4.17
50,74,7.14
50,75,2.78
50,76,2.38
50,77,8.33
50,78,2.38
50,79,7.14
50,80,2.38
50,81,2
50,82,6.25
50,83,7.14
50,84,3.85
50,85,4.55
50,86,3.13
50,87,2.08
50,88,4.55
50,89,3.13
50,90,2.08
50,91,10
50,92,2.78
50,93,2.08
50,94,6.25
50,95,7.14
50,96,7.14
50,97,2.17
50,98,4.17
50,99,3.33
50,100,3.33
50,101,5
50,102,10
50,103,3.57
50,104,4.17
50,105,5
50,106,7.14
50,107,3.33
50,108,2.27
50,109,5.56
50,110,5.56
50,111,3.85
50,112,2.38
50,113,2.08
50,114,2.17
50,115,4.55
50,116,8.33
50,117,2.94
50,118,5.56
50,119,2.27
50,120,2
50,121,2.38
50,122,2.08
50,123,2.08
50,124,3.85
50,125,2.63
50,126,2.38
50,127,2.63
50,128,2.94
50,129,2.78
50,130,2.78
50,131,4.17
50,132,4.17
50,133,2.08
50,134,2.63
50,135,5.56
50,136,5
50,137,4.55
50,138,10
50,139,4.55
50,140,5.56
50,141,8.33
50,142,2.08
50,143,6.25
50,144,2.5
50,145,10
50,146,2.63
50,147,2.27
50,148,4.17
50,149,3.33
50,150,4.55
50,151,4.55
50,152,2.27
50,153,8.33
50,154,4.55
50,155,3.85
50,156,4.17
50,157,3.85
50,158,7.14
50,159,2.38
50,160,8.33
50,161,2
50,162,6.25
50,163,2.38
50,164,5
50,165,4.55
50,166,2.78
50,167,7.14
50,168,2
50,169,2.63
50,170,3.57
50,171,5.56
50,172,10
50,173,4.55
50,174,8.33
50,175,3.13
50,176,2.27
50,177,10
50,178,3.85
50,179,4.55
50,180,4.17
50,181,5.56
50,182,2.63
50,183,2.27
50,184,3.85
50,185,2
50,186,10
50,187,2.27
50,188,2.38
50,189,8.33
50,190,2.78
50,191,8.33
50,192,3.85
50,193,3.33
50,194,6.25
50,195,2.17
50,196,4.17
50,197,2.38
50,198,2.5
50,199,3.33
50,200,2.94
51,1,3.13
51,2,10
51,3,8.33
51,4,4.17
51,5,3.85
51,6,2.94
51,7,7.14
51,8,7.14
51,9,8.33
51,10,3.85
51,11,2
51,12,2.27
51,13,10
51,14,10
51,15,8.33
51,16,2.38
51,17,2
51,18,4.17
51,19,2.94
51,20,2.5
51,21,4.17
51,22,3.57
51,23,10
51,24,2.08
51,25,3.85
51,26,10
51,27,3.85
51,28,3.85
51,29,8.33
51,30,2.38
51,31,6.25
51,32,5.56
51,33,3.13
51,34,6.25
51,35,3.85
51,36,10
51,37,3.13
51,38,3.13
51,39,8.33
51,40,2.78
51,41,7.14
51,42,2.08
51,43,8.33
51,44,4.17
51,45,2.5
51,46,2.38
51,47,4.17
51,48,2.94
51,49,2.5
51,50,3.33
51,51,2.38
51,52,4.17
51,53,2.17
51,54,2.27
51,55,7.14
51,56,8.33
51,57,2
51,58,3.57
51,59,2.94
51,60,4.17
51,61,2.78
51,62,7.14
51,63,3.57
51,64,10
51,65,7.14
51,66,5
51,67,4.55
51,68,2.38
51,69,2.27
51,70,5.56
51,71,5
51,72,4.17
51,73,6.25
51,74,3.13
51,75,2.5
51,76,10
51,77,6.25
51,78,3.57
51,79,2.17
51,80,3.85
51,81,4.55
51,82,2.17
51,83,2.17
51,84,2.38
51,85,8.33
51,86,4.17
51,87,2.78
51,88,3.85
51,89,10
51,90,2.78
51,91,8.33
51,92,4.17
51,93,5
51,94,4.55
51,95,2.5
51,96,7.14
51,97,2.94
51,98,7.14
51,99,2.27
51,100,2.78
51,101,2.08
51,102,2.5
51,103,2.78
51,104,6.25
51,105,2.94
51,106,3.57
51,107,8.33
51,108,2.17
51,109,2.17
51,110,3.85
51,111,2.27
51,112,4.17
51,113,3.33
51,114,2.78
51,115,2.5
51,116,3.13
51,117,2.94
51,118,2.5
51,119,8.33
51,120,3.33
51,121,8.33
51,122,4.55
51,123,3.57
51,124,2
51,125,3.13
51,126,2.27
51,127,2
51,128,3.85
51,129,2.94
51,130,3.57
51,131,10
51,132,8.33
51,133,2.63
51,134,5.56
51,135,2.63
51,136,2.94
51,137,2.38
51,138,2.94
51,139,2
51,140,3.33
51,141,2.94
51,142,3.57
51,143,2.38
51,144,2.27
51,145,8.33
51,146,2.94
51,147,2.94
51,148,3.33
51,149,2.78
51,150,3.33
51,151,5
51,152,8.33
51,153,2.78
51,154,3.85
51,155,3.57
51,156,3.57
51,157,8.33
51,158,3.33
51,159,2.08
51,160,2.78
51,161,2.27
51,162,8.33
51,163,7.14
51,164,3.33
51,165,2
51,166,2.78
51,167,2
51,168,2.78
51,169,3.57
51,170,2
51,171,3.57
51,172,4.17
51,173,2.27
51,174,4.55
51,175,3.33
51,176,2.17
51,177,2.94
51,178,2.17
51,179,3.13
51,180,2.08
51,181,2.94
51,182,2.5
51,183,5
51,184,2
51,185,2.63
51,186,2.17
51,187,3.13
51,188,6.25
51,189,2.5
51,190,2.5
51,191,3.33
51,192,2
51,193,5.56
51,194,2.17
51,195,3.57
51,196,4.17
51,197,4.55
51,198,5
51,199,2.94
51,200,5
52,1,4.55
52,2,2.17
52,3,5.56
52,4,5.56
52,5,3.33
52,6,2.17
52,7,2
52,8,3.57
52,9,2.38
52,10,4.55
52,11,2.38
52,12,2.94
52,13,2.78
52,14,2.63
52,15,3.85
52,16,3.13
52,17,4.17
52,18,3.13
52,19,5.56
52,20,2.78
52,21,5
52,22,2.17
52,23,2.94
52,24,2.08
52,25,6.25
52,26,3.33
52,27,3.13
52,28,2.27
52,29,2.38
52,30,2.38
52,31,7.14
52,32,2.27
52,33,4.17
52,34,4.17
52,35,2.94
52,36,4.17
52,37,2.08
52,38,6.25
52,39,8.33
52,40,8.33
52,41,2.27
52,42,5.56
52,43,5.56
52,44,8.33
52,45,2.94
52,46,4.55
52,47,3.85
52,48,3.13
52,49,3.13
52,50,2.38
52,51,3.33
52,52,6.25
52,53,2
52,54,2.63
52,55,6.25
52,56,3.33
52,57,2.08
52,58,3.57
52,59,10
52,60,4.17
52,61,10
52,62,6.25
52,63,2.17
52,64,5
52,65,2.27
52,66,2.5
52,67,7.14
52,68,5.56
52,69,2
52,70,2.78
52,71,2.94
52,72,2.5
52,73,3.85
52,74,2.94
52,75,3.85
52,76,7.14
52,77,2.63
52,78,2.63
52,79,2.78
52,80,3.57
52,81,5
52,82,7.14
52,83,6.25
52,84,7.14
52,85,3.85
52,86,5.56
52,87,3.33
52,88,2.27
52,89,3.57
52,90,2.5
52,91,2.08
52,92,2.27
52,93,2.63
52,94,2.08
52,95,2.78
52,96,3.57
52,97,8.33
52,98,7.14
52,99,2.63
52,100,4.55
52,101,7.14
52,102,5.56
52,103,2.27
52,104,4.55
52,105,5
52,106,3.13
52,107,2.78
52,108,4.55
52,109,2.94
52,110,3.57
52,111,4.55
52,112,2.94
52,113,2.63
52,114,2.5
52,115,5.56
52,116,3.13
52,117,2.17
52,118,3.57
52,119,5
52,120,5
52,121,6.25
52,122,2.27
52,123,2.78
52,124,2.63
52,125,5
52,126,2.27
52,127,2
52,128,2
52,129,2.38
52,130,2.63
52,131,4.55
52,132,3.85
52,133,2.5
52,134,2.27
52,135,10
52,136,4.55
52,137,2.27
52,138,2.78
52,139,2.08
52,140,10
52,141,8.33
52,142,2
52,143,2.27
52,144,2.17
52,145,2.17
52,146,2.17
52,147,2.08
52,148,2.38
52,149,2.08
52,150,2
52,151,3.33
52,152,8.33
52,153,2.38
52,154,2.94
52,155,4.55
52,156,3.57
52,157,3.13
52,158,2.17
52,159,2.5
52,160,8.33
52,161,3.33
52,162,4.17
52,163,2.08
52,164,6.25
52,165,2.08
52,166,3.13
52,167,7.14
52,168,6.25
52,169,2.08
52,170,2.94
52,171,5.56
52,172,5.56
52,173,4.17
52,174,2.94
52,175,5
52,176,3.13
52,177,2.63
52,178,2.5
52,179,2.94
52,180,10
52,181,2
52,182,2.27
52,183,8.33
52,184,2
52,185,2.94
52,186,10
52,187,2.63
52,188,2.17
52,189,5.56
52,190,4.55
52,191,2.5
52,192,2.78
52,193,8.33
52,194,2.27
52,195,5.56
52,196,2.94
52,197,2.08
52,198,5.56
52,199,3.57
52,200,3.57
53,1,5.56
53,2,2.5
53,3,2.78
53,4,2.38
53,5,2.78
53,6,2.08
53,7,2.08
53,8,2.94
53,9,2.78
53,10,2.63
53,11,4.55
53,12,3.57
53,13,5.56
53,14,2.63
53,15,3.33
53,16,2.94
53,17,3.85
53,18,2.94
53,19,2.08
53,20,5.56
53,21,2.27
53,22,7.14
53,23,2.78
53,24,5.56
53,25,2.94
53,26,3.57
53,27,2.08
53,28,4.55
53,29,3.57
53,30,2.94
53,31,2.38
53,32,4.17
53,33,2.17
53,34,7.14
53,35,5.56
53,36,2.38
53,37,10
53,38,8.33
53,39,8.33
53,40,6.25
53,41,8.33
53,42,2
53,43,2.5
53,44,2.78
53,45,6.25
53,46,5
53,47,2.38
53,48,3.57
53,49,3.85
53,50,3.57
53,51,3.57
53,52,2.94
53,53,2.5
53,54,4.55
53,55,2
53,56,2.78
53,57,5
53,58,3.85
53,59,5.56
53,60,5
53,61,3.13
53,62,2
53,63,2.27
53,64,5.56
53,65,3.57
53,66,3.57
53,67,2.17
53,68,3.13
53,69,3.33
53,70,2.78
53,71,2.63
53,72,3.85
53,73,6.25
53,74,2.38
53,75,2.94
53,76,8.33
53,77,2.08
53,78,2
53,79,2
53,80,2.63
53,81,7.14
53,82,5.56
53,83,2
53,84,6.25
53,85,2.94
53,86,7.14
53,87,2.27
53,88,2.94
53,89,3.13
53,90,2.63
53,91,4.55
53,92,4.17
53,93,2.38
53,94,5
53,95,3.85
53,96,2.94
53,97,2.27
53,98,5
53,99,10
53,100,2.27
53,101,4.17
53,102,2.27
53,103,2.08
53,104,2.17
53,105,8.33
53,106,2.38
53,107,2.17
53,108,3.13
53,109,3.13
53,110,10
53,111,5
53,112,5
53,113,3.13
53,114,2.17
53,115,3.33
53,116,2.38
53,117,3.33
53,118,2.5
53,119,5
53,120,3.33
53,121,2.27
53,122,4.55
53,123,2.63
53,124,5
53,125,2.94
53,126,10
53,127,2.94
53,128,3.85
53,129,2.17
53,130,7.14
53,131,2.17
53,132,3.13
53,133,3.57
53,134,4.55
53,135,8.33
53,136,5.56
53,137,2.08
53,138,10
53,139,3.13
53,140,8.33
53,141,7.14
53,142,2.38
53,143,2.08
53,144,4.55
53,145,3.33
53,146,8.33
53,147,2.17
53,148,2.17
53,149,3.85
53,150,2.08
53,151,5.56
53,152,2.17
53,153,6.25
53,154,3.33
53,155,2.17
53,156,4.55
53,157,4.55
53,158,4.17
53,159,3.57
53,160,3.85
53,161,2
53,162,3.13
53,163,2.94
53,164,2.63
53,165,2.38
53,166,3.85
53,167,4.55
53,168,4.55
53,169,3.57
53,170,2
53,171,3.33
53,172,6.25
53,173,6.25
53,174,2
53,175,4.17
53,176,3.33
53,177,3.85
53,178,6.25
53,179,10
53,180,4.17
53,181,2.27
53,182,5
53,183,2.27
53,184,2.08
53,185,6.25
53,186,5.56
53,187,3.33
53,188,2.63
53,189,2.78
53,190,2.17
53,191,2.08
53,192,2.78
53,193,2.08
53,194,2
53,195,5.56
53,196,2.63
53,197,3.57
53,198,10
53,199,2.94
53,200,3.13
54,1,2.27
54,2,7.14
54,3,2.78
54,4,10
54,5,3.33
54,6,2.94
54,7,2
54,8,2.63
54,9,2.63
54,10,3.57
54,11,2.5
54,12,5.56
54,13,2.63
54,14,8.33
54,15,2.38
54,16,3.57
54,17,2.27
54,18,4.17
54,19,4.55
54,20,10
54,21,8.33
54,22,5
54,23,6.25
54,24,3.85
54,25,2.63
54,26,4.17
54,27,2.08
54,28,3.33
54,29,2.78
54,30,2
54,31,8.33
54,32,5
54,33,2.27
54,34,2.38
54,35,2.27
54,36,2.94
54,37,3.57
54,38,3.13
54,39,2
54,40,8.33
54,41,4.17
54,42,4.55
54,43,2.08
54,44,5
54,45,2.17
54,46,2.94
54,47,5
54,48,8.33
54,49,2
54,50,2.08
54,51,5.56
54,52,7.14
54,53,7.14
54,54,2.63
54,55,3.85
54,56,4.55
54,57,3.33
54,58,8.33
54,59,2.08
54,60,2.63
54,61,2
54,62,10
54,63,2.78
54,64,2.17
54,65,2.17
54,66,2.5
54,67,3.57
54,68,5.56
54,69,2.08
54,70,2.08
54,71,8.33
54,72,2.5
54,73,4.17
54,74,2.94
54,75,3.85
54,76,2.94
54,77,10
54,78,3.33
54,79,2
54,80,3.13
54,81,2.38
54,82,3.33
54,83,2.5
54,84,5
54,85,3.85
54,86,3.13
54,87,10
54,88,2.78
54,89,4.55
54,90,2.94
54,91,2
54,92,2.78
54,93,3.33
54,94,10
54,95,2.5
54,96,3.57
54,97,3.57
54,98,5
54,99,6.25
54,100,2.27
54,101,2.08
54,102,2.08
54,103,2.63
54,104,2.38
54,105,2
54,106,3.13
54,107,5
54,108,2.38
54,109,2
54,110,3.85
54,111,3.85
54,112,3.33
54,113,5
54,114,4.17
54,115,5
54,116,2.27
54,117,2.38
54,118,3.33
54,119,3.57
54,120,3.13
54,121,6.25
54,122,3.33
54,123,2.63
54,124,2.38
54,125,6.25
54,126,10
54,127,2.78
54,128,2.63
54,129,2.27
54,130,8.33
54,131,8.33
54,132,6.25
54,133,3.33
54,134,5
54,135,4.55
54,136,6.25
54,137,8.33
54,138,3.85
54,139,2.5
54,140,10
54,141,7.14
54,142,2.38
54,143,2.27
54,144,2.78
54,145,2.38
54,146,3.57
54,147,10
54,148,10
54,149,8.33
54,150,2
54,151,2.63
54,152,2
54,153,3.13
54,154,2.94
54,155,8.33
54,156,2.5
54,157,3.85
54,158,6.25
54,159,3.57
54,160,2.08
54,161,2.94
54,162,3.33
54,163,2.08
54,164,2.5
54,165,3.85
54,166,3.33
54,167,3.13
54,168,2.17
54,169,2.38
54,170,3.13
54,171,2.08
54,172,2.17
54,173,2.08
54,174,3.33
54,175,2.08
54,176,2.27
54,177,10
54,178,2
54,179,8.33
54,180,3.85
54,181,7.14
54,182,3.85
54,183,4.17
54,184,2.08
54,185,2.08
54,186,2.08
54,187,2.78
54,188,5
54,189,8.33
54,190,3.33
54,191,3.85
54,192,2.27
54,193,2.38
54,194,7.14
54,195,5.56
54,196,2.63
54,197,2.27
54,198,5.56
54,199,2.5
54,200,2
55,1,7.14
55,2,4.17
55,3,2.38
55,4,6.25
55,5,2.94
55,6,5.56
55,7,2.08
55,8,2
55,9,2.08
55,10,3.13
55,11,3.85
55,12,5.56
55,13,3.85
55,14,2.78
55,15,8.33
55,16,2.08
55,17,3.85
55,18,2.27
55,19,2.94
55,20,6.25
55,21,7.14
55,22,3.33
55,23,4.55
55,24,3.13
55,25,3.57
55,26,3.33
55,27,2.5
55,28,5
55,29,8.33
55,30,6.25
55,31,4.17
55,32,3.33
55,33,2.08
55,34,2
55,35,3.57
55,36,2.27
55,37,2.5
55,38,2.38
55,39,3.85
55,40,3.57
55,41,8.33
55,42,3.33
55,43,2
55,44,2.08
55,45,2.17
55,46,3.85
55,47,2
55,48,3.85
55,49,3.85
55,50,2.27
55,51,2.27
55,52,5
55,53,2.17
55,54,8.33
55,55,3.13
55,56,2.5
55,57,2.5
55,58,7.14
55,59,4.17
55,60,4.55
55,61,2.38
55,62,10
55,63,2.17
55,64,8.33
55,65,2.08
55,66,3.57
55,67,7.14
55,68,2
55,69,3.85
55,70,2.63
55,71,5.56
55,72,6.25
55,73,4.55
55,74,2.63
55,75,5
55,76,2.17
55,77,2.94
55,78,2.38
55,79,2.27
55,80,7.14
55,81,3.85
55,82,2.17
55,83,7.14
55,84,4.55
55,85,4.55
55,86,3.33
55,87,2.78
55,88,3.13
55,89,2.5
55,90,2.94
55,91,8.33
55,92,3.13
55,93,2
55,94,2
55,95,2.17
55,96,2.78
55,97,3.33
55,98,2.08
55,99,7.14
55,100,3.13
55,101,3.85
55,102,2.38
55,103,2.78
55,104,2.17
55,105,2.78
55,106,2.78
55,107,2.27
55,108,3.85
55,109,5
55,110,2.5
55,111,3.13
55,112,5
55,113,2.63
55,114,2
55,115,2.17
55,116,3.57
55,117,4.17
55,118,2
55,119,2.78
55,120,2.27
55,121,8.33
55,122,7.14
55,123,2.38
55,124,10
55,125,7.14
55,126,2.27
55,127,10
55,128,3.33
55,129,5
55,130,3.85
55,131,2.27
55,132,2.5
55,133,2.17
55,134,4.55
55,135,8.33
55,136,4.17
55,137,2.17
55,138,2.78
55,139,2.27
55,140,3.33
55,141,7.14
55,142,10
55,143,8.33
55,144,2.94
55,145,2.38
55,146,2.17
55,147,2.08
55,148,8.33
55,149,10
55,150,3.85
55,151,4.55
55,152,2.08
55,153,3.13
55,154,2
55,155,5
55,156,2.78
55,157,2.94
55,158,4.17
55,159,2.38
55,160,2
55,161,2.5
55,162,4.55
55,163,2.78
55,164,2.94
55,165,5
55,166,8.33
55,167,3.13
55,168,3.57
55,169,4.55
55,170,8.33
55,171,2
55,172,2
55,173,3.85
55,174,2.5
55,175,2.08
55,176,3.13
55,177,2.17
55,178,3.57
55,179,2.94
55,180,2.38
55,181,2.63
55,182,3.13
55,183,6.25
55,184,3.57
55,185,3.85
55,186,10
55,187,4.55
55,188,2.38
55,189,8.33
55,190,2
55,191,3.57
55,192,5.56
55,193,2.08
55,194,3.57
55,195,2.27
55,196,2.94
55,197,2.78
55,198,2.27
55,199,2.38
55,200,2.78
56,1,2.78
56,2,2.63
56,3,2.63
56,4,2.5
56,5,7.14
56,6,2.63
56,7,3.85
56,8,5.56
56,9,3.33
56,10,2.5
56,11,2.94
56,12,2.17
56,13,2.08
56,14,3.85
56,15,3.33
56,16,4.17
56,17,6.25
56,18,2.63
56,19,6.25
56,20,3.13
56,21,4.55
56,22,7.14
56,23,5.56
56,24,4.17
56,25,2.27
56,26,3.13
56,27,10
56,28,3.13
56,29,4.55
56,30,3.85
56,31,10
56,32,3.85
56,33,3.57
56,34,10
56,35,3.33
56,36,2.63
56,37,3.85
56,38,3.57
56,39,10
56,40,2.78
56,41,8.33
56,42,4.17
56,43,4.17
56,44,2.94
56,45,2.38
56,46,5.56
56,47,7.14
56,48,8.33
56,49,2.63
56,50,3.85
56,51,5.56
56,52,7.14
56,53,3.13
56,54,5
56,55,2.5
56,56,3.57
56,57,4.55
56,58,2.5
56,59,10
56,60,3.85
56,61,2
56,62,2
56,63,5.56
56,64,2.27
56,65,2.63
56,66,2.17
56,67,2.78
56,68,3.13
56,69,8.33
56,70,2.5
56,71,3.85
56,72,4.17
56,73,2.08
56,74,5.56
56,75,4.55
56,76,5.56
56,77,3.33
56,78,2.94
56,79,2.5
56,80,3.13
56,81,2.38
56,82,2.38
56,83,2
56,84,2.5
56,85,2.17
56,86,3.33
56,87,4.55
56,88,3.57
56,89,4.17
56,90,4.17
56,91,2.08
56,92,4.55
56,93,5.56
56,94,6.25
56,95,7.14
56,96,6.25
56,97,6.25
56,98,3.57
56,99,2.17
56,100,3.85
56,101,5
56,102,10
56,103,2.17
56,104,3.33
56,105,8.33
56,106,5.56
56,107,2.27
56,108,2.78
56,109,3.57
56,110,2.08
56,111,6.25
56,112,2.27
56,113,2.78
56,114,2.63
56,115,3.57
56,116,6.25
56,117,2.94
56,118,6.25
56,119,6.25
56,120,8.33
56,121,3.13
56,122,3.57
56,123,3.13
56,124,2.78
56,125,3.13
56,126,3.33
56,127,5
56,128,3.85
56,129,3.33
56,130,5.56
56,131,4.17
56,132,2.17
56,133,2.94
56,134,7.14
56,135,4.55
56,136,2.94
56,137,3.57
56,138,3.33
56,139,6.25
56,140,2.94
56,141,5
56,142,4.55
56,143,10
56,144,4.55
56,145,3.33
56,146,8.33
56,147,4.55
56,148,2.38
56,149,4.17
56,150,5
56,151,3.33
56,152,3.33
56,153,10
56,154,3.13
56,155,4.17
56,156,10
56,157,3.85
56,158,2.38
56,159,6.25
56,160,2.38
56,161,4.17
56,162,2.17
56,163,4.55
56,164,2
56,165,2.27
56,166,3.85
56,167,5
56,168,7.14
56,169,2.08
56,170,2
56,171,5
56,172,8.33
56,173,8.33
56,174,7.14
56,175,2.27
56,176,2.38
56,177,4.17
56,178,3.13
56,179,3.33
56,180,3.57
56,181,2.08
56,182,2.78
56,183,4.17
56,184,3.57
56,185,2.5
56,186,3.85
56,187,2.94
56,188,4.17
56,189,2.38
56,190,7.14
56,191,2.08
56,192,8.33
56,193,2.27
56,194,2.63
56,195,2.5
56,196,3.85
56,197,2.78
56,198,3.57
56,199,2.08
56,200,5
57,1,3.33
57,2,6.25
57,3,3.13
57,4,3.57
57,5,3.85
57,6,3.57
57,7,2.94
57,8,2
57,9,2.94
57,10,2.08
57,11,2.94
57,12,4.55
57,13,8.33
57,14,10
57,15,3.57
57,16,4.55
57,17,2.94
57,18,7.14
57,19,2.63
57,20,8.33
57,21,2.08
57,22,5.56
57,23,6.25
57,24,2.94
57,25,2.27
57,26,2.63
57,27,3.13
57,28,3.13
57,29,5.56
57,30,2.63
57,31,2.08
57,32,3.13
57,33,3.57
57,34,2.17
57,35,4.55
57,36,5
57,37,2
57,38,3.13
57,39,2.63
57,40,2.94
57,41,3.33
57,42,4.17
57,43,4.55
57,44,4.17
57,45,4.55
57,46,2
57,47,8.33
57,48,5.56
57,49,2.27
57,50,6.25
57,51,3.57
57,52,2.94
57,53,5.56
57,54,8.33
57,55,2.17
57,56,2.78
57,57,2.63
57,58,2.08
57,59,3.33
57,60,3.85
57,61,2
57,62,3.85
57,63,10
57,64,3.85
57,65,2.63
57,66,4.55
57,67,4.55
57,68,2.38
57,69,2
57,70,2.38
57,71,4.55
57,72,2.78
57,73,2.27
57,74,5.56
57,75,5.56
57,76,7.14
57,77,7.14
57,78,8.33
57,79,3.33
57,80,3.85
57,81,4.17
57,82,6.25
57,83,3.57
57,84,7.14
57,85,2.08
57,86,3.85
57,87,4.55
57,88,2.94
57,89,2.78
57,90,2.17
57,91,2.5
57,92,2.5
57,93,2.94
57,94,2.27
57,95,3.85
57,96,8.33
57,97,3.57
57,98,2
57,99,2.78
57,100,6.25
57,101,6.25
57,102,2
57,103,7.14
57,104,3.85
57,105,4.55
57,106,2.17
57,107,3.13
57,108,6.25
57,109,2.63
57,110,3.57
57,111,6.25
57,112,2.63
57,113,4.17
57,114,2.38
57,115,3.85
57,116,10
57,117,3.13
57,118,7.14
57,119,8.33
57,120,2.17
57,121,5
57,122,8.33
57,123,3.57
57,124,5
57,125,5.56
57,126,2
57,127,7.14
57,128,8.33
57,129,3.57
57,130,2.94
57,131,2.78
57,132,10
57,133,6.25
57,134,2.78
57,135,2.5
57,136,2.63
57,137,3.33
57,138,6.25
57,139,3.85
57,140,2.94
57,141,3.57
57,142,2.17
57,143,4.55
57,144,2.38
57,145,2.5
57,146,6.25
57,147,2.27
57,148,4.17
57,149,2.38
57,150,6.25
57,151,2.17
57,152,3.13
57,153,4.55
57,154,3.85
57,155,2.94
57,156,2.08
57,157,3.57
57,158,2.27
57,159,4.55
57,160,8.33
57,161,4.55
57,162,3.13
57,163,3.13
57,164,2.78
57,165,3.33
57,166,10
57,167,5
57,168,3.13
57,169,2.94
57,170,2.63
57,171,3.33
57,172,2.78
57,173,5
57,174,2.38
57,175,6.25
57,176,5.56
57,177,3.33
57,178,5.56
57,179,2
57,180,2.27
57,181,2.17
57,182,2.38
57,183,3.85
57,184,3.57
57,185,8.33
57,186,2
57,187,2.78
57,188,2.17
57,189,3.33
57,190,4.17
57,191,7.14
57,192,5
57,193,2.63
57,194,3.13
57,195,2.17
57,196,3.33
57,197,6.25
57,198,3.13
57,199,2.08
57,200,2.27
58,1,2.17
58,2,7.14
58,3,3.57
58,4,3.85
58,5,7.14
58,6,7.14
58,7,4.55
58,8,3.33
58,9,5
58,10,3.57
58,11,3.13
58,12,4.17
58,13,5.56
58,14,2.63
58,15,8.33
58,16,5
58,17,2.5
58,18,2.94
58,19,8.33
58,20,8.33
58,21,5.56
58,22,3.57
58,23,2.94
58,24,3.13
58,25,5.56
58,26,2.94
58,27,3.57
58,28,3.33
58,29,5
58,30,3.13
58,31,2.5
58,32,3.57
58,33,5.56
58,34,10
58,35,2.38
58,36,2.5
58,37,10
58,38,2.08
58,39,5.56
58,40,8.33
58,41,5.56
58,42,7.14
58,43,3.33
58,44,2.5
58,45,2.08
58,46,2.08
58,47,8.33
58,48,2.17
58,49,5
58,50,7.14
58,51,3.13
58,52,2.17
58,53,4.17
58,54,5
58,55,2
58,56,2.38
58,57,10
58,58,2
58,59,8.33
58,60,2.27
58,61,6.25
58,62,3.57
58,63,2
58,64,3.13
58,65,2.78
58,66,2.08
58,67,5
58,68,5.56
58,69,2.17
58,70,4.55
58,71,2.27
58,72,10
58,73,3.57
58,74,2.17
58,75,2.38
58,76,10
58,77,4.55
58,78,3.85
58,79,2.5
58,80,4.55
58,81,4.55
58,82,5
58,83,3.57
58,84,2
58,85,5
58,86,2.94
58,87,3.13
58,88,5.56
58,89,2.78
58,90,2.17
58,91,3.57
58,92,3.13
58,93,7.14
58,94,2.78
58,95,4.17
58,96,2.63
58,97,2.78
58,98,2.17
58,99,6.25
58,100,10
58,101,7.14
58,102,3.13
58,103,3.85
58,104,2.27
58,105,4.55
58,106,2.63
58,107,7.14
58,108,3.57
58,109,6.25
58,110,8.33
58,111,2.08
58,112,3.33
58,113,2.78
58,114,3.13
58,115,2.08
58,116,5.56
58,117,3.57
58,118,3.85
58,119,2.17
58,120,2.17
58,121,2.78
58,122,5
58,123,2.38
58,124,7.14
58,125,2.08
58,126,3.85
58,127,8.33
58,128,7.14
58,129,4.17
58,130,2.94
58,131,2.38
58,132,10
58,133,4.55
58,134,3.13
58,135,3.85
58,136,5.56
58,137,3.57
58,138,3.33
58,139,8.33
58,140,2.08
58,141,2.08
58,142,7.14
58,143,2.78
58,144,3.13
58,145,2.5
58,146,2
58,147,7.14
58,148,5.56
58,149,3.57
58,150,6.25
58,151,2.38
58,152,2.63
58,153,3.85
58,154,2.63
58,155,5
58,156,2.94
58,157,2.63
58,158,2.5
58,159,2.38
58,160,2.27
58,161,6.25
58,162,6.25
58,163,10
58,164,4.55
58,165,3.57
58,166,7.14
58,167,7.14
58,168,3.85
58,169,2.38
58,170,3.57
58,171,2.78
58,172,4.17
58,173,2.08
58,174,2.27
58,175,2.63
58,176,2.27
58,177,5.56
58,178,6.25
58,179,2.94
58,180,2.94
58,181,2.5
58,182,2.63
58,183,2.5
58,184,2.08
58,185,2.17
58,186,5
58,187,5
58,188,5.56
58,189,2.17
58,190,2.78
58,191,10
58,192,3.33
58,193,3.57
58,194,2.17
58,195,2.08
58,196,6.25
58,197,10
58,198,4.17
58,199,10
58,200,5
59,1,2.94
59,2,3.33
59,3,2.38
59,4,3.85
59,5,2.17
59,6,2.38
59,7,4.55
59,8,2
59,9,5.56
59,10,10
59,11,2
59,12,10
59,13,2.38
59,14,2.94
59,15,3.13
59,16,2.63
59,17,2.63
59,18,4.55
59,19,2.38
59,20,2.38
59,21,2.5
59,22,4.17
59,23,2
59,24,6.25
59,25,4.55
59,26,3.85
59,27,2.94
59,28,3.33
59,29,2.78
59,30,2.78
59,31,3.33
59,32,2
59,33,2.63
59,34,7.14
59,35,3.33
59,36,3.33
59,37,7.14
59,38,3.85
59,39,2
59,40,8.33
59,41,3.33
59,42,3.57
59,43,2.27
59,44,4.17
59,45,4.55
59,46,6.25
59,47,4.55
59,48,8.33
59,49,2
59,50,4.17
59,51,2.17
59,52,3.85
59,53,3.85
59,54,2.5
59,55,2.94
59,56,2.94
59,57,5
59,58,2.08
59,59,8.33
59,60,3.57
59,61,2
59,62,3.13
59,63,2.08
59,64,10
59,65,2
59,66,10
59,67,2.78
59,68,3.85
59,69,2.63
59,70,2.63
59,71,2.08
59,72,2.63
59,73,5
59,74,3.57
59,75,4.17
59,76,5
59,77,5.56
59,78,3.33
59,79,7.14
59,80,4.17
59,81,2.27
59,82,6.25
59,83,3.33
59,84,4.55
59,85,3.85
59,86,2.27
59,87,2.38
59,88,6.25
59,89,2.38
59,90,2.27
59,91,2.94
59,92,7.14
59,93,7.14
59,94,4.17
59,95,2.17
59,96,2.08
59,97,2.27
59,98,7.14
59,99,2.27
59,100,2.5
59,101,2.78
59,102,2
59,103,3.57
59,104,2.94
59,105,2.5
59,106,2.63
59,107,7.14
59,108,2.17
59,109,2.38
59,110,2.27
59,111,7.14
59,112,2.63
59,113,4.55
59,114,2.17
59,115,2.08
59,116,3.85
59,117,3.57
59,118,2.63
59,119,4.55
59,120,2.08
59,121,4.55
59,122,2.17
59,123,4.17
59,124,2.08
59,125,5
59,126,8.33
59,127,3.33
59,128,7.14
59,129,5.56
59,130,2.38
59,131,2.38
59,132,2.94
59,133,2.17
59,134,3.85
59,135,2.5
59,136,2.63
59,137,3.13
59,138,3.57
59,139,4.55
59,140,2.78
59,141,3.85
59,142,6.25
59,143,2.94
59,144,5.56
59,145,2.63
59,146,2.78
59,147,2.08
59,148,2.94
59,149,4.55
59,150,2.5
59,151,2.38
59,152,2.5
59,153,8.33
59,154,6.25
59,155,2.08
59,156,2.5
59,157,6.25
59,158,2.17
59,159,3.57
59,160,2.38
59,161,3.13
59,162,2.08
59,163,7.14
59,164,4.17
59,165,6.25
59,166,2.27
59,167,10
59,168,2.08
59,169,2.94
59,170,3.85
59,171,5
59,172,3.13
59,173,7.14
59,174,2.94
59,175,3.13
59,176,4.55
59,177,2.38
59,178,3.13
59,179,5.56
59,180,4.55
59,181,5
59,182,6.25
59,183,5.56
59,184,4.55
59,185,10
59,186,2.08
59,187,2.08
59,188,2.17
59,189,5
59,190,5
59,191,2.94
59,192,2
59,193,3.85
59,194,4.55
59,195,2.38
59,196,2.38
59,197,10
59,198,8.33
59,199,2.08
59,200,5.56
60,1,2.63
60,2,2.08
60,3,2.78
60,4,3.13
60,5,2.17
60,6,8.33
60,7,2.94
60,8,4.55
60,9,2.94
60,10,2.5
60,11,2.5
60,12,3.33
60,13,5
60,14,2.38
60,15,2.38
60,16,2.27
60,17,3.33
60,18,5.56
60,19,3.85
60,20,6.25
60,21,3.85
60,22,2.5
60,23,2.08
60,24,4.17
60,25,3.57
60,26,10
60,27,4.17
60,28,2
60,29,5
60,30,2.5
60,31,5.56
60,32,5
60,33,7.14
60,34,2.78
60,35,3.57
60,36,3.57
60,37,2.17
60,38,2.63
60,39,3.13
60,40,2.5
60,41,2
60,42,2.27
60,43,2
60,44,5.56
60,45,3.33
60,46,2.17
60,47,2
60,48,3.85
60,49,3.85
60,50,10
60,51,7.14
60,52,4.55
60,53,3.33
60,54,4.55
60,55,3.57
60,56,2.94
60,57,2.17
60,58,8.33
60,59,2.78
60,60,7.14
60,61,7.14
60,62,5.56
60,63,2.63
60,64,5.56
60,65,3.13
60,66,4.55
60,67,5
60,68,2.38
60,69,4.55
60,70,2.5
60,71,4.55
60,72,2.78
60,73,2.94
60,74,4.17
60,75,2.5
60,76,2.38
60,77,8.33
60,78,2.17
60,79,2.63
60,80,5
60,81,3.85
60,82,3.33
60,83,10
60,84,2.94
60,85,2.5
60,86,5
60,87,2.38
60,88,2.27
60,89,6.25
60,90,2.38
60,91,10
60,92,3.57
60,93,3.85
60,94,2.63
60,95,2.94
60,96,2.5
60,97,2
60,98,6.25
60,99,4.17
60,100,3.85
60,101,10
60,102,2.94
60,103,3.85
60,104,8.33
60,105,5
60,106,2.08
60,107,2.78
60,108,2.27
60,109,3.13
60,110,3.57
60,111,3.33
60,112,2.94
60,113,10
60,114,3.33
60,115,2
60,116,2.08
60,117,3.13
60,118,2.78
60,119,2.63
60,120,2.5
60,121,7.14
60,122,3.33
60,123,3.85
60,124,2.63
60,125,3.57
60,126,10
60,127,2.78
60,128,5
60,129,7.14
60,130,2.17
60,131,2.63
60,132,2.78
60,133,10
60,134,3.57
60,135,4.55
60,136,3.33
60,137,7.14
60,138,3.33
60,139,2.17
60,140,5.56
60,141,3.85
60,142,2.08
60,143,3.85
60,144,2.5
60,145,5.56
60,146,3.57
60,147,10
60,148,2.78
60,149,2.17
60,150,2.63
60,151,2.63
60,152,10
60,153,2.78
60,154,5
60,155,4.17
60,156,2.5
60,157,3.57
60,158,2.17
60,159,10
60,160,2.94
60,161,3.85
60,162,2.63
60,163,7.14
60,164,3.13
60,165,4.17
60,166,4.55
60,167,2.38
60,168,2.38
60,169,4.17
60,170,3.57
60,171,3.33
60,172,5
60,173,2.63
60,174,2.94
60,175,2
60,176,2.38
60,177,5
60,178,5.56
60,179,3.13
60,180,2.78
60,181,2.78
60,182,5.56
60,183,6.25
60,184,3.85
60,185,3.57
60,186,2.38
60,187,7.14
60,188,4.17
60,189,3.13
60,190,8.33
60,191,5.56
60,192,6.25
60,193,10
60,194,5
60,195,2.94
60,196,2.27
60,197,3.85
60,198,2.94
60,199,5
60,200,2.38
61,1,5
61,2,4.55
61,3,2.17
61,4,5
61,5,10
61,6,7.14
61,7,7.14
61,8,2.94
61,9,4.17
61,10,3.13
61,11,4.55
61,12,6.25
61,13,2.08
61,14,4.55
61,15,2.63
61,16,3.57
61,17,2
61,18,6.25
61,19,5.56
61,20,10
61,21,2.08
61,22,2.27
61,23,3.85
61,24,8.33
61,25,10
61,26,2.78
61,27,2.5
61,28,2.78
61,29,3.85
61,30,5
61,31,3.33
61,32,2
61,33,3.33
61,34,2.78
61,35,3.13
61,36,8.33
61,37,2.38
61,38,2.27
61,39,2.38
61,40,2
61,41,2.08
61,42,2
61,43,10
61,44,5
61,45,2.5
61,46,6.25
61,47,2.08
61,48,2.17
61,49,2.17
61,50,2.94
61,51,2.17
61,52,6.25
61,53,2
61,54,4.17
61,55,2.94
61,56,2.5
61,57,4.17
61,58,4.17
61,59,2.27
61,60,2.78
61,61,6.25
61,62,8.33
61,63,2.08
61,64,2.27
61,65,6.25
61,66,3.57
61,67,6.25
61,68,2.78
61,69,3.13
61,70,3.57
61,71,5.56
61,72,2.08
61,73,2.27
61,74,3.33
61,75,6.25
61,76,3.33
61,77,8.33
61,78,2
61,79,3.33
61,80,2.27
61,81,5.56
61,82,4.17
61,83,6.25
61,84,2.17
61,85,2.17
61,86,2.27
61,87,7.14
61,88,4.55
61,89,2
61,90,10
61,91,8.33
61,92,2.78
61,93,5.56
61,94,4.55
61,95,8.33
61,96,2
61,97,2.5
61,98,2.5
61,99,4.17
61,100,3.33
61,101,3.33
61,102,10
61,103,4.17
61,104,2.27
61,105,3.33
61,106,5
61,107,5.56
61,108,5
61,109,2.94
61,110,2.78
61,111,2.17
61,112,3.13
61,113,10
61,114,2.5
61,115,2.78
61,116,6.25
61,117,2.27
61,118,10
61,119,2.94
61,120,4.55
61,121,7.14
61,122,4.55
61,123,2.78
61,124,7.14
61,125,2.78
61,126,10
61,127,6.25
61,128,2
61,129,3.57
61,130,6.25
61,131,2.17
61,132,3.57
61,133,2.78
61,134,5.56
61,135,7.14
61,136,2.5
61,137,2.38
61,138,2.78
61,139,2.17
61,140,3.33
61,141,5.56
61,142,2.63
61,143,2.63
61,144,3.33
61,145,4.55
61,146,2
61,147,2.63
61,148,4.17
61,149,4.17
61,150,2.5
61,151,3.57
61,152,5
61,153,3.85
61,154,2.94
61,155,5.56
61,156,3.33
61,157,3.57
61,158,5.56
61,159,3.33
61,160,3.13
61,161,2.27
61,162,2.63
61,163,3.13
61,164,2.63
61,165,5.56
61,166,5.56
61,167,4.17
61,168,2.94
61,169,2
61,170,10
61,171,2.08
61,172,2.78
61,173,3.33
61,174,2.94
61,175,5
61,176,3.85
61,177,2.94
61,178,7.14
61,179,5.56
61,180,2.78
61,181,2.38
61,182,2.27
61,183,2.08
61,184,2.27
61,185,2.17
61,186,7.14
61,187,2.17
61,188,5.56
61,189,5.56
61,190,2.78
61,191,6.25
61,192,3.57
61,193,3.57
61,194,2
61,195,2.63
61,196,3.57
61,197,3.13
61,198,10
61,199,2
61,200,2.08
62,1,2.78
62,2,3.33
62,3,2
62,4,8.33
62,5,8.33
62,6,3.13
62,7,2.94
62,8,3.13
62,9,3.57
62,10,2
62,11,3.57
62,12,2.08
62,13,3.57
62,14,3.57
62,15,2.17
62,16,3.85
62,17,7.14
62,18,2
62,19,5.56
62,20,4.17
62,21,2.5
62,22,3.57
62,23,2.27
62,24,2.94
62,25,5.56
62,26,4.55
62,27,2.17
62,28,10
62,29,8.33
62,30,2.78
62,31,2.08
62,32,10
62,33,3.13
62,34,2.94
62,35,10
62,36,2.27
62,37,3.57
62,38,2.78
62,39,6.25
62,40,5.56
62,41,10
62,42,2.78
62,43,6.25
62,44,2.38
62,45,2.08
62,46,2.94
62,47,2.38
62,48,5.56
62,49,6.25
62,50,6.25
62,51,3.13
62,52,6.25
62,53,6.25
62,54,4.55
62,55,8.33
62,56,8.33
62,57,2.17
62,58,7.14
62,59,3.57
62,60,10
62,61,2.38
62,62,3.33
62,63,7.14
62,64,8.33
62,65,2.78
62,66,7.14
62,67,7.14
62,68,2.27
62,69,2.94
62,70,3.85
62,71,7.14
62,72,10
62,73,2.17
62,74,2.94
62,75,3.33
62,76,5
62,77,5
62,78,2.08
62,79,4.17
62,80,8.33
62,81,7.14
62,82,6.25
62,83,4.17
62,84,10
62,85,2.27
62,86,7.14
62,87,4.17
62,88,7.14
62,89,4.17
62,90,2.5
62,91,2.63
62,92,2.27
62,93,2.5
62,94,5.56
62,95,4.55
62,96,2.94
62,97,7.14
62,98,2.38
62,99,3.13
62,100,5.56
62,101,3.57
62,102,3.33
62,103,5
62,104,4.17
62,105,4.55
62,106,2.63
62,107,5
62,108,2.63
62,109,3.13
62,110,2.63
62,111,2.38
62,112,3.85
62,113,7.14
62,114,2.63
62,115,7.14
62,116,4.17
62,117,8.33
62,118,2.63
62,119,2.17
62,120,2.38
62,121,5.56
62,122,7.14
62,123,2.5
62,124,3.85
62,125,2.78
62,126,6.25
62,127,10
62,128,2.94
62,129,2.27
62,130,2.08
62,131,2.08
62,132,10
62,133,2.63
62,134,8.33
62,135,3.85
62,136,2
62,137,2.94
62,138,10
62,139,10
62,140,2.63
62,141,5.56
62,142,2.38
62,143,8.33
62,144,3.57
62,145,2.27
62,146,8.33
62,147,7.14
62,148,2
62,149,4.17
62,150,5.56
62,151,2.5
62,152,2.17
62,153,8.33
62,154,4.55
62,155,2.94
62,156,2.27
62,157,2
62,158,6.25
62,159,4.17
62,160,2.5
62,161,7.14
62,162,4.55
62,163,2
62,164,4.17
62,165,3.13
62,166,6.25
62,167,2
62,168,5
62,169,2
62,170,2.38
62,171,2.5
62,172,7.14
62,173,6.25
62,174,6.25
62,175,6.25
62,176,2.08
62,177,5
62,178,4.17
62,179,3.33
62,180,2.94
62,181,2.63
62,182,3.33
62,183,2.38
62,184,5.56
62,185,3.13
62,186,2.63
62,187,3.57
62,188,2.27
62,189,2.17
62,190,2.5
62,191,2.94
62,192,2.78
62,193,2.94
62,194,2.38
62,195,3.85
62,196,10
62,197,4.17
62,198,2.27
62,199,2.63
62,200,8.33
63,1,6.25
63,2,10
63,3,10
63,4,6.25
63,5,5.56
63,6,2
63,7,3.57
63,8,6.25
63,9,5.56
63,10,2.38
63,11,2.08
63,12,2.78
63,13,6.25
63,14,2.94
63,15,2.38
63,16,2.17
63,17,3.13
63,18,2.63
63,19,2.5
63,20,7.14
63,21,7.14
63,22,2.17
63,23,10
63,24,10
63,25,2
63,26,2.17
63,27,4.55
63,28,2.08
63,29,3.13
63,30,3.85
63,31,6.25
63,32,3.85
63,33,10
63,34,5.56
63,35,2.17
63,36,3.57
63,37,2.78
63,38,2.63
63,39,4.17
63,40,4.55
63,41,7.14
63,42,4.17
63,43,2.63
63,44,3.13
63,45,2.27
63,46,2.94
63,47,8.33
63,48,10
63,49,6.25
63,50,4.17
63,51,10
63,52,7.14
63,53,3.33
63,54,3.85
63,55,6.25
63,56,2.78
63,57,2.08
63,58,2.94
63,59,2.5
63,60,2.27
63,61,3.57
63,62,2.38
63,63,10
63,64,2
63,65,2.94
63,66,2.17
63,67,2.27
63,68,2
63,69,3.13
63,70,3.57
63,71,2.27
63,72,3.57
63,73,5
63,74,2.5
63,75,5.56
63,76,7.14
63,77,5.56
63,78,2.08
63,79,5.56
63,80,2.38
63,81,5
63,82,4.55
63,83,3.13
63,84,2.5
63,85,3.33
63,86,5
63,87,2
63,88,2.5
63,89,2.38
63,90,2
63,91,5.56
63,92,3.85
63,93,4.17
63,94,2.27
63,95,2.5
63,96,2.08
63,97,8.33
63,98,2.08
63,99,2.27
63,100,2.38
63,101,3.33
63,102,2.27
63,103,8.33
63,104,2
63,105,2.94
63,106,2.08
63,107,2.27
63,108,2.78
63,109,2.17
63,110,2.63
63,111,4.17
63,112,3.85
63,113,7.14
63,114,4.55
63,115,2.27
63,116,4.55
63,117,4.55
63,118,7.14
63,119,7.14
63,120,3.57
63,121,3.57
63,122,2.94
63,123,5.56
63,124,6.25
63,125,5.56
63,126,7.14
63,127,3.13
63,128,2
63,129,7.14
63,130,2.94
63,131,5.56
63,132,4.17
63,133,2.17
63,134,3.33
63,135,3.85
63,136,3.85
63,137,3.33
63,138,2.63
63,139,8.33
63,140,2
63,141,3.57
63,142,4.17
63,143,2.17
63,144,4.17
63,145,3.85
63,146,5
63,147,3.33
63,148,2.63
63,149,2.63
63,150,5.56
63,151,2.78
63,152,3.85
63,153,2.08
63,154,8.33
63,155,5
63,156,2.38
63,157,10
63,158,4.55
63,159,2.08
63,160,6.25
63,161,2.94
63,162,6.25
63,163,2.94
63,164,2.78
63,165,2.63
63,166,2.17
63,167,3.85
63,168,2.94
63,169,2.78
63,170,2.63
63,171,3.85
63,172,8.33
63,173,3.85
63,174,8.33
63,175,3.13
63,176,6.25
63,177,2.27
63,178,2.5
63,179,2.38
63,180,2.38
63,181,2.78
63,182,2
63,183,3.33
63,184,2.17
63,185,2.63
63,186,4.55
63,187,2.94
63,188,3.33
63,189,2.5
63,190,2.63
63,191,2.63
63,192,10
63,193,10
63,194,2.27
63,195,10
63,196,5.56
63,197,2.63
63,198,2.94
63,199,7.14
63,200,2.27
64,1,2.94
64,2,10
64,3,6.25
64,4,2.63
64,5,2.94
64,6,6.25
64,7,3.33
64,8,3.57
64,9,2.08
64,10,3.13
64,11,3.57
64,12,7.14
64,13,6.25
64,14,5.56
64,15,2.38
64,16,3.85
64,17,7.14
64,18,2.08
64,19,8.33
64,20,5.56
64,21,5
64,22,2
64,23,10
64,24,2.5
64,25,2.27
64,26,2.63
64,27,2.08
64,28,5
64,29,5.56
64,30,10
64,31,3.13
64,32,7.14
64,33,2.27
64,34,3.85
64,35,7.14
64,36,8.33
64,37,10
64,38,2.08
64,39,2.08
64,40,6.25
64,41,3.85
64,42,3.85
64,43,2.38
64,44,7.14
64,45,2.38
64,46,4.17
64,47,2.63
64,48,2
64,49,2.08
64,50,4.55
64,51,2.38
64,52,7.14
64,53,6.25
64,54,2.27
64,55,2
64,56,2.5
64,57,3.33
64,58,5
64,59,2.78
64,60,3.57
64,61,4.55
64,62,2.78
64,63,2.94
64,64,2.17
64,65,2.94
64,66,3.13
64,67,3.57
64,68,2.63
64,69,2.38
64,70,3.85
64,71,5
64,72,5.56
64,73,2.5
64,74,5
64,75,10
64,76,2.5
64,77,2.38
64,78,8.33
64,79,8.33
64,80,2
64,81,2.38
64,82,3.33
64,83,2.08
64,84,2.17
64,85,2.94
64,86,2.27
64,87,2
64,88,2.94
64,89,4.17
64,90,2.08
64,91,5.56
64,92,7.14
64,93,5
64,94,7.14
64,95,2
64,96,4.55
64,97,3.85
64,98,4.17
64,99,3.57
64,100,4.17
64,101,2.38
64,102,6.25
64,103,7.14
64,104,5.56
64,105,7.14
64,106,10
64,107,5
64,108,5
64,109,2.17
64,110,2.17
64,111,3.85
64,112,3.33
64,113,2.5
64,114,10
64,115,3.57
64,116,3.33
64,117,2.17
64,118,3.13
64,119,2.38
64,120,7.14
64,121,2.17
64,122,2.17
64,123,3.85
64,124,2.78
64,125,4.17
64,126,5.56
64,127,2.38
64,128,2.08
64,129,2.94
64,130,2.94
64,131,5
64,132,2.17
64,133,5
64,134,4.17
64,135,6.25
64,136,2.27
64,137,5
64,138,3.13
64,139,2.27
64,140,3.33
64,141,3.33
64,142,10
64,143,2.08
64,144,8.33
64,145,7.14
64,146,4.17
64,147,2.78
64,148,2.63
64,149,3.33
64,150,2.5
64,151,10
64,152,2.78
64,153,2.38
64,154,4.17
64,155,3.85
64,156,2.94
64,157,3.13
64,158,8.33
64,159,2
64,160,2
64,161,6.25
64,162,6.25
64,163,2.5
64,164,6.25
64,165,2
64,166,5
64,167,2.08
64,168,5
64,169,7.14
64,170,4.55
64,171,5.56
64,172,2.08
64,173,5.56
64,174,3.13
64,175,2.94
64,176,4.55
64,177,3.13
64,178,2.17
64,179,3.33
64,180,6.25
64,181,2.17
64,182,2.27
64,183,3.13
64,184,2.78
64,185,2.94
64,186,2
64,187,8.33
64,188,8.33
64,189,7.14
64,190,6.25
64,191,2.5
64,192,3.13
64,193,2.38
64,194,2.38
64,195,2.27
64,196,2
64,197,2.17
64,198,8.33
64,199,3.33
64,200,4.17
65,1,2.38
65,2,2.63
65,3,4.17
65,4,7.14
65,5,5.56
65,6,8.33
65,7,2.63
65,8,4.55
65,9,3.57
65,10,3.57
65,11,2.78
65,12,2.94
65,13,4.55
65,14,2.17
65,15,4.17
65,16,6.25
65,17,5.56
65,18,8.33
65,19,8.33
65,20,2.63
65,21,2.63
65,22,2
65,23,2.17
65,24,3.33
65,25,5
65,26,2.17
65,27,4.55
65,28,5.56
65,29,2.38
65,30,2.94
65,31,2.63
65,32,8.33
65,33,8.33
65,34,2.78
65,35,2.08
65,36,7.14
65,37,3.13
65,38,2.17
65,39,2.78
65,40,2.38
65,41,4.17
65,42,4.17
65,43,3.57
65,44,2
65,45,3.57
65,46,3.85
65,47,2.63
65,48,7.14
65,49,2.27
65,50,2.5
65,51,2.94
65,52,10
65,53,2.94
65,54,3.85
65,55,2.27
65,56,6.25
65,57,2.17
65,58,2.08
65,59,3.57
65,60,6.25
65,61,7.14
65,62,4.17
65,63,2.17
65,64,10
65,65,3.85
65,66,6.25
65,67,3.57
65,68,5
65,69,2.17
65,70,3.33
65,71,3.57
65,72,2.38
65,73,2.78
65,74,6.25
65,75,10
65,76,2.17
65,77,2.27
65,78,3.13
65,79,10
65,80,5
65,81,7.14
65,82,4.55
65,83,2.27
65,84,3.57
65,85,3.85
65,86,3.85
65,87,2.94
65,88,5
65,89,3.57
65,90,4.55
65,91,3.33
65,92,3.33
65,93,7.14
65,94,2.38
65,95,2.5
65,96,2.94
65,97,2
65,98,3.57
65,99,3.13
65,100,7.14
65,101,2
65,102,3.85
65,103,2.17
65,104,2.78
65,105,5.56
65,106,3.57
65,107,2.17
65,108,4.55
65,109,4.55
65,110,8.33
65,111,2.63
65,112,2.38
65,113,3.13
65,114,3.85
65,115,2.38
65,116,3.13
65,117,5
65,118,2.78
65,119,2
65,120,10
65,121,4.17
65,122,3.57
65,123,4.55
65,124,4.55
65,125,3.33
65,126,2.08
65,127,2.08
65,128,3.13
65,129,10
65,130,7.14
65,131,2.17
65,132,4.17
65,133,3.13
65,134,2.94
65,135,5.56
65,136,7.14
65,137,2.78
65,138,5.56
65,139,2.63
65,140,4.17
65,141,4.55
65,142,2.17
65,143,2.27
65,144,3.33
65,145,3.13
65,146,2.5
65,147,2.17
65,148,8.33
65,149,7.14
65,150,3.57
65,151,3.13
65,152,10
65,153,3.57
65,154,2.63
65,155,3.85
65,156,8.33
65,157,5.56
65,158,10
65,159,10
65,160,3.13
65,161,2.94
65,162,3.85
65,163,3.57
65,164,2.38
65,165,7.14
65,166,2.78
65,167,2.94
65,168,10
65,169,2.5
65,170,2.38
65,171,8.33
65,172,2.08
65,173,2.08
65,174,2.38
65,175,3.57
65,176,2.17
65,177,2.63
65,178,6.25
65,179,2.38
65,180,2.08
65,181,2.94
65,182,2.38
65,183,8.33
65,184,2.63
65,185,2.78
65,186,4.17
65,187,5
65,188,2.27
65,189,5.56
65,190,6.25
65,191,4.17
65,192,2.78
65,193,4.55
65,194,2.17
65,195,3.13
65,196,6.25
65,197,7.14
65,198,2.78
65,199,8.33
65,200,2.08
66,1,2.17
66,2,2.38
66,3,2.94
66,4,3.13
66,5,2.94
66,6,7.14
66,7,3.33
66,8,2
66,9,2
66,10,10
66,11,2.94
66,12,2.63
66,13,3.33
66,14,5
66,15,2.27
66,16,8.33
66,17,2.08
66,18,4.55
66,19,2.78
66,20,2.17
66,21,6.25
66,22,6.25
66,23,10
66,24,4.17
66,25,2.17
66,26,3.85
66,27,2.63
66,28,4.55
66,29,2.08
66,30,2.27
66,31,2
66,32,4.55
66,33,3.13
66,34,2.17
66,35,2.17
66,36,6.25
66,37,2.08
66,38,6.25
66,39,3.85
66,40,3.85
66,41,2.5
66,42,8.33
66,43,5
66,44,6.25
66,45,2.08
66,46,8.33
66,47,2.27
66,48,2.5
66,49,4.55
66,50,3.85
66,51,2.17
66,52,2.5
66,53,2.38
66,54,2.17
66,55,4.55
66,56,6.25
66,57,4.17
66,58,2.17
66,59,2.08
66,60,8.33
66,61,10
66,62,2.5
66,63,8.33
66,64,10
66,65,5.56
66,66,10
66,67,4.17
66,68,10
66,69,2.63
66,70,3.13
66,71,2.63
66,72,6.25
66,73,2
66,74,5.56
66,75,3.85
66,76,2.17
66,77,10
66,78,3.85
66,79,5.56
66,80,4.17
66,81,3.57
66,82,2.08
66,83,3.13
66,84,8.33
66,85,2.94
66,86,2.63
66,87,10
66,88,3.57
66,89,2.08
66,90,4.17
66,91,2.17
66,92,3.85
66,93,6.25
66,94,3.85
66,95,2.94
66,96,10
66,97,7.14
66,98,4.17
66,99,3.13
66,100,5.56
66,101,2.17
66,102,2
66,103,2.27
66,104,3.85
66,105,5
66,106,2.17
66,107,4.17
66,108,2.94
66,109,2.08
66,110,5
66,111,3.85
66,112,5
66,113,3.13
66,114,2.27
66,115,2
66,116,3.13
66,117,2.5
66,118,3.85
66,119,2.94
66,120,2.78
66,121,4.17
66,122,2.78
66,123,6.25
66,124,2.08
66,125,2.38
66,126,2
66,127,2.08
66,128,2.38
66,129,5
66,130,3.13
66,131,10
66,132,2.38
66,133,2.17
66,134,5
66,135,2.38
66,136,5.56
66,137,3.13
66,138,2.27
66,139,3.85
66,140,3.85
66,141,2.63
66,142,2.38
66,143,6.25
66,144,8.33
66,145,3.13
66,146,3.57
66,147,5.56
66,148,2.08
66,149,2.94
66,150,5.56
66,151,2.78
66,152,2.5
66,153,2.27
66,154,3.13
66,155,3.85
66,156,8.33
66,157,3.33
66,158,8.33
66,159,2.63
66,160,4.55
66,161,2
66,162,2.17
66,163,2.78
66,164,3.33
66,165,4.17
66,166,5
66,167,3.33
66,168,7.14
66,169,2.78
66,170,2.27
66,171,2.17
66,172,7.14
66,173,3.57
66,174,7.14
66,175,2.27
66,176,2
66,177,2.17
66,178,3.57
66,179,2.38
66,180,2.27
66,181,2.08
66,182,2.63
66,183,5.56
66,184,3.57
66,185,7.14
66,186,7.14
66,187,7.14
66,188,2.78
66,189,7.14
66,190,10
66,191,3.85
66,192,8.33
66,193,4.55
66,194,2.08
66,195,3.57
66,196,3.33
66,197,2
66,198,2.17
66,199,3.33
66,200,2
67,1,7.14
67,2,2.63
67,3,3.57
67,4,2.94
67,5,5.56
67,6,7.14
67,7,3.57
67,8,2.78
67,9,4.17
67,10,3.33
67,11,2.17
67,12,2.78
67,13,5
67,14,3.33
67,15,2.63
67,16,3.85
67,17,7.14
67,18,7.14
67,19,10
67,20,3.13
67,21,5.56
67,22,2.63
67,23,8.33
67,24,2.63
67,25,6.25
67,26,2.5
67,27,2.27
67,28,2.78
67,29,6.25
67,30,2.78
67,31,8.33
67,32,2.94
67,33,2.78
67,34,2.27
67,35,6.25
67,36,3.57
67,37,2
67,38,4.17
67,39,6.25
67,40,3.33
67,41,3.33
67,42,2.78
67,43,2.5
67,44,2.38
67,45,2.38
67,46,5.56
67,47,7.14
67,48,7.14
67,49,5
67,50,2.63
67,51,7.14
67,52,2.17
67,53,2.38
67,54,2.5
67,55,3.85
67,56,3.57
67,57,7.14
67,58,3.33
67,59,2.38
67,60,8.33
67,61,2.5
67,62,2.17
67,63,2.38
67,64,3.57
67,65,5.56
67,66,2.17
67,67,3.85
67,68,10
67,69,2.27
67,70,2.08
67,71,3.57
67,72,2.5
67,73,3.13
67,74,3.13
67,75,3.85
67,76,3.85
67,77,2.27
67,78,5
67,79,8.33
67,80,2.5
67,81,2.94
67,82,2.38
67,83,2.94
67,84,6.25
67,85,2.17
67,86,2.38
67,87,2.38
67,88,2.78
67,89,6.25
67,90,2.5
67,91,2.5
67,92,2.17
67,93,4.55
67,94,2.17
67,95,6.25
67,96,10
67,97,3.13
67,98,2.17
67,99,5.56
67,100,2.08
67,101,3.33
67,102,3.85
67,103,2.17
67,104,2.94
67,105,4.17
67,106,5
67,107,3.13
67,108,2.78
67,109,3.33
67,110,2.94
67,111,2
67,112,2
67,113,6.25
67,114,3.57
67,115,3.85
67,116,2.08
67,117,8.33
67,118,3.85
67,119,2.17
67,120,6.25
67,121,7.14
67,122,3.85
67,123,2.38
67,124,2.38
67,125,2.08
67,126,6.25
67,127,2.38
67,128,2.94
67,129,7.14
67,130,5.56
67,131,2.63
67,132,2.94
67,133,2.78
67,134,7.14
67,135,4.55
67,136,2
67,137,2.17
67,138,2.08
67,139,2.27
67,140,5
67,141,10
67,142,2.94
67,143,4.55
67,144,2.94
67,145,5.56
67,146,6.25
67,147,2
67,148,2.27
67,149,3.33
67,150,2.94
67,151,2.5
67,152,4.17
67,153,3.57
67,154,4.17
67,155,2.5
67,156,2.5
67,157,3.13
67,158,2.27
67,159,3.33
67,160,2.5
67,161,4.17
67,162,2.94
67,163,2
67,164,3.13
67,165,7.14
67,166,2.5
67,167,10
67,168,2.78
67,169,2.27
67,170,4.17
67,171,7.14
67,172,3.13
67,173,2.38
67,174,3.85
67,175,2.5
67,176,3.33
67,177,3.13
67,178,5.56
67,179,2.5
67,180,7.14
67,181,2.94
67,182,2.08
67,183,3.33
67,184,2.27
67,185,2.38
67,186,7.14
67,187,2.17
67,188,5
67,189,2.38
67,190,2.08
67,191,3.57
67,192,2.27
67,193,5
67,194,4.17
67,195,10
67,196,3.57
67,197,2.63
67,198,4.17
67,199,2.63
67,200,8.33
68,1,3.33
68,2,2.27
68,3,4.17
68,4,2.38
68,5,2.94
68,6,2.63
68,7,2.63
68,8,7.14
68,9,5.56
68,10,2.17
68,11,4.17
68,12,2.94
68,13,4.55
68,14,2.27
68,15,2.38
68,16,7.14
68,17,10
68,18,3.57
68,19,7.14
68,20,3.13
68,21,5.56
68,22,2.63
68,23,5.56
68,24,2.08
68,25,2.94
68,26,2.78
68,27,2.17
68,28,5
68,29,2.08
68,30,3.13
68,31,2
68,32,8.33
68,33,2
68,34,2.38
68,35,3.13
68,36,4.55
68,37,3.33
68,38,5.56
68,39,3.57
68,40,2.08
68,41,3.33
68,42,5.56
68,43,5.56
68,44,2.94
68,45,2.5
68,46,4.55
68,47,3.13
68,48,3.57
68,49,10
68,50,2.27
68,51,2.5
68,52,10
68,53,3.33
68,54,2
68,55,2.94
68,56,2.08
68,57,6.25
68,58,2.94
68,59,4.55
68,60,6.25
68,61,2.27
68,62,5.56
68,63,2.94
68,64,2.94
68,65,3.33
68,66,2.94
68,67,4.55
68,68,5
68,69,2.08
68,70,4.55
68,71,8.33
68,72,2.5
68,73,5
68,74,4.55
68,75,7.14
68,76,3.57
68,77,3.57
68,78,3.13
68,79,3.85
68,80,2
68,81,2
68,82,4.55
68,83,2.78
68,84,2
68,85,3.57
68,86,3.85
68,87,2.27
68,88,3.57
68,89,10
68,90,5
68,91,10
68,92,6.25
68,93,3.13
68,94,2.08
68,95,6.25
68,96,2.17
68,97,10
68,98,3.13
68,99,4.55
68,100,3.57
68,101,3.13
68,102,2
68,103,6.25
68,104,2.38
68,105,10
68,106,3.85
68,107,2.5
68,108,4.17
68,109,2
68,110,2.27
68,111,3.57
68,112,4.17
68,113,3.57
68,114,6.25
68,115,10
68,116,2.63
68,117,2.5
68,118,2
68,119,3.13
68,120,4.55
68,121,2.94
68,122,2.27
68,123,10
68,124,2.63
68,125,3.13
68,126,6.25
68,127,2
68,128,2.63
68,129,2.94
68,130,3.13
68,131,2.08
68,132,6.25
68,133,3.13
68,134,8.33
68,135,5.56
68,136,2.17
68,137,2.17
68,138,7.14
68,139,2.63
68,140,2.63
68,141,3.57
68,142,4.17
68,143,2.17
68,144,3.57
68,145,2.17
68,146,3.13
68,147,2.17
68,148,7.14
68,149,5
68,150,3.13
68,151,2.17
68,152,2.17
68,153,2.08
68,154,6.25
68,155,2.63
68,156,2.78
68,157,7.14
68,158,2.5
68,159,5
68,160,6.25
68,161,3.13
68,162,6.25
68,163,7.14
68,164,2.38
68,165,7.14
68,166,2.27
68,167,6.25
68,168,2.78
68,169,2.94
68,170,2.08
68,171,7.14
68,172,5
68,173,2.94
68,174,7.14
68,175,2.78
68,176,5.56
68,177,4.17
68,178,2.17
68,179,3.85
68,180,2.78
68,181,2.78
68,182,2.5
68,183,2.63
68,184,8.33
68,185,2.78
68,186,6.25
68,187,5
68,188,2.94
68,189,2
68,190,6.25
68,191,8.33
68,192,3.57
68,193,2.08
68,194,2.08
68,195,10
68,196,2.17
68,197,2
68,198,2.94
68,199,3.13
68,200,2
69,1,4.17
69,2,2.27
69,3,8.33
69,4,8.33
69,5,3.13
69,6,4.55
69,7,3.13
69,8,2
69,9,2
69,10,2.08
69,11,10
69,12,10
69,13,4.55
69,14,2.63
69,15,2.27
69,16,3.57
69,17,2.63
69,18,5
69,19,3.57
69,20,2.94
69,21,10
69,22,2.78
69,23,2.08
69,24,2.94
69,25,10
69,26,7.14
69,27,2.94
69,28,2.78
69,29,2
69,30,2.5
69,31,2.78
69,32,2
69,33,3.57
69,34,3.57
69,35,2.27
69,36,4.55
69,37,5.56
69,38,3.57
69,39,7.14
69,40,5.56
69,41,3.33
69,42,3.57
69,43,2.78
69,44,3.33
69,45,3.57
69,46,5
69,47,5
69,48,3.57
69,49,3.33
69,50,2.78
69,51,4.17
69,52,2.17
69,53,2
69,54,2.08
69,55,3.33
69,56,3.85
69,57,3.33
69,58,2.27
69,59,2.63
69,60,3.33
69,61,2
69,62,10
69,63,5
69,64,2.63
69,65,5.56
69,66,2.17
69,67,5
69,68,2.38
69,69,2
69,70,2.78
69,71,3.33
69,72,4.17
69,73,3.33
69,74,7.14
69,75,2
69,76,6.25
69,77,2.78
69,78,2.17
69,79,2.94
69,80,6.25
69,81,10
69,82,4.55
69,83,2.27
69,84,3.13
69,85,2
69,86,2
69,87,5.56
69,88,3.33
69,89,3.57
69,90,2.78
69,91,2.38
69,92,10
69,93,2.27
69,94,3.13
69,95,6.25
69,96,3.13
69,97,2.94
69,98,2.5
69,99,2.27
69,100,2.78
69,101,3.33
69,102,2.94
69,103,2
69,104,3.57
69,105,2.38
69,106,5
69,107,10
69,108,2.27
69,109,5.56
69,110,2
69,111,3.13
69,112,6.25
69,113,2.78
69,114,2.08
69,115,3.33
69,116,2.5
69,117,6.25
69,118,3.13
69,119,2.78
69,120,3.33
69,121,2.27
69,122,2.17
69,123,2
69,124,2.78
69,125,2.08
69,126,3.13
69,127,4.17
69,128,10
69,129,10
69,130,5.56
69,131,2.17
69,132,10
69,133,2.17
69,134,10
69,135,3.13
69,136,6.25
69,137,2.27
69,138,3.13
69,139,6.25
69,140,2.08
69,141,2.17
69,142,2.63
69,143,8.33
69,144,2
69,145,7.14
69,146,2.38
69,147,6.25
69,148,3.85
69,149,4.55
69,150,2.5
69,151,2.63
69,152,3.57
69,153,8.33
69,154,3.57
69,155,3.85
69,156,7.14
69,157,2.63
69,158,2.17
69,159,10
69,160,2.27
69,161,6.25
69,162,3.33
69,163,3.13
69,164,3.33
69,165,3.13
69,166,2
69,167,3.33
69,168,2
69,169,2.94
69,170,2.94
69,171,2.08
69,172,2.38
69,173,4.17
69,174,4.55
69,175,2.08
69,176,3.13
69,177,2.27
69,178,5.56
69,179,8.33
69,180,5.56
69,181,2.63
69,182,3.13
69,183,2.38
69,184,3.57
69,185,2.27
69,186,3.33
69,187,2.63
69,188,5
69,189,3.13
69,190,3.13
69,191,5.56
69,192,8.33
69,193,8.33
69,194,2.08
69,195,4.55
69,196,2.78
69,197,2.38
69,198,2.17
69,199,7.14
69,200,2
70,1,5
70,2,2.38
70,3,6.25
70,4,3.85
70,5,5
70,6,2.27
70,7,2.17
70,8,3.13
70,9,2.27
70,10,8.33
70,11,3.33
70,12,3.85
70,13,3.13
70,14,5.56
70,15,2.63
70,16,2
70,17,2
70,18,2
70,19,6.25
70,20,5
70,21,4.17
70,22,6.25
70,23,3.33
70,24,2.08
70,25,2.08
70,26,2.38
70,27,5
70,28,4.17
70,29,2.63
70,30,2.5
70,31,2.38
70,32,2.63
70,33,2.27
70,34,2.5
70,35,3.33
70,36,2.5
70,37,8.33
70,38,10
70,39,2
70,40,2.08
70,41,2.94
70,42,5.56
70,43,6.25
70,44,2.78
70,45,2.5
70,46,2
70,47,3.13
70,48,10
70,49,2.17
70,50,7.14
70,51,2.08
70,52,5
70,53,2.94
70,54,3.57
70,55,4.17
70,56,5.56
70,57,5.56
70,58,2.63
70,59,2.63
70,60,4.55
70,61,2.17
70,62,2.08
70,63,7.14
70,64,4.55
70,65,2.5
70,66,3.85
70,67,2.5
70,68,2.94
70,69,6.25
70,70,5.56
70,71,2.27
70,72,2.27
70,73,2.78
70,74,10
70,75,10
70,76,2.63
70,77,5.56
70,78,2.17
70,79,5.56
70,80,4.55
70,81,4.17
70,82,2.5
70,83,6.25
70,84,5
70,85,2.94
70,86,4.55
70,87,2.63
70,88,2
70,89,3.57
70,90,10
70,91,3.13
70,92,4.17
70,93,2.78
70,94,3.13
70,95,4.17
70,96,8.33
70,97,2.63
70,98,3.57
70,99,5
70,100,8.33
70,101,3.57
70,102,5.56
70,103,5.56
70,104,3.33
70,105,6.25
70,106,3.85
70,107,5.56
70,108,3.85
70,109,10
70,110,2.27
70,111,3.57
70,112,8.33
70,113,3.13
70,114,3.85
70,115,4.17
70,116,2.5
70,117,10
70,118,2.38
70,119,2.78
70,120,4.55
70,121,2.27
70,122,5.56
70,123,7.14
70,124,2.5
70,125,5.56
70,126,2.63
70,127,3.57
70,128,3.13
70,129,2
70,130,2
70,131,2.63
70,132,2.08
70,133,8.33
70,134,2.38
70,135,10
70,136,5.56
70,137,2.63
70,138,3.57
70,139,5
70,140,2
70,141,3.85
70,142,3.33
70,143,2.63
70,144,4.17
70,145,5
70,146,5.56
70,147,2.5
70,148,2.5
70,149,2.17
70,150,4.17
70,151,2.94
70,152,2.78
70,153,3.33
70,154,3.85
70,155,7.14
70,156,2.5
70,157,2.94
70,158,5
70,159,2.63
70,160,8.33
70,161,3.33
70,162,3.57
70,163,4.17
70,164,2.78
70,165,6.25
70,166,2.27
70,167,2.27
70,168,2.17
70,169,3.33
70,170,2.78
70,171,2.94
70,172,4.55
70,173,2.63
70,174,3.33
70,175,6.25
70,176,2.27
70,177,2.17
70,178,6.25
70,179,5
70,180,2.27
70,181,10
70,182,4.17
70,183,8.33
70,184,2.63
70,185,2.78
70,186,5.56
70,187,3.33
70,188,2
70,189,10
70,190,8.33
70,191,2.5
70,192,3.33
70,193,4.55
70,194,8.33
70,195,10
70,196,3.13
70,197,2.5
70,198,7.14
70,199,4.55
70,200,5
71,1,2.78
71,2,2.5
71,3,2.63
71,4,3.13
71,5,4.17
71,6,3.33
71,7,6.25
71,8,3.57
71,9,3.13
71,10,2.5
71,11,3.85
71,12,7.14
71,13,4.55
71,14,3.13
71,15,4.55
71,16,4.17
71,17,3.33
71,18,2.5
71,19,6.25
71,20,2.94
71,21,2.94
71,22,5
71,23,3.33
71,24,2
71,25,8.33
71,26,2.78
71,27,4.17
71,28,2.17
71,29,2.94
71,30,10
71,31,5
71,32,5.56
71,33,2.94
71,34,10
71,35,4.17
71,36,2
71,37,5.56
71,38,2
71,39,2.38
71,40,6.25
71,41,3.13
71,42,5
71,43,2.38
71,44,5
71,45,8.33
71,46,2.94
71,47,3.33
71,48,3.57
71,49,2.63
71,50,3.13
71,51,2.38
71,52,8.33
71,53,2.38
71,54,2.5
71,55,3.13
71,56,3.33
71,57,2.78
71,58,4.17
71,59,2.38
71,60,2.17
71,61,5.56
71,62,2
71,63,2
71,64,2.63
71,65,2.38
71,66,7.14
71,67,2.63
71,68,5
71,69,7.14
71,70,2.63
71,71,3.13
71,72,4.55
71,73,7.14
71,74,3.13
71,75,2.63
71,76,3.33
71,77,4.55
71,78,8.33
71,79,2.78
71,80,3.13
71,81,3.33
71,82,3.85
71,83,6.25
71,84,2.27
71,85,3.85
71,86,7.14
71,87,5
71,88,2.94
71,89,3.85
71,90,5.56
71,91,2.63
71,92,3.85
71,93,2.17
71,94,2.08
71,95,5
71,96,7.14
71,97,2.63
71,98,2.38
71,99,2.27
71,100,10
71,101,2.94
71,102,2.5
71,103,2.38
71,104,2.5
71,105,2.27
71,106,3.85
71,107,2.17
71,108,2.27
71,109,4.55
71,110,3.57
71,111,5
71,112,3.33
71,113,6.25
71,114,3.57
71,115,5.56
71,116,2.17
71,117,4.17
71,118,10
71,119,10
71,120,3.33
71,121,2
71,122,5
71,123,7.14
71,124,2.78
71,125,2.94
71,126,4.17
71,127,2.08
71,128,2.17
71,129,2.5
71,130,4.17
71,131,2.5
71,132,5.56
71,133,2.17
71,134,2.27
71,135,4.55
71,136,5.56
71,137,3.13
71,138,2.38
71,139,2
71,140,2.17
71,141,2.38
71,142,4.17
71,143,3.57
71,144,2
71,145,2.38
71,146,2
71,147,2.27
71,148,2.17
71,149,2.94
71,150,4.17
71,151,2.38
71,152,6.25
71,153,4.55
71,154,2.94
71,155,5.56
71,156,2.94
71,157,2.94
71,158,4.17
71,159,10
71,160,5
71,161,10
71,162,2
71,163,3.85
71,164,2.17
71,165,2.78
71,166,4.55
71,167,2.78
71,168,8.33
71,169,4.17
71,170,2.08
71,171,2.63
71,172,2.94
71,173,2.17
71,174,2.94
71,175,2.27
71,176,5.56
71,177,2
71,178,4.55
71,179,4.55
71,180,2.08
71,181,2.08
71,182,2.27
71,183,2.27
71,184,8.33
71,185,2
71,186,6.25
71,187,2.78
71,188,3.85
71,189,2.5
71,190,2.08
71,191,10
71,192,7.14
71,193,2.5
71,194,4.17
71,195,3.57
71,196,3.33
71,197,2.27
71,198,2.08
71,199,2
71,200,4.55
72,1,2.17
72,2,2.5
72,3,2.5
72,4,2.17
72,5,4.17
72,6,8.33
72,7,2.08
72,8,6.25
72,9,4.55
72,10,6.25
72,11,3.57
72,12,2.63
72,13,5.56
72,14,2
72,15,3.33
72,16,5.56
72,17,3.13
72,18,2
72,19,3.57
72,20,5.56
72,21,3.33
72,22,4.55
72,23,2.78
72,24,7.14
72,25,6.25
72,26,2.38
72,27,3.85
72,28,7.14
72,29,2.27
72,30,2.08
72,31,7.14
72,32,4.55
72,33,5.56
72,34,2.08
72,35,3.13
72,36,2.5
72,37,3.33
72,38,2.38
72,39,2.27
72,40,2.27
72,41,3.85
72,42,10
72,43,3.85
72,44,7.14
72,45,2.27
72,46,3.57
72,47,6.25
72,48,2.08
72,49,2.08
72,50,3.13
72,51,3.85
72,52,2.63
72,53,2.94
72,54,10
72,55,3.57
72,56,10
72,57,2.38
72,58,2.5
72,59,2.5
72,60,8.33
72,61,2.94
72,62,2.63
72,63,10
72,64,7.14
72,65,7.14
72,66,3.57
72,67,2.78
72,68,4.17
72,69,2.5
72,70,2.38
72,71,2.17
72,72,2.08
72,73,2.94
72,74,8.33
72,75,3.13
72,76,2.38
72,77,10
72,78,2.5
72,79,4.55
72,80,5.56
72,81,4.55
72,82,3.33
72,83,2
72,84,2.17
72,85,2.27
72,86,5
72,87,2.27
72,88,2.08
72,89,4.55
72,90,5
72,91,2
72,92,2
72,93,2
72,94,3.57
72,95,2.08
72,96,2.27
72,97,3.13
72,98,6.25
72,99,2.17
72,100,10
72,101,2.5
72,102,4.55
72,103,2.08
72,104,7.14
72,105,2.17
72,106,2.38
72,107,3.33
72,108,2.5
72,109,4.55
72,110,2.78
72,111,2.08
72,112,7.14
72,113,2.63
72,114,2.08
72,115,2.27
72,116,6.25
72,117,2.78
72,118,2.63
72,119,6.25
72,120,6.25
72,121,3.13
72,122,3.33
72,123,3.57
72,124,10
72,125,3.33
72,126,5.56
72,127,2.38
72,128,10
72,129,2.27
72,130,8.33
72,131,2.27
72,132,3.57
72,133,2.63
72,134,4.17
72,135,2.94
72,136,4.17
72,137,8.33
72,138,6.25
72,139,2.63
72,140,2.08
72,141,5.56
72,142,2.78
72,143,6.25
72,144,2.94
72,145,4.17
72,146,4.17
72,147,2.94
72,148,3.33
72,149,8.33
72,150,3.33
72,151,2.27
72,152,10
72,153,3.57
72,154,3.13
72,155,6.25
72,156,6.25
72,157,4.55
72,158,2
72,159,5.56
72,160,2.94
72,161,2.38
72,162,3.13
72,163,8.33
72,164,6.25
72,165,2.08
72,166,2.17
72,167,6.25
72,168,10
72,169,3.13
72,170,2
72,171,8.33
72,172,3.33
72,173,2.63
72,174,2.17
72,175,5.56
72,176,3.13
72,177,2.08
72,178,4.17
72,179,2.27
72,180,6.25
72,181,2.17
72,182,4.17
72,183,5
72,184,3.13
72,185,5.56
72,186,2.27
72,187,2.5
72,188,2.63
72,189,3.57
72,190,2.5
72,191,3.57
72,192,2.78
72,193,5.56
72,194,2.17
72,195,2.27
72,196,6.25
72,197,2.27
72,198,3.85
72,199,2.94
72,200,4.55
73,1,2
73,2,2
73,3,2.5
73,4,2.17
73,5,4.55
73,6,3.57
73,7,10
73,8,8.33
73,9,5
73,10,2.08
73,11,2.5
73,12,3.13
73,13,10
73,14,6.25
73,15,2.27
73,16,7.14
73,17,2.17
73,18,2.38
73,19,5.56
73,20,2.94
73,21,2.94
73,22,7.14
73,23,3.33
73,24,2.63
73,25,2.78
73,26,4.55
73,27,2.38
73,28,5.56
73,29,8.33
73,30,2
73,31,3.85
73,32,2.08
73,33,3.57
73,34,5
73,35,2.27
73,36,3.85
73,37,2.78
73,38,7.14
73,39,3.85
73,40,10
73,41,7.14
73,42,2.78
73,43,2.17
73,44,2.5
73,45,2.38
73,46,5.56
73,47,5
73,48,2.38
73,49,2.94
73,50,10
73,51,2
73,52,2.94
73,53,2.63
73,54,2
73,55,2.17
73,56,4.55
73,57,4.55
73,58,2
73,59,4.17
73,60,3.13
73,61,3.13
73,62,3.85
73,63,2.94
73,64,7.14
73,65,2.5
73,66,3.85
73,67,5.56
73,68,3.33
73,69,8.33
73,70,2.27
73,71,3.33
73,72,5.56
73,73,2.38
73,74,10
73,75,2
73,76,7.14
73,77,4.17
73,78,2.5
73,79,2.27
73,80,3.13
73,81,2.08
73,82,4.55
73,83,2.17
73,84,4.55
73,85,5.56
73,86,4.17
73,87,4.17
73,88,2.5
73,89,2.5
73,90,2.63
73,91,2.5
73,92,8.33
73,93,3.13
73,94,2.63
73,95,7.14
73,96,2
73,97,2.78
73,98,3.85
73,99,3.57
73,100,8.33
73,101,7.14
73,102,2.5
73,103,2.38
73,104,2.94
73,105,8.33
73,106,4.55
73,107,3.13
73,108,2.94
73,109,10
73,110,4.17
73,111,3.85
73,112,3.13
73,113,5.56
73,114,2.08
73,115,3.57
73,116,7.14
73,117,7.14
73,118,2.17
73,119,6.25
73,120,2.17
73,121,2.17
73,122,2
73,123,2.5
73,124,2.94
73,125,2.63
73,126,2.27
73,127,2.63
73,128,2.38
73,129,2.94
73,130,2.08
73,131,3.57
73,132,2.08
73,133,4.55
73,134,2.38
73,135,3.57
73,136,2.17
73,137,3.85
73,138,8.33
73,139,2
73,140,3.13
73,141,5.56
73,142,3.33
73,143,2.94
73,144,3.57
73,145,3.57
73,146,4.17
73,147,2.63
73,148,3.85
73,149,6.25
73,150,3.85
73,151,6.25
73,152,7.14
73,153,2.17
73,154,2
73,155,3.57
73,156,2.94
73,157,10
73,158,8.33
73,159,4.55
73,160,3.13
73,161,2.78
73,162,2
73,163,5.56
73,164,10
73,165,2.63
73,166,3.13
73,167,4.55
73,168,2.63
73,169,3.85
73,170,3.85
73,171,4.17
73,172,3.57
73,173,2.38
73,174,3.57
73,175,2.38
73,176,2.5
73,177,3.57
73,178,10
73,179,2
73,180,2.63
73,181,3.57
73,182,2.38
73,183,2.27
73,184,2.17
73,185,2.27
73,186,2.38
73,187,2.17
73,188,2.38
73,189,3.85
73,190,3.57
73,191,3.57
73,192,2
73,193,3.33
73,194,5.56
73,195,5
73,196,4.17
73,197,7.14
73,198,2.78
73,199,4.55
73,200,7.14
74,1,6.25
74,2,2.94
74,3,8.33
74,4,2.63
74,5,3.57
74,6,2.27
74,7,4.55
74,8,10
74,9,2.94
74,10,3.13
74,11,2
74,12,2.27
74,13,2.94
74,14,8.33
74,15,5.56
74,16,2.94
74,17,2.78
74,18,4.55
74,19,2.17
74,20,2.27
74,21,4.17
74,22,2.94
74,23,2.94
74,24,2.94
74,25,3.85
74,26,5.56
74,27,2.38
74,28,2.38
74,29,5.56
74,30,2.08
74,31,4.17
74,32,3.85
74,33,2.5
74,34,2.17
74,35,2.5
74,36,2.63
74,37,3.85
74,38,2.27
74,39,3.33
74,40,8.33
74,41,4.17
74,42,4.55
74,43,3.85
74,44,3.57
74,45,6.25
74,46,10
74,47,3.85
74,48,8.33
74,49,7.14
74,50,2.94
74,51,4.17
74,52,6.25
74,53,2.17
74,54,2.5
74,55,3.13
74,56,2.94
74,57,2.78
74,58,2.27
74,59,4.55
74,60,7.14
74,61,7.14
74,62,7.14
74,63,5.56
74,64,2
74,65,2.5
74,66,2.27
74,67,6.25
74,68,2.94
74,69,4.55
74,70,5.56
74,71,8.33
74,72,2.63
74,73,2.78
74,74,2.63
74,75,2.38
74,76,2.5
74,77,2.94
74,78,3.57
74,79,2.94
74,80,5.56
74,81,3.13
74,82,2.08
74,83,3.57
74,84,5.56
74,85,5
74,86,8.33
74,87,2.94
74,88,2
74,89,8.33
74,90,3.33
74,91,3.57
74,92,5.56
74,93,2.38
74,94,2.38
74,95,2.63
74,96,4.55
74,97,3.13
74,98,7.14
74,99,3.13
74,100,2.63
74,101,2.17
74,102,3.33
74,103,2.38
74,104,2.38
74,105,3.57
74,106,10
74,107,8.33
74,108,7.14
74,109,2.38
74,110,3.57
74,111,3.33
74,112,3.33
74,113,8.33
74,114,2.27
74,115,10
74,116,2.38
74,117,4.17
74,118,2
74,119,2.63
74,120,2.17
74,121,2.63
74,122,8.33
74,123,2.27
74,124,7.14
74,125,6.25
74,126,2.27
74,127,2.63
74,128,2.5
74,129,3.57
74,130,8.33
74,131,3.33
74,132,10
74,133,5.56
74,134,3.13
74,135,7.14
74,136,10
74,137,2.27
74,138,5
74,139,2.5
74,140,2.17
74,141,2.5
74,142,3.85
74,143,2.63
74,144,2.5
74,145,2.38
74,146,2.5
74,147,2.94
74,148,5
74,149,4.17
74,150,6.25
74,151,2.17
74,152,3.57
74,153,3.13
74,154,6.25
74,155,4.55
74,156,4.55
74,157,4.17
74,158,2.08
74,159,2.78
74,160,3.33
74,161,2.38
74,162,2.63
74,163,2.94
74,164,4.55
74,165,7.14
74,166,3.13
74,167,2.94
74,168,4.55
74,169,3.57
74,170,8.33
74,171,6.25
74,172,2.63
74,173,4.17
74,174,7.14
74,175,3.13
74,176,3.33
74,177,2.27
74,178,3.85
74,179,3.33
74,180,2.63
74,181,5.56
74,182,4.17
74,183,3.33
74,184,6.25
74,185,6.25
74,186,4.17
74,187,6.25
74,188,2.27
74,189,4.55
74,190,5
74,191,4.17
74,192,2.08
74,193,5.56
74,194,2.17
74,195,8.33
74,196,2.38
74,197,2.94
74,198,10
74,199,2.17
74,200,5
75,1,5
75,2,2.5
75,3,2
75,4,3.33
75,5,2.27
75,6,8.33
75,7,5
75,8,5
75,9,2.08
75,10,2.94
75,11,2.38
75,12,3.13
75,13,3.85
75,14,3.33
75,15,3.33
75,16,6.25
75,17,4.55
75,18,7.14
75,19,2.08
75,20,2.17
75,21,2.38
75,22,3.13
75,23,3.33
75,24,4.55
75,25,4.17
75,26,2.27
75,27,3.57
75,28,2.38
75,29,2.5
75,30,3.13
75,31,5
75,32,2.5
75,33,7.14
75,34,2.78
75,35,2.38
75,36,3.85
75,37,8.33
75,38,5.56
75,39,8.33
75,40,2.5
75,41,6.25
75,42,4.17
75,43,3.13
75,44,3.13
75,45,5.56
75,46,2.5
75,47,2.94
75,48,2.08
75,49,2.94
75,50,3.57
75,51,6.25
75,52,7.14
75,53,2.27
75,54,3.13
75,55,3.33
75,56,2.63
75,57,2.27
75,58,2.08
75,59,6.25
75,60,2.27
75,61,2.78
75,62,2.27
75,63,4.55
75,64,3.13
75,65,2.78
75,66,2.78
75,67,2.78
75,68,2
75,69,2.94
75,70,2.27
75,71,3.57
75,72,3.57
75,73,2.63
75,74,2.27
75,75,10
75,76,4.55
75,77,5.56
75,78,3.13
75,79,2.27
75,80,2.5
75,81,10
75,82,7.14
75,83,3.57
75,84,2
75,85,4.55
75,86,4.17
75,87,8.33
75,88,2.78
75,89,4.55
75,90,8.33
75,91,3.13
75,92,2.38
75,93,2.63
75,94,3.33
75,95,2.94
75,96,5.56
75,97,4.17
75,98,2.38
75,99,2.38
75,100,3.85
75,101,3.33
75,102,6.25
75,103,5
75,104,2.63
75,105,3.85
75,106,4.55
75,107,2
75,108,2.5
75,109,2.08
75,110,6.25
75,111,2.27
75,112,2.38
75,113,6.25
75,114,4.55
75,115,6.25
75,116,3.13
75,117,2.17
75,118,2.5
75,119,2.5
75,120,4.55
75,121,10
75,122,10
75,123,5
75,124,8.33
75,125,8.33
75,126,5.56
75,127,3.57
75,128,2.17
75,129,7.14
75,130,10
75,131,2.63
75,132,3.13
75,133,10
75,134,4.17
75,135,2.94
75,136,5
75,137,6.25
75,138,6.25
75,139,7.14
75,140,4.17
75,141,8.33
75,142,2.17
75,143,5
75,144,6.25
75,145,2.17
75,146,2.17
75,147,3.13
75,148,5.56
75,149,2.63
75,150,10
75,151,2.08
75,152,2.08
75,153,2
75,154,2
75,155,2.63
75,156,5
75,157,2
75,158,3.33
75,159,4.17
75,160,2.08
75,161,5
75,162,2.38
75,163,5
75,164,3.57
75,165,8.33
75,166,2.38
75,167,10
75,168,3.33
75,169,7.14
75,170,6.25
75,171,4.55
75,172,4.17
75,173,2.08
75,174,2.38
75,175,6.25
75,176,5
75,177,3.13
75,178,2.94
75,179,3.57
75,180,2.5
75,181,2.78
75,182,4.17
75,183,2.08
75,184,2.63
75,185,3.13
75,186,2.17
75,187,6.25
75,188,6.25
75,189,2.63
75,190,3.33
75,191,5
75,192,2.08
75,193,4.55
75,194,2.94
75,195,3.33
75,196,2.94
75,197,8.33
75,198,3.33
75,199,2.08
75,200,5
76,1,6.25
76,2,3.13
76,3,2.5
76,4,3.85
76,5,2
76,6,5.56
76,7,2.17
76,8,2
76,9,10
76,10,2.27
76,11,3.13
76,12,10
76,13,2
76,14,2.63
76,15,5
76,16,3.85
76,17,5
76,18,5.56
76,19,2.63
76,20,2.78
76,21,6.25
76,22,2.94
76,23,7.14
76,24,2.38
76,25,2.63
76,26,2.78
76,27,2.38
76,28,6.25
76,29,2.5
76,30,3.33
76,31,4.55
76,32,5
76,33,2.27
76,34,2
76,35,2.5
76,36,2.5
76,37,2.94
76,38,2.5
76,39,2.08
76,40,2.38
76,41,4.55
76,42,8.33
76,43,2.5
76,44,7.14
76,45,2.17
76,46,5.56
76,47,5.56
76,48,2.78
76,49,2
76,50,5.56
76,51,5
76,52,4.55
76,53,2.27
76,54,3.85
76,55,10
76,56,2.5
76,57,2.38
76,58,2.17
76,59,2.38
76,60,5.56
76,61,3.57
76,62,6.25
76,63,4.17
76,64,2.27
76,65,3.85
76,66,7.14
76,67,6.25
76,68,2.27
76,69,2.08
76,70,5.56
76,71,3.33
76,72,6.25
76,73,2.27
76,74,2.94
76,75,2.5
76,76,6.25
76,77,8.33
76,78,5
76,79,10
76,80,6.25
76,81,4.17
76,82,7.14
76,83,10
76,84,2.08
76,85,6.25
76,86,4.17
76,87,4.55
76,88,2.78
76,89,3.85
76,90,2.17
76,91,2.5
76,92,3.85
76,93,2.5
76,94,6.25
76,95,2.17
76,96,8.33
76,97,3.33
76,98,3.13
76,99,3.33
76,100,6.25
76,101,3.57
76,102,10
76,103,3.85
76,104,4.55
76,105,2.17
76,106,2.27
76,107,2.08
76,108,2.94
76,109,3.85
76,110,2.78
76,111,2.78
76,112,2.17
76,113,10
76,114,2.38
76,115,3.57
76,116,3.85
76,117,7.14
76,118,3.33
76,119,5.56
76,120,3.13
76,121,2.78
76,122,2.38
76,123,2.38
76,124,2.17
76,125,3.85
76,126,4.17
76,127,2.78
76,128,2.17
76,129,3.57
76,130,8.33
76,131,10
76,132,2.94
76,133,3.33
76,134,2.78
76,135,2.38
76,136,4.17
76,137,3.85
76,138,2
76,139,4.17
76,140,8.33
76,141,10
76,142,6.25
76,143,5
76,144,2.63
76,145,10
76,146,2
76,147,3.85
76,148,2.27
76,149,2.5
76,150,5.56
76,151,2.5
76,152,7.14
76,153,2.5
76,154,2.5
76,155,3.13
76,156,3.85
76,157,2.94
76,158,4.55
76,159,2.63
76,160,3.85
76,161,2.63
76,162,6.25
76,163,2.27
76,164,8.33
76,165,5.56
76,166,2.63
76,167,3.57
76,168,5
76,169,6.25
76,170,2.17
76,171,8.33
76,172,4.17
76,173,2.17
76,174,2.27
76,175,3.13
76,176,8.33
76,177,7.14
76,178,3.57
76,179,8.33
76,180,8.33
76,181,8.33
76,182,3.33
76,183,8.33
76,184,2.94
76,185,3.57
76,186,8.33
76,187,2.63
76,188,3.85
76,189,5.56
76,190,7.14
76,191,3.13
76,192,2.63
76,193,3.33
76,194,3.57
76,195,7.14
76,196,5
76,197,8.33
76,198,6.25
76,199,3.85
76,200,10
77,1,2.08
77,2,4.17
77,3,2.78
77,4,2
77,5,2.5
77,6,5
77,7,2.17
77,8,2.27
77,9,3.85
77,10,2.38
77,11,5.56
77,12,2.08
77,13,4.17
77,14,3.85
77,15,2.38
77,16,3.13
77,17,2.27
77,18,7.14
77,19,3.57
77,20,3.57
77,21,2.38
77,22,3.57
77,23,2.78
77,24,2.94
77,25,2
77,26,2.94
77,27,2.5
77,28,3.57
77,29,2.08
77,30,2
77,31,5.56
77,32,2.78
77,33,6.25
77,34,2.38
77,35,3.33
77,36,2.17
77,37,5
77,38,2.17
77,39,7.14
77,40,2.78
77,41,2.38
77,42,5
77,43,6.25
77,44,7.14
77,45,3.13
77,46,4.17
77,47,2.94
77,48,2.5
77,49,3.13
77,50,6.25
77,51,3.57
77,52,3.57
77,53,4.55
77,54,3.33
77,55,2.27
77,56,2
77,57,5
77,58,2.38
77,59,7.14
77,60,3.33
77,61,2.63
77,62,2.27
77,63,3.85
77,64,2.94
77,65,2.63
77,66,6.25
77,67,3.85
77,68,10
77,69,5.56
77,70,2.08
77,71,2
77,72,3.85
77,73,5.56
77,74,2.94
77,75,8.33
77,76,4.55
77,77,3.13
77,78,5
77,79,8.33
77,80,3.85
77,81,2.63
77,82,2
77,83,5
77,84,5
77,85,10
77,86,3.13
77,87,10
77,88,5.56
77,89,5
77,90,4.17
77,91,2.17
77,92,10
77,93,2.27
77,94,3.33
77,95,8.33
77,96,6.25
77,97,3.13
77,98,8.33
77,99,2
77,100,2.17
77,101,3.57
77,102,5
77,103,2.78
77,104,3.33
77,105,2.17
77,106,2.27
77,107,10
77,108,3.33
77,109,2.78
77,110,3.33
77,111,2.08
77,112,2.63
77,113,2.5
77,114,3.85
77,115,4.17
77,116,2.5
77,117,10
77,118,3.85
77,119,2.27
77,120,7.14
77,121,2.5
77,122,4.17
77,123,2.27
77,124,2.94
77,125,2.08
77,126,7.14
77,127,4.17
77,128,3.57
77,129,2.38
77,130,3.33
77,131,2.27
77,132,2.17
77,133,3.57
77,134,3.13
77,135,10
77,136,4.55
77,137,5.56
77,138,2.78
77,139,2.63
77,140,3.33
77,141,2.94
77,142,3.85
77,143,2
77,144,3.33
77,145,2.38
77,146,2.38
77,147,2.5
77,148,3.13
77,149,5.56
77,150,4.17
77,151,2.78
77,152,2.38
77,153,6.25
77,154,3.13
77,155,2.63
77,156,5.56
77,157,3.85
77,158,8.33
77,159,5
77,160,7.14
77,161,7.14
77,162,2.17
77,163,2.17
77,164,2.38
77,165,2.5
77,166,5
77,167,5
77,168,5
77,169,8.33
77,170,2.5
77,171,7.14
77,172,2.17
77,173,2.08
77,174,5.56
77,175,10
77,176,4.55
77,177,2.78
77,178,4.55
77,179,3.57
77,180,2.78
77,181,2.17
77,182,3.33
77,183,7.14
77,184,5.56
77,185,6.25
77,186,8.33
77,187,3.13
77,188,8.33
77,189,10
77,190,2.38
77,191,2
77,192,2.5
77,193,3.13
77,194,7.14
77,195,2.5
77,196,2.78
77,197,5
77,198,3.33
77,199,4.17
77,200,3.85
78,1,2.38
78,2,3.85
78,3,6.25
78,4,2.17
78,5,3.33
78,6,4.17
78,7,3.85
78,8,4.55
78,9,2.5
78,10,2.17
78,11,5.56
78,12,2
78,13,2.78
78,14,4.17
78,15,2
78,16,5
78,17,3.57
78,18,4.55
78,19,2.5
78,20,2
78,21,2.08
78,22,5
78,23,7.14
78,24,3.33
78,25,2.27
78,26,5.56
78,27,2.08
78,28,2.63
78,29,3.13
78,30,10
78,31,4.17
78,32,3.57
78,33,4.55
78,34,2.27
78,35,2.63
78,36,2.17
78,37,4.55
78,38,7.14
78,39,2.17
78,40,3.33
78,41,10
78,42,2.63
78,43,10
78,44,10
78,45,3.85
78,46,3.13
78,47,2.78
78,48,4.17
78,49,2.78
78,50,2.63
78,51,2.63
78,52,2.94
78,53,2.08
78,54,3.57
78,55,7.14
78,56,4.17
78,57,2.94
78,58,2.78
78,59,2.5
78,60,7.14
78,61,4.17
78,62,3.85
78,63,4.17
78,64,2.17
78,65,5.56
78,66,2
78,67,3.57
78,68,2.78
78,69,2.08
78,70,10
78,71,2.27
78,72,10
78,73,2.78
78,74,10
78,75,2.78
78,76,8.33
78,77,4.55
78,78,6.25
78,79,2
78,80,5
78,81,8.33
78,82,3.85
78,83,6.25
78,84,2.78
78,85,4.55
78,86,2.63
78,87,2.27
78,88,3.85
78,89,2.78
78,90,2.27
78,91,2
78,92,2
78,93,2.5
78,94,3.33
78,95,2.78
78,96,2.5
78,97,4.17
78,98,4.55
78,99,3.85
78,100,3.33
78,101,2.08
78,102,5.56
78,103,5
78,104,3.13
78,105,2.78
78,106,3.33
78,107,3.13
78,108,3.57
78,109,2.78
78,110,8.33
78,111,2
78,112,7.14
78,113,2.17
78,114,2.63
78,115,3.13
78,116,3.57
78,117,2.63
78,118,3.57
78,119,3.85
78,120,2
78,121,2.17
78,122,3.13
78,123,3.85
78,124,5
78,125,5
78,126,8.33
78,127,3.85
78,128,8.33
78,129,3.57
78,130,3.85
78,131,2.78
78,132,3.33
78,133,4.55
78,134,2.5
78,135,4.55
78,136,6.25
78,137,4.17
78,138,2.5
78,139,10
78,140,2.94
78,141,2.27
78,142,4.17
78,143,5.56
78,144,5.56
78,145,2.17
78,146,6.25
78,147,10
78,148,4.55
78,149,10
78,150,4.17
78,151,2.78
78,152,3.57
78,153,5.56
78,154,3.33
78,155,5.56
78,156,2.17
78,157,10
78,158,3.33
78,159,3.57
78,160,2.5
78,161,2.5
78,162,4.55
78,163,2.27
78,164,2.08
78,165,2.38
78,166,2.5
78,167,3.85
78,168,2.17
78,169,7.14
78,170,10
78,171,4.17
78,172,2
78,173,3.33
78,174,3.85
78,175,7.14
78,176,3.33
78,177,2.38
78,178,2.17
78,179,3.57
78,180,2.08
78,181,5
78,182,4.55
78,183,2
78,184,3.57
78,185,5
78,186,5.56
78,187,3.13
78,188,2.63
78,189,2.5
78,190,2.94
78,191,6.25
78,192,5
78,193,4.17
78,194,2.08
78,195,2.27
78,196,2.38
78,197,2.27
78,198,5.56
78,199,5.56
78,200,5
79,1,5
79,2,2.38
79,3,2.38
79,4,2.38
79,5,6.25
79,6,4.17
79,7,2.5
79,8,2.27
79,9,2.38
79,10,2.08
79,11,2.94
79,12,2.94
79,13,4.17
79,14,2.63
79,15,2.08
79,16,4.55
79,17,4.55
79,18,4.55
79,19,2.94
79,20,7.14
79,21,3.13
79,22,3.57
79,23,2
79,24,5.56
79,25,2.17
79,26,3.33
79,27,2.17
79,28,6.25
79,29,2.08
79,30,3.85
79,31,3.57
79,32,3.85
79,33,6.25
79,34,2.63
79,35,4.17
79,36,2.38
79,37,2.63
79,38,3.33
79,39,5.56
79,40,2.5
79,41,2.5
79,42,5
79,43,5.56
79,44,2.27
79,45,2.78
79,46,8.33
79,47,3.57
79,48,5.56
79,49,3.13
79,50,2.08
79,51,2.27
79,52,2
79,53,2
79,54,8.33
79,55,2.08
79,56,2.63
79,57,2.78
79,58,3.85
79,59,2.17
79,60,7.14
79,61,2.17
79,62,3.13
79,63,6.25
79,64,3.33
79,65,3.57
79,66,2.78
79,67,4.55
79,68,3.13
79,69,2.17
79,70,2.17
79,71,3.13
79,72,2.27
79,73,8.33
79,74,5
79,75,2.94
79,76,4.55
79,77,2.17
79,78,3.57
79,79,2.94
79,80,4.17
79,81,2.17
79,82,5.56
79,83,2.17
79,84,2.78
79,85,2.78
79,86,2.5
79,87,4.17
79,88,7.14
79,89,2.78
79,90,2.38
79,91,8.33
79,92,5.56
79,93,7.14
79,94,10
79,95,7.14
79,96,2.5
79,97,2.38
79,98,7.14
79,99,6.25
79,100,2.08
79,101,2.94
79,102,8.33
79,103,4.55
79,104,8.33
79,105,4.17
79,106,2.94
79,107,3.85
79,108,8.33
79,109,5
79,110,10
79,111,4.55
79,112,3.57
79,113,2.78
79,114,4.17
79,115,2.38
79,116,2.63
79,117,5.56
79,118,2.63
79,119,2.63
79,120,2.38
79,121,2
79,122,8.33
79,123,3.57
79,124,3.57
79,125,5.56
79,126,10
79,127,10
79,128,2.17
79,129,3.33
79,130,8.33
79,131,3.85
79,132,2.17
79,133,6.25
79,134,10
79,135,2.08
79,136,3.13
79,137,5
79,138,2
79,139,8.33
79,140,10
79,141,7.14
79,142,4.17
79,143,2
79,144,7.14
79,145,7.14
79,146,2.08
79,147,4.17
79,148,6.25
79,149,3.57
79,150,3.33
79,151,2
79,152,10
79,153,2.63
79,154,2.63
79,155,2.5
79,156,2.27
79,157,3.13
79,158,2.5
79,159,3.57
79,160,2
79,161,2.78
79,162,2.08
79,163,3.33
79,164,3.13
79,165,3.85
79,166,2.94
79,167,7.14
79,168,8.33
79,169,4.55
79,170,7.14
79,171,2.63
79,172,8.33
79,173,2.38
79,174,7.14
79,175,3.13
79,176,10
79,177,2.38
79,178,4.17
79,179,5
79,180,4.55
79,181,3.57
79,182,6.25
79,183,10
79,184,10
79,185,2.27
79,186,2
79,187,3.33
79,188,3.33
79,189,4.55
79,190,2.17
79,191,3.85
79,192,2.08
79,193,4.55
79,194,3.57
79,195,2
79,196,3.85
79,197,7.14
79,198,5
79,199,2.63
79,200,2.78
80,1,7.14
80,2,2.5
80,3,2.63
80,4,2.63
80,5,3.33
80,6,2.78
80,7,2.27
80,8,2.27
80,9,4.55
80,10,5
80,11,7.14
80,12,3.33
80,13,3.33
80,14,2.94
80,15,3.13
80,16,2
80,17,3.13
80,18,7.14
80,19,3.33
80,20,4.17
80,21,2.94
80,22,2.78
80,23,2.5
80,24,2.63
80,25,7.14
80,26,2.08
80,27,2.17
80,28,4.17
80,29,2.38
80,30,5.56
80,31,10
80,32,2.27
80,33,5.56
80,34,3.13
80,35,5.56
80,36,4.55
80,37,2.78
80,38,2.08
80,39,2.63
80,40,3.57
80,41,3.57
80,42,5
80,43,4.55
80,44,2
80,45,7.14
80,46,2.5
80,47,3.33
80,48,2.94
80,49,2.94
80,50,5
80,51,2.27
80,52,2.78
80,53,3.33
80,54,7.14
80,55,2.94
80,56,7.14
80,57,7.14
80,58,2.38
80,59,2.63
80,60,2
80,61,5.56
80,62,2
80,63,3.33
80,64,3.85
80,65,2.38
80,66,2.27
80,67,3.13
80,68,7.14
80,69,4.17
80,70,7.14
80,71,3.85
80,72,3.33
80,73,7.14
80,74,4.55
80,75,2.38
80,76,3.57
80,77,8.33
80,78,4.55
80,79,4.55
80,80,2.17
80,81,3.57
80,82,2.17
80,83,2.27
80,84,4.17
80,85,2.08
80,86,5
80,87,2.27
80,88,4.55
80,89,3.13
80,90,5.56
80,91,2.08
80,92,2.08
80,93,2.27
80,94,2.94
80,95,2.38
80,96,2.38
80,97,5
80,98,3.57
80,99,2.17
80,100,3.13
80,101,2.63
80,102,7.14
80,103,2.17
80,104,6.25
80,105,7.14
80,106,2
80,107,2.5
80,108,4.17
80,109,2.5
80,110,2.38
80,111,8.33
80,112,3.13
80,113,2.5
80,114,3.13
80,115,3.13
80,116,8.33
80,117,2
80,118,3.57
80,119,3.33
80,120,7.14
80,121,2.63
80,122,4.55
80,123,2.5
80,124,2.5
80,125,4.17
80,126,2.5
80,127,7.14
80,128,5.56
80,129,2.78
80,130,8.33
80,131,2.17
80,132,2.94
80,133,2.5
80,134,2.5
80,135,4.17
80,136,10
80,137,4.17
80,138,2.5
80,139,4.17
80,140,2.17
80,141,3.57
80,142,5
80,143,2.78
80,144,3.13
80,145,5.56
80,146,2.78
80,147,5.56
80,148,7.14
80,149,3.57
80,150,10
80,151,3.57
80,152,2.27
80,153,3.33
80,154,2.63
80,155,8.33
80,156,5.56
80,157,2.94
80,158,4.17
80,159,4.55
80,160,2.94
80,161,4.55
80,162,3.57
80,163,2.38
80,164,3.85
80,165,2.78
80,166,2
80,167,4.55
80,168,10
80,169,8.33
80,170,2.08
80,171,3.33
80,172,2.38
80,173,6.25
80,174,10
80,175,2
80,176,3.33
80,177,5
80,178,8.33
80,179,2.78
80,180,2
80,181,8.33
80,182,4.17
80,183,2.38
80,184,2.38
80,185,10
80,186,2
80,187,4.55
80,188,4.17
80,189,3.85
80,190,2.08
80,191,2.17
80,192,2.94
80,193,3.57
80,194,5.56
80,195,2.38
80,196,8.33
80,197,2.5
80,198,4.55
80,199,5
80,200,6.25
81,1,2.94
81,2,3.57
81,3,2.38
81,4,2.5
81,5,2.27
81,6,6.25
81,7,2.27
81,8,5.56
81,9,5
81,10,5.56
81,11,5.56
81,12,5.56
81,13,2.78
81,14,3.33
81,15,2.17
81,16,10
81,17,2.78
81,18,4.17
81,19,4.55
81,20,10
81,21,6.25
81,22,2.78
81,23,2
81,24,4.55
81,25,8.33
81,26,3.85
81,27,7.14
81,28,3.85
81,29,2.08
81,30,2.78
81,31,2.17
81,32,7.14
81,33,5
81,34,4.55
81,35,10
81,36,3.57
81,37,2.08
81,38,2.5
81,39,2
81,40,2.5
81,41,2
81,42,4.17
81,43,2.5
81,44,2.27
81,45,2.08
81,46,3.13
81,47,2.5
81,48,2.17
81,49,10
81,50,2.63
81,51,2.38
81,52,2.08
81,53,3.13
81,54,6.25
81,55,5
81,56,2
81,57,5.56
81,58,2.17
81,59,10
81,60,4.17
81,61,2.38
81,62,2.38
81,63,2
81,64,3.57
81,65,4.55
81,66,2.78
81,67,8.33
81,68,3.57
81,69,7.14
81,70,3.85
81,71,2.78
81,72,2.78
81,73,5.56
81,74,2.94
81,75,4.55
81,76,3.57
81,77,3.57
81,78,2
81,79,2
81,80,3.33
81,81,3.57
81,82,5
81,83,3.13
81,84,5
81,85,4.17
81,86,8.33
81,87,3.33
81,88,3.57
81,89,2.5
81,90,2.08
81,91,4.17
81,92,5
81,93,3.57
81,94,2.17
81,95,4.55
81,96,2.5
81,97,4.55
81,98,2.63
81,99,3.13
81,100,5
81,101,2.08
81,102,2.17
81,103,5
81,104,2.94
81,105,6.25
81,106,2.38
81,107,2.27
81,108,6.25
81,109,2.08
81,110,2
81,111,2.63
81,112,2.17
81,113,2.63
81,114,2.17
81,115,3.33
81,116,2.63
81,117,3.85
81,118,2.38
81,119,3.57
81,120,7.14
81,121,5
81,122,7.14
81,123,2.17
81,124,2
81,125,6.25
81,126,2.08
81,127,2.78
81,128,8.33
81,129,7.14
81,130,8.33
81,131,6.25
81,132,2.38
81,133,2.38
81,134,3.85
81,135,2.78
81,136,4.17
81,137,2.5
81,138,2.63
81,139,7.14
81,140,2.78
81,141,5.56
81,142,3.85
81,143,2.27
81,144,3.13
81,145,8.33
81,146,2.38
81,147,2.63
81,148,5
81,149,5
81,150,2.08
81,151,2.27
81,152,2.5
81,153,2.17
81,154,2.78
81,155,10
81,156,5
81,157,2.5
81,158,4.17
81,159,2.17
81,160,3.33
81,161,2.27
81,162,2.63
81,163,7.14
81,164,4.17
81,165,2.38
81,166,10
81,167,2.63
81,168,4.55
81,169,3.33
81,170,5
81,171,5.56
81,172,4.17
81,173,2.94
81,174,2.63
81,175,4.17
81,176,2
81,177,4.55
81,178,2.94
81,179,2.17
81,180,7.14
81,181,10
81,182,2
81,183,3.85
81,184,2.27
81,185,2.38
81,186,4.55
81,187,2.94
81,188,3.33
81,189,3.57
81,190,5
81,191,3.85
81,192,10
81,193,3.13
81,194,5.56
81,195,4.55
81,196,2.5
81,197,3.85
81,198,2.78
81,199,10
81,200,3.85
82,1,2.38
82,2,5
82,3,2.78
82,4,3.33
82,5,3.57
82,6,7.14
82,7,5
82,8,8.33
82,9,2.5
82,10,3.33
82,11,3.85
82,12,4.55
82,13,5
82,14,2.17
82,15,10
82,16,2.17
82,17,3.85
82,18,3.85
82,19,2.38
82,20,2.38
82,21,2.78
82,22,2.38
82,23,10
82,24,2.08
82,25,8.33
82,26,6.25
82,27,4.17
82,28,2.5
82,29,2.94
82,30,2.08
82,31,5
82,32,4.55
82,33,2.5
82,34,5
82,35,6.25
82,36,2.94
82,37,2.08
82,38,3.85
82,39,3.85
82,40,4.55
82,41,4.17
82,42,3.85
82,43,3.33
82,44,2.94
82,45,4.55
82,46,2.63
82,47,2.63
82,48,2
82,49,2.78
82,50,2.5
82,51,3.33
82,52,6.25
82,53,6.25
82,54,3.57
82,55,10
82,56,2.94
82,57,3.33
82,58,6.25
82,59,2.94
82,60,2.78
82,61,3.13
82,62,2.78
82,63,2.94
82,64,3.33
82,65,3.13
82,66,2.78
82,67,6.25
82,68,8.33
82,69,3.85
82,70,2.38
82,71,3.33
82,72,5.56
82,73,2.78
82,74,3.33
82,75,4.17
82,76,2.17
82,77,4.55
82,78,3.85
82,79,10
82,80,7.14
82,81,2.5
82,82,2.38
82,83,4.17
82,84,2.78
82,85,2.94
82,86,3.13
82,87,2.94
82,88,2.63
82,89,2.38
82,90,10
82,91,5
82,92,5
82,93,3.33
82,94,6.25
82,95,3.57
82,96,4.17
82,97,2.78
82,98,10
82,99,8.33
82,100,4.17
82,101,8.33
82,102,2.78
82,103,6.25
82,104,2.94
82,105,2
82,106,8.33
82,107,3.57
82,108,2.08
82,109,2
82,110,2.5
82,111,2.78
82,112,3.33
82,113,3.85
82,114,5.56
82,115,5.56
82,116,2
82,117,8.33
82,118,6.25
82,119,7.14
82,120,7.14
82,121,3.85
82,122,3.85
82,123,5
82,124,2.38
82,125,3.85
82,126,2.38
82,127,2.5
82,128,2.94
82,129,2.63
82,130,2.08
82,131,5
82,132,2.08
82,133,4.55
82,134,7.14
82,135,2.94
82,136,3.13
82,137,3.33
82,138,5.56
82,139,3.33
82,140,3.85
82,141,2.63
82,142,4.17
82,143,7.14
82,144,3.57
82,145,2.27
82,146,2.38
82,147,2.5
82,148,4.55
82,149,2.5
82,150,4.55
82,151,3.33
82,152,8.33
82,153,3.13
82,154,3.85
82,155,5
82,156,3.85
82,157,4.17
82,158,2.27
82,159,2.94
82,160,2.17
82,161,2.94
82,162,2
82,163,2.38
82,164,2.63
82,165,2.94
82,166,2.08
82,167,5.56
82,168,4.55
82,169,5
82,170,2.27
82,171,7.14
82,172,2.63
82,173,2.08
82,174,2.63
82,175,4.55
82,176,4.17
82,177,2.5
82,178,2.78
82,179,2
82,180,6.25
82,181,2.17
82,182,6.25
82,183,3.57
82,184,6.25
82,185,5.56
82,186,2.5
82,187,2.08
82,188,2.5
82,189,4.55
82,190,2.38
82,191,8.33
82,192,2.94
82,193,4.55
82,194,2.08
82,195,2.94
82,196,5
82,197,8.33
82,198,2.38
82,199,5.56
82,200,3.57
83,1,6.25
83,2,3.13
83,3,8.33
83,4,5.56
83,5,3.85
83,6,10
83,7,8.33
83,8,4.55
83,9,3.13
83,10,5
83,11,2.5
83,12,4.55
83,13,2.08
83,14,5.56
83,15,8.33
83,16,2.17
83,17,4.55
83,18,5.56
83,19,2.5
83,20,5
83,21,2.08
83,22,3.57
83,23,8.33
83,24,4.17
83,25,7.14
83,26,6.25
83,27,2.78
83,28,4.55
83,29,7.14
83,30,2.27
83,31,5.56
83,32,4.17
83,33,3.33
83,34,3.57
83,35,2.08
83,36,2.5
83,37,5.56
83,38,2.17
83,39,2.38
83,40,2.94
83,41,2.5
83,42,5.56
83,43,3.57
83,44,3.33
83,45,2.78
83,46,2.78
83,47,7.14
83,48,3.57
83,49,2.63
83,50,2
83,51,2.94
83,52,5
83,53,2
83,54,2.5
83,55,7.14
83,56,2.17
83,57,6.25
83,58,10
83,59,2.78
83,60,3.85
83,61,2.27
83,62,2.94
83,63,3.57
83,64,2.5
83,65,3.13
83,66,7.14
83,67,2.27
83,68,2.17
83,69,4.55
83,70,5
83,71,4.55
83,72,3.85
83,73,10
83,74,3.13
83,75,5.56
83,76,4.55
83,77,5
83,78,7.14
83,79,5.56
83,80,5
83,81,2.27
83,82,2.78
83,83,3.33
83,84,2.38
83,85,2.38
83,86,7.14
83,87,4.17
83,88,7.14
83,89,2.5
83,90,3.85
83,91,3.33
83,92,4.55
83,93,4.55
83,94,6.25
83,95,10
83,96,4.55
83,97,5.56
83,98,4.17
83,99,2.78
83,100,2.78
83,101,3.85
83,102,10
83,103,5
83,104,10
83,105,5
83,106,2.17
83,107,4.55
83,108,3.13
83,109,3.33
83,110,5
83,111,3.13
83,112,2.5
83,113,2
83,114,4.55
83,115,2.5
83,116,2.08
83,117,2
83,118,2.94
83,119,3.13
83,120,2.94
83,121,2.38
83,122,2.78
83,123,3.57
83,124,3.13
83,125,5.56
83,126,2.38
83,127,5.56
83,128,8.33
83,129,4.17
83,130,10
83,131,3.13
83,132,4.17
83,133,2.38
83,134,3.33
83,135,2.94
83,136,3.57
83,137,4.55
83,138,2.27
83,139,7.14
83,140,2.78
83,141,6.25
83,142,2.63
83,143,2.08
83,144,5.56
83,145,8.33
83,146,6.25
83,147,3.13
83,148,3.33
83,149,2.27
83,150,3.33
83,151,6.25
83,152,5
83,153,2.17
83,154,8.33
83,155,8.33
83,156,4.17
83,157,3.13
83,158,4.17
83,159,4.17
83,160,8.33
83,161,2
83,162,2.08
83,163,3.85
83,164,4.17
83,165,2.38
83,166,2.38
83,167,3.85
83,168,4.55
83,169,3.13
83,170,2.78
83,171,2
83,172,2.5
83,173,3.33
83,174,2.5
83,175,2.63
83,176,7.14
83,177,5.56
83,178,3.57
83,179,3.33
83,180,5
83,181,3.85
83,182,10
83,183,3.33
83,184,3.57
83,185,2.94
83,186,2
83,187,10
83,188,5.56
83,189,6.25
83,190,2.94
83,191,3.13
83,192,2.27
83,193,2
83,194,7.14
83,195,4.55
83,196,3.57
83,197,2.08
83,198,6.25
83,199,2.78
83,200,3.57
84,1,5.56
84,2,3.85
84,3,3.85
84,4,8.33
84,5,2.08
84,6,2.78
84,7,2
84,8,4.17
84,9,2.94
84,10,2.78
84,11,4.17
84,12,3.85
84,13,6.25
84,14,2.78
84,15,7.14
84,16,6.25
84,17,2.78
84,18,3.85
84,19,2.63
84,20,2.38
84,21,2.08
84,22,2.94
84,23,3.33
84,24,7.14
84,25,2
84,26,4.55
84,27,8.33
84,28,2.5
84,29,3.57
84,30,4.17
84,31,3.85
84,32,10
84,33,4.55
84,34,2.5
84,35,2.5
84,36,3.13
84,37,5.56
84,38,7.14
84,39,8.33
84,40,3.57
84,41,3.13
84,42,7.14
84,43,2.5
84,44,4.17
84,45,5.56
84,46,4.55
84,47,2.94
84,48,10
84,49,3.57
84,50,2.17
84,51,5.56
84,52,3.13
84,53,3.13
84,54,8.33
84,55,2.5
84,56,3.57
84,57,2.94
84,58,2.78
84,59,4.17
84,60,3.57
84,61,2.17
84,62,3.57
84,63,2.78
84,64,2.27
84,65,3.57
84,66,7.14
84,67,8.33
84,68,2.94
84,69,2.17
84,70,2.78
84,71,2.63
84,72,2.94
84,73,2
84,74,3.85
84,75,2.08
84,76,8.33
84,77,10
84,78,2.08
84,79,4.55
84,80,2.08
84,81,4.17
84,82,6.25
84,83,5.56
84,84,3.85
84,85,10
84,86,4.17
84,87,8.33
84,88,8.33
84,89,2.94
84,90,2.5
84,91,6.25
84,92,4.55
84,93,5
84,94,2.38
84,95,5.56
84,96,4.55
84,97,8.33
84,98,7.14
84,99,5.56
84,100,3.33
84,101,10
84,102,2.08
84,103,6.25
84,104,5
84,105,10
84,106,2.63
84,107,3.85
84,108,2.63
84,109,2.78
84,110,2.08
84,111,2.94
84,112,2.17
84,113,3.13
84,114,3.13
84,115,5
84,116,5
84,117,2.08
84,118,4.17
84,119,3.13
84,120,6.25
84,121,3.13
84,122,8.33
84,123,4.55
84,124,2
84,125,3.57
84,126,3.57
84,127,2.94
84,128,4.55
84,129,7.14
84,130,2.27
84,131,4.55
84,132,7.14
84,133,5.56
84,134,2.94
84,135,3.57
84,136,5
84,137,7.14
84,138,2.08
84,139,2.63
84,140,8.33
84,141,7.14
84,142,4.55
84,143,5
84,144,3.85
84,145,3.13
84,146,2.38
84,147,3.57
84,148,5
84,149,8.33
84,150,8.33
84,151,3.33
84,152,2.78
84,153,2.27
84,154,4.55
84,155,5
84,156,8.33
84,157,2.27
84,158,7.14
84,159,8.33
84,160,2.78
84,161,3.33
84,162,2.08
84,163,3.13
84,164,2.08
84,165,2.38
84,166,7.14
84,167,2.27
84,168,2.5
84,169,8.33
84,170,2.78
84,171,3.85
84,172,2.63
84,173,2.94
84,174,2.5
84,175,2.78
84,176,8.33
84,177,3.57
84,178,2.94
84,179,2.94
84,180,3.13
84,181,4.55
84,182,3.57
84,183,4.55
84,184,3.33
84,185,2.94
84,186,3.33
84,187,2
84,188,2.94
84,189,4.55
84,190,2.38
84,191,2.38
84,192,3.57
84,193,2.08
84,194,5
84,195,3.57
84,196,3.85
84,197,3.13
84,198,2.5
84,199,10
84,200,4.55
85,1,3.57
85,2,2.5
85,3,2.63
85,4,7.14
85,5,3.33
85,6,6.25
85,7,2.27
85,8,2.94
85,9,4.17
85,10,3.33
85,11,2.27
85,12,2
85,13,8.33
85,14,3.33
85,15,3.13
85,16,2.38
85,17,7.14
85,18,4.17
85,19,4.17
85,20,2.5
85,21,2.27
85,22,2.17
85,23,3.85
85,24,2
85,25,3.13
85,26,2.08
85,27,4.55
85,28,2.63
85,29,2.17
85,30,2
85,31,4.17
85,32,2.63
85,33,4.17
85,34,6.25
85,35,2.27
85,36,4.17
85,37,8.33
85,38,3.33
85,39,2.63
85,40,3.13
85,41,3.33
85,42,2.38
85,43,7.14
85,44,3.13
85,45,3.33
85,46,2.17
85,47,2.38
85,48,2.08
85,49,5.56
85,50,6.25
85,51,3.85
85,52,2
85,53,10
85,54,4.55
85,55,2.78
85,56,7.14
85,57,2.27
85,58,6.25
85,59,4.17
85,60,2.5
85,61,2.63
85,62,3.85
85,63,7.14
85,64,2.17
85,65,5
85,66,3.85
85,67,3.33
85,68,2.08
85,69,2.78
85,70,3.85
85,71,6.25
85,72,2
85,73,3.13
85,74,7.14
85,75,2.27
85,76,2.5
85,77,7.14
85,78,7.14
85,79,3.85
85,80,2.78
85,81,2.27
85,82,10
85,83,3.33
85,84,7.14
85,85,3.57
85,86,8.33
85,87,5
85,88,2.94
85,89,10
85,90,2.5
85,91,8.33
85,92,2.5
85,93,2.17
85,94,2.17
85,95,4.17
85,96,4.17
85,97,2.63
85,98,5
85,99,2.17
85,100,3.33
85,101,2.27
85,102,2.17
85,103,2.63
85,104,5
85,105,4.55
85,106,3.85
85,107,4.55
85,108,2.63
85,109,2.63
85,110,2.08
85,111,2.94
85,112,2.5
85,113,7.14
85,114,2.27
85,115,5
85,116,2.08
85,117,4.55
85,118,7.14
85,119,3.13
85,120,4.55
85,121,2.78
85,122,2.94
85,123,7.14
85,124,2.94
85,125,3.57
85,126,2.27
85,127,4.55
85,128,10
85,129,2.27
85,130,2.94
85,131,10
85,132,2.63
85,133,4.17
85,134,5
85,135,2.5
85,136,4.55
85,137,2.63
85,138,2
85,139,2
85,140,2.17
85,141,3.13
85,142,2.94
85,143,4.55
85,144,2
85,145,4.55
85,146,4.55
85,147,10
85,148,5.56
85,149,5.56
85,150,2.08
85,151,3.33
85,152,3.57
85,153,7.14
85,154,6.25
85,155,4.17
85,156,5
85,157,5.56
85,158,2.94
85,159,5.56
85,160,5.56
85,161,4.17
85,162,7.14
85,163,8.33
85,164,4.55
85,165,2.08
85,166,4.17
85,167,3.13
85,168,2.63
85,169,2.78
85,170,4.17
85,171,2.27
85,172,4.55
85,173,4.55
85,174,2.17
85,175,2
85,176,3.33
85,177,2.94
85,178,3.57
85,179,2
85,180,2.63
85,181,5
85,182,6.25
85,183,6.25
85,184,2.63
85,185,2.27
85,186,10
85,187,2.27
85,188,3.57
85,189,4.17
85,190,10
85,191,2.27
85,192,7.14
85,193,8.33
85,194,2.78
85,195,6.25
85,196,4.17
85,197,2.94
85,198,3.85
85,199,2.17
85,200,2.78
86,1,2.78
86,2,2.63
86,3,2.27
86,4,3.33
86,5,2.08
86,6,2.5
86,7,2.08
86,8,5.56
86,9,10
86,10,3.85
86,11,2.63
86,12,2.17
86,13,3.33
86,14,2.27
86,15,2.17
86,16,3.85
86,17,3.85
86,18,3.13
86,19,4.55
86,20,6.25
86,21,6.25
86,22,10
86,23,6.25
86,24,5.56
86,25,10
86,26,5
86,27,5
86,28,3.85
86,29,2.78
86,30,2.27
86,31,7.14
86,32,4.17
86,33,6.25
86,34,2.94
86,35,10
86,36,4.55
86,37,3.57
86,38,6.25
86,39,6.25
86,40,2.94
86,41,5.56
86,42,2.63
86,43,2.38
86,44,5.56
86,45,4.55
86,46,4.17
86,47,6.25
86,48,10
86,49,4.17
86,50,4.55
86,51,2.94
86,52,3.85
86,53,5.56
86,54,2.78
86,55,5
86,56,8.33
86,57,2.17
86,58,2.63
86,59,4.55
86,60,2.63
86,61,3.33
86,62,2.17
86,63,3.57
86,64,7.14
86,65,3.13
86,66,3.85
86,67,2.94
86,68,7.14
86,69,5
86,70,2.08
86,71,2.5
86,72,2.08
86,73,2.38
86,74,2.17
86,75,3.85
86,76,2.08
86,77,5
86,78,2.78
86,79,5.56
86,80,8.33
86,81,2.27
86,82,2.5
86,83,2
86,84,4.17
86,85,2.94
86,86,3.85
86,87,2.17
86,88,2.63
86,89,7.14
86,90,4.17
86,91,8.33
86,92,3.13
86,93,8.33
86,94,2.08
86,95,3.85
86,96,10
86,97,3.13
86,98,2.63
86,99,3.13
86,100,2.78
86,101,3.57
86,102,2.08
86,103,4.17
86,104,4.55
86,105,6.25
86,106,2.17
86,107,6.25
86,108,5.56
86,109,4.55
86,110,3.85
86,111,3.85
86,112,7.14
86,113,2.27
86,114,3.57
86,115,5
86,116,8.33
86,117,2.17
86,118,8.33
86,119,3.85
86,120,2.5
86,121,4.17
86,122,3.33
86,123,2.63
86,124,2.78
86,125,3.57
86,126,7.14
86,127,2.94
86,128,3.33
86,129,2.94
86,130,10
86,131,2.17
86,132,2.38
86,133,2.17
86,134,2.5
86,135,2.08
86,136,4.55
86,137,2.38
86,138,10
86,139,3.33
86,140,3.85
86,141,3.33
86,142,2.27
86,143,3.33
86,144,3.57
86,145,2.17
86,146,4.55
86,147,2.08
86,148,3.13
86,149,3.33
86,150,2.27
86,151,3.13
86,152,2.63
86,153,3.85
86,154,2.27
86,155,3.85
86,156,5.56
86,157,4.17
86,158,3.13
86,159,10
86,160,6.25
86,161,2.94
86,162,2.94
86,163,3.85
86,164,3.13
86,165,3.33
86,166,8.33
86,167,7.14
86,168,2.38
86,169,3.33
86,170,3.13
86,171,4.17
86,172,10
86,173,2.5
86,174,4.17
86,175,2.94
86,176,2.27
86,177,4.17
86,178,7.14
86,179,3.13
86,180,8.33
86,181,2.17
86,182,5.56
86,183,4.55
86,184,5.56
86,185,8.33
86,186,2.27
86,187,2.94
86,188,2
86,189,6.25
86,190,3.85
86,191,2.78
86,192,4.55
86,193,2.63
86,194,5.56
86,195,2.27
86,196,7.14
86,197,5
86,198,6.25
86,199,3.57
86,200,7.14
87,1,2.78
87,2,10
87,3,2.38
87,4,3.13
87,5,2.63
87,6,6.25
87,7,5.56
87,8,5.56
87,9,4.55
87,10,2.38
87,11,7.14
87,12,6.25
87,13,2.17
87,14,4.55
87,15,8.33
87,16,2.08
87,17,2.17
87,18,5.56
87,19,2.27
87,20,8.33
87,21,2.63
87,22,8.33
87,23,4.17
87,24,2.08
87,25,3.85
87,26,4.17
87,27,2.63
87,28,4.55
87,29,5.56
87,30,2.5
87,31,3.85
87,32,6.25
87,33,6.25
87,34,3.57
87,35,2.08
87,36,5.56
87,37,5.56
87,38,2.94
87,39,3.57
87,40,2
87,41,2
87,42,3.13
87,43,2.78
87,44,2.63
87,45,3.33
87,46,2.38
87,47,3.13
87,48,2.94
87,49,2.78
87,50,5.56
87,51,2.78
87,52,3.57
87,53,2.38
87,54,10
87,55,3.57
87,56,2.27
87,57,2.94
87,58,5.56
87,59,3.13
87,60,5
87,61,3.13
87,62,5
87,63,2.38
87,64,5.56
87,65,8.33
87,66,3.33
87,67,2.78
87,68,10
87,69,5
87,70,2.63
87,71,2.38
87,72,2.63
87,73,4.55
87,74,2.27
87,75,4.17
87,76,2.08
87,77,4.55
87,78,7.14
87,79,2.94
87,80,2.63
87,81,7.14
87,82,2.63
87,83,5.56
87,84,4.55
87,85,2.17
87,86,2.63
87,87,2.27
87,88,4.55
87,89,3.33
87,90,2.38
87,91,2.94
87,92,2.94
87,93,2.08
87,94,3.13
87,95,3.57
87,96,2.5
87,97,8.33
87,98,4.55
87,99,2.17
87,100,5
87,101,8.33
87,102,2.27
87,103,2
87,104,7.14
87,105,3.13
87,106,2.08
87,107,2.78
87,108,3.33
87,109,2.38
87,110,2.63
87,111,10
87,112,3.57
87,113,2.17
87,114,2.08
87,115,10
87,116,2.27
87,117,4.55
87,118,2.94
87,119,2.17
87,120,6.25
87,121,5.56
87,122,3.57
87,123,2.94
87,124,4.55
87,125,3.57
87,126,3.33
87,127,2.94
87,128,2.27
87,129,2.17
87,130,2.78
87,131,3.85
87,132,3.33
87,133,8.33
87,134,2.27
87,135,2.38
87,136,2.17
87,137,4.17
87,138,8.33
87,139,2.63
87,140,3.13
87,141,2.94
87,142,3.85
87,143,2
87,144,3.85
87,145,7.14
87,146,3.85
87,147,6.25
87,148,3.57
87,149,3.85
87,150,2.63
87,151,2
87,152,2.08
87,153,5.56
87,154,5
87,155,4.55
87,156,3.13
87,157,5.56
87,158,5
87,159,10
87,160,2.78
87,161,2.27
87,162,2
87,163,4.17
87,164,5
87,165,2
87,166,2.63
87,167,7.14
87,168,3.85
87,169,6.25
87,170,2.17
87,171,2.63
87,172,2
87,173,8.33
87,174,4.17
87,175,2
87,176,2.63
87,177,3.33
87,178,2.27
87,179,7.14
87,180,2
87,181,2.17
87,182,3.33
87,183,4.55
87,184,8.33
87,185,3.33
87,186,2.78
87,187,2
87,188,2.27
87,189,2.94
87,190,2.17
87,191,3.85
87,192,2.78
87,193,5.56
87,194,3.85
87,195,4.17
87,196,3.33
87,197,4.17
87,198,3.33
87,199,2.63
87,200,4.17
88,1,5.56
88,2,6.25
88,3,4.17
88,4,3.85
88,5,5
88,6,4.55
88,7,2.27
88,8,7.14
88,9,2.38
88,10,3.33
88,11,4.17
88,12,2.38
88,13,4.55
88,14,2.78
88,15,2.17
88,16,3.33
88,17,2
88,18,2
88,19,5.56
88,20,10
88,21,2
88,22,2
88,23,2.17
88,24,2.38
88,25,2.17
88,26,2
88,27,2.27
88,28,5.56
88,29,3.13
88,30,2
88,31,3.85
88,32,2.27
88,33,5
88,34,5.56
88,35,3.85
88,36,6.25
88,37,2.94
88,38,3.57
88,39,2.27
88,40,2.63
88,41,2.78
88,42,3.13
88,43,3.33
88,44,3.13
88,45,10
88,46,3.85
88,47,3.33
88,48,5.56
88,49,3.33
88,50,8.33
88,51,2.5
88,52,2.38
88,53,5.56
88,54,2
88,55,10
88,56,3.57
88,57,3.85
88,58,2
88,59,6.25
88,60,2.38
88,61,3.13
88,62,2.63
88,63,2.27
88,64,2
88,65,10
88,66,4.55
88,67,2.94
88,68,4.17
88,69,2
88,70,3.85
88,71,2.38
88,72,2.5
88,73,2.17
88,74,3.85
88,75,3.33
88,76,2.27
88,77,2.5
88,78,3.33
88,79,2
88,80,4.17
88,81,2.63
88,82,7.14
88,83,2
88,84,5
88,85,4.55
88,86,6.25
88,87,7.14
88,88,3.85
88,89,3.85
88,90,6.25
88,91,2.94
88,92,2.08
88,93,7.14
88,94,2.94
88,95,4.17
88,96,8.33
88,97,3.13
88,98,3.33
88,99,2
88,100,4.55
88,101,2.08
88,102,5.56
88,103,5
88,104,10
88,105,2.38
88,106,8.33
88,107,3.33
88,108,2.94
88,109,2.63
88,110,2.08
88,111,2.5
88,112,4.55
88,113,3.85
88,114,3.57
88,115,2.63
88,116,2.27
88,117,3.57
88,118,2.17
88,119,2.08
88,120,2.38
88,121,2.5
88,122,2.94
88,123,4.17
88,124,2.78
88,125,4.17
88,126,2.94
88,127,3.33
88,128,3.33
88,129,2.78
88,130,2.78
88,131,7.14
88,132,2.27
88,133,5.56
88,134,3.85
88,135,5
88,136,3.13
88,137,2.08
88,138,3.57
88,139,2.38
88,140,2.27
88,141,10
88,142,2.63
88,143,2.63
88,144,2.5
88,145,2.5
88,146,3.33
88,147,2.63
88,148,2.5
88,149,2.94
88,150,3.57
88,151,3.13
88,152,2.27
88,153,10
88,154,8.33
88,155,2
88,156,2.78
88,157,2.94
88,158,4.55
88,159,2.08
88,160,2.63
88,161,3.57
88,162,4.17
88,163,4.17
88,164,2.17
88,165,6.25
88,166,2.17
88,167,2.38
88,168,2.08
88,169,6.25
88,170,3.13
88,171,3.85
88,172,2.94
88,173,6.25
88,174,2.08
88,175,7.14
88,176,7.14
88,177,2.63
88,178,4.55
88,179,2.94
88,180,3.85
88,181,2.78
88,182,2.78
88,183,5.56
88,184,2
88,185,6.25
88,186,3.85
88,187,5
88,188,2.5
88,189,3.57
88,190,3.33
88,191,2.63
88,192,5.56
88,193,2.27
88,194,2.5
88,195,3.33
88,196,2.5
88,197,2.5
88,198,3.85
88,199,2.94
88,200,2.27
89,1,7.14
89,2,4.17
89,3,7.14
89,4,6.25
89,5,2.63
89,6,5.56
89,7,2.5
89,8,3.13
89,9,2.78
89,10,6.25
89,11,10
89,12,2.08
89,13,2.17
89,14,2.17
89,15,2.78
89,16,4.55
89,17,2.5
89,18,5.56
89,19,5
89,20,3.13
89,21,2.08
89,22,5
89,23,2.78
89,24,2.63
89,25,4.55
89,26,3.57
89,27,2.38
89,28,4.55
89,29,5
89,30,2.17
89,31,2.27
89,32,2.78
89,33,5.56
89,34,7.14
89,35,2.94
89,36,2.5
89,37,6.25
89,38,2.78
89,39,4.17
89,40,2
89,41,10
89,42,4.55
89,43,3.33
89,44,4.17
89,45,2.08
89,46,6.25
89,47,3.13
89,48,5.56
89,49,2.78
89,50,10
89,51,6.25
89,52,3.57
89,53,2.27
89,54,10
89,55,2.78
89,56,2.38
89,57,5.56
89,58,10
89,59,2.27
89,60,7.14
89,61,2.63
89,62,5.56
89,63,2.78
89,64,8.33
89,65,2
89,66,7.14
89,67,4.17
89,68,3.57
89,69,2.38
89,70,2.94
89,71,2.5
89,72,3.13
89,73,4.55
89,74,2.08
89,75,10
89,76,2.27
89,77,2.27
89,78,2.27
89,79,6.25
89,80,5.56
89,81,5.56
89,82,7.14
89,83,3.33
89,84,4.17
89,85,2.27
89,86,8.33
89,87,2.17
89,88,5
89,89,8.33
89,90,2.38
89,91,2.5
89,92,2.27
89,93,10
89,94,3.33
89,95,3.57
89,96,2.78
89,97,4.17
89,98,2.63
89,99,2.78
89,100,5
89,101,2
89,102,3.13
89,103,7.14
89,104,2.94
89,105,5.56
89,106,2.08
89,107,2.17
89,108,2.17
89,109,2.78
89,110,5.56
89,111,2.38
89,112,5
89,113,2.38
89,114,2.17
89,115,5.56
89,116,2.5
89,117,5.56
89,118,8.33
89,119,2.38
89,120,4.55
89,121,6.25
89,122,2.08
89,123,2.27
89,124,4.55
89,125,2.08
89,126,7.14
89,127,4.17
89,128,3.13
89,129,3.57
89,130,4.55
89,131,2.78
89,132,3.85
89,133,2.78
89,134,2
89,135,2.27
89,136,2.5
89,137,2.94
89,138,2.38
89,139,2
89,140,5.56
89,141,2.78
89,142,8.33
89,143,3.33
89,144,3.13
89,145,4.55
89,146,2
89,147,2.78
89,148,2
89,149,2.17
89,150,3.33
89,151,2.63
89,152,7.14
89,153,5.56
89,154,2.63
89,155,2.5
89,156,5.56
89,157,5.56
89,158,4.17
89,159,2.38
89,160,2.78
89,161,2.63
89,162,4.17
89,163,2
89,164,10
89,165,2.38
89,166,4.55
89,167,3.33
89,168,3.85
89,169,2.94
89,170,2.08
89,171,2.78
89,172,3.13
89,173,7.14
89,174,2.27
89,175,5
89,176,3.85
89,177,2.78
89,178,5.56
89,179,3.57
89,180,3.57
89,181,5
89,182,3.33
89,183,3.33
89,184,4.17
89,185,3.57
89,186,10
89,187,2.94
89,188,2.27
89,189,3.33
89,190,2.27
89,191,4.55
89,192,7.14
89,193,5
89,194,5.56
89,195,8.33
89,196,2
89,197,2.63
89,198,2.17
89,199,2.5
89,200,5.56
90,1,3.85
90,2,4.17
90,3,2.08
90,4,2.27
90,5,2
90,6,4.17
90,7,2.38
90,8,2.38
90,9,4.55
90,10,2.08
90,11,6.25
90,12,2.78
90,13,2.38
90,14,3.13
90,15,4.17
90,16,2.17
90,17,5
90,18,6.25
90,19,2.5
90,20,3.33
90,21,3.33
90,22,3.33
90,23,2.38
90,24,2
90,25,3.85
90,26,3.57
90,27,4.17
90,28,4.55
90,29,2.78
90,30,2.38
90,31,2.27
90,32,3.57
90,33,5
90,34,4.55
90,35,7.14
90,36,8.33
90,37,2.5
90,38,2.5
90,39,3.13
90,40,5
90,41,3.33
90,42,2.17
90,43,5
90,44,4.17
90,45,5
90,46,5.56
90,47,4.17
90,48,2.08
90,49,10
90,50,6.25
90,51,3.57
90,52,2.17
90,53,4.55
90,54,5
90,55,2.5
90,56,2.38
90,57,2.27
90,58,2.27
90,59,3.57
90,60,5.56
90,61,2.27
90,62,10
90,63,7.14
90,64,5
90,65,3.57
90,66,2.17
90,67,2.94
90,68,2.63
90,69,2.38
90,70,3.33
90,71,2.5
90,72,2.94
90,73,2.27
90,74,8.33
90,75,3.33
90,76,4.55
90,77,2
90,78,2.63
90,79,8.33
90,80,2.63
90,81,2
90,82,2.94
90,83,3.33
90,84,2.63
90,85,3.85
90,86,2
90,87,4.17
90,88,7.14
90,89,10
90,90,2.08
90,91,2.08
90,92,3.57
90,93,2.27
90,94,2.94
90,95,2
90,96,3.57
90,97,3.33
90,98,2.94
90,99,2.08
90,100,8.33
90,101,2.94
90,102,3.13
90,103,4.55
90,104,8.33
90,105,2.5
90,106,2.78
90,107,4.17
90,108,2.38
90,109,2.63
90,110,3.85
90,111,3.57
90,112,4.17
90,113,3.85
90,114,2.63
90,115,3.57
90,116,3.57
90,117,4.55
90,118,2.94
90,119,2.38
90,120,6.25
90,121,5
90,122,2
90,123,2.17
90,124,2.38
90,125,4.55
90,126,2.94
90,127,2.08
90,128,2.08
90,129,3.57
90,130,2.38
90,131,2.63
90,132,2.63
90,133,5.56
90,134,2.08
90,135,2.27
90,136,2.94
90,137,2.5
90,138,2.38
90,139,3.57
90,140,5.56
90,141,2.5
90,142,2
90,143,5
90,144,6.25
90,145,3.13
90,146,5
90,147,5
90,148,6.25
90,149,10
90,150,5
90,151,10
90,152,4.55
90,153,3.57
90,154,2.17
90,155,2.08
90,156,6.25
90,157,10
90,158,2.27
90,159,8.33
90,160,2.94
90,161,3.13
90,162,3.85
90,163,3.57
90,164,4.55
90,165,2.17
90,166,2.63
90,167,2.63
90,168,2.38
90,169,2.27
90,170,2.17
90,171,3.13
90,172,2.17
90,173,4.55
90,174,6.25
90,175,6.25
90,176,10
90,177,3.85
90,178,2
90,179,7.14
90,180,5.56
90,181,2.94
90,182,2.38
90,183,3.57
90,184,5
90,185,5
90,186,2.27
90,187,2.5
90,188,2.63
90,189,2.94
90,190,4.17
90,191,2.08
90,192,2
90,193,2.38
90,194,8.33
90,195,2.27
90,196,2.27
90,197,2.08
90,198,5.56
90,199,7.14
90,200,2.38
91,1,6.25
91,2,7.14
91,3,3.33
91,4,2.08
91,5,2.78
91,6,2.5
91,7,3.57
91,8,2.17
91,9,2.38
91,10,6.25
91,11,3.33
91,12,2.27
91,13,3.13
91,14,2.94
91,15,2.17
91,16,7.14
91,17,3.33
91,18,4.17
91,19,7.14
91,20,2.78
91,21,2.08
91,22,4.17
91,23,2.27
91,24,8.33
91,25,2
91,26,2.78
91,27,3.33
91,28,10
91,29,2.5
91,30,4.17
91,31,2.94
91,32,2.17
91,33,5
91,34,3.13
91,35,2.17
91,36,2.17
91,37,3.33
91,38,2.94
91,39,2.63
91,40,4.17
91,41,5
91,42,2.17
91,43,5.56
91,44,2.08
91,45,3.33
91,46,3.13
91,47,2.5
91,48,10
91,49,5.56
91,50,2.63
91,51,2.38
91,52,2.5
91,53,4.55
91,54,4.55
91,55,7.14
91,56,3.57
91,57,2.78
91,58,5
91,59,2.27
91,60,2.17
91,61,2.5
91,62,2.63
91,63,3.85
91,64,3.13
91,65,5
91,66,5.56
91,67,3.57
91,68,2.08
91,69,2.5
91,70,2.78
91,71,2.63
91,72,2.08
91,73,8.33
91,74,2.63
91,75,2.38
91,76,2.38
91,77,2.27
91,78,4.55
91,79,7.14
91,80,3.57
91,81,2.27
91,82,2.27
91,83,2.08
91,84,2.08
91,85,2.94
91,86,2.17
91,87,2.27
91,88,2.78
91,89,2
91,90,2
91,91,3.57
91,92,2
91,93,2
91,94,2.63
91,95,2.38
91,96,2.08
91,97,2.5
91,98,2
91,99,4.17
91,100,2.17
91,101,2.17
91,102,10
91,103,2
91,104,2.08
91,105,2.78
91,106,3.57
91,107,3.57
91,108,2.17
91,109,5.56
91,110,4.17
91,111,2.27
91,112,3.85
91,113,8.33
91,114,3.13
91,115,4.17
91,116,3.13
91,117,3.57
91,118,2.78
91,119,2.27
91,120,7.14
91,121,3.33
91,122,2.63
91,123,2.78
91,124,3.33
91,125,3.85
91,126,2.08
91,127,2.17
91,128,5.56
91,129,3.85
91,130,3.33
91,131,5.56
91,132,6.25
91,133,2.17
91,134,3.85
91,135,2.94
91,136,2.17
91,137,3.57
91,138,2.63
91,139,6.25
91,140,4.17
91,141,2.08
91,142,2.38
91,143,2.5
91,144,2.08
91,145,2.38
91,146,6.25
91,147,2.5
91,148,6.25
91,149,2.08
91,150,10
91,151,4.55
91,152,8.33
91,153,2.78
91,154,2.17
91,155,6.25
91,156,2.38
91,157,2.94
91,158,2.5
91,159,2.5
91,160,5
91,161,3.57
91,162,6.25
91,163,3.57
91,164,2.27
91,165,3.33
91,166,2.63
91,167,2.38
91,168,2.94
91,169,4.55
91,170,2.5
91,171,2.27
91,172,3.13
91,173,2.27
91,174,6.25
91,175,2.38
91,176,6.25
91,177,6.25
91,178,2
91,179,2.63
91,180,6.25
91,181,2
91,182,2
91,183,5.56
91,184,3.33
91,185,2
91,186,6.25
91,187,4.55
91,188,7.14
91,189,2.38
91,190,2.5
91,191,3.57
91,192,2.27
91,193,5
91,194,3.33
91,195,2.78
91,196,2
91,197,5.56
91,198,2.5
91,199,2.17
91,200,2.27
92,1,10
92,2,8.33
92,3,8.33
92,4,5.56
92,5,3.57
92,6,2.94
92,7,2.94
92,8,5
92,9,10
92,10,3.33
92,11,6.25
92,12,2.17
92,13,5
92,14,2.08
92,15,8.33
92,16,7.14
92,17,2.08
92,18,2
92,19,4.55
92,20,4.17
92,21,2.08
92,22,2.17
92,23,6.25
92,24,4.55
92,25,8.33
92,26,2.38
92,27,2.78
92,28,7.14
92,29,8.33
92,30,3.57
92,31,3.13
92,32,3.13
92,33,8.33
92,34,3.33
92,35,4.55
92,36,3.33
92,37,5
92,38,7.14
92,39,8.33
92,40,7.14
92,41,8.33
92,42,2
92,43,3.57
92,44,4.55
92,45,7.14
92,46,10
92,47,3.33
92,48,4.17
92,49,3.85
92,50,3.85
92,51,6.25
92,52,5.56
92,53,2.08
92,54,2.27
92,55,4.55
92,56,2.08
92,57,4.17
92,58,2.27
92,59,2.38
92,60,8.33
92,61,10
92,62,6.25
92,63,2.78
92,64,2.17
92,65,8.33
92,66,2.94
92,67,5.56
92,68,2.38
92,69,2.17
92,70,2.63
92,71,2.94
92,72,7.14
92,73,3.33
92,74,2.78
92,75,2.63
92,76,2.38
92,77,2.27
92,78,2.27
92,79,3.85
92,80,2.08
92,81,7.14
92,82,6.25
92,83,3.33
92,84,3.85
92,85,2.78
92,86,2.27
92,87,6.25
92,88,10
92,89,2.17
92,90,10
92,91,8.33
92,92,2.63
92,93,2.5
92,94,2.08
92,95,8.33
92,96,2.78
92,97,2.5
92,98,3.13
92,99,4.17
92,100,2.5
92,101,4.55
92,102,2.38
92,103,3.57
92,104,2.27
92,105,7.14
92,106,2.5
92,107,7.14
92,108,2.5
92,109,3.85
92,110,2.38
92,111,3.33
92,112,3.57
92,113,8.33
92,114,2
92,115,2.17
92,116,5
92,117,3.85
92,118,2.08
92,119,2.94
92,120,3.13
92,121,4.17
92,122,5.56
92,123,10
92,124,2.78
92,125,7.14
92,126,3.33
92,127,3.85
92,128,3.13
92,129,10
92,130,2.08
92,131,4.55
92,132,3.33
92,133,2.17
92,134,4.17
92,135,6.25
92,136,3.85
92,137,7.14
92,138,2.78
92,139,3.33
92,140,3.33
92,141,2.94
92,142,2.5
92,143,3.33
92,144,4.17
92,145,2.5
92,146,2
92,147,2.38
92,148,7.14
92,149,3.85
92,150,2.94
92,151,7.14
92,152,3.33
92,153,2.5
92,154,2.38
92,155,10
92,156,7.14
92,157,2.27
92,158,10
92,159,3.13
92,160,2.78
92,161,2.08
92,162,2.38
92,163,2.38
92,164,2.27
92,165,2.27
92,166,2.5
92,167,2
92,168,5.56
92,169,3.33
92,170,2.5
92,171,5.56
92,172,2.78
92,173,2.78
92,174,4.17
92,175,5.56
92,176,5.56
92,177,2.78
92,178,2.78
92,179,4.17
92,180,3.85
92,181,4.55
92,182,6.25
92,183,2
92,184,2.08
92,185,2.78
92,186,5.56
92,187,7.14
92,188,2.5
92,189,2.08
92,190,3.85
92,191,3.13
92,192,8.33
92,193,3.85
92,194,2.5
92,195,2.94
92,196,3.85
92,197,3.13
92,198,6.25
92,199,4.55
92,200,3.33
93,1,2
93,2,7.14
93,3,3.85
93,4,3.33
93,5,4.17
93,6,3.13
93,7,2.5
93,8,2.5
93,9,5.56
93,10,3.85
93,11,2
93,12,6.25
93,13,3.13
93,14,2
93,15,7.14
93,16,10
93,17,4.17
93,18,6.25
93,19,5
93,20,2
93,21,10
93,22,6.25
93,23,4.55
93,24,7.14
93,25,2.78
93,26,3.57
93,27,8.33
93,28,2.38
93,29,3.13
93,30,3.57
93,31,6.25
93,32,4.17
93,33,7.14
93,34,5.56
93,35,7.14
93,36,4.55
93,37,7.14
93,38,8.33
93,39,2.08
93,40,2.78
93,41,2
93,42,2.27
93,43,3.33
93,44,2
93,45,5
93,46,2
93,47,4.55
93,48,2.17
93,49,4.55
93,50,2
93,51,8.33
93,52,2.27
93,53,2.08
93,54,6.25
93,55,2
93,56,4.55
93,57,3.57
93,58,2.17
93,59,7.14
93,60,4.17
93,61,2.5
93,62,3.13
93,63,3.57
93,64,3.33
93,65,8.33
93,66,8.33
93,67,3.85
93,68,2
93,69,2.5
93,70,7.14
93,71,5
93,72,3.33
93,73,10
93,74,8.33
93,75,3.57
93,76,4.55
93,77,5
93,78,2.63
93,79,3.13
93,80,5.56
93,81,6.25
93,82,7.14
93,83,4.17
93,84,10
93,85,2.27
93,86,8.33
93,87,2.17
93,88,8.33
93,89,2.38
93,90,2.38
93,91,3.13
93,92,4.17
93,93,3.85
93,94,5
93,95,2.08
93,96,7.14
93,97,2.38
93,98,4.55
93,99,2.27
93,100,3.33
93,101,3.13
93,102,8.33
93,103,3.85
93,104,4.55
93,105,3.85
93,106,2.08
93,107,2.94
93,108,6.25
93,109,7.14
93,110,2
93,111,2.17
93,112,3.13
93,113,2.38
93,114,2.94
93,115,2.5
93,116,2.94
93,117,6.25
93,118,3.13
93,119,3.85
93,120,4.55
93,121,5.56
93,122,2.94
93,123,6.25
93,124,3.13
93,125,4.55
93,126,4.17
93,127,4.17
93,128,2
93,129,3.85
93,130,2.78
93,131,5.56
93,132,3.33
93,133,2
93,134,3.13
93,135,2.63
93,136,2.08
93,137,5.56
93,138,3.57
93,139,2
93,140,7.14
93,141,2.5
93,142,2.27
93,143,7.14
93,144,4.17
93,145,2
93,146,2.63
93,147,7.14
93,148,2.63
93,149,7.14
93,150,5
93,151,2.08
93,152,7.14
93,153,2.27
93,154,2.27
93,155,10
93,156,6.25
93,157,5.56
93,158,3.13
93,159,3.13
93,160,2.27
93,161,5.56
93,162,2.94
93,163,5
93,164,2.08
93,165,2.27
93,166,4.17
93,167,2.63
93,168,3.85
93,169,2.17
93,170,8.33
93,171,2.38
93,172,3.85
93,173,3.13
93,174,2.94
93,175,7.14
93,176,10
93,177,4.17
93,178,2.27
93,179,2.08
93,180,3.33
93,181,2.38
93,182,3.57
93,183,2.94
93,184,2.17
93,185,2.17
93,186,6.25
93,187,7.14
93,188,5
93,189,7.14
93,190,3.85
93,191,5
93,192,2.63
93,193,2.17
93,194,4.55
93,195,2
93,196,2
93,197,2.78
93,198,6.25
93,199,3.57
93,200,10
94,1,4.17
94,2,2.17
94,3,3.13
94,4,10
94,5,2.5
94,6,2.78
94,7,3.85
94,8,7.14
94,9,4.17
94,10,3.85
94,11,6.25
94,12,4.17
94,13,5.56
94,14,2
94,15,2.94
94,16,8.33
94,17,2.38
94,18,2
94,19,2.17
94,20,2.78
94,21,7.14
94,22,2
94,23,4.17
94,24,2.63
94,25,7.14
94,26,2.17
94,27,8.33
94,28,3.57
94,29,2.08
94,30,5.56
94,31,2.94
94,32,2.94
94,33,5.56
94,34,3.85
94,35,3.33
94,36,2.38
94,37,3.57
94,38,7.14
94,39,8.33
94,40,2.38
94,41,10
94,42,10
94,43,2.08
94,44,3.13
94,45,2.38
94,46,3.57
94,47,2.17
94,48,10
94,49,2.08
94,50,2.27
94,51,2.17
94,52,2.17
94,53,2.38
94,54,3.85
94,55,5.56
94,56,2.17
94,57,3.33
94,58,2.5
94,59,2.38
94,60,3.33
94,61,2.17
94,62,2.08
94,63,5
94,64,3.33
94,65,4.17
94,66,6.25
94,67,4.55
94,68,3.33
94,69,5
94,70,6.25
94,71,3.33
94,72,2.38
94,73,10
94,74,4.17
94,75,7.14
94,76,3.33
94,77,2.08
94,78,8.33
94,79,2.08
94,80,2.5
94,81,2.27
94,82,4.17
94,83,6.25
94,84,3.57
94,85,3.13
94,86,2.78
94,87,2.38
94,88,2.17
94,89,3.33
94,90,5.56
94,91,2.78
94,92,7.14
94,93,10
94,94,4.55
94,95,7.14
94,96,2.63
94,97,7.14
94,98,2.63
94,99,2.38
94,100,7.14
94,101,5
94,102,5.56
94,103,2.27
94,104,2.27
94,105,2.08
94,106,2.94
94,107,3.33
94,108,2.5
94,109,2.08
94,110,3.57
94,111,5
94,112,3.13
94,113,2.5
94,114,3.13
94,115,8.33
94,116,2.94
94,117,2.17
94,118,4.55
94,119,2.17
94,120,3.57
94,121,3.33
94,122,10
94,123,3.85
94,124,2.08
94,125,2.78
94,126,7.14
94,127,10
94,128,2.5
94,129,3.85
94,130,10
94,131,3.85
94,132,8.33
94,133,4.55
94,134,2.27
94,135,2.38
94,136,5
94,137,2.63
94,138,10
94,139,2.27
94,140,2.94
94,141,2.63
94,142,2.27
94,143,3.85
94,144,2.17
94,145,2.27
94,146,2.63
94,147,2.78
94,148,3.57
94,149,2.78
94,150,5.56
94,151,2.08
94,152,2.94
94,153,7.14
94,154,3.13
94,155,2.5
94,156,10
94,157,2.63
94,158,3.85
94,159,2
94,160,4.55
94,161,5.56
94,162,8.33
94,163,2
94,164,7.14
94,165,2.63
94,166,2.63
94,167,2.27
94,168,4.17
94,169,2.27
94,170,2.5
94,171,5
94,172,5
94,173,2
94,174,4.55
94,175,8.33
94,176,2.63
94,177,3.85
94,178,6.25
94,179,4.17
94,180,5.56
94,181,4.55
94,182,2.5
94,183,2.94
94,184,2.17
94,185,2
94,186,3.13
94,187,2.5
94,188,7.14
94,189,2
94,190,8.33
94,191,2.5
94,192,6.25
94,193,10
94,194,2
94,195,2
94,196,5.56
94,197,3.57
94,198,2.17
94,199,10
94,200,2.94
95,1,2.38
95,2,10
95,3,3.13
95,4,10
95,5,2
95,6,8.33
95,7,2
95,8,3.13
95,9,8.33
95,10,2.08
95,11,2.78
95,12,10
95,13,2.38
95,14,5
95,15,4.17
95,16,10
95,17,2.27
95,18,2.63
95,19,3.13
95,20,3.57
95,21,3.85
95,22,3.33
95,23,3.57
95,24,7.14
95,25,2.27
95,26,3.33
95,27,2.94
95,28,2.38
95,29,8.33
95,30,10
95,31,2
95,32,2.08
95,33,2.5
95,34,2.94
95,35,2.63
95,36,6.25
95,37,7.14
95,38,6.25
95,39,5.56
95,40,3.57
95,41,4.55
95,42,5
95,43,2.17
95,44,6.25
95,45,2.08
95,46,5
95,47,2.63
95,48,2.94
95,49,4.55
95,50,6.25
95,51,4.17
95,52,2
95,53,2.63
95,54,2.78
95,55,7.14
95,56,3.57
95,57,3.13
95,58,2
95,59,3.33
95,60,2.27
95,61,4.17
95,62,2.94
95,63,2.38
95,64,3.13
95,65,2.17
95,66,2.17
95,67,2.27
95,68,4.55
95,69,4.55
95,70,8.33
95,71,4.17
95,72,6.25
95,73,2.94
95,74,2
95,75,6.25
95,76,2.78
95,77,2.08
95,78,7.14
95,79,3.57
95,80,6.25
95,81,6.25
95,82,2.63
95,83,3.13
95,84,2.94
95,85,2.94
95,86,5.56
95,87,5.56
95,88,2.27
95,89,2.78
95,90,2.17
95,91,10
95,92,8.33
95,93,3.57
95,94,4.55
95,95,2.63
95,96,7.14
95,97,3.85
95,98,2.63
95,99,2.78
95,100,5.56
95,101,2
95,102,4.55
95,103,3.57
95,104,3.85
95,105,2
95,106,2.63
95,107,10
95,108,7.14
95,109,2.08
95,110,5
95,111,2
95,112,3.13
95,113,4.17
95,114,3.85
95,115,3.85
95,116,2.5
95,117,4.17
95,118,10
95,119,2.94
95,120,2.94
95,121,5
95,122,2.63
95,123,2.63
95,124,6.25
95,125,4.17
95,126,2
95,127,2.5
95,128,2.5
95,129,5.56
95,130,5.56
95,131,3.33
95,132,2.38
95,133,2
95,134,2.08
95,135,4.17
95,136,5
95,137,3.33
95,138,2.5
95,139,10
95,140,2.27
95,141,3.33
95,142,5
95,143,2.78
95,144,5
95,145,8.33
95,146,4.17
95,147,7.14
95,148,6.25
95,149,2.27
95,150,7.14
95,151,2.08
95,152,4.55
95,153,2.17
95,154,4.55
95,155,3.33
95,156,10
95,157,4.55
95,158,2
95,159,3.85
95,160,2.78
95,161,2.5
95,162,4.17
95,163,2
95,164,7.14
95,165,4.17
95,166,2.27
95,167,8.33
95,168,2.94
95,169,2.08
95,170,2.5
95,171,3.13
95,172,3.57
95,173,7.14
95,174,2.08
95,175,2.78
95,176,3.13
95,177,2.17
95,178,5
95,179,8.33
95,180,10
95,181,7.14
95,182,2.27
95,183,5
95,184,3.33
95,185,3.13
95,186,2
95,187,10
95,188,2
95,189,2.94
95,190,2.27
95,191,2.08
95,192,2.08
95,193,3.85
95,194,5
95,195,7.14
95,196,7.14
95,197,4.55
95,198,2.94
95,199,2
95,200,6.25
96,1,2.5
96,2,7.14
96,3,2.38
96,4,3.33
96,5,4.55
96,6,6.25
96,7,2.17
96,8,10
96,9,6.25
96,10,4.17
96,11,2
96,12,4.55
96,13,7.14
96,14,2.17
96,15,2
96,16,7.14
96,17,2.08
96,18,2.27
96,19,5.56
96,20,6.25
96,21,10
96,22,3.33
96,23,7.14
96,24,3.85
96,25,2.17
96,26,7.14
96,27,4.17
96,28,2.08
96,29,4.17
96,30,2.38
96,31,2.5
96,32,2.78
96,33,2.38
96,34,2.27
96,35,5
96,36,6.25
96,37,2.78
96,38,2.5
96,39,10
96,40,4.55
96,41,2.94
96,42,2.5
96,43,5.56
96,44,2
96,45,2.08
96,46,5.56
96,47,2.17
96,48,10
96,49,2.63
96,50,5
96,51,2
96,52,5
96,53,3.33
96,54,10
96,55,4.17
96,56,2.94
96,57,7.14
96,58,2.17
96,59,2.27
96,60,3.85
96,61,2.78
96,62,2.27
96,63,10
96,64,3.57
96,65,2.94
96,66,2.27
96,67,4.17
96,68,3.13
96,69,2.08
96,70,5.56
96,71,2.38
96,72,4.17
96,73,5.56
96,74,2.63
96,75,2.27
96,76,10
96,77,2.78
96,78,2.94
96,79,4.55
96,80,3.57
96,81,2.38
96,82,5.56
96,83,4.17
96,84,2
96,85,4.55
96,86,3.57
96,87,5.56
96,88,7.14
96,89,2.94
96,90,2.08
96,91,2.5
96,92,2
96,93,3.85
96,94,3.85
96,95,2.63
96,96,3.33
96,97,2
96,98,6.25
96,99,10
96,100,3.57
96,101,3.85
96,102,2.78
96,103,2.08
96,104,4.17
96,105,2.78
96,106,3.57
96,107,2
96,108,2.17
96,109,3.33
96,110,2.78
96,111,2.94
96,112,5.56
96,113,4.55
96,114,2.5
96,115,10
96,116,4.17
96,117,2.78
96,118,3.57
96,119,2.38
96,120,2.78
96,121,5.56
96,122,3.33
96,123,2
96,124,2.17
96,125,6.25
96,126,3.13
96,127,3.13
96,128,4.55
96,129,2
96,130,10
96,131,4.55
96,132,3.57
96,133,2.63
96,134,2.08
96,135,2.94
96,136,7.14
96,137,4.55
96,138,10
96,139,3.13
96,140,3.85
96,141,2.27
96,142,4.17
96,143,2.27
96,144,6.25
96,145,5.56
96,146,3.85
96,147,10
96,148,4.17
96,149,3.57
96,150,6.25
96,151,2
96,152,3.85
96,153,2.63
96,154,2
96,155,6.25
96,156,4.17
96,157,2.63
96,158,2.94
96,159,2
96,160,4.55
96,161,3.85
96,162,2.27
96,163,2.63
96,164,3.13
96,165,3.85
96,166,2.5
96,167,2.78
96,168,3.13
96,169,2
96,170,2.08
96,171,10
96,172,5
96,173,3.57
96,174,2.78
96,175,2.08
96,176,2.17
96,177,2.5
96,178,2.38
96,179,3.85
96,180,3.13
96,181,2.63
96,182,7.14
96,183,3.13
96,184,6.25
96,185,3.13
96,186,4.17
96,187,3.85
96,188,3.33
96,189,3.57
96,190,5.56
96,191,3.33
96,192,4.17
96,193,2
96,194,3.85
96,195,2.94
96,196,3.33
96,197,3.57
96,198,3.57
96,199,6.25
96,200,6.25
97,1,3.57
97,2,5
97,3,2.78
97,4,3.13
97,5,2.5
97,6,2.63
97,7,3.13
97,8,4.17
97,9,2.94
97,10,2.94
97,11,2.63
97,12,2.38
97,13,3.57
97,14,2.78
97,15,3.57
97,16,3.57
97,17,8.33
97,18,3.33
97,19,2.63
97,20,2.63
97,21,10
97,22,8.33
97,23,2
97,24,6.25
97,25,8.33
97,26,10
97,27,2.08
97,28,3.57
97,29,2.38
97,30,2.38
97,31,3.33
97,32,4.55
97,33,7.14
97,34,6.25
97,35,3.13
97,36,10
97,37,7.14
97,38,10
97,39,2.17
97,40,2
97,41,6.25
97,42,3.85
97,43,2.27
97,44,3.13
97,45,10
97,46,7.14
97,47,3.85
97,48,2.27
97,49,5.56
97,50,2.17
97,51,2.5
97,52,4.17
97,53,2
97,54,4.17
97,55,2.08
97,56,5
97,57,10
97,58,2.63
97,59,3.57
97,60,2.63
97,61,8.33
97,62,2.17
97,63,4.55
97,64,2.38
97,65,2.5
97,66,2.78
97,67,2.63
97,68,2.17
97,69,5
97,70,7.14
97,71,3.85
97,72,3.13
97,73,7.14
97,74,2.78
97,75,2.17
97,76,5
97,77,5
97,78,4.55
97,79,2.5
97,80,5
97,81,6.25
97,82,4.55
97,83,3.13
97,84,5
97,85,8.33
97,86,4.17
97,87,2.5
97,88,5.56
97,89,8.33
97,90,3.33
97,91,6.25
97,92,4.17
97,93,3.33
97,94,5
97,95,3.33
97,96,4.55
97,97,3.57
97,98,5.56
97,99,3.57
97,100,7.14
97,101,3.57
97,102,2.78
97,103,2.38
97,104,2.94
97,105,7.14
97,106,5
97,107,2.63
97,108,2.94
97,109,4.17
97,110,10
97,111,7.14
97,112,4.55
97,113,10
97,114,4.17
97,115,2.63
97,116,7.14
97,117,2.5
97,118,5
97,119,5.56
97,120,4.55
97,121,2
97,122,2
97,123,5.56
97,124,2.94
97,125,8.33
97,126,2.5
97,127,2
97,128,2.5
97,129,2.5
97,130,8.33
97,131,7.14
97,132,3.33
97,133,7.14
97,134,2.17
97,135,4.17
97,136,10
97,137,10
97,138,2.78
97,139,2
97,140,8.33
97,141,10
97,142,5.56
97,143,2.78
97,144,4.17
97,145,5.56
97,146,2.94
97,147,2.08
97,148,7.14
97,149,2.17
97,150,5
97,151,2.63
97,152,5
97,153,3.57
97,154,10
97,155,3.57
97,156,2.63
97,157,2.63
97,158,2.08
97,159,2.63
97,160,4.17
97,161,5
97,162,3.57
97,163,2.63
97,164,3.33
97,165,7.14
97,166,8.33
97,167,4.17
97,168,5
97,169,8.33
97,170,7.14
97,171,2
97,172,3.57
97,173,2.17
97,174,2.5
97,175,2.38
97,176,3.13
97,177,5.56
97,178,8.33
97,179,3.85
97,180,10
97,181,2.5
97,182,4.17
97,183,8.33
97,184,2.38
97,185,10
97,186,5
97,187,4.17
97,188,2.5
97,189,3.33
97,190,2.38
97,191,5
97,192,2
97,193,3.13
97,194,5
97,195,3.57
97,196,2.38
97,197,2
97,198,2.17
97,199,3.13
97,200,2.5
98,1,2.27
98,2,2.5
98,3,3.85
98,4,2.38
98,5,3.85
98,6,3.13
98,7,10
98,8,7.14
98,9,3.85
98,10,5
98,11,5
98,12,10
98,13,2.5
98,14,2.08
98,15,2.63
98,16,4.55
98,17,2.38
98,18,6.25
98,19,4.17
98,20,3.13
98,21,3.57
98,22,2.27
98,23,3.85
98,24,5
98,25,3.13
98,26,3.33
98,27,2.27
98,28,2.08
98,29,2
98,30,2
98,31,3.13
98,32,3.57
98,33,2.94
98,34,7.14
98,35,5
98,36,5
98,37,5
98,38,10
98,39,5.56
98,40,2.08
98,41,2.08
98,42,5.56
98,43,2.78
98,44,2.38
98,45,2.27
98,46,4.55
98,47,4.17
98,48,5.56
98,49,5.56
98,50,2
98,51,2.17
98,52,2.17
98,53,2.5
98,54,6.25
98,55,2.27
98,56,5
98,57,3.57
98,58,2.17
98,59,2.27
98,60,2.5
98,61,3.33
98,62,2
98,63,2.63
98,64,2.38
98,65,5
98,66,3.33
98,67,2
98,68,5.56
98,69,7.14
98,70,2.78
98,71,2.94
98,72,2.63
98,73,10
98,74,5.56
98,75,5
98,76,4.17
98,77,2.78
98,78,2.78
98,79,2.78
98,80,5.56
98,81,6.25
98,82,2.94
98,83,4.17
98,84,3.57
98,85,4.55
98,86,4.17
98,87,2.38
98,88,2.17
98,89,2
98,90,2.17
98,91,2.78
98,92,2.17
98,93,3.85
98,94,5.56
98,95,3.13
98,96,2.94
98,97,2.38
98,98,2.5
98,99,2.78
98,100,4.17
98,101,5.56
98,102,2.27
98,103,2.17
98,104,5
98,105,10
98,106,8.33
98,107,4.17
98,108,4.17
98,109,2.08
98,110,3.13
98,111,5
98,112,6.25
98,113,2.08
98,114,3.13
98,115,3.33
98,116,2.08
98,117,2
98,118,2.27
98,119,6.25
98,120,3.33
98,121,2.63
98,122,5
98,123,2.94
98,124,3.13
98,125,2.78
98,126,3.33
98,127,8.33
98,128,2.38
98,129,2
98,130,7.14
98,131,4.17
98,132,4.55
98,133,2.08
98,134,2.5
98,135,2.17
98,136,4.17
98,137,2.17
98,138,2.94
98,139,7.14
98,140,10
98,141,3.85
98,142,5
98,143,4.17
98,144,2.78
98,145,4.55
98,146,3.33
98,147,4.55
98,148,6.25
98,149,2.38
98,150,2.94
98,151,3.13
98,152,4.55
98,153,2.38
98,154,2.5
98,155,2.94
98,156,3.85
98,157,7.14
98,158,5.56
98,159,8.33
98,160,5.56
98,161,3.57
98,162,2.94
98,163,3.13
98,164,2.17
98,165,8.33
98,166,3.85
98,167,2
98,168,3.57
98,169,5.56
98,170,4.55
98,171,3.85
98,172,7.14
98,173,2.5
98,174,3.33
98,175,5
98,176,6.25
98,177,6.25
98,178,3.33
98,179,3.85
98,180,2.08
98,181,2.94
98,182,4.55
98,183,2
98,184,3.57
98,185,3.33
98,186,3.13
98,187,5
98,188,2.94
98,189,3.85
98,190,6.25
98,191,2.17
98,192,2.78
98,193,6.25
98,194,2.38
98,195,2.94
98,196,10
98,197,4.55
98,198,2
98,199,5.56
98,200,2
99,1,6.25
99,2,6.25
99,3,4.17
99,4,4.55
99,5,2.17
99,6,8.33
99,7,6.25
99,8,2
99,9,7.14
99,10,7.14
99,11,2.08
99,12,2.17
99,13,5.56
99,14,5.56
99,15,2.94
99,16,2.08
99,17,2.38
99,18,5.56
99,19,3.13
99,20,5
99,21,2.5
99,22,10
99,23,2.94
99,24,7.14
99,25,5
99,26,2.63
99,27,2.63
99,28,3.13
99,29,10
99,30,5.56
99,31,3.33
99,32,3.33
99,33,2.17
99,34,2.27
99,35,3.13
99,36,8.33
99,37,2.63
99,38,3.85
99,39,6.25
99,40,2.5
99,41,5.56
99,42,2.78
99,43,3.57
99,44,2.63
99,45,7.14
99,46,2.17
99,47,2.17
99,48,2.63
99,49,2.08
99,50,3.33
99,51,3.13
99,52,7.14
99,53,2.08
99,54,3.57
99,55,2
99,56,3.33
99,57,2
99,58,2.78
99,59,2.38
99,60,2.17
99,61,6.25
99,62,2.27
99,63,7.14
99,64,7.14
99,65,2.08
99,66,10
99,67,3.85
99,68,2.38
99,69,2.63
99,70,2.38
99,71,2.08
99,72,4.17
99,73,6.25
99,74,3.85
99,75,5
99,76,5
99,77,5.56
99,78,2.63
99,79,5
99,80,2
99,81,2.27
99,82,10
99,83,2.78
99,84,3.85
99,85,4.55
99,86,3.13
99,87,3.33
99,88,3.33
99,89,3.57
99,90,3.13
99,91,3.13
99,92,6.25
99,93,10
99,94,3.57
99,95,6.25
99,96,2.63
99,97,10
99,98,4.55
99,99,2.27
99,100,3.33
99,101,2.17
99,102,6.25
99,103,4.17
99,104,2.63
99,105,3.85
99,106,2.94
99,107,3.57
99,108,5
99,109,6.25
99,110,2
99,111,5.56
99,112,2.08
99,113,2.78
99,114,2
99,115,7.14
99,116,3.13
99,117,3.85
99,118,6.25
99,119,3.13
99,120,2.5
99,121,2.94
99,122,3.33
99,123,2.63
99,124,2.17
99,125,2.63
99,126,2.17
99,127,3.57
99,128,2.08
99,129,4.55
99,130,2.27
99,131,2.78
99,132,3.85
99,133,2
99,134,4.55
99,135,2.38
99,136,8.33
99,137,7.14
99,138,2.5
99,139,2
99,140,2.08
99,141,2.94
99,142,6.25
99,143,2.38
99,144,5
99,145,5.56
99,146,4.17
99,147,2.27
99,148,6.25
99,149,2.27
99,150,4.55
99,151,7.14
99,152,2
99,153,2
99,154,2
99,155,8.33
99,156,3.57
99,157,3.85
99,158,2
99,159,3.57
99,160,3.13
99,161,8.33
99,162,6.25
99,163,2.63
99,164,2.17
99,165,3.33
99,166,10
99,167,2.78
99,168,3.33
99,169,8.33
99,170,2.94
99,171,2.17
99,172,5.56
99,173,5
99,174,3.85
99,175,2.94
99,176,3.13
99,177,2.08
99,178,2
99,179,7.14
99,180,6.25
99,181,10
99,182,2.94
99,183,8.33
99,184,3.85
99,185,3.57
99,186,2.38
99,187,2.17
99,188,5
99,189,2.27
99,190,4.17
99,191,2.63
99,192,7.14
99,193,2.5
99,194,2.78
99,195,6.25
99,196,5
99,197,4.55
99,198,2.38
99,199,7.14
99,200,10
100,1,6.25
100,2,6.25
100,3,2.27
100,4,2.27
100,5,2.27
100,6,3.33
100,7,3.57
100,8,2.38
100,9,2.38
100,10,5.56
100,11,2.08
100,12,10
100,13,2.17
100,14,3.33
100,15,3.13
100,16,10
100,17,3.85
100,18,2.63
100,19,5
100,20,2.78
100,21,7.14
100,22,2.63
100,23,5.56
100,24,5.56
100,25,2.17
100,26,4.17
100,27,2.5
100,28,3.13
100,29,4.17
100,30,2.08
100,31,4.55
100,32,2.27
100,33,6.25
100,34,2
100,35,2.78
100,36,7.14
100,37,3.57
100,38,2.08
100,39,4.17
100,40,7.14
100,41,7.14
100,42,2
100,43,5
100,44,8.33
100,45,2.63
100,46,3.85
100,47,10
100,48,2.5
100,49,4.17
100,50,2.27
100,51,2.94
100,52,3.33
100,53,2.94
100,54,2.78
100,55,2.63
100,56,2.27
100,57,8.33
100,58,2
100,59,2.38
100,60,2.5
100,61,2
100,62,2.17
100,63,10
100,64,2.63
100,65,2.78
100,66,7.14
100,67,2.08
100,68,7.14
100,69,3.85
100,70,2.94
100,71,6.25
100,72,2.38
100,73,7.14
100,74,2.5
100,75,2
100,76,4.55
100,77,7.14
100,78,2.63
100,79,2.78
100,80,5.56
100,81,2.38
100,82,2.94
100,83,2.78
100,84,5.56
100,85,3.57
100,86,3.85
100,87,3.85
100,88,3.85
100,89,2
100,90,2.08
100,91,4.55
100,92,2.94
100,93,4.55
100,94,2.27
100,95,7.14
100,96,2.5
100,97,2.63
100,98,2.94
100,99,2.08
100,100,3.33
100,101,2.94
100,102,2.5
100,103,2
100,104,3.33
100,105,6.25
100,106,2.38
100,107,2.17
100,108,3.85
100,109,2.27
100,110,7.14
100,111,5
100,112,2.78
100,113,2.38
100,114,10
100,115,6.25
100,116,3.33
100,117,4.17
100,118,2.5
100,119,2.17
100,120,10
100,121,3.13
100,122,10
100,123,5
100,124,10
100,125,6.25
100,126,5.56
100,127,3.85
100,128,3.85
100,129,2.17
100,130,3.33
100,131,5.56
100,132,2.17
100,133,2.5
100,134,10
100,135,2.78
100,136,8.33
100,137,2.38
100,138,2.94
100,139,4.17
100,140,2
100,141,3.13
100,142,4.55
100,143,2.78
100,144,7.14
100,145,2.08
100,146,3.13
100,147,8.33
100,148,2.78
100,149,5
100,150,8.33
100,151,3.33
100,152,2.5
100,153,2.78
100,154,3.85
100,155,2.78
100,156,2.27
100,157,2.38
100,158,3.57
100,159,3.13
100,160,8.33
100,161,4.17
100,162,2.63
100,163,3.13
100,164,2.63
100,165,2.17
100,166,5
100,167,6.25
100,168,2.17
100,169,5
100,170,2.78
100,171,4.55
100,172,3.13
100,173,2.17
100,174,7.14
100,175,10
100,176,2.08
100,177,10
100,178,5
100,179,2.17
100,180,2.63
100,181,3.13
100,182,2
100,183,2.94
100,184,5.56
100,185,2.38
100,186,6.25
100,187,3.57
100,188,4.55
100,189,2.94
100,190,2.27
100,191,3.13
100,192,3.57
100,193,2.27
100,194,5
100,195,2.38
100,196,2.08
100,197,4.55
100,198,2
100,199,5
100,200,2.27
