Cliente,NOM_MUN,LAT_DEC,LON_DEC,MU,SIGMA
1,Abasolo,27.181944,-101.426389,40.671311775241335,10.983742871140311
2,Abasolo,27.181944,-101.426389,113.98972475547933,30.784200755197137
3,Acacoyagua,15.340965,-92.674617,22.85249235747678,6.1715712885371925
4,Acajete,19.10494,-97.952715,53.79379089801773,14.527615203387642
5,Acajete,19.10494,-97.952715,49.88934496759456,13.473175887758172
6,Acatepec,17.325219,-98.910334,0,0
7,Acayucan,17.948823,-94.913871,76.3591916429634,20.621654189305023
8,Aconchi,29.825963,-110.228498,20.773470596730622,5.610108197065373
9,Acteopan,18.76502,-98.715291,27.3981095558861,7.399166080017579
10,Actopan,20.269047,-98.942901,75.87352833176493,20.49049537737317
11,Acula,18.506031,-95.774584,0,0
12,Agua Blanca de Iturbide,20.349504,-98.356386,55.15986848764496,14.89653974335359
13,Agua Dulce,18.138272,-94.147239,70.76329762871107,19.11042039074048
14,Agua Prieta,31.327815,-109.546351,3.930762661571854,1.0615464433696196
15,Agualeguas,26.310915,-99.539389,69.6867040817194,18.81967425591618
16,Aguascalientes,21.879823,-102.296047,30.419748777776093,8.215193565091122
17,Aguililla,18.734231,-102.78838,7.289734528185903,1.9686743840214431
18,Ahuacuotzingo,17.714089,-98.934908,28.46513338246008,7.687327804754555
19,Ahualulco de Mercado,20.700556,-103.975,3.930762661571854,1.0615464433696196
20,Ahuatlán,18.573011,-98.25523,22.73287085225548,6.139266162445603
21,Ahuazotepec,20.046047,-98.162348,3.789609285410722,1.0234263945815445
22,Ahuehuetitla,18.210768,-98.221355,4.220246704207395,1.1397248485112654
23,Akil,20.267053,-89.346826,18.967185867889018,5.122300793082376
24,Alaquines,22.127894,-99.600389,79.25881692952767,21.404730445765143
25,Alcozauca de Guerrero,17.463524,-98.383888,23.067811066875116,6.229720515502053
26,Aldama,16.917818,-92.688192,106.39615160403133,28.73347135090306
27,Alfajayucan,20.409971,-99.349589,7.749081108235687,2.092726068213145
28,Almoloya,19.703333,-98.403333,5.911694788036549,1.596519331446336
29,Almoloya del Río,19.159386,-99.488842,59.23417695548237,15.996852338033118
30,Alpatláhuac,19.119951,-97.093152,101.1040962130411,27.304292572611153
31,Altamira,22.391553,-97.936687,16.13454862424868,4.357315407233545
32,Altar,30.713339,-111.833572,48.57829327036914,13.119111705794355
33,Altepexi,18.366767,-97.29918,14.804357486187845,3.9980824050950736
34,Altotonga,19.766149,-97.245526,66.0932740648716,17.84922826812484
35,Álvaro Obregón,19.390806,-99.195413,51.82242849197074,13.995226725398254
36,Amacueca,20.010556,-103.596111,49.85106608592375,13.462838247408865
37,Amacuzac,18.600002,-99.369514,74.80411207508652,20.20168755011436
38,Amatenango de la Frontera,15.435011,-92.115158,24.476952398382004,6.610274900860972
39,Amatitán,20.835,-103.73,43.04938729904074,11.625968777841106
40,Amatitlán,18.432344,-95.733279,50.688416622472836,13.688974130049989
41,Amatlán de Cañas,20.807782,-104.405389,64.35397737895391,17.379511734753134
42,Amatlán de los Reyes,18.847578,-96.915484,86.51027257604275,23.363067189437277
43,Amaxac de Guerrero,19.350286,-98.169569,58.64324671968916,15.837265015140668
44,Amealco de Bonfil,20.186444,-100.144195,75.92376936395786,20.504063530331635
45,Ameca,20.548611,-104.043056,26.993788868238116,7.289974753828009
46,Amixtlán,20.049437,-97.798917,98.4126123455619,26.577427235550395
47,Anáhuac,27.240647,-100.132436,48.2242136149141,13.023488532563253
48,Angostura,25.36436,-108.159489,58.071455924731346,15.68284651242287
49,Antiguo Morelos,22.54942,-99.083617,42.15222600988101,11.383680332154187
50,Apaseo el Grande,20.545284,-100.688217,119.43011081294397,32.253437889842616
51,Aporo,19.670836,-100.411128,17.87623774027078,4.827678043127083
52,Apozol,21.470877,-103.09119,113.3318064767622,30.6065225616934
53,Aquila,18.599139,-103.504754,14.727799722846216,3.9774071243964566
54,Aquila,18.599139,-103.504754,12.923907424109041,3.4902458229352926
55,Aquismón,21.621362,-99.019535,88.00554139130897,23.76688126558214
56,Aramberri,24.100586,-99.818067,73.91652050634448,19.96198351451477
57,Arandas,20.705556,-102.340278,17.333156106566086,4.681012770671269
58,Arivechi,28.928645,-109.187092,18.424104234184323,4.975635520626562
59,Arizpe,30.336232,-110.166809,86.92416298410843,23.474842925714174
60,Armadillo de los Infante,22.243591,-100.654675,54.96608164918645,14.844205439085215
61,Arriaga,16.236065,-93.899473,66.73205290275332,18.021737641453925
62,Arteaga,25.450621,-100.849623,111.03028871630443,29.984971935691224
63,Arteaga,25.450621,-100.849623,27.218677298054157,7.350708390880197
64,Ascensión,31.092176,-107.995949,26.22342637461296,7.081929741798175
65,Asientos,22.238317,-102.089275,69.37808059824845,18.736327030599877
66,Astacinga,18.56683,-97.102076,15.034030776212738,4.060108247190925
67,Asunción Cacalotepec,17.035264,-95.956562,98.24035737804323,26.53090785397851
68,Asunción Cuyotepeji,17.930901,-97.674353,59.72940998709854,16.130595560052296
69,Asunción Ixtaltepec,16.50384,-95.057045,52.171723287216935,14.089557693585695
70,Asunción Nochixtlán,17.458936,-97.225199,74.7849726342511,20.196518729939704
71,Asunción Ocotlán,16.759179,-96.721326,12.517194306356627,3.380408394223889
72,Asunción Tlacolulita,16.300263,-95.726305,110.36280071716956,29.804709332100153
73,Atemajac de Brizuela,20.139444,-103.724444,18.902590255069516,5.104856024992918
74,Atempan,19.8399,-97.459279,67.5861504500334,18.252396241747874
75,Atenango del Río,18.104343,-99.107803,14.057919293606945,3.7964984182835573
76,Atenguillo,20.414722,-104.4925,11.399929447589704,3.0786785165284467
77,Atitalaquia,20.059155,-99.221129,33.70455531115294,9.10229232756616
78,Atlahuilco,18.697427,-97.090686,44.18579159864307,11.932867475711202
79,Atlamajalcingo del Monte,17.311655,-98.605085,9.529049105928603,2.573426344455992
80,Atlatlahucan,18.936271,-98.899175,63.138622885905534,17.051291653662588
81,Atlequizayan,20.014008,-97.624086,76.36397650317224,20.622946394348684
82,Atlixtac,17.563679,-98.933232,29.338370370575557,7.923155225223156
83,Atolinga,21.806949,-103.465583,70.90205857476778,19.147894337006726
84,Atotonilco de Tula,20.007767,-99.220191,25.996145514692493,7.020550002224155
85,Atotonilco el Alto,20.550556,-102.504167,107.25024915131141,28.964129951197005
86,Atotonilco el Grande,20.286878,-98.669024,68.97136748049603,18.626489601888476
87,Atoyac,20.010556,-103.516389,71.50734339118755,19.311358275030166
88,Atoyatempan,18.822567,-97.91375,99.98683135427419,27.00256269491571
89,Atzacan,18.906968,-97.083905,62.052459618496144,16.75796110875096
90,Atzalan,19.789076,-97.244143,37.125730360482066,10.02621893378561
91,Atzitzintla,18.897382,-97.327388,45.67627555370044,12.335389346812402
92,Autlán de Navarro,19.771389,-104.365278,20.481594123990654,5.531283689401895
93,Axapusco,19.724458,-98.75833,26.053563837198716,7.036056462748118
94,Axochiapan,18.502406,-98.754079,61.3108062861241,16.557669326983106
95,Axtla de Terrazas,21.436389,-98.875,99.69734731163864,26.924384289774064
96,Axutla,18.188554,-98.389403,5.5217286810151185,1.4912046203877554
97,Ayoquezco de Aldama,16.685666,-96.843114,32.51790997935766,8.781825476737597
98,Ayotlán,20.528056,-102.328333,51.260207417430635,13.843392632767783
99,Ayotoxco de Guerrero,20.097159,-97.410524,115.22421868936313,31.117589656462336
100,Ayotzintepec,17.676709,-96.133271,118.42289773898065,31.981428728151432
101,Azoyú,16.73296,-98.601091,17.251813483015606,4.659045284928988
102,Bacadéhuachi,29.809074,-109.140745,90.97215472079718,24.568048392653555
103,Bacanora,28.983929,-109.400396,98.14705260397062,26.505709855627067
104,Bacerac,30.355278,-108.929799,72.49541702431547,19.57819861654669
105,Bachíniva,28.764943,-107.253622,39.618642529293915,10.699457761534328
106,Bacoachi,30.633276,-109.969269,38.29802111165078,10.342809169483184
107,Banámichi,30.007232,-110.217736,96.37904675679984,26.028240091993382
108,Banderilla,19.591607,-96.940884,18.005428965909783,4.862567579305999
109,Batopilas de Manuel Gómez Morín,27.026652,-107.73971,90.78793760275637,24.518298498472507
110,Baviácora,29.715235,-110.165052,20.287807285532146,5.47894938513352
111,Bavispe,30.480123,-108.940919,56.46852775476596,15.249957822795576
112,Bejucal de Ocampo,15.455393,-92.158407,35.20221655652359,9.506752506232857
113,Bella Vista,15.582928,-92.244765,30.843208906259488,8.329553711455347
114,Benemérito de las Américas,16.515828,-90.653302,20.125122038431183,5.435014413648959
115,Benito Juárez,19.371992,-99.157853,14.467024841463786,3.9069819495167923
116,Benito Juárez,19.371992,-99.157853,11.864060887848341,3.2040224057638125
117,Benito Juárez,19.371992,-99.157853,10.323335900598021,2.787932381704144
118,Benjamín Hill,30.167163,-111.117922,20.857205650385527,5.632721785329485
119,Berriozábal,16.800321,-93.273271,37.290808037687455,10.070800007792004
120,Boca del Río,19.105439,-96.106651,57.052280700245895,15.407606838122533
121,Bochil,16.996383,-92.890219,27.871810716562447,7.527094379340273
122,Bocoyna,27.840743,-107.589253,35.01321457827394,9.455710407008144
123,Bokobá,21.00694,-89.179525,62.315626929983004,16.829032386152456
124,Bolaños,21.831667,-103.780556,20.30455429626313,5.483472102786343
125,Buctzotz,21.201897,-88.794462,62.4256787147866,16.858753102156715
126,Buenavista de Cuéllar,18.457887,-99.405342,13.892841616401554,3.7519173442771643
127,Burgos,24.94664,-98.79901,26.96268727688058,7.281575421044195
128,Bustamante,26.534664,-100.502706,55.86563536845061,15.087139987293966
129,Bustamante,26.534664,-100.502706,60.16004740589521,16.24689401398202
130,Cacahoatán,14.989789,-92.16811,118.42289773898065,31.981428728151432
131,Cacalchén,20.983099,-89.22818,19.40978543720782,5.241829759621256
132,Cadereyta de Montes,20.695023,-99.815633,28.26656168379273,7.633701295442518
133,Cadereyta Jiménez,25.591008,-100.001594,4.866202832402404,1.3141725294058468
134,Calcahualco,19.122291,-97.085264,2.9426890284439318,0.7947061018530931
135,Calihualá,17.532858,-98.278376,8.86156110679376,2.3931637408649244
136,Calkiní,20.371226,-90.050739,12.199001102467975,3.294476758820262
137,Calotmul,21.019289,-88.177046,14.885700109738329,4.020049890837354
138,Calvillo,21.846907,-102.718751,5.87580833647016,1.5868277936188593
139,Camarón de Tejeda,19.021175,-96.614976,15.924014775059197,4.300458385312348
140,Camocuautla,20.038488,-97.757727,9.069702525878819,2.4493746602642896
141,Canatlán,24.527263,-104.778374,16.802036623383522,4.537578010824612
142,Candelaria,18.183451,-91.046294,10.136726352452797,2.737536385001265
143,Canelas,25.122971,-106.545633,19.608357135875178,5.295456268933295
144,Cansahcab,21.158103,-89.102341,84.8666730943021,22.91919475693884
145,Cañadas de Obregón,21.148611,-102.685278,1.9713624060469916,0.5323884779893893
146,Cañitas de Felipe Pescador,23.606976,-102.72659,12.431066822597293,3.357148703437945
147,Capitán Luis Ángel Vidal,15.601128,-92.629098,26.3286932992077,7.110358252758773
148,Capulálpam de Méndez,17.306421,-96.44598,97.75230163674033,26.399102939524823
149,Carbó,29.684689,-110.954431,9.861596890443812,2.66323459499061
150,Cárdenas,22.000904,-99.642505,60.15526254568636,16.245601808938353
151,Cárdenas,22.000904,-99.642505,3.114943995962601,0.8412254834249815
152,Cardonal,20.613389,-99.117069,2.8182826630137816,0.7611087707178404
153,Carichí,27.916532,-107.05681,6.560043346335984,1.7716131148627492
154,Carlos A. Carrillo,18.371734,-95.74476,10.320943470493596,2.7872862791823123
155,Carmen,18.637789,-91.83645,107.30766747381763,28.979636411720968
156,Casas,23.727134,-98.737842,17.383397138759033,4.694580923629736
157,Casas Grandes,30.375704,-107.948805,10.639136674382247,2.8732179145859393
158,Castaños,26.785278,-101.430556,54.33687253172243,14.674280475843458
159,Castillo de Teayo,20.749733,-97.632749,6.595929797902374,1.781304652690226
160,Catemaco,18.424615,-95.112339,19.443279458669785,5.250875194926902
161,Caxhuacan,20.063958,-97.606617,58.695880181986524,15.851479270620967
162,Cazones de Herrera,20.703285,-97.312321,12.227710263721086,3.3022299890822433
163,Cedral,23.819332,-100.726606,40.13540743184992,10.839015906249992
164,Celaya,20.521524,-100.813573,4.973862187101572,1.3432471428882768
165,Celestún,20.860092,-90.399464,5.256168939423836,1.4194872404644274
166,Cenotillo,20.965772,-88.60442,6.44999156153239,1.7418923988584871
167,Cerritos,22.427666,-100.279597,11.971720242547509,3.2330970192462427
168,Cerro Azul,21.191467,-97.742319,27.70912546946148,7.4831594078557115
169,Cerro de San Pedro,22.217785,-100.800463,8.16775637651023,2.2057940095337076
170,Chacaltianguis,18.305336,-95.84139,71.44274777836804,19.293913506940708
171,Chacsinkín,20.172601,-89.016409,12.727728155546112,3.4372654161450864
172,Chahuites,16.287609,-94.195824,3.4642387912087917,0.935556451612422
173,Chalcatongo de Hidalgo,17.032029,-97.570989,40.77418626973165,11.011525279579079
174,Chalchihuitán,16.963405,-92.618395,15.579504840021857,4.207419622168572
175,Chalchihuites,23.47735,-103.884046,11.423853748633963,3.085139541746764
176,Charo,19.747488,-101.046857,75.25149650461418,20.322508721696906
177,Chavinda,20.006939,-102.458585,10.337690481224577,2.7918089968351345
178,Chemax,20.655016,-87.937328,9.770684546475625,2.638682699161002
179,Chenalhó,16.894277,-92.626148,83.62739430020946,22.584513650629976
180,Chiapilla,16.570493,-92.720025,87.79022268191063,23.708732038617278
181,Chiautla,19.548652,-98.881349,23.610892700579807,6.376385787957867
182,Chichimilá,20.63127,-88.217397,11.359258135814462,3.067694773657306
183,Chicoasén,16.967255,-93.105235,64.43292757239998,17.400833117973583
184,Chicomuselo,15.744936,-92.283287,30.847993766468342,8.330845916499012
185,Chiconamel,21.230556,-98.459513,45.59971779035882,12.314714066113787
186,Chiconcuautla,20.094768,-97.939626,24.84299420435918,6.709128586701236
187,Chiconquiaco,19.742096,-96.818808,11.780325834193432,3.1814088174996997
188,Chicxulub Pueblo,21.137289,-89.515076,26.599037901007833,7.183367837725765
189,Chietla,18.519365,-98.578353,61.3012365657064,16.55508491689578
190,Chignautla,19.813925,-97.389418,30.666169078531965,8.281742124839795
191,Chihuahua,28.636794,-106.076307,6.787324206256451,1.8329928544367686
192,Chikindzonot,20.333655,-88.486486,41.46799100001518,11.198895010910297
193,Chila,17.970016,-97.86166,12.562650478340721,3.392684342138693
194,Chila de la Sal,18.1091,-98.484322,28.74026284446907,7.76162959476521
195,Chilapa de Álvarez,17.594232,-99.177682,5.031280509607796,1.3587536034122398
196,Chilchota,19.849207,-102.119437,3.9068383605275945,1.0550854181513019
197,Chilcuautla,20.330831,-99.231693,16.093877312473438,4.346331664362405
198,Chilón,17.105491,-92.271528,117.72430814848826,31.79276679177655
199,Chilpancingo de los Bravo,17.551649,-99.501063,16.54843903231437,4.469091143510443
200,Chimalhuacán,19.416908,-98.945299,62.92091174640277,16.992496324175896
201,Chimaltitán,21.778611,-103.780556,27.221069728158586,7.351354493402028
202,China,25.705914,-99.239317,50.58314969787809,13.66054561908939
203,Chinameca,18.017778,-94.683056,22.297448573249955,6.021675503472219
204,Chinampa de Gorostiza,21.359599,-97.735338,56.164689131503856,15.16790280252294
205,Chinantla,18.200502,-98.263164,66.94258675194281,18.078594663375124
206,Choix,26.707011,-108.322352,12.67030983303989,3.421758955621123
207,Chontla,21.293435,-97.92493,98.66381750652663,26.645268000342735
208,Chumatlán,20.207533,-97.594636,26.515302847352924,7.160754249461651
209,Churintzio,20.15096,-102.065921,73.82321573227188,19.936785516163333
210,Cihuatlán,19.238333,-104.563056,50.5472632463117,13.650854081261913
211,Ciudad del Maíz,22.399846,-99.600574,60.30120078205634,16.28501406277009
212,Ciudad Fernández,21.943512,-100.011022,90.08695558215956,24.32899045957579
213,Ciudad Madero,22.246279,-97.837,36.94390567254569,9.977115142126394
214,Coacoatzintla,19.653106,-96.945141,53.231569823477635,14.375781110757174
215,Coalcomán de Vázquez Pallares,18.777099,-103.159555,41.83881766620121,11.299040901794223
216,Coapilla,17.130791,-93.159022,87.54619481125918,23.642829581390437
217,Coatecas Altas,16.536759,-96.664981,28.084736995856357,7.584597503783302
218,Coatepec,20.062145,-97.732266,14.684735980966549,3.965777279003485
219,Coatepec Harinas,18.925711,-99.768519,62.4256787147866,16.858753102156715
220,Coatlán del Río,18.744186,-99.434801,70.8757418436191,19.140787209266573
221,Coatzacoalcos,18.137883,-94.453001,44.53030153368041,12.02590623885498
222,Coatzingo,18.615143,-98.174216,45.1188393393692,12.184847459225598
223,Coatzintla,20.482363,-97.460782,29.670918155090767,8.012963475757774
224,Cochoapa el Grande,17.192967,-98.45528,68.05506675050088,18.379032336026903
225,Cocula,18.235866,-99.66119,16.928835418918098,4.571821444481697
226,Cocula,18.235866,-99.66119,106.66171134562262,28.805188730826387
227,Coetzala,18.785636,-96.916692,92.06549527851982,24.863317245130673
228,Cohuecan,18.783205,-98.720489,86.4696012642675,23.352083446566134
229,Coicoyán de las Flores,17.272898,-98.276094,110.69774093178921,29.895163685156604
230,Colima,19.242922,-103.728119,57.75087029073827,15.596268774497412
231,Colón,20.788326,-100.045431,110.20250790017303,29.761420463137423
232,Comala,19.323199,-103.758801,73.70120179694615,19.90383428754991
233,Comalcalco,18.266048,-93.225017,32.42221277518062,8.755981375864325
234,Comapa,19.164629,-96.886231,103.28360003817315,27.892891969999905
235,Comitán de Domínguez,16.252461,-92.135835,54.501950208927816,14.718861549849851
236,Comonfort,20.720048,-100.761202,24.144404613866797,6.520466650326354
237,Compostela,21.23753,-104.900597,27.94597604979965,7.547123557517058
238,Concepción Buenavista,17.878533,-97.400233,18.187253653846156,4.911671370965215
239,Concepción del Oro,24.613169,-101.420484,53.13348018919616,14.34929090736207
240,Concepción Pápalo,17.841365,-96.88136,63.03814082151964,17.02415534774565
241,Coneto de Comonfort,24.979125,-104.768917,28.627818629561048,7.731262776239117
242,Conkal,21.073894,-89.521284,18.809285480996905,5.079658026641479
243,Constancia del Rosario,17.037822,-97.941458,71.51212825139639,19.312650480073827
244,Contepec,19.955269,-100.164457,28.718730973529237,7.755814672068725
245,Copainalá,17.093611,-93.210556,52.578436404969345,14.199395122297096
246,Copalillo,18.034151,-99.041724,96.16851290761035,25.971383070072186
247,Copanatoyac,17.461845,-98.713463,34.16390189120272,9.226344011757863
248,Coquimatlán,19.200979,-103.810541,43.97525774945359,11.876010453790006
249,Córdoba,18.894384,-96.935349,18.08437915935584,4.8838889625264486
250,Coroneo,20.198611,-100.364444,27.9411911895908,7.545831352473395
251,Cortazar,20.483506,-100.963729,0,0
252,Cosalá,24.411346,-106.691535,0,0
253,Cosautlán de Carvajal,19.332644,-96.991364,0,0
254,Cosío,22.366409,-102.300044,110.20729276038189,29.762712668181084
255,Cosoleacaque,17.998595,-94.635694,24.673131666944936,6.66325530765118
256,Cosoltepec,18.141977,-97.790672,45.149940930726736,12.193246792009411
257,Cotaxtla,18.835526,-96.39542,45.84374566101027,12.380616523340628
258,Coxcatlán,18.266533,-97.147113,111.68102970470828,30.160711821629466
259,Coxcatlán,18.266533,-97.147113,47.456243551393364,12.81608962305525
260,Coxquihui,20.184737,-97.586271,75.42135904202841,20.368382000746962
261,Coyotepec,19.775508,-99.20798,47.398825228887134,12.800583162531286
262,Coyuca de Benítez,17.009002,-100.089367,72.09588119687633,19.470299495400784
263,Coyutla,20.247122,-97.657697,38.63774618647927,10.434555727583296
264,Cozumel,20.503784,-86.957588,46.48730935910084,12.554418101713377
265,Cuajinicuilapa,16.471986,-98.416745,54.79382668166778,14.797686057513328
266,Cualác,17.742762,-98.660728,45.2384608445905,12.217152585317187
267,Cuapiaxtla,19.296661,-97.769375,36.30512683466396,9.804605768797309
268,Cuapiaxtla de Madero,18.916873,-97.825298,38.96072425057677,10.521779568030587
269,Cuauhtémoc,19.328774,-103.601861,42.123516848627894,11.375927101892206
270,Cuauhtémoc,19.328774,-103.601861,49.45870754879789,13.356877433828451
271,Cuautepec,16.749003,-99.001546,30.541762713101814,8.248144793704542
272,Cuautepec,16.749003,-99.001546,54.657458165715504,14.760858213768916
273,Cuautitlán,19.665061,-99.17863,113.4609977024012,30.641412097872315
274,Cuautitlán Izcalli,19.656996,-99.209286,29.40296598339506,7.940599993312614
275,Cuautla,20.201389,-104.4075,25.17554198887439,6.798936837235853
276,Cuautla,20.201389,-104.4075,6.926085152313157,1.870466800703012
277,Cuaxomulco,19.355807,-98.103122,22.665882809331553,6.121175291834312
278,Cucurpe,30.329204,-110.705755,31.288200905682718,8.44972878051606
279,Cuerámaro,20.626478,-101.670386,22.606072056720905,6.105022728788518
280,Cuernavaca,18.921783,-99.234897,50.150119848977,13.543601062637839
281,Cuetzala del Progreso,18.134141,-99.831486,21.23999446709368,5.73609818882257
282,Cuichapa,18.77351,-96.869224,34.269168815797464,9.254772522718461
283,Cuilápam de Guerrero,16.996001,-96.780591,23.49127119535851,6.344080661866278
284,Cuitláhuac,18.814539,-96.722323,112.97533439120274,30.51025328594046
285,Cumpas,29.993564,-109.782497,40.54690540981119,10.95014554000506
286,Cuncunul,20.641163,-88.296631,22.237637820639307,6.005522940426424
287,Cunduacán,18.065363,-93.1743,92.0894195795641,24.869778270348995
288,Cuquío,20.9275,-103.023889,11.359258135814462,3.067694773657306
289,Cutzamala de Pinzón,18.465244,-100.578513,44.79346884516727,12.096977516256475
290,Cuyamecalco Villa de Zaragoza,17.965083,-96.831376,56.55944009873414,15.274509718625184
291,Cuzamá,20.741484,-89.316961,93.04399919123006,25.127573176559878
292,Degollado,20.4475,-102.135,42.34362041823508,11.435368533900728
293,Delicias,28.193333,-105.471111,88.03185812245765,23.77398839332229
294,Divisaderos,29.614976,-109.470258,43.850851384023436,11.842413122654753
295,Doctor Arroyo,23.674692,-100.182256,94.64692736119544,25.560461866187172
296,Doctor Coss,25.925897,-99.184372,36.2261766412179,9.78328438557686
297,Doctor González,25.858829,-99.941869,41.726373451293185,11.268674083268127
298,Doctor Mora,21.14264,-100.318949,90.93626826923077,24.558356854826073
299,Dolores Hidalgo Cuna de la Independencia Nacional,21.1592,-100.917236,41.87470411776759,11.3087324396217
300,Dzemul,21.211503,-89.308814,25.910018030933156,6.997290311438211
301,Dzidzantún,21.246678,-89.042975,28.15411746888471,7.603334476916424
302,Dzilam de Bravo,21.393229,-88.89188,31.178149120879123,8.420008064511798
303,Dzitás,20.839866,-88.527822,34.30744769746828,9.265110163067769
304,Dzoncauich,21.129164,-88.890931,45.6164648010898,12.319236783766607
305,Ebano,22.212339,-98.377803,21.73761992881428,5.870487513363581
306,Ecatepec de Morelos,19.599069,-99.049159,26.587075750485702,7.180137325116605
307,Ecuandureo,20.162616,-102.194566,68.48570416929755,18.495330789956622
308,Ejutla,19.906389,-104.161944,51.10709189074738,13.80204207137055
309,El Barrio de la Soledad,16.803935,-95.11219,43.68577370681805,11.79783204864836
310,El Bosque,17.06221,-92.721409,16.782897182548115,4.532409190649958
311,El Espinal,16.48571,-95.042836,59.03082039660616,15.941933623677416
312,El Fuerte,26.421599,-108.619966,91.28317063437254,24.652041720491685
313,El Grullo,19.8075,-104.215556,51.300878729205884,13.854376375638926
314,El Limón,19.824444,-104.152222,95.52255677941534,25.7969353891776
315,El Naranjo,22.522036,-99.322509,55.44456767007164,14.973425943451574
316,El Parral,16.366228,-93.006711,56.53312336758546,15.267402590885036
317,El Plateado de Joaquín Amaro,21.936653,-103.092394,13.739726089718294,3.7105667828799302
318,El Salto,20.519444,-103.181667,50.51616165495417,13.6424547484781
319,El Salvador,24.520577,-100.86783,18.560472750136608,5.012463364370974
320,El Tule,27.053613,-106.266253,9.990788116082813,2.6981241311695263
321,Eloxochitlán,20.746718,-98.809141,20.787825177357174,5.613984812196363
322,Emiliano Zapata,16.539172,-92.896724,99.41025569910754,26.846851987154253
323,Emiliano Zapata,16.539172,-92.896724,30.81449974500638,8.321800481193367
324,Emiliano Zapata,16.539172,-92.896724,16.849885225472043,4.550500061261248
325,Empalme,27.957604,-110.816095,26.173185342420012,7.068361588839707
326,Encarnación de Díaz,21.524444,-102.233056,49.15965378574465,13.27611461859948
327,Ensenada,31.808944,-116.595134,96.02975196155364,25.93390912380594
328,Epitacio Huerta,20.134689,-100.293722,70.0192518662346,18.909482506450797
329,Erongarícuaro,19.588253,-101.720086,47.10455632604275,12.721112552345978
330,Escárcega,18.604315,-90.732001,15.153652281434036,4.092413373282514
331,Escobedo,27.234722,-101.4125,43.94894101830491,11.868903326049855
332,Escuintla,15.319269,-92.658558,42.633104460870626,11.513546939042376
333,Esperanza,18.858357,-97.375126,7.823246441472892,2.1127552463899306
334,Espinal,20.259428,-97.398514,14.313909314780524,3.8656313881195583
335,Espita,21.011053,-88.306823,50.78172139654545,13.714172128401428
336,Etchojoa,26.910833,-109.625278,4.739404036867828,1.2799290957487621
337,Ezequiel Montes,20.665295,-99.898406,47.874918819667904,12.929157564375812
338,Felipe Carrillo Puerto,19.57851,-88.046587,62.01178830672091,16.746977365879818
339,Filomeno Mata,20.200246,-97.703739,10.04581400848461,2.7129844891716575
340,Francisco I. Madero,25.775,-103.273056,14.16318621820169,3.824926929244156
341,Fresnillo,23.174895,-102.868229,55.643139368739,15.027052452763611
342,Frontera,26.926111,-101.449444,48.961082087077294,13.222488109287442
343,Frontera,26.926111,-101.449444,78.17983095243154,21.113338208419005
344,Frontera Comalapa,15.660164,-92.14105,59.55715501957987,16.08407617848041
345,Frontera Hidalgo,14.777838,-92.175983,45.41310824221359,12.264318069410905
346,Fronteras,30.898246,-109.560008,22.548653734214682,6.089516268264555
347,Galeana,30.112949,-107.616744,112.69542006898489,30.43465929088614
348,García,25.800492,-100.585469,73.81843087206303,19.935493311119668
349,Genaro Codina,22.487614,-102.456574,13.239708197893268,3.5755313558170876
350,General Cepeda,25.379908,-101.479292,12.84256480055856,3.468278337193012
351,General Enrique Estrada,22.995123,-102.740013,52.109520104501854,14.072759028018067
352,General Pánfilo Natera,22.664371,-102.109923,4.3422606395331185,1.1726760771246862
353,General Simón Bolívar,24.689074,-103.225975,9.806570998042014,2.648374236988479
354,General Treviño,26.226969,-99.484081,34.57300743905956,9.336827542991097
355,General Zaragoza,23.973261,-99.772392,33.59689595645377,9.07321771408373
356,General Zuazua,25.896978,-100.108247,12.696626564188575,3.4288660833612727
357,Gómez Farías,29.357019,-107.738655,52.8320339960385,14.267881989611267
358,Gómez Palacio,25.570107,-103.496417,8.703660719901645,2.3505209744240267
359,Granados,29.862293,-109.310522,80.35694234745918,21.70129150328593
360,Guachinango,20.576389,-104.377222,27.24020916899399,7.356523313576682
361,Guadalcázar,22.617911,-100.399572,27.041637470326638,7.302896804264645
362,Guadalupe,31.390107,-106.101754,18.50305442763038,4.9969569038470105
363,Guadalupe,31.390107,-106.101754,6.9954656253415095,1.8892037738361338
364,Guadalupe,31.390107,-106.101754,18.204000664577137,4.916194088618037
365,Guadalupe Etla,17.171637,-96.810576,40.17368631352073,10.849353546599302
366,Guadalupe Victoria,24.446433,-104.12366,9.069702525878819,2.4493746602642896
367,Guadalupe Victoria,24.446433,-104.12366,7.404571173198349,1.9996873050693686
368,Guadalupe y Calvo,26.094516,-106.964369,67.23207079457836,18.15677306851677
369,Guanaceví,25.931662,-105.954432,39.31001904582296,10.616110536218027
370,Guanajuato,21.016098,-101.253621,12.167899511110438,3.286077426036449
371,Guasave,25.565547,-108.471818,8.409391817057251,2.2710503642387176
372,Guelatao de Juárez,17.318173,-96.493683,88.96490586318377,24.025968376836683
373,Guerrero,28.308418,-100.378726,35.87927427607614,9.689599519911251
374,Guevea de Humboldt,16.792614,-95.368056,93.19711471791331,25.168923737957112
375,Gutiérrez Zamora,20.451932,-97.087566,50.82717756852954,13.726448076316231
376,Halachó,20.477756,-90.082148,39.96554489443567,10.793142627199936
377,Hecelchakán,20.176966,-90.134517,39.72151702378423,10.727240169973095
378,Hermenegildo Galeana,20.121734,-97.744621,9.741975385222513,2.6309294688990206
379,Hermosillo,29.0749,-110.958535,17.469524622518367,4.71784061441568
380,Heroica Ciudad de Ejutla de Crespo,16.564276,-96.731901,23.079773217397246,6.232951028111212
381,Heroica Ciudad de Huajuapan de León,17.806837,-97.776236,54.44692431652602,14.70400119184772
382,"Heroica Villa Tezoatlán de Segura y Luna, Cuna de la Independencia de Oaxaca",17.654466,-97.808338,18.098733739982393,4.887765577657439
383,Hidalgo,27.791681,-99.876055,56.396754851633176,15.230574747140622
384,Hidalgo,27.791681,-99.876055,13.11530183246312,3.541934024681835
385,Hidalgo,27.791681,-99.876055,16.03406655986279,4.33017910131661
386,Hidalgo del Parral,26.922088,-105.667143,89.7591926578532,24.24047441408484
387,Hidalgotitlán,17.771017,-94.646516,45.62124966129865,12.320528988810272
388,Higueras,25.961956,-100.01435,33.013143010973835,8.915568698756775
389,Hocabá,20.81624,-89.245099,15.854634302030842,4.281721412179226
390,Hoctún,20.865212,-89.202066,14.715837572324087,3.974176611787298
391,Homún,20.739488,-89.285661,39.589933368040796,10.691704531272347
392,Honey,20.239214,-98.212138,13.218176326953435,3.5697164331206017
393,Hopelchén,19.745548,-89.845044,48.05913593770871,12.97890745855686
394,Hostotipaquillo,21.058056,-104.050278,10.497983298221115,2.835097865797864
395,Huachinera,30.211274,-108.958829,53.57607975851497,14.468819873900951
396,Huajicori,22.637261,-105.319985,72.90213014206788,19.688036045258094
397,Huamantla,19.31266,-97.923103,80.65599611051242,21.782054318514902
398,Huamuxtitlán,17.802174,-98.565287,17.861883159644226,4.823801427996092
399,Huandacareo,19.988704,-101.275853,46.1236599832281,12.456210518394947
400,Huásabas,29.904188,-109.301469,117.86546152464938,31.830886840564624
401,Huasca de Ocampo,20.203611,-98.577615,36.68313079116326,9.906689967246729
402,Huatlatlauca,18.678774,-98.050772,30.36950774558315,8.201625412132655
403,Huauchinango,20.174698,-98.05134,60.39450555612896,16.310212061121533
404,Huautla,21.031387,-98.286821,76.31373547097931,20.609378241390218
405,Huayacocotla,20.537277,-98.479152,31.063312475866677,8.388995143463871
406,Huehuetla,20.460306,-98.078424,76.31852033118815,20.61067044643388
407,Huehuetla,20.460306,-98.078424,69.6867040817194,18.81967425591618
408,Huehuetlán,21.546249,-98.966354,24.051099839794183,6.495268651974915
409,Huehuetoca,19.833622,-99.204138,88.33091188551091,23.854751208551264
410,Huejotzingo,19.159008,-98.408033,92.4506765253324,24.96733975114559
411,Huejúcar,22.362222,-103.211667,36.14244158756299,9.760670797312747
412,Huejuquilla el Alto,22.628611,-103.894167,97.81450481945542,26.415901605092454
413,Hueyapan,19.882558,-97.445863,30.556117293728374,8.252021408835533
414,Hueyapan de Ocampo,18.151858,-95.142684,71.88056248747799,19.412150268435923
415,Hueyotlipan,19.469988,-98.348498,66.25117445176372,17.89187103456574
416,Hueytamalco,19.939479,-97.289041,89.56301338929028,24.18749400729463
417,Huhí,20.724991,-89.162199,25.90284074061988,6.995352003872716
418,Huiloapan de Cuauhtémoc,18.816577,-97.15592,111.86285439264465,30.209815613288683
419,Huimilpan,20.375245,-100.274334,28.53929871569729,7.707356982931341
420,Huitiupán,17.173232,-92.685932,88.30698758446664,23.848290183332946
421,Huitzilac,19.029033,-99.267453,15.490984926158099,4.183513828860796
422,Huixtán,16.712151,-92.454597,67.50720025658734,18.231074858527425
423,Hunucmá,21.016154,-89.877052,47.55433318567483,12.842579826450354
424,Iguala de la Independencia,18.344549,-99.538368,36.91041165108373,9.96806970682075
425,Igualapa,16.743713,-98.476618,64.87313471161436,17.51971598199063
426,Iliatenco,17.045531,-98.685811,67.35886959011293,18.191016502173852
427,Indé,25.912021,-105.223791,33.03228245180924,8.920737518931428
428,Irapuato,20.672801,-101.348117,79.34255198318257,21.427344034029257
429,Ixcateopan de Cuauhtémoc,18.502452,-99.793569,86.6609956726216,23.40377164831268
430,Ixcatepec,21.237634,-98.005952,88.3691907671817,23.86508884890057
431,Ixhuacán de los Reyes,19.355946,-97.11528,86.91937812389958,23.47355072067051
432,Ixhuatán,17.293271,-93.008382,11.701375640747376,3.160087434279251
433,Ixhuatlán del Café,19.051157,-96.984325,73.65096076475321,19.890266134591442
434,Ixhuatlán del Sureste,18.022754,-94.393728,11.63199516771902,3.1413504611461294
435,Ixil,21.153,-89.481211,35.85056511482302,9.68184628964927
436,Ixmatlahuacan,18.448569,-95.829882,38.21189362789145,10.31954947869724
437,Ixmiquilpan,20.484868,-99.218774,76.46685099766256,20.65072880278745
438,Ixtacamaxtitlán,19.623603,-97.81657,69.81589530735839,18.854563792095092
439,Ixtaczoquitlán,18.851066,-97.063067,16.01014225881853,4.3237180760982925
440,Ixtapa,16.803525,-92.905903,23.275952485960172,6.285931434901418
441,Ixtapaluca,19.313104,-98.884247,34.266776385693035,9.254126420196629
442,Ixtapan de la Sal,18.844606,-99.675823,57.76522487136483,15.600145389628402
443,Ixtenco,19.251144,-97.895111,33.805037375538824,9.129428633483094
444,Ixtepec,20.024937,-97.646779,104.29320554224091,28.16554723421292
445,Ixtlahuacán,19.001184,-103.738593,83.7685476763706,22.622633699418053
446,Ixtlán de Juárez,17.331529,-96.487802,27.17561355617449,7.339078545487223
447,Izúcar de Matamoros,18.602231,-98.465406,77.90709392052699,21.039682520930185
448,Jala,21.104821,-104.438217,94.47467239367677,25.513942484615285
449,Jalacingo,19.805966,-97.308682,44.216893190000604,11.941266808495014
450,Jalapa,17.719729,-92.812171,13.722979078987313,3.706044065227108
451,Jalostotitlán,21.168611,-102.461111,112.5494818326149,30.395247037054403
452,Jalpa de Méndez,18.176848,-93.062597,39.26934773404772,10.605126793346887
453,Jalpan,20.480096,-97.942631,117.69799141733958,31.7856596640364
454,Jesús Carranza,17.434927,-95.026253,32.35043987204784,8.736598300209371
455,Jesús María,21.961273,-102.343416,45.05663615665412,12.16804879365797
456,Jilotlán de los Dolores,19.370556,-103.019722,68.95462046976505,18.62196688423565
457,Jiménez del Teul,23.25411,-103.798384,35.60653724417158,9.615943832422428
458,Jiquipilas,16.667721,-93.650475,35.297913760700624,9.532596607106127
459,Jiquipilco,19.557599,-99.6086,55.0258924017971,14.86035800213101
460,Jitotol,17.067968,-92.862336,35.750083050437134,9.654709983732335
461,Jiutepec,18.881974,-99.177198,26.058348697407567,7.037348667791782
462,Jojutla,18.616566,-99.181044,8.442885838519215,2.2800957995443625
463,Jolalpan,18.320517,-98.844298,59.03560525681501,15.94322582872108
464,Jonacatepec de Leandro Valle,18.68069,-98.803223,86.76865502732075,23.43284626179511
465,Jonotla,20.03038,-97.574905,48.64288888318863,13.136556473883813
466,Jonuta,18.090706,-92.138729,27.94597604979965,7.547123557517058
467,Jopala,20.1628,-97.69292,108.94648209534941,29.42221663917574
468,José María Morelos,19.418438,-88.829156,50.15729713929027,13.545539370203333
469,Juan Aldama,24.290481,-103.39359,22.689807110375813,6.127636317052631
470,Juan Aldama,24.290481,-103.39359,48.322303249195556,13.049978735958355
471,Juan Rodríguez Clara,17.994004,-95.401354,71.55758442338049,19.324926427988633
472,Juanacatlán,20.509444,-103.167222,32.391111183823085,8.747582043080511
473,Juárez,27.606506,-100.72712,60.1409079650598,16.241725193807362
474,Juárez,27.606506,-100.72712,24.921944397805234,6.730449969921684
475,Juárez,27.606506,-100.72712,49.25056612971284,13.300666514429087
476,Juárez Hidalgo,20.783717,-98.828861,97.03696503551697,26.20591828549712
477,Juchipila,21.411504,-103.119243,11.41906888842511,3.0838473367031005
478,Juchique de Ferrer,19.841161,-96.69473,11.82817443628195,3.1943308679363356
479,Juchitán,16.627071,-98.636714,12.519586736461052,3.381054496745721
480,Juchitlán,20.083611,-104.098333,38.546833842511084,10.41000383175369
481,Julimes,28.423056,-105.430556,37.59703909105398,10.153501130586472
482,Kanasín,20.93464,-89.558059,73.27295680825391,19.78818193614202
483,Kantunil,20.79644,-89.036519,27.857456135935887,7.523217764209282
484,Kaua,20.620086,-88.414617,100.41746877307087,27.118861148845433
485,Kinchil,20.916462,-89.947583,21.567757391400036,5.8246142343135245
486,Kopomá,20.64897,-89.899526,43.98482746987129,11.878594863877332
487,La Barca,20.290278,-102.541944,38.381756165305696,10.365422757747297
488,La Compañía,16.55823,-96.81998,30.972400131898493,8.364443247634265
489,La Concordia,16.116716,-92.687934,86.50548771583391,23.361774984393616
490,La Cruz,27.863889,-105.196389,35.73333603970615,9.650187266079511
491,La Cruz,27.863889,-105.196389,47.451458691184506,12.814797418011585
492,La Grandeza,15.51013,-92.22588,45.66192097307389,12.331512731681412
493,La Huerta,19.485,-104.643333,33.453350150188214,9.034451562773823
494,La Magdalena Tlaltelulco,19.277355,-98.194962,19.098769523632445,5.1578364317831245
495,La Magdalena Tlatlauquitepec,18.75852,-98.100701,109.41061353560804,29.547560528411104
496,La Manzanilla de la Paz,20.004444,-103.15,77.98843654407747,21.061650006672465
497,La Misión,21.099419,-99.123187,19.608357135875178,5.295456268933295
498,La Paz,24.142222,-110.310833,50.19557602096109,13.555877010552642
499,La Pe,16.629959,-96.799658,21.59646655265315,5.832367464575507
500,La Perla,18.927619,-97.134024,22.577362895467793,6.097269498526537
501,La Reforma,16.623315,-97.844498,50.30802023586911,13.586243829078734
502,La Trinidad Vista Hermosa,17.77263,-97.505751,64.19368456195738,17.336222865790404
503,La Trinitaria,16.119059,-92.050469,94.87660065122033,25.62248770828302
504,La Yesca,21.318885,-104.009764,39.764580765663894,10.738870015366066
505,Lagos de Moreno,21.356389,-101.929167,70.31112833897457,18.988307014114273
506,Lagunillas,19.564623,-101.414779,37.08984390891567,10.016527395958132
507,Lampazos de Naranjo,27.025312,-100.504324,33.40071668789084,9.020237307293524
508,Landa de Matamoros,21.183456,-99.321915,65.01668051787992,17.558482133300537
509,Landero y Coss,19.735192,-96.851588,25.247314892007164,6.818319912890806
510,Las Margaritas,16.315947,-91.981568,42.29098695593771,11.42115427842043
511,Las Minas,19.690924,-97.146117,30.65181449790541,8.277865509708805
512,Las Rosas,16.364132,-92.369581,119.37269249043774,32.23793142931865
513,Las Vigas de Ramírez,19.638472,-97.103496,21.71369562777002,5.864026488145263
514,Lerdo,25.536552,-103.524849,75.87831319197377,20.49178758241683
515,Lerdo de Tejada,18.6282,-95.523222,84.34751576164169,22.778990509701345
516,Linares,24.859653,-99.567869,37.295592897896306,10.072092212835667
517,Lolotla,20.841164,-98.717289,57.59536233395058,15.554272110578346
518,Loma Bonita,18.109871,-95.879976,39.05642145475382,10.54762366890386
519,Loreto,26.012778,-111.343333,30.709232820411632,8.293371970232768
520,Loreto,26.012778,-111.343333,68.31823406198774,18.450103613428396
521,Los Aldamas,26.064143,-99.196733,15.359401270414669,4.147978190160047
522,Los Herreras,25.905606,-99.403297,29.48670103704997,7.963213581576727
523,Los Ramones,25.696392,-99.624031,69.51444911420072,18.77315487434429
524,Los Reyes,19.588974,-102.474679,61.62182219969947,16.641662654821236
525,Los Reyes de Juárez,18.946788,-97.813104,35.6735252870955,9.634034703033716
526,Macuspana,17.756431,-92.594071,56.14794212077288,15.163380084870118
527,Madera,29.19,-108.141389,37.953511176613446,10.249770406339406
528,Magdalena,20.906389,-103.976111,50.19796845106551,13.556523113074473
529,Magdalena,20.906389,-103.976111,77.28266966327182,20.87104976273209
530,Magdalena Jaltepec,17.323621,-97.221277,7.7323340975047055,2.088203350560323
531,Magdalena Mixtepec,16.896112,-96.907728,117.24103726739422,31.662254082366534
532,Magdalena Ocotlán,16.709455,-96.712365,44.02549878164653,11.889578606748472
533,Magdalena Teitipac,16.906621,-96.558739,62.71277032731771,16.93628540477653
534,Magdalena Tequisistlán,16.398917,-95.602909,42.101984977688055,11.370112179195718
535,Magdalena Tlacotepec,16.503966,-95.203306,60.365796394875844,16.30245883085955
536,Magdalena Yodocono de Porfirio Díaz,17.385094,-97.354976,93.7210569107826,25.310420190238272
537,Maguarichi,27.859303,-107.993956,25.16836469856111,6.796998529670359
538,Mama,20.477398,-89.365579,58.65042401000243,15.839203322706162
539,Maní,20.387762,-89.39289,44.02549878164653,11.889578606748472
540,Manzanillo,19.053206,-104.316381,23.0941277980238,6.236827643242202
541,Mapastepec,15.441134,-92.891606,37.80518051013903,10.209712049985836
542,Mapimí,25.833324,-103.848194,45.980114176962545,12.41744436708504
543,Marín,25.879302,-100.034049,35.534764341038795,9.596560756767474
544,Mariscala de Juárez,17.860506,-98.141621,19.00307231945541,5.131992330909854
545,Martínez de la Torre,20.073388,-97.05384,80.83782079844879,21.831158110174115
546,Mártires de Tacubaya,16.537986,-98.250913,46.43228346669905,12.539557743711246
547,Mascota,20.525556,-104.782222,30.503483831431,8.237807153355234
548,Matías Romero Avendaño,16.877889,-95.042149,86.35237218915063,23.32042442299638
549,Matlapa,21.337504,-98.826803,23.840565990604702,6.438411630053719
550,Maxcanú,20.585059,-90.00064,39.65213655075588,10.708503196839974
551,Mayapán,20.468744,-89.215171,27.14690439492138,7.331325315225243
552,Mazamitla,19.917222,-103.020278,66.52151905356385,17.964880619532728
553,Mazapa de Madero,15.387966,-92.187735,18.79253847026592,5.0751353089886555
554,Mazapil,24.638097,-101.554967,89.07495764798738,24.055689092840947
555,Mazapiltepec de Juárez,19.119264,-97.703501,36.826676597428815,9.945456118556638
556,Mazatán,14.863025,-92.449471,27.599073684657885,7.45343869185145
557,Mazatepec,18.733184,-99.366972,70.09580962957622,18.93015778714941
558,Mazatlán,23.200316,-106.422221,46.224142047613995,12.483346824311882
559,Mecatlán,20.210656,-97.68174,113.76005146545444,30.722174913101284
560,Mecayapan,18.221457,-94.837643,80.30670131526622,21.68772335032746
561,Melchor Ocampo,19.710414,-99.143458,99.32891307555704,26.82488450141197
562,Melchor Ocampo,19.710414,-99.143458,18.38104049230466,4.964005675233589
563,Melchor Ocampo,19.710414,-99.143458,59.59782633135511,16.09505992135155
564,Méndez,25.116548,-98.586217,88.84289192785806,23.993017148223267
565,Mesones Hidalgo,16.915356,-97.966546,71.92601865946209,19.424426216350728
566,Metepec,20.23841,-98.322164,7.115087130562808,1.9215088999277228
567,Metlatónoc,17.195372,-98.407099,3.366149156927327,0.9090662482173189
568,Metztitlán,20.5947,-98.764144,84.42646595508774,22.800311892921794
569,Mexicali,32.641176,-115.475579,43.13551478280007,11.649228468627049
570,Mexticacán,21.263056,-102.777778,35.86731212555401,9.686369007302092
571,Mezquital del Oro,21.216722,-103.362901,8.758686612303443,2.365381332426158
572,Miacatlán,18.769983,-99.360265,17.560436966486552,4.7423925102452875
573,Miahuatlán de Porfirio Díaz,16.328478,-96.596524,23.75683093694979,6.415798041789605
574,Mier,26.43047,-99.148694,86.33801760852408,23.31654780786539
575,Mier y Noriega,23.423119,-100.119669,3.253704942019307,0.8786994296912249
576,Miguel Auza,24.294446,-103.451449,97.85756856133509,26.427531450485425
577,Minatitlán,19.38611,-104.049637,13.172720154969342,3.557440485205798
578,Mineral del Chico,20.215571,-98.731229,33.75479634334588,9.115860480524628
579,Mineral del Monte,20.140491,-98.67153,4.325513628802137,1.1681533594718638
580,Miquihuana,23.57395,-99.754197,15.029245916003886,4.058816042147261
581,Mixistlán de la Reforma,17.146838,-96.112028,4.686770574570457,1.265714840268463
582,Mixquiahuala de Juárez,20.22938,-99.213798,3.315908124734382,0.8954980952588514
583,Mixtla de Altamirano,18.595618,-96.992734,16.8092139136968,4.539516318390108
584,Mixtlán,20.440556,-104.408889,7.890234484396819,2.1308461170012207
585,Mocochá,21.105684,-89.452056,12.801893488783318,3.4572945943218714
586,Moctezuma,22.749894,-101.085559,12.246849704556494,3.3073988092568976
587,Moctezuma,22.749894,-101.085559,3.5479738448637,0.9581700398765344
588,Molango de Escamilla,20.786498,-98.730814,18.306875159067452,4.943976497056804
589,Molcaxac,18.737901,-97.911859,14.469417271568213,3.9076280520386244
590,Monclova,26.901242,-101.417224,2.1675416746099203,0.5853688847795955
591,Monte Escobedo,22.302785,-103.561643,12.892805832751504,3.4818464901514794
592,Montecristo de Guerrero,15.693918,-92.61926,83.03885649452069,22.42557243025936
593,Morelia,19.703384,-101.192046,38.484630659796004,10.393205166186062
594,Morelos,28.410104,-100.886631,111.92745000546415,30.22726038137814
595,Morelos,28.410104,-100.886631,3.7130515220690916,1.0027511138829275
596,Moris,28.148384,-108.523238,2.0120337178222334,0.5433722208605296
597,Moroleón,20.13187,-101.189209,108.05889052660739,29.18251260357615
598,Moyahua de Estrada,21.265594,-103.165697,36.51087582364459,9.860170585674842
599,Muna,20.483953,-89.713378,48.95868965697286,13.221842006765609
600,Muxupip,21.042823,-89.329891,1.7560436966486554,0.4742392510245288
601,Nacajuca,18.168857,-93.020043,16.404893226048813,4.4303249922005365
602,Naco,31.33116,-109.948507,32.2356032270354,8.705585379161446
603,Nácori Chico,29.686129,-108.978846,3.3541870064051973,0.9058357356081599
604,Nacozari de García,30.373723,-109.68647,26.713874546020282,7.21438075877369
605,Nadadores,27.029031,-101.592023,7.280164807768199,1.9660899739341158
606,Nahuatzen,19.654073,-101.917137,67.18422219248983,18.14385101808013
607,Namiquipa,29.25076,-107.408872,12.813855639305448,3.4605251069310303
608,Nanchital de Lázaro Cárdenas del Río,18.072141,-94.411176,22.878809088625463,6.178678416277341
609,Naranjal,18.810826,-96.961341,1.7991074385283226,0.48586909641750087
610,Natividad,17.296876,-96.433294,11.596108716152633,3.131658923318653
611,Natívitas,19.234508,-98.315194,34.66152735292332,9.360733336298873
612,Naucalpan de Juárez,19.478803,-99.233218,1.9211213738540467,0.5188203250309218
613,Naupan,20.228472,-98.109733,64.31330606717869,17.368527991881994
614,Nautla,20.209192,-96.774147,8.7180153005282,2.3543975895550178
615,Nauzontla,19.959038,-97.60312,27.168436265861214,7.337140237921729
616,Nava,28.421875,-100.767554,21.615605993488558,5.8375362847501595
617,Navojoa,27.081598,-109.445546,5.213105197544169,1.4078573950714552
618,Navolato,24.767219,-107.69676,55.37997205725214,14.955981175362114
619,Nazareno Etla,17.17799,-96.824002,10.084092890155425,2.7233221295209655
620,Nazas,25.227777,-104.113803,20.88591481163864,5.640475015591466
621,Nejapa de Madero,16.608181,-95.98045,17.18961030030053,4.642246619361361
622,Nicolás Bravo,18.613223,-97.305659,2.5766472224667596,0.6958524160128303
623,Nicolás Flores,20.767778,-99.150556,7.00742777586364,1.8924342864452928
624,Nicolás Ruíz,16.437073,-92.585347,3.0814499745006376,0.8321800481193365
625,Nochistlán de Mejía,21.363253,-102.847165,12.57461262886285,3.395914854747852
626,Nogales,31.325898,-110.945785,4.509730746842936,1.217903253652911
627,Nonoava,27.472054,-106.735332,15.27566621675976,4.125364601895935
628,Nopala de Villagrán,20.251744,-99.644328,75.86395861134723,20.487910967285842
629,Nopaltepec,19.778769,-98.709587,20.06052642561168,5.4175696455595
630,Noria de Ángeles,22.442701,-101.908896,97.93173389457229,26.44756062866221
631,Nuevo Casas Grandes,30.413986,-107.912103,2.8326372436403378,0.7649853858488311
632,Nuevo Ideal,24.888313,-105.074205,8.971612891597355,2.4228844568691867
633,Nuevo Laredo,27.486291,-99.508493,11.397537017485279,3.0780324140066146
634,Nuevo Morelos,22.534471,-99.221333,14.34501090613806,3.8740307209033715
635,Nuevo Urecho,19.165872,-101.868847,8.945296160448668,2.415777329129037
636,Nuevo Zoquiápam,17.291322,-96.619984,3.4594539309999393,0.9342642465687583
637,Numarán,20.2549,-101.947197,91.35015867729646,24.670132591102973
638,Oaxaca de Juárez,17.059993,-96.72545,30.436495788507074,8.219716282743944
639,Ocampo,27.311215,-102.397405,5.949973669707365,1.6068569717956447
640,Ocampo,27.311215,-102.397405,6.921300292104305,1.8691745956593484
641,Ocampo,27.311215,-102.397405,1.1914301920041286,0.32175905587222803
642,Ocosingo,16.908038,-92.095827,10.27070243830065,2.773718126223845
643,Ocotepec,17.225029,-93.164405,20.321301306994112,5.487994820439166
644,Ocotepec,17.225029,-93.164405,2.581432082675612,0.697144621056494
645,Ocotlán,20.351389,-102.768056,12.780361617843484,3.4514796716253855
646,Ocoyoacac,19.269281,-99.455695,56.822607410221,15.345580996026682
647,Ocozocoautla de Espinosa,16.761462,-93.375653,7.301696678708033,1.971904896630602
648,Ocuituco,18.877693,-98.775698,19.280594211568822,5.2069402234423405
649,Ojocaliente,22.571967,-102.252934,82.90248797856839,22.388744586514946
650,Ojuelos de Jalisco,21.864167,-101.593333,1.0909481276182382,0.2946227499552931
651,Olinalá,17.778332,-98.741256,6.363864077773056,1.7186327080725432
652,Olintla,20.10175,-97.684695,8.160579086196952,2.203855701968212
653,Oluta,17.928185,-94.896944,10.45491955634145,2.823468020404892
654,Omealca,18.747305,-96.786203,3.1125515658581753,0.8405793809031499
655,Omitlán de Juárez,20.1695,-98.648639,3.8111411563505557,1.0292413172780304
656,Opichén,20.550651,-89.856244,9.959686524725276,2.689724798385713
657,Opodepe,29.926764,-110.631345,27.25217131951612,7.359753826185841
658,Oquitoa,30.742054,-111.734818,9.971648675247407,2.692955310994872
659,Oriental,19.375803,-97.619351,62.66731415533362,16.924009456861725
660,Orizaba,18.850961,-97.098914,2.468987867767592,0.6667778025304001
661,Ostuacán,17.405591,-93.337136,13.20860660653573,3.5671320230332744
662,Osumacinta,16.935467,-93.091337,6.892591130851193,1.861421365397367
663,Otáez,24.698689,-105.994058,5.5217286810151185,1.4912046203877554
664,Otatitlán,18.176713,-96.034574,14.91440927099144,4.0278031210993355
665,Oteapan,17.999503,-94.666589,15.02206862569061,4.056877734581766
666,Otzoloapan,19.117408,-100.297712,1.2392787940926477,0.33468110630886366
667,Oxchuc,16.786119,-92.334917,4.425995693188027,1.1952896653887988
668,Oxkutzcab,20.301933,-89.418752,10.914266136391232,2.947519704596594
669,Ozuluama de Mascareñas,21.661261,-97.850506,1.8086771589460267,0.48845350650482805
670,Pabellón de Arteaga,22.149202,-102.276542,10.127156632035092,2.7349519749139377
671,Pachuca de Soto,20.12236,-98.737001,0.9115158697862911,0.24616506081790934
672,Pacula,21.050821,-99.296099,1.7895377181106187,0.48328468633017374
673,Pajacuarán,20.116894,-102.565513,12.742082736172668,3.4411420312760765
674,Pajapan,18.261744,-94.691785,14.507696153239026,3.9179656923879325
675,Palenque,17.509133,-91.981033,6.471523432472225,1.7477073215549732
676,Palizada,18.253598,-92.090902,18.369078341782526,4.96077516262443
677,Palmar de Bravo,18.835926,-97.547507,0.5957150960020643,0.16087952793611401
678,Palmillas,23.301759,-99.547539,62.8778480045231,16.98086647878292
679,Panabá,21.296861,-88.271183,2.947473888652784,0.7959983068967568
680,Panindícuaro,19.983959,-101.76146,3.9905734141825024,1.0776990064154142
681,Panotla,19.315129,-98.267233,11.658311898867707,3.148457588886279
682,Pantelhó,17.006659,-92.46958,6.162899949001275,1.664360096238673
683,Pantepec,17.188092,-93.049546,7.58161100092587,2.0474988916849206
684,Pantepec,17.188092,-93.049546,1.6124978903830975,0.4354730997146218
685,Pánuco,22.053613,-98.181305,24.859741215090157,6.713651304354057
686,Pánuco,22.053613,-98.181305,9.883128761383645,2.669049517687096
687,Papalotla,19.563378,-98.858209,5.294447821094652,1.429824880813736
688,Papalotla,19.563378,-98.858209,5.715515519473621,1.54353892465613
689,Parácuaro,19.145773,-102.220048,1.4258883422378728,0.38507710301174275
690,Paraíso,18.39577,-93.214237,1.5622568581901526,0.42190494675615436
691,Parás,26.498539,-99.525422,6.768184765421043,1.8278240342621142
692,Paso de Ovejas,19.285047,-96.438453,27.900519877815555,7.534847609602254
693,Paso del Macho,18.972155,-96.724511,12.909552843482485,3.4863692078043016
694,Pátzcuaro,19.513598,-101.610116,3.21064120013964,0.867069584298253
695,Pedro Escobedo,20.502494,-100.14473,0.8517051171756421,0.23001249777211477
696,Pénjamo,20.431795,-101.725044,3.301553544107826,0.8916214801278606
697,Peñamiller,21.053631,-99.814526,9.41182003081173,2.5417673208862346
698,Peñón Blanco,24.792509,-104.034267,68.18425797613989,18.41392187220582
699,Perote,19.560653,-97.244072,29.16611540305689,7.876635843651267
700,Pesquería,25.783258,-100.053678,8.253883860269566,2.2290537003196516
701,Petatlán,17.538207,-101.274552,1.0789859770961083,0.2913922373461342
702,Petlalcingo,18.082201,-97.917848,5.251384079214984,1.4181950354207637
703,Peto,20.125918,-88.923985,1.9426532447938802,0.5246352477274079
704,Piaxtla,18.198756,-98.260145,20.838066209550117,5.62755296515483
705,Pichucalco,17.508551,-93.117768,2.014426147926659,0.5440183233823613
706,Piedras Negras,28.708093,-100.528441,22.634781217974016,6.1127759590505
707,Pihuamo,19.2525,-103.375,2.571862362257908,0.6945602109691668
708,Pijijiapan,15.691674,-93.209317,12.476522994581387,3.369424651352749
709,Pilcaya,18.747584,-99.676175,6.705981582705968,1.811025368694488
710,Pinal de Amoles,21.135303,-99.62754,0.8995537192641613,0.24293454820875043
711,Pinos,22.298842,-101.575167,5.220282487857447,1.4097957026369508
712,Pinotepa de Don Luis,16.428442,-97.977435,4.830316380836015,1.3044809915783702
713,Pisaflores,21.194782,-99.005997,33.14951152692611,8.952396542501186
714,Pitiquito,30.675996,-112.053925,0.7464381925808998,0.20158398681151632
715,Platón Sánchez,21.273198,-98.374145,5.914087218140975,1.5971654339681678
716,Playa Vicente,17.832133,-95.812057,5.571969713208063,1.5047727733462228
717,Playas de Rosarito,32.363684,-117.054459,2.5359759106915183,0.68486867314169
718,Pluma Hidalgo,15.925846,-96.419443,8.796965493974257,2.3757189727754664
719,Poncitlán,20.381389,-102.924167,13.246885488206546,3.577469663382583
720,Poza Rica de Hidalgo,20.534088,-97.443567,3.418782619224698,0.9232805036976179
721,Praxedis G. Guerrero,31.372068,-106.005395,6.531334185082874,1.763859884600768
722,Progreso,27.428978,-100.987233,4.894911993655516,1.3219257596678282
723,Progreso,27.428978,-100.987233,3.7728622746797402,1.0189036769287219
724,Progreso de Obregón,20.248204,-99.189505,6.892591130851193,1.861421365397367
725,Pueblo Nuevo,23.778151,-105.360192,27.05838448105762,7.307419521917467
726,Pueblo Nuevo Solistahuacán,17.157568,-92.897322,5.14133229441139,1.3884743194165017
727,Puente de Ixtla,18.616875,-99.323701,2.2440994379515513,0.6060441654782125
728,Puente Nacional,19.327374,-96.481639,10.17022037391476,2.74658182030691
729,Puerto Morelos,20.848453,-86.876177,8.851991386376055,2.3905793307775975
730,Puerto Peñasco,31.306355,-113.540496,43.30776975031875,11.695747850198938
731,Puerto Vallarta,20.613611,-105.227222,0.9761114826057921,0.2636098289073675
732,Puruándiro,20.088665,-101.5152,3.4068204687025685,0.9200499910884591
733,Putla Villa de Guerrero,17.026205,-97.928153,6.519372034560743,1.7606293719916088
734,Quecholac,18.955063,-97.660449,24.797538032375087,6.696852638786432
735,Quechultenango,17.409167,-99.240833,16.01014225881853,4.3237180760982925
736,Queréndaro,19.809821,-100.88352,3.4618463611043655,0.9349103490905901
737,Quimixtlán,19.253262,-97.135678,5.607856164774452,1.5144643111736995
738,Quintana Roo,20.867188,-88.631751,1.0837708373049602,0.29268444238979774
739,Quiriego,27.520488,-109.251229,5.217890057753021,1.409149600115119
740,Quiroga,19.663786,-101.524004,3.528834404028292,0.95300121970188
741,Rafael Delgado,18.810522,-97.073438,21.385932703463663,5.7755104426543085
742,Rafael Lucio,19.593106,-96.989558,4.325513628802137,1.1681533594718638
743,Ramos Arizpe,25.543234,-100.950782,22.988860873429058,6.2083991322816034
744,Rayón,17.200503,-93.011217,53.69570126373626,14.50112499999254
745,Rayón,17.200503,-93.011217,0.7081593109100844,0.19124634646220778
746,Rayón,17.200503,-93.011217,3.6412786189363127,0.9833680382279738
747,Rayones,25.018122,-100.073214,6.715551303123672,1.813609778781815
748,Reforma,17.865812,-93.147108,2.526406190273815,0.682284263054363
749,Reforma de Pineda,16.399319,-94.458434,0.973719052501366,0.2629637263855357
750,Reyes Etla,17.205556,-96.810093,7.86631018335256,2.124385091782903
751,Reynosa,26.09235,-98.278129,71.2992019721025,19.2551473556308
752,Rincón de Romos,22.229233,-102.323069,8.859168676689334,2.392517638343093
753,Río Blanco,18.838865,-97.139525,4.497768596320807,1.2146727410437521
754,Río Grande,23.827434,-103.034332,10.950152587957623,2.957211242424071
755,Río Lagartos,21.597751,-88.157978,8.464417709459049,2.2859107222408483
756,Rioverde,21.932378,-99.992923,1.5168006862060592,0.40962899884135046
757,Rodeo,25.180719,-104.560444,5.7920732828152515,1.5642142053547468
758,Rojas de Cuauhtémoc,17.008284,-96.618646,45.532729747434885,12.296623195502494
759,Romita,20.871215,-101.517117,16.605857354820596,4.484597604034406
760,Rosamorada,22.122545,-105.20413,1.4522050733865584,0.39218423075189235
761,Rosario,27.319641,-106.295498,13.811498992851071,3.7299498585348836
762,Sabanilla,17.283484,-92.55172,7.45720463549572,2.0139015605496677
763,Sabinas,27.848888,-101.119989,10.055383728902315,2.7155688992589844
764,Sacalum,20.495829,-89.591165,4.863810402297978,1.313526426884015
765,Sacramento,27.004439,-101.725036,2.1029460617904197,0.5679241166901373
766,Sahuaripa,29.056319,-109.233277,2.969005759592618,0.8018132295932429
767,Sain Alto,23.57983,-103.247479,1.3014819768077228,0.35147977187649004
768,Salamanca,20.568681,-101.199915,6.383003518608463,1.7238015282471972
769,Salina Cruz,16.175885,-95.192159,6.440421841114687,1.73930798877116
770,Salinas Victoria,25.959567,-100.291506,3.41160532891142,0.9213421961321226
771,Saltabarranca,18.59024,-95.531879,1.052669245947423,0.2842851096059846
772,Saltillo,25.421665,-100.999721,1.5383325571458928,0.41544392153783655
773,Saltillo,25.421665,-100.999721,14.122514906426447,3.8139431863730153
774,Salto de Agua,17.557021,-92.333422,7.10790984024953,1.9195705923622277
775,Salvatierra,20.216118,-100.88136,43.874775685067696,11.84887414787307
776,Samahil,20.883483,-89.888806,1.9928942769868254,0.5382034006858754
777,San Agustín Amatengo,16.509943,-96.789325,21.88595059528869,5.910545869717152
778,San Agustín Atenango,17.611699,-98.015183,2.2297448573249956,0.6021675503472218
779,San Agustín Chayuco,16.402382,-97.807518,7.624674742805537,2.059128737077893
780,San Agustín de las Juntas,17.01166,-96.711441,53.07606186668995,14.33378444683811
781,San Agustín Etla,17.189083,-96.764424,4.114979779612653,1.1112963375506668
782,San Agustín Loxicha,16.016609,-96.616764,17.136976838003157,4.628032363881062
783,San Agustín Tlacotepec,17.203684,-97.5179,9.160614869847004,2.4739265560938977
784,San Agustín Tlaxiaca,20.115661,-98.886778,3.2824141032724183,0.8864526599532064
785,San Agustín Yatareni,17.081212,-96.668117,3.7513304037399067,1.0130887542322358
786,San Andrés Cabecera Nueva,16.888416,-97.68099,2.392430104425961,0.6461025218317831
787,San Andrés Cholula,19.050944,-98.300656,2.4737727279764434,0.6680700075740637
788,San Andrés Dinicuiti,17.688115,-97.726751,29.75226077864125,8.034930961500054
789,San Andrés Duraznal,17.131998,-92.804988,4.725049456241273,1.2760524806177715
790,San Andrés Huaxpaltepec,16.329046,-97.916349,9.41182003081173,2.5417673208862346
791,San Andrés Huayápam,17.102543,-96.666239,3.1675774582599723,0.8554397389052808
792,San Andrés Ixtlahuaca,17.070874,-96.825177,1.461774793804262,0.3947686408392195
793,San Andrés Lagunas,17.574427,-97.522746,3.8733443390656306,1.0460399828456568
794,San Andrés Nuxiño,17.238358,-97.105271,37.252529156016635,10.060462367442694
795,San Andrés Paxtlán,16.215636,-96.50758,9.165399730055857,2.4752187611375613
796,San Andrés Sinaxtla,17.468502,-97.283811,2.9642208993837653,0.8005210245495792
797,San Andrés Solaga,17.271028,-96.236895,2.9115874370863946,0.78630676906928
798,San Andrés Tenejapan,18.788703,-97.093225,5.703553368951491,1.540308412046971
799,San Andrés Teotilálpam,17.954131,-96.656588,4.835101241044867,1.3057731966220334
800,San Andrés Tepetlapa,17.665833,-98.391687,7.672523344894057,2.072050787514528
801,San Andrés Tuxtla,18.448668,-95.212571,0.547866493913545,0.14795747749947832
802,San Andrés Yaá,17.292578,-96.153616,2.516836469856111,0.6796998529670358
803,San Andrés Zabache,16.600149,-96.857736,1.6699162128893208,0.4509795602385846
804,San Andrés Zautla,17.186388,-96.86349,5.124585283680409,1.3839516017636795
805,San Antonino Castillo Velasco,16.803228,-96.68464,5.2418143587972805,1.4156106253334368
806,San Antonino el Alto,16.815701,-97.029374,16.58432548388076,4.47878268133792
807,San Antonino Monte Verde,17.533614,-97.720629,2.3708982334861273,0.640287599135297
808,San Antonio,21.620177,-98.902848,7.61749745249226,2.0571904295123975
809,San Antonio Acutla,17.74403,-97.500305,5.189180896499909,1.4013963698531375
810,San Antonio Cañada,18.497338,-97.290001,16.055598430802625,4.335994024013096
811,San Antonio de la Cal,17.031313,-96.699284,20.45766982294639,5.524822664183577
812,San Antonio Huitepec,16.927331,-97.147422,0.5861453755843604,0.15829511784878686
813,San Antonio la Isla,19.164099,-99.569336,2.748902189985429,0.7423717975847187
814,San Antonio Nanahuatípam,18.130299,-97.123645,10.318551040389169,2.7866401766604803
815,San Antonio Sinicahua,17.151574,-97.567959,3.1364758669024346,0.8470404061214676
816,San Antonio Tepetlapa,16.542361,-98.066226,7.641421753536519,2.063651454730715
817,San Baltazar Chichicápam,16.762097,-96.489681,14.957473012871109,4.039432966492308
818,San Baltazar Loxicha,16.0733,-96.790321,9.13429813869832,2.4668194283537477
819,San Baltazar Yatzachi el Bajo,17.228157,-96.219811,3.177147178677676,0.8580241489926079
820,San Bartolo Coyotepec,16.958281,-96.70765,17.43124574084755,4.707502974066371
821,San Bartolo Soyaltepec,17.590641,-97.308935,29.54651178966062,7.979366144622522
822,San Bartolo Tutotepec,20.399143,-98.20206,92.54398129940502,24.992537749497032
823,San Bartolo Yautepec,16.430741,-95.973112,7.014605066176917,1.8943725940107878
824,San Bartolomé Ayautla,18.0318,-96.671509,4.811176940000607,1.2993121714037157
825,San Bartolomé Loxicha,15.97039,-96.711016,0.7296911818499181,0.19706126915869385
826,San Bartolomé Quialana,16.901888,-96.501206,1.5622568581901526,0.42190494675615436
827,San Bartolomé Yucuañe,17.242547,-97.447929,2.4976970290207032,0.6745310327923816
828,San Bartolomé Zoogocho,17.240789,-96.243051,7.514622958001943,2.0294080210736305
829,San Bernardo,26.000787,-105.523257,8.775433623034425,2.3699040500789805
830,San Bernardo Mixtepec,16.824661,-96.898666,7.416533323720478,2.0029178176785276
831,San Blas,21.541738,-105.286046,0.73447604205877,0.1983534742023574
832,San Blas Atempa,16.326322,-95.227546,1.3995716110891872,0.3779699752715931
833,San Buenaventura,27.060257,-101.550029,2.9044101467731167,0.7843684615037847
834,San Buenaventura,27.060257,-101.550029,2.495304598916277,0.6738849302705497
835,San Carlos,24.581774,-98.943635,3.612569457683201,0.9756148079659924
836,San Carlos Yautepec,16.500607,-96.106704,40.94883366735475,11.0586907636728
837,San Ciro de Acosta,21.650007,-99.818685,16.830745784636637,4.545331241086594
838,San Cristóbal Amatlán,16.318408,-96.410016,23.97214964634813,6.4739472687544675
839,San Cristóbal Amoltepec,17.284533,-97.569853,2.2847707497267926,0.6170279083493528
840,San Cristóbal de la Barranca,21.044444,-103.429167,6.581575217275819,1.7774280375592353
841,San Cristóbal de las Casas,16.737022,-92.637564,32.50594782883553,8.778594964128438
842,San Cristóbal Lachirioag,17.335972,-96.165047,2.691483867479206,0.726865337060756
843,San Cristóbal Suchixtlahuaca,17.727554,-97.366656,15.866596452552972,4.284951924788386
844,San Damián Texóloc,19.278432,-98.284624,3.8135335864549815,1.0298874197998622
845,San Diego de Alejandría,20.993056,-101.993611,10.907088846077956,2.9455813970310993
846,San Diego de la Unión,21.466387,-100.873316,2.5862169428844637,0.6984368261001576
847,San Dionisio del Mar,16.320539,-94.757003,1.712979954768988,0.46260940563155667
848,San Dionisio Ocotepec,16.797754,-96.396037,10.366399642477688,2.799562227097116
849,San Dionisio Ocotlán,16.746444,-96.680835,11.134369705998422,3.0069611366051183
850,San Esteban Atatlahuca,17.066549,-97.677769,7.911766355336653,2.1366610396977066
851,San Felipe,21.479336,-101.215945,34.81464287960658,9.402083897696107
852,San Felipe,21.479336,-101.215945,1.155543740437739,0.31206751804475125
853,San Felipe,21.479336,-101.215945,26.984219147820415,7.2873903437406815
854,San Felipe de Jesús,29.858624,-110.241058,1.7464739762309516,0.47165484093720167
855,San Felipe del Progreso,19.713924,-99.953294,4.1987148332675615,1.1339099258147793
856,San Felipe Jalapa de Díaz,18.071283,-96.536115,4.5432247683049,1.2269486889585561
857,San Felipe Orizatlán,21.170944,-98.607815,1.765613417066359,0.4768236611118559
858,San Felipe Tejalápam,17.111401,-96.853258,3.007284641263433,0.8121508699425514
859,San Felipe Teotlalcingo,19.235725,-98.495455,119.09517059832433,32.16298353678616
860,San Felipe Tepatlán,20.091336,-97.796168,2.325442061502034,0.6280116512204932
861,San Felipe Usila,17.879395,-96.528363,1.7967150084238968,0.4852229938956691
862,San Fernando,16.871712,-93.206285,1.8804500620788054,0.5078365821597816
863,San Fernando,16.871712,-93.206285,5.75140197104001,1.5532304624836066
864,San Francisco Cahuacuá,16.893563,-97.305594,115.32470075374901,31.14472596237927
865,San Francisco Cajonos,17.172094,-96.251464,28.541691145801714,7.708003085453172
866,San Francisco Chapulapa,17.940951,-96.754408,12.086556887559954,3.2641099402941682
867,San Francisco Chindúa,17.428581,-97.312791,37.03242558640945,10.00102093543417
868,San Francisco de Borja,27.901821,-106.684916,2.758471910403133,0.7449562076720458
869,San Francisco de Conchos,27.588552,-105.334641,2.3493663625462933,0.6344726764388109
870,San Francisco de los Romo,22.072393,-102.272678,0.8923764289508833,0.2409962406432551
871,San Francisco del Mar,16.233446,-94.632276,7.880664763979116,2.1282617069138934
872,San Francisco del Oro,26.858994,-105.85008,2.0742369005373082,0.5601708864281559
873,San Francisco del Rincón,21.018681,-101.858518,4.059953887210855,1.0964359795485359
874,San Francisco Huehuetlán,18.197594,-96.947821,13.435887466456197,3.628511762607294
875,San Francisco Ixhuatán,16.352357,-94.483828,24.787968311957382,6.694268228699105
876,San Francisco Jaltepetongo,17.385714,-97.262854,10.41424824456621,2.812484277533752
877,San Francisco Lachigoló,17.011407,-96.598516,0.5765756551666565,0.15571070776145973
878,San Francisco Logueche,16.352279,-96.377979,9.82092557866857,2.6522508521194696
879,San Francisco Nuxaño,17.380833,-97.343951,6.720336163332524,1.8149019838254787
880,San Francisco Ozolotepec,16.100539,-96.220682,10.019497277335924,2.7058773614315075
881,San Francisco Sola,16.514966,-96.9744,3.689127221024832,0.9962900886646096
882,San Francisco Telixtlahuaca,17.296596,-96.904413,19.598787415457473,5.292871858845968
883,San Francisco Teopan,17.851128,-97.492531,5.237029498588428,1.4143184202897732
884,San Francisco Tetlanohcan,19.260078,-98.16355,40.37943530250137,10.904918363476835
885,San Francisco Tlapancingo,17.484124,-98.268909,6.703589152601542,1.810379266172656
886,San Gabriel,19.7475,-103.765278,11.818604715864248,3.1917464578490087
887,San Gabriel Chilac,18.326273,-97.347982,5.756186831248862,1.55452266752727
888,San Gabriel Mixtepec,16.094423,-97.079499,1.1411891598111834,0.3081909029137605
889,San Gregorio Atzompa,19.026686,-98.345766,1.6292449011140795,0.4399958173674443
890,San Ignacio,23.940276,-106.425497,5.213105197544169,1.4078573950714552
891,San Ignacio Cerro Gordo,20.743056,-102.536111,2.028780728553215,0.547894938513352
892,San Ignacio Río Muerto,27.411429,-110.241428,4.684378144466031,1.2650687377466312
893,San Ildefonso Amatlán,16.334095,-96.491556,1.523977976519337,0.4115673064068458
894,San Ildefonso Sola,16.519812,-96.983668,9.52426424571975,2.5721341394123285
895,San Ildefonso Villa Alta,17.339011,-96.153014,1.973754836151418,0.5330345805112211
896,San Jacinto Amilpas,17.100807,-96.762562,3.5766830061168116,0.9659232701385156
897,San Jacinto Tlacotepec,16.520368,-97.385998,6.399750529339445,1.7283242459000197
898,San Javier,28.595224,-109.739284,44.62839116796188,12.052396442250082
899,San Jerónimo Coatlán,16.232721,-96.869294,2.533583480587093,0.6842225706198584
900,San Jerónimo Silacayoapilla,17.80963,-97.845933,10.962114738479753,2.9604417550332305
901,San Jerónimo Sosola,17.366559,-97.032614,4.9451530258484615,1.3354939126262957
902,San Jerónimo Taviche,16.713679,-96.594263,5.246599219006133,1.4169028303771003
903,San Jerónimo Tecóatl,18.166914,-96.9132,1.5837887291299861,0.4277198694526404
904,San Jerónimo Tecuanipan,19.014412,-98.400957,2.3589360829639974,0.6370570865261381
905,San Jerónimo Tlacochahuaya,17.008867,-96.581074,3.148438017424565,0.8502709187306267
906,San Jerónimo Xayacatlán,18.221269,-97.914337,0.9641493320836623,0.2603793162982086
907,San Jerónimo Zacualpan,19.241712,-98.262617,3.9355475217807054,1.062838648413283
908,San Joaquín,20.916061,-99.566359,31.580077378422686,8.528553288179538
909,San Jorge Nuchita,17.655954,-98.10613,0.8732369881154758,0.23582742046860083
910,San José Ayuquila,17.941788,-97.969274,8.899839988464574,2.403501381214233
911,San José Chiapa,19.242071,-97.768833,7.06006123816101,1.9066485419255919
912,San José Chiltepec,17.945353,-96.170537,5.363828294123004,1.4485618539468577
913,San José de Gracia,22.150216,-102.415634,7.033744507012325,1.8995414141854423
914,San José de Gracia,22.150216,-102.415634,2.8278523834314857,0.7636931808051676
915,San José del Peñasco,16.316059,-96.501381,11.469309920618056,3.097415489661568
916,San José Estancia Grande,16.365203,-98.251286,6.916515431895453,1.867882390615685
917,San José Independencia,18.239824,-96.646128,6.720336163332524,1.8149019838254787
918,San José Iturbide,21.000822,-100.38572,2.1723265348187724,0.586661089823259
919,San José Miahuatlán,18.290238,-97.287655,8.074451602437618,2.180596011182268
920,San José Teacalco,19.335704,-98.064423,16.091484882369013,4.345685561840573
921,San José Tenango,18.150762,-96.717209,9.983610825769535,2.6961858236040306
922,San Juan Achiutla,17.344245,-97.508873,3.8972686401098904,1.0525010080639747
923,San Juan Atenco,19.089913,-97.540916,7.796929710324207,2.105648118649781
924,San Juan Atepec,17.426393,-96.539133,95.99147307988282,25.92357148345663
925,San Juan Atzompa,18.746094,-98.024315,11.660704328972132,3.1491036914081105
926,San Juan Bautista Atatlahuca,17.531096,-96.829941,100.2930624076407,27.085263817710178
927,San Juan Bautista Coixtlahuaca,17.724643,-97.323823,4.0982327688816715,1.1067736198978444
928,San Juan Bautista Cuicatlán,17.801548,-96.959567,64.70566460430454,17.474488805462407
929,San Juan Bautista Guelache,17.226545,-96.778505,2.5527229214225002,0.6893913907945126
930,San Juan Bautista Jayacatlán,17.423504,-96.822571,8.974005321701778,2.4235305593910184
931,San Juan Bautista Lo de Soto,16.511515,-98.346803,1.8206393094681563,0.4916840191139869
932,San Juan Bautista Suchitepec,17.972718,-97.65982,4.3422606395331185,1.1726760771246862
933,San Juan Bautista Tlachichilco,17.622548,-98.343993,51.36308191192096,13.87117504120655
934,San Juan Bautista Tlacoatzintepec,17.859441,-96.587088,22.914695540191854,6.188369954104819
935,San Juan Bautista Tuxtepec,18.081165,-96.118482,1.1938226221085546,0.32240515839405975
936,San Juan Bautista Valle Nacional,17.774953,-96.304045,21.385932703463663,5.7755104426543085
937,San Juan Cacahuatepec,16.613734,-98.156092,8.177326096927935,2.2083784196210345
938,San Juan Cancuc,16.892243,-92.371953,2.1723265348187724,0.586661089823259
939,San Juan Chicomezúchil,17.288975,-96.494917,7.603142871865704,2.053313814381407
940,San Juan Cieneguilla,17.851659,-98.280764,28.6971991025894,7.749999749372238
941,San Juan Coatzóspam,18.0497,-96.763325,11.670274049389837,3.151688101495438
942,San Juan Colorado,16.459666,-97.953989,1.102910278140368,0.297853262564452
943,San Juan Comaltepec,17.33818,-95.976846,23.16350827105215,6.255564616375324
944,San Juan Cotzocón,17.164002,-95.78231,28.075167275438652,7.582013093695974
945,San Juan de Guadalupe,24.630853,-102.782055,4.016890145331189,1.084806134155564
946,San Juan de los Cués,18.046927,-97.059664,11.220497189757756,3.0302208273910627
947,San Juan de los Lagos,21.247778,-102.332778,1.4426353529688545,0.3895998206645652
948,San Juan del Estado,17.273528,-96.799273,1.0837708373049602,0.29268444238979774
949,San Juan del Río,24.778255,-104.459226,9.07448738608767,2.4506668653079533
950,San Juan del Río,24.778255,-104.459226,4.923621154908627,1.3296789899298096
951,San Juan Diuxi,17.281509,-97.374243,39.9679373245401,10.793788729721769
952,San Juan Evangelista,17.886052,-95.14008,3.6269240383097565,0.9794914230969831
953,San Juan Evangelista Analco,17.405827,-96.53795,0.7584003431030296,0.20481449942067523
954,San Juan Guelavía,16.956763,-96.545832,4.378147091099509,1.182367614952163
955,San Juan Guichicovi,16.962829,-95.095094,2.160364384296643,0.5834305772141002
956,San Juan Huactzinco,19.237946,-98.250301,6.445206701323539,1.7406001938148237
957,San Juan Ihualtepec,17.739842,-98.288846,9.533833966137454,2.5747185494996554
958,San Juan Juquila Mixes,16.935633,-95.918818,2.143617373565661,0.5789078595612777
959,San Juan Juquila Vijanos,17.353813,-96.304015,23.0941277980238,6.236827643242202
960,San Juan Lachao,16.158538,-97.125108,4.399678962039342,1.188182537648649
961,San Juan Lachigalla,16.591718,-96.54884,60.640925856884834,16.376760620870208
962,San Juan Lajarcia,16.508444,-95.925591,1.9426532447938802,0.5246352477274079
963,San Juan Lalana,17.470891,-95.879883,22.091699584269325,5.966110686594686
964,San Juan Mazatlán,17.031124,-95.446467,0.5981075261064902,0.16152563045794577
965,San Juan Ñumí,17.398289,-97.706421,4.064738747419708,1.0977281845921996
966,San Juan Ozolotepec,16.133008,-96.259293,14.373720067391174,3.8817839511653527
967,San Juan Petlapa,17.469302,-96.036834,40.91055478568393,11.04835312332349
968,San Juan Quiahije,16.301878,-97.316846,5.906909927827698,1.5952271264026725
969,San Juan Quiotepec,17.600763,-96.588162,7.880664763979116,2.1282617069138934
970,San Juan Sayultepec,17.453482,-97.284741,33.14711909682169,8.951750439979355
971,San Juan Tabaá,17.30503,-96.206992,2.4378862764100546,0.658378469746587
972,San Juan Tamazola,17.160439,-97.226883,10.576933491667175,2.8564192490183133
973,San Juan Teita,17.095262,-97.414313,9.373541149140914,2.531429680536926
974,San Juan Teitipac,16.934399,-96.608509,8.507481451338716,2.2975405676338205
975,San Juan Tepeuxila,17.722881,-96.841103,6.94761702325299,1.876281723399498
976,San Juan Teposcolula,17.550645,-97.424684,3.988180984078077,1.0770529038935825
977,San Juan Yaeé,17.429087,-96.283846,11.667881619285412,3.1510419989736063
978,San Juan Yatzona,17.402424,-96.169244,12.541118607400886,3.3868694194422067
979,San Juan Yucuita,17.512253,-97.270358,1.2608106650324813,0.34049602900534964
980,San Juanito de Escobedo,20.799444,-104.000278,11.00517848035942,2.972071600426202
981,San Julián,21.009722,-102.180833,1.2560258048236295,0.33920382396168614
982,San Lorenzo,16.394262,-97.874836,0.8158186656092526,0.22032095994463805
983,San Lorenzo,16.394262,-97.874836,3.9140156508408723,1.0570237257167971
984,San Lorenzo Albarradas,16.907226,-96.259648,33.206929849432335,8.96790300302515
985,San Lorenzo Axocomanitla,19.225224,-98.248874,45.72412415578897,12.34831139724904
986,San Lorenzo Cacaotepec,17.129359,-96.801996,33.96772262263979,9.173363604967657
987,San Lorenzo Cuaunecuiltitla,18.206453,-96.913057,10.512337878847672,2.838974480928855
988,San Lorenzo Texmelúcan,16.585491,-97.198974,1.0311373750075892,0.2784701869094985
989,San Lorenzo Victoria,17.668356,-98.120274,8.040957580975654,2.171550575876623
990,San Lucas,16.611637,-92.719342,3.0886272648139155,0.834118355684832
991,San Lucas,16.611637,-92.719342,8.229959559225305,2.2225926751013336
992,San Lucas Camotlán,16.943163,-95.713144,24.34297631253415,6.574093159638393
993,San Lucas Ojitlán,18.057503,-96.397763,1.0072130739633296,0.27200916169118067
994,San Lucas Quiaviní,16.894802,-96.468094,3.17475474857325,0.8573780464707762
995,San Lucas Tecopilco,19.484989,-98.256542,3.8254957369771114,1.0331179324090212
996,San Lucas Zoquiápam,18.13616,-96.906429,0.4162828381701172,0.11242183879873026
997,San Luis Acatlán,16.808583,-98.733613,3.232173071079473,0.8728845069947389
998,San Luis Amatlán,16.389468,-96.497115,4.540832338200474,1.2263025864367243
999,San Luis del Cordero,25.417649,-104.277786,26.04399411678101,7.033472052660791
1000,San Luis Potosí,22.151655,-100.976958,10.665453405530933,2.880325042326089
1001,San Luis Río Colorado,32.479831,-114.779624,7.497875947270961,2.024885303420808
1002,San Marcial Ozolotepec,16.089257,-96.405892,5.787288422606399,1.562922000311083
1003,San Marcos,16.797344,-99.390046,4.703517585301439,1.2702375579212855
1004,San Marcos,16.797344,-99.390046,0.3110159135753749,0.08399332783813179
1005,San Marcos Arteaga,17.719603,-97.861138,11.744439382627041,3.171717279672223
1006,San Martín Chalchicuautla,21.369703,-98.657238,11.794680414819986,3.1852854326306903
1007,San Martín de Bolaños,21.683611,-103.814167,6.612676808633356,1.7858273703430485
1008,San Martín de las Pirámides,19.704843,-98.834524,1.3038744069121486,0.35212587439832177
1009,San Martín de los Cansecos,16.656476,-96.729005,15.072309657883554,4.070445887540234
1010,San Martín Hidalgo,20.435,-103.928611,7.246670786306236,1.9570445386284712
1011,San Martín Huamelúlpam,17.397404,-97.602352,4.5288701876783435,1.2230720738275653
1012,San Martín Itunyoso,17.229019,-97.881477,10.127156632035092,2.7349519749139377
1013,San Martín Lachilá,16.610864,-96.849372,18.16572178290632,4.905856448268729
1014,San Martín Peras,17.360511,-98.238444,4.598250660706697,1.241809046960687
1015,San Martín Tilcajete,16.858948,-96.695571,2.387645244217109,0.6448103167881195
1016,San Martín Totoltepec,18.649203,-98.346401,12.175076801423716,3.288015733601944
1017,San Martín Toxpalan,18.100724,-97.059027,1.0167827943810333,0.2745935717785078
1018,San Martín Zacatepec,17.807946,-98.060864,3.8039638660372774,1.027303009712535
1019,San Mateo Atenco,19.264167,-99.529722,18.376255632095805,4.962713470189926
1020,San Mateo Cajonos,17.161776,-96.208976,1.9091592233319168,0.5155898124217628
1021,San Mateo del Mar,16.2097,-94.981892,7.548116979463907,2.0384534563792758
1022,San Mateo Etlatongo,17.414836,-97.27174,3.870951908961205,1.045393880323825
1023,San Mateo Nejápam,17.655588,-98.416994,1.8182468793637303,0.4910379165921552
1024,San Mateo Peñasco,17.150794,-97.533645,7.97875439826058,2.1547519103089967
1025,San Mateo Piñas,15.999508,-96.335189,2.634065544972983,0.7113588765367932
1026,San Mateo Río Hondo,16.14423,-96.448448,21.59646655265315,5.832367464575507
1027,San Mateo Sindihui,17.004233,-97.351233,2.251276728264829,0.6079824730437079
1028,San Mateo Tlapiltepec,17.810589,-97.431183,12.584182349280555,3.3984992648351793
1029,San Mateo Yoloxochitlán,18.143675,-96.868415,14.423961099584117,3.89535210412382
1030,San Mateo Yucutindoo,16.87637,-97.238878,0.2703446018001336,0.07300958496699149
1031,San Matías Tlalancaleca,19.324427,-98.498163,8.100768333586304,2.1877031389224175
1032,San Melchor Betaza,17.252396,-96.154355,17.68723576202113,4.776635943902372
1033,San Miguel Achiutla,17.306252,-97.489374,0.5981075261064902,0.16152563045794577
1034,San Miguel Ahuehuetitlán,17.671281,-98.320847,2.8828782758332827,0.7785535388072986
1035,San Miguel Aloápam,17.412913,-96.691465,3.9068383605275945,1.0550854181513019
1036,San Miguel Amatitlán,17.891389,-98.025568,0.7823246441472892,0.21127552463899307
1037,San Miguel Amatlán,17.275525,-96.47175,29.86470499354927,8.065297780026148
1038,San Miguel Chicahua,17.636943,-97.194883,39.92487358266043,10.782158884328796
1039,San Miguel Chimalapa,16.714515,-94.748212,5.957150960020643,1.6087952793611398
1040,San Miguel Coatlán,16.196313,-96.694114,2.1627568144010687,0.5840766797359319
1041,San Miguel de Allende,20.904013,-100.713381,3.5264419739238666,0.9523551171800483
1042,San Miguel de Horcasitas,29.488584,-110.727147,9.385503299663045,2.534660193146085
1043,San Miguel del Puerto,15.921633,-96.174852,6.24902743276061,1.6876197870246175
1044,San Miguel del Río,17.321658,-96.569221,9.727620804595956,2.62705285376803
1045,San Miguel Ejutla,16.580445,-96.739378,6.52176446466517,1.7612754745134407
1046,San Miguel el Alto,21.030556,-102.398056,8.402214526743975,2.2691120566732224
1047,San Miguel el Grande,17.046741,-97.622169,7.720371946982575,2.084972837951164
1048,San Miguel Huautla,17.745821,-97.137519,1.0742011168872565,0.2901000323024706
1049,San Miguel Ixitlán,17.999518,-97.773424,16.053206000698196,4.335347921491264
1050,San Miguel Mixtepec,16.778101,-96.957324,1.70580266445571,0.4606710980660613
1051,San Miguel Panixtlahuaca,16.260031,-97.379643,15.187146302896,4.101458808588159
1052,San Miguel Peras,16.937923,-97.009967,19.919373049450552,5.379449596771426
1053,San Miguel Piedras,16.999683,-97.2327,3.7274061026956473,1.006627729013918
1054,San Miguel Quetzaltepec,16.975487,-95.76168,2.1220855026258274,0.5730929368647916
1055,San Miguel Santa Flor,17.921083,-96.799301,15.278058646864187,4.126010704417767
1056,San Miguel Suchixtepec,16.094004,-96.466409,2.468987867767592,0.6667778025304001
1057,San Miguel Tecomatlán,17.394044,-97.267991,24.161151624597778,6.5249893679791775
1058,San Miguel Tenango,16.267321,-95.592522,15.292413227490742,4.129887319548757
1059,San Miguel Tequixtepec,17.802861,-97.341655,2.4043922549480907,0.6493330344409419
1060,San Miguel Tilquiápam,16.781942,-96.581556,4.689163004674883,1.2663609427902949
1061,San Miguel Tlacamama,16.416729,-98.063217,27.42921114724364,7.407565412801393
1062,San Miguel Tlacotepec,17.453624,-98.007239,13.78996712191124,3.7241349358383977
1063,San Miguel Totolapan,18.161267,-100.390821,72.38058037930303,19.547185695498765
1064,San Miguel Tulancingo,17.75124,-97.441511,0.980896342814644,0.26490203395103107
1065,San Miguel Xoxtla,19.168303,-98.309699,28.86945407010807,7.796519130944127
1066,San Miguel Yotao,17.370464,-96.337235,14.124907336530873,3.8145892888948474
1067,San Nicolás,16.415956,-96.740824,0.732083611954344,0.1977073716805256
1068,San Nicolás,16.415956,-96.740824,34.79071857856232,9.395622872477789
1069,San Nicolás,16.415956,-96.740824,3.2919838236901224,0.8890370700405336
1070,San Nicolás Buenos Aires,19.161897,-97.548412,55.18618521879364,14.90364687109374
1071,San Nicolás de los Garza,25.755253,-100.289586,7.067238528474289,1.9085868494910874
1072,San Nicolás de los Ranchos,19.072589,-98.485697,4.024067435644467,1.0867444417210592
1073,San Nicolás Hidalgo,17.782919,-98.142583,2.9785754800103215,0.8043976396805699
1074,San Nicolás Tolentino,22.248535,-100.552076,2.858953974789023,0.7720925135889807
1075,San Pablo Anicano,18.124454,-98.084033,111.16187237204784,30.020507574391967
1076,San Pablo Coatlán,16.223978,-96.782999,7.5218002483152215,2.0313463286391262
1077,San Pablo Cuatro Venados,16.982708,-96.89111,8.091198613168599,2.18511872883509
1078,San Pablo Etla,17.145506,-96.76449,3.4785933718353474,0.9394330667434126
1079,San Pablo Huitzo,17.277367,-96.884496,52.85595829708276,14.274343014829585
1080,San Pablo Macuiltianguis,17.534291,-96.553561,21.93858405758606,5.924760125197451
1081,San Pablo Tijaltepec,17.017658,-97.499963,90.80468461348735,24.522821216125326
1082,San Pablo Yaganiza,17.146083,-96.229575,7.344760420587701,1.9835347420235743
1083,San Pedro,25.757778,-102.983157,34.79071857856232,9.395622872477789
1084,San Pedro Amuzgos,16.653904,-98.089927,7.564863990194889,2.0429761740320984
1085,San Pedro Apóstol,16.735146,-96.726033,27.367007964528568,7.390766747233767
1086,San Pedro Atoyac,16.489084,-97.986977,5.280093240468095,1.4259482656827451
1087,San Pedro Cajonos,17.168671,-96.260639,4.509730746842936,1.217903253652911
1088,San Pedro Comitancillo,16.490304,-95.159878,15.768506818271508,4.2584617213932825
1089,San Pedro Coxcaltepec Cántaros,17.498849,-97.135813,54.13830083305507,14.62065396653142
1090,San Pedro del Gallo,25.565864,-104.292834,21.582111972026595,5.828490849444515
1091,San Pedro el Alto,16.033616,-96.473723,71.15565616583693,19.216381204320893
1092,San Pedro Garza García,25.665169,-100.402467,9.232387772979784,2.493309631748851
1093,San Pedro Huilotepec,16.243657,-95.152934,18.431281524497603,4.977573828192057
1094,San Pedro Ixcatlán,18.14566,-96.510622,3.6173543178920533,0.9769070130096561
1095,San Pedro Ixtlahuaca,17.063276,-96.820094,30.759473852604582,8.306940123191236
1096,San Pedro Jaltepetongo,17.68785,-97.03494,21.653884875159374,5.847873925099469
1097,San Pedro Jicayán,16.452186,-98.015199,2.3350117819197376,0.6305960613078202
1098,San Pedro Jocotipac,17.76856,-97.080196,19.637066297128285,5.303209499195275
1099,San Pedro Juchatengo,16.340952,-97.087321,36.53480012468885,9.86663161089316
1100,San Pedro Lagunillas,21.221906,-104.75111,9.875951471070367,2.6671112101216004
1101,San Pedro Mártir,16.744489,-96.712218,6.598322228006801,1.781950755212058
1102,San Pedro Mártir Quiechapa,16.415227,-96.247539,9.117551127967337,2.4622967107009255
1103,San Pedro Mártir Yucuxaco,17.432628,-97.610076,1.8469560406168417,0.4987911468541365
1104,San Pedro Molinos,17.104639,-97.541124,12.926299854213466,3.490891925457124
1105,San Pedro Nopala,17.806294,-97.541307,112.0518563708943,30.260857712513392
1106,San Pedro Ocopetatillo,18.184936,-96.913153,49.410858946709375,13.343955383391817
1107,San Pedro Ocotepec,16.955419,-95.846751,35.42232012613078,9.56619393824138
1108,San Pedro Pochutla,15.746341,-96.46523,25.220998160858482,6.811212785150658
1109,San Pedro Quiatoni,16.7832,-96.031551,23.534334937238174,6.35571050725925
1110,San Pedro Sochiápam,17.825141,-96.6644,29.52258748861636,7.972905119404204
1111,San Pedro Taviche,16.637849,-96.537598,7.930905796172061,2.141829859872361
1112,San Pedro Teozacoalco,17.017126,-97.286098,119.2961347270961,32.21725614862003
1113,San Pedro Teutila,17.977028,-96.705671,41.00385955975654,11.07355112167493
1114,San Pedro Tidaá,17.340764,-97.377273,113.42511125083482,30.631720560044837
1115,San Pedro Topiltepec,17.437201,-97.343712,19.601179845561898,5.293517961367799
1116,San Pedro Totolápam,16.666444,-96.301907,51.913340835938925,14.01977862122786
1117,San Pedro y San Pablo Ayutla,17.027151,-96.077082,52.72676707144375,14.239453478650669
1118,San Pedro y San Pablo Teposcolula,17.51207,-97.488189,41.58522007513205,11.230554034480054
1119,San Pedro y San Pablo Tequixtepec,18.060656,-97.717846,64.42335785198227,17.398248707886253
1120,San Pedro Yaneri,17.419356,-96.354571,88.59168676689333,23.925176383430927
1121,San Pedro Yeloixtlahuaca,18.117105,-98.078099,2.906802576877543,0.7850145640256165
1122,San Pedro Yucunama,17.561004,-97.482591,84.26856556819561,22.757669126480895
1123,San Rafael,20.188025,-96.870954,3.1508304475289903,0.8509170212524583
1124,San Raymundo Jalpan,16.970396,-96.755498,15.9981801082964,4.3204875634891335
1125,San Salvador,20.284568,-99.015604,50.245817053154035,13.569445163511109
1126,San Salvador el Seco,19.134745,-97.64275,19.09637709352802,5.157190329261293
1127,San Salvador el Verde,19.269021,-98.517166,34.59693174010382,9.343288568209415
1128,San Salvador Huixcolotla,18.92061,-97.771789,11.825782006177525,3.1936847654145035
1129,San Sebastián Abasolo,16.994675,-96.588859,35.32662292195374,9.54034983736811
1130,San Sebastián Coatlán,16.201259,-96.827539,42.64267418128833,11.516131349129703
1131,San Sebastián del Oeste,20.760833,-104.851667,54.29380878984276,14.662650630450486
1132,San Sebastián Ixcapa,16.543667,-98.144487,44.939407081537254,12.136389770088215
1133,San Sebastián Nicananduta,17.517897,-97.683268,16.77332746213041,4.529824780562631
1134,San Sebastián Río Hondo,16.182831,-96.464061,69.93790924268411,18.887515020708516
1135,San Sebastián Tecomaxtlahuaca,17.345856,-98.031174,14.620140368147046,3.9483325109140264
1136,San Sebastián Tutla,17.058476,-96.67212,40.867491043804264,11.03672327793052
1137,San Simón de Guerrero,19.023089,-100.007278,31.29298576589157,8.451020985559722
1138,San Simón Zahuatlán,17.828853,-98.004528,66.03107088215653,17.832429602557212
1139,San Vicente Coatlán,16.386886,-96.844954,14.237351551438893,3.8449561074209413
1140,San Vicente Lachixío,16.704343,-97.019529,13.833030863790906,3.73576478123137
1141,San Vicente Nuñú,17.456761,-97.442284,6.299268464953554,1.7011879399830847
1142,San Vicente Tancuayalab,21.714944,-98.585718,9.72522837449153,2.626406751246198
1143,Sanahcat,20.771262,-89.214761,21.062954639366158,5.688286602207018
1144,Santa Ana,16.340638,-96.71761,16.627389225760428,4.490412526730892
1145,Santa Ana Ateixtlahuaca,18.210578,-96.906383,28.82878275833283,7.7855353880729865
1146,Santa Ana Cuauhtémoc,17.983841,-96.794698,10.663060975426509,2.8796789398042577
1147,Santa Ana del Valle,16.994827,-96.471675,29.02256959679133,7.837869692341361
1148,Santa Ana Maya,20.008392,-101.021763,23.512803066298343,6.3498955845627645
1149,Santa Ana Nopalucan,19.299836,-98.334189,18.3020902988586,4.942684292013141
1150,Santa Ana Tavela,16.65465,-95.911568,89.13476840059803,24.071841655886743
1151,Santa Ana Tlapacoyan,16.744003,-96.837084,1.5550795678768745,0.419966639190659
1152,Santa Ana Yareni,17.397788,-96.610779,7.598358011656852,2.0520216093377432
1153,Santa Ana Zegache,16.837875,-96.725939,6.383003518608463,1.7238015282471972
1154,Santa Apolonia Teacalco,19.237168,-98.308669,15.952723936312308,4.30821161557433
1155,Santa Bárbara,26.8021,-105.8181,49.42521352733593,13.347831998522807
1156,Santa Catalina Quierí,16.322201,-96.265858,22.273524272205695,6.0152144782539
1157,Santa Catarina,21.139878,-100.066913,7.935690656380912,2.1431220649160245
1158,Santa Catarina,21.139878,-100.066913,33.673453719795404,9.093892994782347
1159,Santa Catarina Ayometla,19.199919,-98.214418,15.895305613806086,4.292705155050367
1160,Santa Catarina Cuixtla,16.304396,-96.644744,78.40471938224759,21.174071845471197
1161,Santa Catarina Ixtepeji,17.265549,-96.561699,102.08260012575133,27.56854850404035
1162,Santa Catarina Juquila,16.237009,-97.292473,28.69241424238055,7.748707544328575
1163,Santa Catarina Lachatao,17.268448,-96.472934,47.6165363683899,12.859378492017978
1164,Santa Catarina Loxicha,16.069504,-96.754866,48.504127937131926,13.099082527617568
1165,Santa Catarina Minas,16.77919,-96.615456,44.3269449748042,11.970987524499277
1166,Santa Catarina Quiané,16.880306,-96.740748,22.369221476382737,6.0410585791271725
1167,Santa Catarina Quioquitani,16.315654,-96.284965,11.069774093178921,2.9895163685156603
1168,Santa Catarina Tlaltempan,18.614263,-98.0799,54.678990036655335,14.766673136465402
1169,Santa Catarina Yosonotú,17.02055,-97.662128,38.16404502580293,10.306627428260603
1170,Santa Catarina Zapoquila,18.064558,-97.601655,71.82314416497178,19.39664380791196
1171,Santa Cruz,31.231536,-110.595978,9.07448738608767,2.4506668653079533
1172,Santa Cruz Acatepec,18.163762,-96.875319,38.16882988601178,10.307919633304268
1173,Santa Cruz Amilpas,17.0587,-96.684017,23.13719153990347,6.248457488635174
1174,Santa Cruz de Bravo,17.581374,-98.223989,8.627102956560016,2.3298456937254097
1175,Santa Cruz Itundujia,16.87493,-97.660551,8.622318096351163,2.328553488681746
1176,Santa Cruz Mixtepec,16.792443,-96.882407,2.332619351815312,0.6299499587859886
1177,Santa Cruz Papalutla,16.959489,-96.584911,1.6555616322627649,0.4471029451075939
1178,Santa Cruz Quilehtla,19.21318,-98.222018,50.1788290102301,13.551354292899818
1179,Santa Cruz Tacache de Mina,17.827661,-98.150788,1.2584182349280555,0.3398499264835179
1180,Santa Cruz Tacahua,16.918901,-97.492166,29.8120715312519,8.051083524545849
1181,Santa Cruz Tayata,17.357769,-97.568595,25.034388612713254,6.760816788447778
1182,Santa Cruz Tlaxcala,19.355795,-98.15038,28.182826630137818,7.611087707178404
1183,Santa Cruz Xitla,16.322437,-96.673129,8.993144762537186,2.4286993795656726
1184,Santa Cruz Zenzontepec,16.535131,-97.495079,8.34479620423775,2.2536055961492596
1185,Santa Elena,20.328898,-89.643259,73.30166596950701,19.795935166404
1186,Santa Gertrudis,16.786595,-96.797211,40.16890145331188,10.848061341555638
1187,Santa Inés Ahuatempan,18.412718,-98.017696,31.553760647273997,8.521446160439387
1188,Santa Inés de Zaragoza,17.228501,-97.159224,1.7919301482150447,0.4839307888520055
1189,Santa Inés del Monte,16.925767,-96.861687,15.170399292165017,4.096936090935336
1190,Santa Inés Yatzeche,16.808673,-96.756324,27.508161340689696,7.428886796021842
1191,Santa Isabel,28.343346,-106.368054,72.51216403504645,19.582721334199512
1192,Santa Isabel Cholula,18.994574,-98.379239,14.605785787520492,3.944455895783036
1193,Santa Isabel Xiloxoxtla,19.268064,-98.213558,22.285486422727825,6.01844499086306
1194,Santa Lucía del Camino,17.064118,-96.694677,30.21878464900431,8.160920953257252
1195,Santa Lucía Miahuatlán,16.186473,-96.618211,56.52116121706332,15.264172078275875
1196,Santa Lucía Ocotlán,16.74219,-96.680396,16.340297613229314,4.4128802241110785
1197,Santa María Alotepec,17.092096,-95.854572,30.316874283285777,8.187411156652356
1198,Santa María Apazco,17.634583,-97.100387,16.132156194144255,4.356669304711713
1199,Santa María Atzompa,17.102866,-96.779261,9.177361880577987,2.47844927374672
1200,Santa María Camotlán,17.899561,-97.69338,8.82567465522737,2.3834722030374476
1201,Santa María Chachoápam,17.525156,-97.283505,53.155012060135995,14.355105830058555
1202,Santa María Chilchotla,18.23424,-96.830541,9.940547083889868,2.684555978211059
1203,Santa María Chimalapa,16.90992,-94.683022,45.106877188847065,12.181616946616439
1204,Santa María Colotepec,15.897792,-96.938589,2.9091950069819683,0.7856606665474481
1205,Santa María Cortijo,16.450803,-98.285716,24.816677473210493,6.702021458961085
1206,Santa María Coyotepec,16.967161,-96.706736,53.42535666193613,14.428115415025546
1207,Santa María de la Paz,21.512178,-103.407042,45.93465800497845,12.405168419170236
1208,Santa María de los Ángeles,22.173333,-103.223056,9.213248332144376,2.4881408115741968
1209,Santa María del Oro,19.5875,-102.908333,15.916837484745917,4.298520077746852
1210,Santa María del Oro,19.5875,-102.908333,34.52755126707547,9.324551595076294
1211,Santa María del Río,21.800439,-100.737109,23.120444529172488,6.243934770982352
1212,Santa María del Tule,17.046702,-96.636592,38.22385577841358,10.322779991306398
1213,Santa María Ecatepec,16.284183,-95.88113,75.69409607393297,20.442037688235782
1214,Santa María Guelacé,17.000877,-96.60283,99.3982935485854,26.843621474545092
1215,Santa María Guienagati,16.737983,-95.354486,17.76379352536276,4.797311224600989
1216,Santa María Huatulco,15.836111,-96.322093,12.89519826285593,3.482492592673311
1217,Santa María Huazolotitlán,16.302222,-97.912861,48.88452432373566,13.201812828588825
1218,Santa María Ipalapa,16.636219,-98.033824,15.364186130623521,4.149270395203711
1219,Santa María Ixcatlán,17.851593,-97.190482,24.747297000182137,6.683284485827964
1220,Santa María Jalapa del Marqués,16.440065,-95.443378,11.804250135237691,3.1878698427180177
1221,Santa María Jaltianguis,17.365613,-96.528271,46.209787466987436,12.47947020918089
1222,Santa María la Asunción,18.108224,-96.819365,53.71962556478052,14.507586025210857
1223,Santa María Lachixío,16.727756,-97.019211,2.8398145339536156,0.7669236934143265
1224,Santa María Mixtequilla,16.373708,-95.260473,23.61567756078866,6.377677993001531
1225,Santa María Nativitas,17.661494,-97.334787,14.172755938619392,3.827511339331483
1226,Santa María Nduayaco,17.411509,-97.496337,15.493377356262522,4.184159931382627
1227,Santa María Ozolotepec,16.130841,-96.370067,67.93305281517516,18.346081107413482
1228,Santa María Pápalo,17.78416,-96.797356,63.5405511434491,17.159836877330328
1229,Santa María Peñoles,17.078915,-97.002446,3.7561152639487583,1.0143809592758994
1230,Santa María Quiegolani,16.277213,-96.052003,3.138868297006861,0.8476865086432994
1231,Santa María Sola,16.566713,-97.013188,8.237136849538583,2.2245309826668294
1232,Santa María Tataltepec,17.142459,-97.395116,8.074451602437618,2.180596011182268
1233,Santa María Tecomavaca,17.956257,-97.024437,31.16140211014814,8.415485346858974
1234,Santa María Temaxcalapa,17.381099,-96.162478,17.17286328956955,4.637723901708539
1235,Santa María Temaxcaltepec,16.163109,-97.194655,18.962401007680164,5.121008588038713
1236,Santa María Teopoxco,18.166659,-96.955139,63.14101531600996,17.05193775618442
1237,Santa María Tepantlali,16.997513,-96.01012,11.11762269526744,3.002438418952296
1238,Santa María Tlalixtac,17.951677,-96.738075,20.562936747541134,5.553251175144175
1239,Santa María Tonameca,15.747139,-96.545365,13.577040842617329,3.666631811395369
1240,Santa María Totolapilla,16.603228,-95.625455,49.563974473392626,13.38530594478905
1241,Santa María Xadani,16.360301,-95.01985,28.630211059665474,7.731908878760948
1242,Santa María Yalina,17.240471,-96.262781,43.92262428715621,11.861796198309705
1243,Santa María Yavesía,17.234215,-96.429516,10.859240243989436,2.932659346594463
1244,Santa María Yolotepec,16.876805,-97.505328,5.866238616052456,1.5842433835315322
1245,Santa María Yosoyúa,17.120186,-97.514792,48.65006617350192,13.13849478144931
1246,Santa María Zacatepec,16.763894,-97.989878,65.46884980761642,17.680595509926743
1247,Santa María Zaniza,16.655098,-97.338544,31.441316432365976,8.491079341913293
1248,Santiago,25.4271,-100.153011,65.41621634531906,17.666381254446446
1249,Santiago Amoltepec,16.640906,-97.494803,44.963331382581515,12.142850795306533
1250,Santiago Astata,15.987631,-95.675866,45.793504628817324,12.367048370382161
1251,Santiago Camotlán,17.446267,-96.184656,66.78707879515513,18.036597999456056
1252,Santiago de Anaya,20.382582,-98.963953,54.27466934900735,14.657481810275831
1253,Santiago del Río,17.455975,-98.08854,93.69952503984275,25.304605267541785
1254,Santiago el Pinar,16.941438,-92.714596,69.7895785762097,18.847456664354944
1255,Santiago Huauclilla,17.450841,-97.071527,111.77672690888531,30.186555922502738
1256,Santiago Ihuitlán Plumas,17.848474,-97.429743,99.89352658020158,26.977364696564273
1257,Santiago Ixcuintepec,16.934806,-95.623106,64.4066108412513,17.39372599023343
1258,Santiago Ixcuintla,21.808336,-105.206044,45.393968801378186,12.259149249236254
1259,Santiago Ixtayutla,16.565006,-97.651969,18.625068362956103,5.029908132460431
1260,Santiago Jamiltepec,16.279458,-97.819682,115.69552741993505,31.2448718532632
1261,Santiago Juxtlahuaca,17.33529,-98.012449,9.600822009061382,2.5928094201109455
1262,Santiago Lachiguiri,16.686459,-95.532658,43.822142222770324,11.83465989239277
1263,Santiago Lalopa,17.417959,-96.248592,22.91708797029628,6.1890160566266506
1264,Santiago Laollaga,16.584887,-95.204579,47.465813271811065,12.818674033142576
1265,Santiago Laxopa,17.219758,-96.313396,52.81289455520309,14.262713169436612
1266,Santiago Llano Grande,16.489426,-98.289669,12.081772027351102,3.2628177352505046
1267,Santiago Maravatío,20.172407,-100.995226,72.53848076619514,19.589828461939664
1268,Santiago Matatlán,16.866099,-96.383423,115.09024260351528,31.081407915239758
1269,Santiago Miahuatlán,18.553155,-97.441853,48.56633111984701,13.115881193185198
1270,Santiago Minas,16.426183,-97.228153,37.46545543531055,10.117965491885725
1271,Santiago Nacaltepec,17.505474,-96.916496,52.18847029794791,14.094080411238515
1272,Santiago Nejapilla,17.420284,-97.372616,97.84799884091737,26.4249470403981
1273,Santiago Niltepec,16.562093,-94.613004,60.09545179307571,16.22944924589256
1274,Santiago Nundiche,17.331792,-97.673498,36.68552322126769,9.907336069768562
1275,Santiago Nuyoó,17.015173,-97.766539,13.045921359434764,3.523197051548713
1276,Santiago Suchilquitongo,17.247126,-96.873686,45.54229946785259,12.299207605589823
1277,Santiago Tamazola,17.669309,-98.2208,36.60657302782163,9.886014686548114
1278,Santiago Tapextla,16.34097,-98.447474,74.42132325837837,20.098311146621278
1279,Santiago Tenango,17.324921,-97.004104,22.445779239724363,6.061733859825789
1280,Santiago Tepetlapa,17.782596,-97.401536,24.43867351671119,6.599937260511664
1281,Santiago Texcalcingo,18.208196,-96.968769,44.18339916853865,11.932221373189371
1282,Santiago Textitlán,16.692724,-97.26032,11.433423469051668,3.0877239518340915
1283,Santiago Tilantongo,17.283077,-97.339804,95.41011256450733,25.76656857065151
1284,Santiago Tillo,17.460285,-97.319723,25.802358676233986,6.96821569795578
1285,Santiago Tlazoyaltepec,17.026902,-96.995495,35.754867910645984,9.656002188775998
1286,Santiago Tuxtla,18.465643,-95.301754,69.82068016756725,18.855855997138757
1287,Santiago Xiacuí,17.29312,-96.431628,34.32658713830369,9.270278983242424
1288,Santiago Yaitepec,16.225571,-97.26936,32.544226710506344,8.788932604477745
1289,Santiago Yaveo,17.335828,-95.700692,88.44335610041892,23.885118027077358
1290,Santiago Yolomécatl,17.470933,-97.56975,43.56136734138789,11.764234717513105
1291,Santiago Yosondúa,16.873377,-97.576609,32.173400044320324,8.688786713593819
1292,Santiago Yucuyachi,17.608201,-98.196405,19.058098211857207,5.146852688911984
1293,Santiago Zacatepec,17.159395,-95.914962,18.079594299146986,4.882596757482785
1294,Santiago Zoochila,17.220566,-96.242139,43.55658248117904,11.762942512469442
1295,Santo Domingo,23.325254,-101.736303,22.19457407875964,5.993893095033452
1296,Santo Domingo Albarradas,17.068044,-96.200094,12.675094693248742,3.423051160664787
1297,Santo Domingo Armenta,16.332972,-98.378152,91.84299927880822,24.803229710600323
1298,Santo Domingo de Morelos,15.833004,-96.668076,36.9821845542165,9.987452782475703
1299,Santo Domingo Ingenio,16.588492,-94.76863,77.85924531843847,21.02676047049355
1300,Santo Domingo Ixcatlán,16.913927,-97.531934,119.00186582425172,32.13778553843473
1301,Santo Domingo Nuxaá,17.221897,-97.12071,65.51909083980937,17.69416366288521
1302,Santo Domingo Ozolotepec,16.150868,-96.310399,41.288558742183234,11.150437321772912
1303,Santo Domingo Petapa,16.820669,-95.140423,69.37090330793517,18.73438872303438
1304,Santo Domingo Roayaga,17.337631,-96.114573,50.14294255866371,13.541662755072341
1305,Santo Domingo Teojomulco,16.589403,-97.226188,105.4894205944539,28.488598495128812
1306,Santo Domingo Tepuxtepec,16.956887,-96.055406,63.49987983167386,17.148853134459188
1307,Santo Domingo Tlatayápam,17.407468,-97.347023,59.569117170102004,16.08730669108957
1308,Santo Domingo Tomaltepec,17.06042,-96.624358,40.70002093649445,10.991496101402294
1309,Santo Domingo Tonaltepec,17.610857,-97.360082,70.17954468323114,18.952771375413526
1310,Santo Tomás Hueyotlipan,18.891089,-97.867231,96.55369415442293,26.075405576087103
1311,Santo Tomás Ocotepec,17.145254,-97.762301,46.66434918682837,12.60222968832893
1312,Santos Reyes Pápalo,17.804657,-96.860878,6.131798357643738,1.6559607634548599
1313,Santos Reyes Yucuná,17.777741,-98.004527,59.7533342881428,16.137056585270617
1314,Sáric,31.102665,-111.379073,22.70894655121122,6.132805137227285
1315,Saucillo,28.032674,-105.288032,2.8158902329093562,0.7604626681960087
1316,Sayula,19.883611,-103.597222,6.670095131139578,1.801333830867011
1317,Sayula de Alemán,17.880969,-94.960109,1.4976612453706517,0.40446017866669626
1318,Senguio,19.73323,-100.352378,2.3421890722330154,0.6325343688733156
1319,Seyé,20.836987,-89.372253,2.921157157504098,0.7888911791566071
1320,Sierra Mojada,27.286877,-103.701457,3.528834404028292,0.95300121970188
1321,Silacayoápam,17.501447,-98.142585,55.387149347565426,14.957919482927611
1322,Silao de la Victoria,20.94445,-101.426216,4.366184940577378,1.1791371023430042
1323,Siltepec,15.557185,-92.32286,7.634244463223242,2.06171314716522
1324,Sitalá,17.025051,-92.307743,94.38376004970858,25.489390588785675
1325,Sitio de Xitlapehua,16.351036,-96.532603,11.832959296490802,3.1956230729799993
1326,Sochiapa,19.193295,-96.940646,4.421210832979176,1.193997460345135
1327,Socoltenango,16.242949,-92.350316,2.064667180119604,0.5575864763408288
1328,Soconusco,17.962881,-94.881051,13.945475078698927,3.766131599757464
1329,Soledad Atzompa,18.755315,-97.149413,1.8014998686327486,0.4865151989393327
1330,Soledad Etla,17.171669,-96.820764,21.629960574115113,5.841412899881151
1331,Solosuchiapa,17.428656,-93.031179,2.4139619753657944,0.6519174445282692
1332,Soteapan,18.22951,-94.872756,2.124477932730253,0.5737390393866234
1333,Sotuta,20.595018,-89.006706,2.256061588473681,0.6092746780873715
1334,Soyaló,16.890993,-92.92529,29.991503789083843,8.099541213683231
1335,Soyopa,28.764215,-109.634631,79.0674225211736,21.353042244018603
1336,Suaqui Grande,28.395548,-109.888203,2.634065544972983,0.7113588765367932
1337,Suchiapa,16.621958,-93.104794,12.376040930195495,3.3422883454358137
1338,Súchil,23.622163,-103.92187,13.813891422955498,3.730595961056715
1339,Sucilá,21.156166,-88.313938,3.662810489876146,0.9891829609244599
1340,Sudzal,20.872096,-88.988792,34.37682817049663,9.283847136200892
1341,Sunuapa,17.489378,-93.243169,0.8732369881154758,0.23582742046860083
1342,Susticacán,22.611089,-103.099689,5.832744594590492,1.575197948225887
1343,Tabasco,21.865277,-102.913057,21.823747412573614,5.893747204149525
1344,Tacotalpa,17.591793,-92.826284,7.392609022676219,1.9964567924602097
1345,Tahdziú,20.203821,-88.944904,3.5790754362212374,0.9665693726603475
1346,Tahmek,20.875535,-89.255795,11.555437404377392,3.1206751804475124
1347,Tala,20.6525,-103.702778,12.577005058967277,3.3965609572696835
1348,Talpa de Allende,20.381389,-104.818056,0.8828067085331796,0.23841183055592796
1349,Tamalín,21.337939,-97.81323,1.2847349660767409,0.34695705422366746
1350,Tamasopo,21.923902,-99.39216,25.668382590386134,6.932033956733201
1351,Tamazula de Gordiano,19.676389,-103.25,3.488163092253051,0.9420174768307397
1352,Tamazulápam del Espíritu Santo,17.054436,-96.065106,4.390109241621638,1.1855981275613219
1353,Tamazunchale,21.262738,-98.791518,4.923621154908627,1.3296789899298096
1354,Tamiahua,21.279742,-97.446525,3.2728443828547142,0.8838682498658792
1355,Tampacán,21.402308,-98.727676,2.6651671363305205,0.7197582093206064
1356,Tampamolón Corona,21.560352,-98.815114,2.8182826630137816,0.7611087707178404
1357,Tampico,22.21606,-97.858387,3.303945974212252,0.8922675826496924
1358,Tampico Alto,22.11323,-97.80163,3.5240495438194404,0.9517090146582164
1359,Tamuín,22.004147,-98.775161,20.450492532633113,5.522884356618081
1360,Tancanhuitz,21.597319,-98.966388,3.418782619224698,0.9232805036976179
1361,Tancítaro,19.337498,-102.363034,2.495304598916277,0.6738849302705497
1362,Tancoco,21.286471,-97.791205,11.46691749051363,3.096769387139736
1363,Tanetze de Zaragoza,17.376733,-96.302236,32.601645033012566,8.804439065001707
1364,Tapalapa,17.190048,-93.104605,76.99079319053185,20.79222525506861
1365,Tapilula,17.248403,-93.016258,90.31184401197561,24.389724096627983
1366,Taretan,19.334562,-101.917904,73.68206235611075,19.898665467375256
1367,Taxco de Alarcón,18.557382,-99.604595,23.498448485671787,6.346018969431773
1368,Teapa,17.548284,-92.952994,21.173006424169753,5.71800731821128
1369,Tecali de Herrera,18.901033,-97.969136,10.18218252443689,2.749812332916069
1370,Tecalitlán,19.469444,-103.306667,18.0437078475806,4.872905219655308
1371,Tecamachalco,18.884692,-97.728416,9.911837922636757,2.6768027479490777
1372,Techaluta de Montenegro,20.074167,-103.551667,3.9977507044957803,1.0796373139809095
1373,Tecoanapa,16.988854,-99.260876,19.828460705482364,5.354897700941819
1374,Tecoh,20.741726,-89.474302,99.2140764305446,26.793871580364044
1375,Tecolotlán,20.203611,-104.045,35.963009329731044,9.712213108175364
1376,Tecolutla,20.477393,-97.008451,9.098411687131929,2.457127890526271
1377,Tecomán,18.910503,-103.873548,37.506126747085794,10.128949234756865
1378,Tecomatlán,18.11096,-98.314373,40.70002093649445,10.991496101402294
1379,Tecozautla,20.533873,-99.634924,38.264527090188814,10.333763734177538
1380,Técpan de Galeana,17.222609,-100.632378,15.2517419157155,4.118903576677617
1381,Tecpatán,17.136478,-93.311165,35.0371388793182,9.462171432226464
1382,Tecuala,22.395041,-105.456034,4.899696853864368,1.323217964711492
1383,Tehuitzingo,18.331714,-98.276126,10.239600846943112,2.7653187934400316
1384,Tekal de Venegas,21.014073,-88.947005,62.770188649823936,16.951791865300493
1385,Tekantó,21.011647,-89.106084,8.86156110679376,2.3931637408649244
1386,Tekit,20.533493,-89.333095,9.115158697862912,2.4616506081790934
1387,Tekom,20.602225,-88.264438,31.556153077378426,8.52209226296122
1388,Telchac Puerto,21.343004,-89.264225,4.586288510184567,1.238578534351528
1389,Temixco,18.845273,-99.224143,67.53830184794488,18.239474191311235
1390,Temósachic,28.952758,-107.829839,53.18132879128469,14.362212957798707
1391,Temozón,20.80368,-88.201158,27.280880480769234,7.367507056447823
1392,Tenabo,20.039677,-90.225763,16.955152150066784,4.578928572221846
1393,Tenamaxtlán,20.218611,-104.160278,43.32930162125858,11.701562772895423
1394,Tenancingo,18.96183,-99.593842,41.46559856991075,11.198248908388464
1395,Tenango del Aire,19.157003,-98.861296,11.376005146545445,3.072217491310129
1396,Tenejapa,16.819017,-92.506492,22.52712186327485,6.08370134556807
1397,Teocaltiche,21.434444,-102.570278,93.23300116947969,25.178615275784587
1398,Teocelo,19.386251,-96.972177,17.95279550361241,4.8483533238257
1399,Teococuilco de Marcos Pérez,17.351989,-96.614944,27.733049770505737,7.4896204330740295
1400,Teocuitatlán de Corona,20.093333,-103.38,92.29756099864915,24.92598918974836
1401,Teolocholco,19.244394,-98.192351,53.28898814598385,14.391287571281136
1402,Teoloyucan,19.745394,-99.183032,22.565400744945663,6.094038985917378
1403,Teopantlán,18.713259,-98.262371,44.704948931303505,12.073071722948699
1404,Teopisca,16.541514,-92.472597,15.38811043166778,4.155731420422029
1405,Teotitlán de Flores Magón,18.132334,-97.070704,67.84214047120697,18.321529211583872
1406,Teotlalco,18.469623,-98.778269,57.69584439833647,15.58140841649528
1407,Teotongo,17.726323,-97.536713,31.039388174822417,8.382534118245554
1408,Tepache,29.534399,-109.532373,60.425607147486495,16.318611393905346
1409,Tepakán,21.049334,-89.039412,31.886308431789207,8.611254410974006
1410,Tepalcatepec,19.191367,-102.843708,37.022855865991744,9.998436525346843
1411,Tepalcingo,18.594736,-98.844357,84.41450380456561,22.797081380312637
1412,Tepanco de López,18.555069,-97.561498,32.44374464612046,8.76179629856081
1413,Tepatitlán de Morelos,20.8175,-102.757222,15.057955077256997,4.066569272409243
1414,Tepatlaxco,19.067345,-96.842039,53.89905782261247,14.556043714348242
1415,Tepatlaxco de Hidalgo,19.077302,-97.966617,22.027103971449822,5.9486659185052275
1416,Tepeaca,18.966133,-97.905434,43.07809646029386,11.633722008103087
1417,Tepeapulco,19.785674,-98.553662,61.26295768403558,16.54474727654647
1418,Tepechitlán,21.671126,-103.327625,25.36215153701961,6.849332833938732
1419,Tepecoacuilco de Trujano,18.28699,-99.466694,80.14401606816526,21.643788378842903
1420,Tepehuacán de Guerrero,21.014084,-98.843733,33.96533019253537,9.172717502445824
1421,Tepeji del Río de Ocampo,19.905217,-99.341814,101.06103247116145,27.292662727218183
1422,Tepelmeme Villa de Morelos,17.874806,-97.362198,109.37472708404165,29.537868990583625
1423,Tepeojuma,18.722449,-98.450289,14.859383378589643,4.012942763097205
1424,Tepetitlán,20.186858,-99.380365,8.454847989041346,2.2833263121535214
1425,Tepetlán,19.673869,-96.795987,45.54229946785259,12.299207605589823
1426,Tepetlixpa,19.029515,-98.819708,28.137370458153725,7.598811759263601
1427,Tepetongo,22.461265,-103.147898,9.789823987311031,2.6438515193356564
1428,Tepetzintla,19.967086,-97.840975,15.397680152085485,4.158315830509356
1429,Tepetzintla,19.967086,-97.840975,18.393002642826787,4.967236187842748
1430,Tepexco,18.641633,-98.690518,13.610534864079293,3.675677246701014
1431,Tepexi de Rodríguez,18.581017,-97.92619,7.361507431318682,1.9880574596763965
1432,Tepeyahualco,19.491982,-97.492218,19.02460419039524,5.137807253606339
1433,Tepeyahualco de Cuauhtémoc,18.813149,-97.878029,11.091305964118755,2.9953312912121466
1434,Tepeyanco,19.245567,-98.236035,22.63956607818287,6.114068164094164
1435,Tepezalá,22.224228,-102.166971,18.541333309301198,5.007294544196319
1436,Tepic,21.507413,-104.893799,13.021997058390506,3.5167360263303955
1437,Tepotzotlán,19.713778,-99.223514,23.208964443036244,6.267840564290127
1438,Tepoztlán,18.986457,-99.101227,8.23235198932973,2.2232387776231657
1439,Tequila,20.879444,-103.835556,99.86481741894846,26.96961146630229
1440,Tequisquiapan,20.518818,-99.88384,12.567435338549572,3.393976547182356
1441,Tequixquiac,19.910277,-99.148913,55.265135412239694,14.924968254314189
1442,Terrenate,19.477438,-97.919105,15.641708022736932,4.224218287736198
1443,Tetecala,18.728967,-99.398583,24.732942419555584,6.6794078706969735
1444,Tetela del Volcán,18.893525,-98.730066,67.42825006314128,18.209753475306975
1445,Tetipac,18.649385,-99.648982,18.81885520141461,5.082242436728806
1446,Tetiz,20.961912,-89.933449,64.22000129310607,17.343329993530553
1447,Tetlatlahuca,19.231639,-98.295728,80.95744230367008,21.863463236265705
1448,Teuchitlán,20.685278,-103.849167,68.61968025514541,18.531512531179203
1449,Teúl de González Ortega,21.464091,-103.462039,11.26595336174185,3.042496775305867
1450,Texcaltitlán,18.930389,-99.939277,4.7322267465545504,1.277990788183267
1451,Texcatepec,20.584819,-98.364564,16.529299591478964,4.463922323335789
1452,Texhuacán,18.620638,-97.038733,56.12880267993747,15.158211264695463
1453,Texistepec,17.894277,-94.815294,54.190934295352434,14.634868222011718
1454,Teya,21.048538,-89.073709,117.65971253566876,31.775322023687092
1455,Teziutlán,19.817991,-97.360878,39.43921027146197,10.651000072396943
1456,Tezonapa,18.606807,-96.687534,65.11477015216137,17.58497233669564
1457,Tezontepec de Aldama,20.192762,-99.272683,38.565973283346494,10.415172651928344
1458,Tianguismanalco,18.977759,-98.448219,32.77868486074009,8.85225065161726
1459,Tianguistengo,20.728213,-98.630851,100.08731341866007,27.029699000832647
1460,Ticul,20.39834,-89.534447,45.188219812397556,12.20358443235872
1461,Tierra Blanca,21.100003,-100.159154,118.30806109396819,31.950415807103504
1462,Tierra Blanca,21.100003,-100.159154,58.42553558018639,15.778469685653974
1463,Tierra Nueva,21.667456,-100.573918,26.711482115915853,7.213734656251858
1464,Tihuatlán,20.716672,-97.537945,26.359794890565237,7.1187575855425855
1465,Tijuana,32.532461,-117.018913,19.56050853378666,5.282534218496659
1466,Tingambato,19.501894,-101.853476,5.634172895923139,1.5215714389138493
1467,Tingüindín,19.739139,-102.482917,13.739726089718294,3.7105667828799302
1468,Tinum,20.767141,-88.391238,47.5519407555704,12.84193372392852
1469,Tixkokob,21.002568,-89.394966,38.67841749825451,10.445539470454436
1470,Tixtla de Guerrero,17.566724,-99.398271,52.753083802592435,14.246560606390817
1471,Tizapán el Alto,20.158611,-103.039167,39.07556089558921,10.552792489078513
1472,Tizayuca,19.841089,-98.981584,55.25556569182199,14.92238384422686
1473,Tizimín,21.143283,-88.151955,28.395752909431728,7.668590831621433
1474,Tlachichilco,20.621569,-98.199049,67.16747518175886,18.139328300427312
1475,Tlachichuca,19.115635,-97.419113,27.419641426825937,7.404981002714066
1476,Tlacoachistlahuaca,16.809909,-98.301749,32.362402022569974,8.73982881281853
1477,Tlacoapa,17.259948,-98.748211,15.813962990255602,4.270737669308087
1478,Tlacojalpan,18.230886,-95.947628,33.209322279536764,8.96854910554698
1479,Tlacolulan,19.664859,-97.001371,54.1598327039949,14.626468889227905
1480,Tlacotalpan,18.613025,-95.656274,38.95593939036792,10.520487362986923
1481,Tlacotepec de Benito Juárez,18.682768,-97.65354,49.855850946132605,13.464130452452528
1482,Tlacotepec de Mejía,19.192134,-96.836508,31.960473765026414,8.63128358915079
1483,Tlacuilotepec,20.326265,-98.068909,64.18889970174853,17.33493066074674
1484,Tlahuiltepa,20.923913,-98.950201,57.621679065099265,15.561379238318494
1485,Tlajomulco de Zúñiga,20.473611,-103.443056,43.72166015838443,11.807523586475835
1486,Tlalixcoyan,18.802161,-96.060888,52.14540655606824,14.082450565845543
1487,Tlalixtac de Cabrera,17.074484,-96.648417,99.6925624514298,26.923092084730403
1488,Tlalnelhuayocan,19.564738,-96.973897,32.00353750690608,8.642913434543763
1489,Tlalnepantla,19.007927,-98.997352,102.4127554801621,27.657710652053137
1490,Tlalnepantla,19.007927,-98.997352,29.61589226268897,7.998103117755643
1491,Tlaltenango,19.170023,-98.344316,55.341693175581334,14.945643535012808
1492,Tlaltenango de Sánchez Román,21.783042,-103.305813,65.30137970030661,17.63536833339852
1493,Tlaltetela,19.31466,-96.902586,37.874560983167385,10.228449023118957
1494,Tlanalapa,19.817894,-98.603913,13.335405402070307,3.6013754566903593
1495,Tlanepantla,18.865364,-97.887397,111.95137430650841,30.233721406596455
1496,Tlapa de Comonfort,17.546949,-98.582138,12.091341747768807,3.265402145337832
1497,Tlapacoya,20.123151,-97.851374,92.51287970804749,24.984138416713222
1498,Tlapacoyan,19.962652,-97.21253,26.632531922469795,7.192413273031409
1499,Tlapanalá,18.696144,-98.537794,68.24167629864611,18.42942833272978
1500,Tlapehuala,18.23976,-100.541574,94.79525802766986,25.60052022254074
1501,Tlaquilpa,18.612271,-97.118881,91.79036581651084,24.78901545512002
1502,Tlaquiltenango,18.63003,-99.162662,36.027604942550546,9.729657876264822
1503,Tlatlaya,18.617842,-100.207831,3.6915196511292576,0.9969361911864413
1504,Tlaxco,20.423744,-98.028684,7.892626914501245,2.1314922195230523
1505,Tlaxco,20.423744,-98.028684,43.846066523814585,11.841120917611088
1506,Tlaxcoapan,20.091614,-99.221593,57.22214323766013,15.453480117172587
1507,Tlayacapan,18.956617,-98.983118,92.5152721381519,24.98478451923505
1508,Tlazazalca,19.971236,-102.056679,30.620712906547872,8.269466176924992
1509,Tlilapan,18.805746,-97.099058,40.99189740923442,11.070320609065773
1510,Tochimilco,18.892924,-98.572166,11.581754135526076,3.127782308187662
1511,Tolcayuca,19.956591,-98.921761,29.008215016164776,7.833993077210369
1512,Tolimán,19.6,-103.914444,39.45834971229738,10.656168892571598
1513,Tolimán,19.6,-103.914444,54.631141434566814,14.753751086028766
1514,Tomatlán,19.941389,-105.245278,24.235316957834986,6.545018546155963
1515,Tomatlán,19.941389,-105.245278,89.2711369165503,24.108669499631155
1516,Tonalá,16.091356,-93.751783,40.73590738806083,11.00118763922977
1517,Tonalá,16.091356,-93.751783,56.87524087251837,15.359795251506979
1518,Tonaya,19.784167,-103.970833,13.519622520111104,3.651125350871406
1519,Tonayán,19.68289,-96.921507,24.744904570077715,6.682638383306133
1520,Tonila,19.410833,-103.549444,54.44213945631717,14.702708986804057
1521,Topia,25.209023,-106.571196,43.18575581499302,11.662796621585516
1522,Totolapa,16.544733,-92.680376,76.3041657505616,20.60679383130289
1523,Totolapan,18.987223,-98.921439,80.00764755221299,21.60696053509849
1524,Totoltepec de Guerrero,18.222541,-97.855134,67.6052898908688,18.257565061922527
1525,Tototlán,20.543611,-102.789167,43.19054067520187,11.66408882662918
1526,Totutla,19.211286,-96.961295,94.08709871675977,25.409273876078533
1527,Tres Valles,18.240922,-96.134797,48.56633111984701,13.115881193185198
1528,Trincheras,30.398621,-111.531483,56.32737437860483,15.211837774007503
1529,Trinidad Zaachila,16.921227,-96.765343,57.72216112948516,15.58851554423543
1530,Tubutama,30.884909,-111.46582,19.96004436122579,5.390433339642566
1531,Tula de Allende,20.05522,-99.343189,15.091449098718961,4.075614707714887
1532,Tultepec,19.685548,-99.128605,7.497875947270961,2.024885303420808
1533,Tulum,20.210777,-87.463205,78.06738673752353,21.082971389892915
1534,Tunkás,20.90235,-88.752279,39.65213655075588,10.708503196839974
1535,Turicato,19.053867,-101.419531,9.390288159871897,2.5359523981897487
1536,Tuxcacuesco,19.697222,-103.983611,58.80114710658127,15.879907781581565
1537,Tuxcueca,20.155556,-103.183889,67.29905883750227,18.17486393912806
1538,Tuxpan,19.554444,-103.372222,27.826354544578354,7.51481843142547
1539,Tuxpan,19.554444,-103.372222,52.3990041471374,14.150937433159713
1540,Tuxpan,19.554444,-103.372222,27.658884437268537,7.469591254897245
1541,Tuxtilla,18.23896,-95.894746,13.864132455148443,3.7441641140151827
1542,Tuxtla Chico,14.94019,-92.16897,28.687629382171696,7.7474153392849106
1543,Tuzamapan de Galeana,20.065617,-97.575102,14.45267026083723,3.9031053343858018
1544,Tuzantán,15.146063,-92.421621,48.19550445366099,13.015735302301271
1545,Tuzantla,19.207606,-100.573064,58.736551493761766,15.862463013492105
1546,Tzicatlacoyan,18.841228,-98.048143,71.02168007998907,19.18019946309831
1547,Tzintzuntzan,19.625438,-101.576951,82.31873503308846,22.231095571187993
1548,Tzitzio,19.58551,-100.924651,15.426389313338596,4.1660690607713375
1549,Tzompantepec,19.376062,-98.091171,12.057847726306843,3.2563567100321866
1550,Tzucacab,20.071932,-89.05033,40.56843728075102,10.955960462701546
1551,Uayma,20.717788,-88.317139,21.3524386820017,5.766465007348664
1552,Ucú,21.031735,-89.74644,22.50080513212616,6.076594217827919
1553,Umán,20.88189,-89.748283,34.97493569660312,9.445372766658837
1554,Unión de San Antonio,21.128056,-102.007222,39.09948519663348,10.559253514296831
1555,Unión de Tula,19.954444,-104.264444,54.32969524140915,14.672342168277961
1556,Unión Hidalgo,16.472824,-94.828939,25.895663450306603,6.99341369630722
1557,Unión Juárez,15.060656,-92.081888,13.337797832174733,3.602021559212191
1558,Uriangato,20.141012,-101.178051,47.669169830687274,12.873592747498279
1559,Uruapan,19.420888,-102.062799,10.739618738768138,2.9003542205028743
1560,Valerio Trujano,17.771714,-96.980221,30.857563486886043,8.333430326586338
1561,Valladolid,20.689726,-88.20098,10.249170567360817,2.767903203527359
1562,Valle de Bravo,19.194395,-100.131607,90.4218957967792,24.419444812632243
1563,Valle de Guadalupe,21.010556,-102.617778,47.044745573432095,12.704959989300184
1564,Valle de Juárez,19.933611,-102.940278,18.97914801841115,5.125531305691535
1565,Valle de Santiago,20.391322,-101.18143,13.273202219355232,3.5845767911227324
1566,Valle de Zaragoza,27.457132,-105.810994,17.21831946155364,4.649999849623343
1567,Valle Hermoso,25.6738,-97.812454,41.19046910790177,11.123947118377808
1568,Valparaíso,22.7719,-103.567233,5.4021071757938195,1.4588994942961662
1569,Vanegas,23.883889,-100.950556,72.00496885290815,19.445747599571174
1570,Vega de Alatorre,20.027466,-96.649765,48.336657829822116,13.053855351089345
1571,Venustiano Carranza,16.339617,-92.565135,29.886236864489103,8.071112702722633
1572,Venustiano Carranza,16.339617,-92.565135,14.115337616113168,3.81200487880752
1573,Veracruz,19.190323,-96.153028,42.829283729433556,11.566527345832581
1574,Vetagrande,22.832765,-102.555492,26.807179320092892,7.2395787571251295
1575,Vicente Guerrero,23.731111,-103.987778,16.23981554884342,4.3857439181941436
1576,Victoria,21.212172,-100.215936,30.099163143783016,8.128615827165664
1577,Viesca,25.343605,-102.80635,35.03474644921377,9.461525329704632
1578,Villa Aldama,19.648886,-97.223025,34.747654836682656,9.383993027084816
1579,Villa Comaltitlán,15.211938,-92.576024,46.41792888607249,12.535681128580254
1580,Villa Corona,20.416389,-103.661389,69.88049092017789,18.87200856018455
1581,Villa Corzo,16.184751,-93.267684,107.60672123687087,29.06039922694994
1582,Villa de Arista,22.644772,-100.84902,72.61264609943234,19.60985764011645
1583,Villa de Arriaga,21.910136,-101.38337,31.2499220240119,8.439391140166752
1584,Villa de Chilapa de Díaz,17.588329,-97.631912,15.670417183990043,4.231971517998179
1585,Villa de Cos,23.293893,-102.346888,40.12583771143221,10.836431496162666
1586,Villa de Etla,17.207528,-96.800579,14.821104496918828,4.002605122747896
1587,Villa de Guadalupe,23.374425,-100.757897,5.184396036291057,1.4001041648094739
1588,Villa de la Paz,23.675351,-100.713171,21.912267326437377,5.917652997457301
1589,Villa de Ramos,22.830931,-101.910477,17.919301482150445,4.839307888520055
1590,Villa de Reyes,21.803124,-100.932486,9.44770648237812,2.5514588587137115
1591,Villa de Tamazulápam del Progreso,17.673063,-97.572848,6.591144937693522,1.7800124476465624
1592,Villa de Tututepec,16.129895,-97.608541,20.070096146029385,5.420154055646828
1593,Villa de Zaachila,16.950718,-96.750588,8.93811887013539,2.4138390215635415
1594,Villa del Carbón,19.727588,-99.46308,4.100625198986097,1.1074197224196762
1595,Villa Díaz Ordaz,16.998548,-96.432537,13.301911380608344,3.592330021384714
1596,Villa García,22.164898,-101.956319,11.210927469340053,3.027636417303736
1597,Villa González Ortega,22.512992,-101.913761,8.098375903481879,2.187057036400586
1598,Villa Guerrero,21.983056,-103.596667,93.14687368572035,25.15535558499864
1599,Villa Guerrero,21.983056,-103.596667,10.758758179603547,2.9055230406775285
1600,Villa Hidalgo,21.674444,-102.585278,22.50319756223059,6.077240320349752
1601,Villa Hidalgo,21.674444,-102.585278,10.438172545610469,2.81894530275207
1602,Villa Hidalgo,21.674444,-102.585278,11.634387597823448,3.141996563667961
1603,Villa Hidalgo,21.674444,-102.585278,7.761043258757817,2.095956580822304
1604,Villa Hidalgo,21.674444,-102.585278,14.361757916869042,3.8785534385561937
1605,Villa Hidalgo,21.674444,-102.585278,8.66538183823083,2.3401833340747182
1606,Villa Juárez,22.323209,-100.266649,7.024174786594622,1.8969570040981152
1607,Villa Juárez,22.323209,-100.266649,14.928763851617996,4.031679736230327
1608,Villa Purificación,19.719167,-104.605,12.560258048236296,3.3920382396168614
1609,Villa Sola de Vega,16.514758,-96.978014,84.062816579215,22.702104309603364
1610,Villa Talea de Castro,17.360003,-96.249921,10.014712417127072,2.704585156387844
1611,Villa Tejúpam de la Unión,17.667088,-97.473521,68.31584163188332,18.449457510906566
1612,Villa Unión,28.220498,-100.725155,13.28516436987736,3.5878073037318914
1613,Villa Victoria,19.441876,-99.99505,8.146224505570396,2.1999790868372213
1614,Villa Victoria,19.441876,-99.99505,18.014998686327484,4.865151989393326
1615,Villaflores,16.235486,-93.267708,6.404535389548298,1.7296164509436833
1616,Villagrán,20.511372,-100.996503,7.885449624187967,2.129553911957557
1617,Villagrán,20.511372,-100.996503,14.278022863214133,3.8559398502920814
1618,Villamar,20.020856,-102.595779,9.485985364048934,2.56179649906302
1619,Xalatlaco,19.184387,-99.413736,32.28345182912392,8.71850742959808
1620,Xalisco,21.443687,-104.899736,7.153366012233623,1.9318465402770313
1621,Xaloztoc,19.40418,-98.048823,16.938405139335803,4.574405854569024
1622,Xalpatláhuac,17.470875,-98.606449,80.99332875523649,21.873154774093187
1623,Xaltocan,19.423809,-98.210649,18.57961219097201,5.0176321845456275
1624,Xayacatlán de Bravo,18.235576,-97.97554,62.093130930271386,16.7689448516221
1625,Xico,19.421269,-97.007233,2.3350117819197376,0.6305960613078202
1626,Xico,19.421269,-97.007233,9.507517234988768,2.567611421759506
1627,Xicohtzinco,19.175034,-98.233722,11.871238178161619,3.2059607133293078
1628,Xicoténcatl,22.996772,-98.945677,13.471773918022587,3.6382033004347707
1629,Xicotlán,18.058743,-98.524949,5.067166961174186,1.3684451412397167
1630,Xilitla,21.385193,-98.989573,10.096055040677555,2.7265526421301245
1631,Xocchel,20.833489,-89.183719,24.051099839794183,6.495268651974915
1632,Xochiatipan,20.835483,-98.284531,21.45292074638759,5.793601313265599
1633,Xochicoatlán,20.776855,-98.679724,9.500339944675492,2.565673114194011
1634,Xochihuehuetlán,17.90564,-98.487661,4.662846273526198,1.2592538150501453
1635,Xochiltepec,18.650028,-98.343484,4.442742703919009,1.1998123830416212
1636,Xochistlahuaca,16.792424,-98.242467,14.005285831309575,3.782284162803258
1637,Xochitepec,18.781866,-99.231463,9.029031214103576,2.438390917393149
1638,Xochitlán de Vicente Suárez,19.968279,-97.629993,42.91780364329732,11.590433139140357
1639,Xonacatlán,19.404419,-99.530338,6.418889970174853,1.7334930660746741
1640,Xoxocotla,18.647805,-97.151898,8.964435601284075,2.420946149303691
1641,Yahualica,20.951649,-98.382867,8.026603000349098,2.167673960745632
1642,Yahualica de González Gallo,21.1825,-102.887222,8.402214526743975,2.2691120566732224
1643,Yajalón,17.17391,-92.333944,4.581503649975716,1.2372863293078646
1644,Yanga,18.833836,-96.798498,16.835530644845488,4.5466234461302575
1645,Yaonáhuac,19.870895,-97.466446,39.90573414182502,10.776990064154141
1646,Yaxcabá,20.549126,-88.827206,13.07223809058345,3.5303041792888625
1647,Yaxe,16.725127,-96.472479,4.586288510184567,1.238578534351528
1648,Yaxkukul,21.063479,-89.419238,96.88145707872928,26.163921621578055
1649,Yecapixtla,18.88342,-98.868144,17.950403073507985,4.847707221303868
1650,Yécora,28.372695,-108.925906,30.3838623262097,8.205502027263645
1651,Yecuatla,19.866186,-96.776227,18.87148866371198,5.096456692209105
1652,Yehualtepec,18.793291,-97.66287,44.068562523526204,11.901208452141445
1653,Yobaín,21.233468,-89.1165,13.024389488494931,3.517382128852227
1654,Yogana,16.461214,-96.788554,13.612927294183718,3.676323349222846
1655,Yuriria,20.212743,-101.130933,8.81371250470524,2.380241690428289
1656,Yutanduchi de Guerrero,17.039455,-97.297499,36.7142323825208,9.915089300030544
1657,Zacapala,18.59062,-98.065329,10.026674567649204,2.707815668997003
1658,Zacapoaxtla,19.873039,-97.589471,9.686949492820716,2.61606911089689
1659,Zacatelco,19.21615,-98.240226,8.256276290373991,2.229699802841483
1660,Zacatlán,19.932365,-97.960244,7.87827233387469,2.1276156043920618
1661,Zacazonapan,19.074457,-100.256116,5.299232681303503,1.4311170858573996
1662,Zacoalco de Torres,20.228611,-103.565278,14.976612453706515,4.044601786666962
1663,Zacualpan,18.71867,-99.775622,11.823389576073097,3.193038662892672
1664,Zacualpan,18.71867,-99.775622,5.447563347777913,1.47117544221097
1665,Zacualpan de Amilpas,18.784393,-98.765423,10.749188459185842,2.902938630590201
1666,Zapopan,20.720556,-103.388333,32.21646378619999,8.700416558986792
1667,Zapotiltic,19.625556,-103.4125,24.13005003324024,6.516590035195365
1668,Zapotitlán de Vadillo,19.5475,-103.809167,8.043350011080081,2.1721966783984548
1669,Zapotitlán Lagunas,17.755476,-98.389575,19.54136909295125,5.277365398322004
1670,Zapotitlán Palmas,17.889863,-97.818148,15.895305613806086,4.292705155050367
1671,Zapotitlán Tablas,17.422887,-98.781709,3.7776471348885923,1.0201958819723855
1672,Zapotlán de Juárez,19.974047,-98.861883,56.28431063672516,15.200207928614528
1673,Zapotlanejo,20.6225,-103.064167,10.878379684824845,2.9378281667691177
1674,Zaragoza,28.487043,-100.917622,60.51891192155911,16.343809392256787
1675,Zaragoza,28.487043,-100.917622,10.682200416261916,2.8848477599789115
1676,Zempoala,19.915397,-98.668131,47.2481021323083,12.759878703655884
1677,Zimapán,20.738069,-99.383113,31.541798496751866,8.518215647830228
1678,Zimatlán de Álvarez,16.866686,-96.785633,42.52305267606703,11.483826223038113
1679,Zinacantán,16.760119,-92.723581,6.5456887657094285,1.7677364997317584
1680,Zináparo,20.173189,-101.998774,5.86384618594803,1.5835972810097003
1681,Ziracuaretiro,19.41699,-101.910499,5.8518840354259005,1.5803667684005416
1682,Zitlala,17.690341,-99.185248,31.596824389153664,8.533076005832358
1683,Zongolica,18.666891,-96.998364,66.85645926818349,18.05533497258918
1684,Zongozotla,19.978638,-97.726742,38.958331820472345,10.521133465508756
1685,Zontecomatlán de López y Fuentes,20.761981,-98.342917,105.61143452977961,28.52154972374223
1686,Zoquiapan,20.009838,-97.595643,42.05174394549511,11.35654402623725
1687,Zumpahuacán,18.840928,-99.585596,52.260243201080684,14.113463486893469
