plant,market_1,market_2,market_3,market_4,market_5,market_6,market_7,market_8,market_9,market_10,market_11,market_12,market_13,market_14,market_15,market_16,market_17,market_18,market_19,market_20,market_21,market_22,market_23,market_24,market_25,market_26,market_27,market_28,market_29,market_30,market_31,market_32,market_33,market_34,market_35,market_36,market_37,market_38,market_39,market_40,market_41,market_42,market_43,market_44,market_45,market_46,market_47,market_48,market_49,market_50,market_51,market_52,market_53,market_54,market_55,market_56,market_57,market_58,market_59,market_60,market_61,market_62,market_63,market_64,market_65,market_66,market_67,market_68,market_69,market_70,market_71,market_72,market_73,market_74,market_75,market_76,market_77,market_78,market_79,market_80,market_81,market_82,market_83,market_84,market_85,market_86,market_87,market_88,market_89,market_90,market_91,market_92,market_93,market_94,market_95,market_96,market_97,market_98,market_99,market_100,market_101,market_102,market_103,market_104,market_105,market_106,market_107,market_108,market_109,market_110,market_111,market_112,market_113,market_114,market_115,market_116,market_117,market_118,market_119,market_120,market_121,market_122,market_123,market_124,market_125,market_126,market_127,market_128,market_129,market_130,market_131,market_132,market_133,market_134,market_135,market_136,market_137,market_138,market_139,market_140,market_141,market_142,market_143,market_144,market_145,market_146,market_147,market_148,market_149,market_150,market_151,market_152,market_153,market_154,market_155,market_156,market_157,market_158,market_159,market_160,market_161,market_162,market_163,market_164,market_165,market_166,market_167,market_168,market_169,market_170,market_171,market_172,market_173,market_174,market_175,market_176,market_177,market_178,market_179,market_180,market_181,market_182,market_183,market_184,market_185,market_186,market_187,market_188,market_189,market_190,market_191,market_192,market_193,market_194,market_195,market_196,market_197,market_198,market_199,market_200,market_201,market_202,market_203,market_204,market_205,market_206,market_207,market_208,market_209,market_210,market_211,market_212,market_213,market_214,market_215,market_216,market_217,market_218,market_219,market_220,market_221,market_222,market_223,market_224,market_225,market_226,market_227,market_228,market_229,market_230,market_231,market_232,market_233,market_234,market_235,market_236,market_237,market_238,market_239,market_240,market_241,market_242,market_243,market_244,market_245,market_246,market_247,market_248,market_249,market_250,market_251,market_252,market_253,market_254,market_255,market_256,market_257,market_258,market_259,market_260,market_261,market_262,market_263,market_264,market_265,market_266,market_267,market_268,market_269,market_270,market_271,market_272,market_273,market_274,market_275,market_276,market_277,market_278,market_279,market_280,market_281,market_282,market_283,market_284,market_285,market_286,market_287,market_288,market_289,market_290,market_291,market_292,market_293,market_294,market_295,market_296,market_297,market_298,market_299,market_300,market_301,market_302,market_303,market_304,market_305,market_306,market_307,market_308,market_309,market_310,market_311,market_312,market_313,market_314,market_315,market_316,market_317,market_318,market_319,market_320,market_321,market_322,market_323,market_324,market_325,market_326,market_327,market_328,market_329,market_330,market_331,market_332,market_333,market_334,market_335,market_336,market_337,market_338,market_339,market_340,market_341,market_342,market_343,market_344,market_345,market_346,market_347,market_348,market_349,market_350,market_351,market_352,market_353,market_354,market_355,market_356,market_357,market_358,market_359,market_360,market_361,market_362,market_363,market_364,market_365,market_366,market_367,market_368,market_369,market_370,market_371,market_372,market_373,market_374,market_375,market_376,market_377,market_378,market_379,market_380,market_381,market_382,market_383,market_384,market_385,market_386,market_387,market_388,market_389,market_390,market_391,market_392,market_393,market_394,market_395,market_396,market_397,market_398,market_399,market_400,market_401,market_402,market_403,market_404,market_405,market_406,market_407,market_408,market_409,market_410,market_411,market_412,market_413,market_414,market_415,market_416,market_417,market_418,market_419,market_420,market_421,market_422,market_423,market_424,market_425,market_426,market_427,market_428,market_429,market_430,market_431,market_432,market_433,market_434,market_435,market_436,market_437,market_438,market_439,market_440,market_441,market_442,market_443,market_444,market_445,market_446,market_447,market_448,market_449,market_450,market_451,market_452,market_453,market_454,market_455,market_456,market_457,market_458,market_459,market_460,market_461,market_462,market_463,market_464,market_465,market_466,market_467,market_468,market_469,market_470,market_471,market_472,market_473,market_474,market_475,market_476,market_477,market_478,market_479,market_480,market_481,market_482,market_483,market_484,market_485,market_486,market_487,market_488,market_489,market_490,market_491,market_492,market_493,market_494,market_495,market_496,market_497,market_498,market_499,market_500
1,6.25,2.94,2.17,6.25,2.63,6.25,3.33,2.94,5,2.63,2,2,2.78,8.33,2.94,2.38,3.13,5.56,5.56,2.17,2.5,2.94,5.56,8.33,3.57,3.13,2,2.94,6.25,4.17,10,2.27,5.56,3.85,2.17,6.25,2,8.33,7.14,4.17,2.08,4.55,2.5,3.57,5.56,2.78,2.27,5.56,4.55,2.17,2.27,6.25,3.33,4.17,5,3.33,3.13,5,3.85,2.5,4.55,2.94,4.17,2.38,7.14,2.08,2.17,2.27,2,2.5,6.25,3.33,4.17,2.17,4.55,3.13,6.25,4.55,5,2.63,2.63,2.63,2.08,8.33,10,3.85,4.17,2.94,3.13,3.13,3.57,2.38,2,2.5,4.55,2.27,3.85,2.94,5.56,10,3.13,3.33,8.33,5,2.5,3.33,2.94,4.55,5,2.17,6.25,3.13,2.5,3.57,2.08,5.56,2.08,4.55,2.94,3.33,2,10,2.5,2.08,2.38,4.17,5,8.33,4.17,2,2.17,2.63,3.57,2.63,3.33,2.94,2.78,10,2.38,5.56,3.13,6.25,2.08,4.17,6.25,5,2.27,2,6.25,2.63,2.63,2.27,3.33,5.56,4.55,2.27,3.85,7.14,2.38,5,10,3.33,2,5.56,3.13,2.78,2.38,5.56,2.08,5.56,2.5,4.55,4.55,3.85,4.55,2.5,5,2.08,2.5,2.17,5,10,2.94,3.85,4.55,3.13,2.08,2.17,6.25,8.33,2.63,2.08,3.33,2.17,10,4.55,2.5,4.17,6.25,2.94,2.27,3.85,2.08,6.25,2.17,3.85,4.55,3.13,6.25,4.55,2.38,3.33,3.13,3.57,2.63,2.08,3.33,2.94,8.33,3.85,2.94,2,3.33,5.56,3.57,2.5,2.27,2.17,2.38,7.14,7.14,2.38,10,2.94,10,3.33,3.57,7.14,7.14,2.5,5.56,2.08,3.33,3.57,3.57,2.63,2.17,7.14,5,8.33,4.17,8.33,4.17,2.78,2.94,3.57,5.56,2,2.5,2.38,7.14,3.13,3.33,3.13,5,4.17,7.14,2.27,5.56,3.85,5.56,2.08,2.5,2.78,8.33,6.25,10,2.08,7.14,3.13,8.33,3.33,4.55,2.27,2.78,8.33,4.17,5,3.33,4.55,6.25,2.63,2.17,2.27,2,2.63,6.25,2.08,10,3.57,2.08,2.5,3.13,3.33,3.57,8.33,2.78,4.17,2.38,2.17,2.63,3.57,3.33,8.33,2.08,2.08,2.63,2.63,2.94,2.38,8.33,2.08,2.08,2.38,2.5,2.27,2.94,2,3.85,5,7.14,7.14,4.17,2.08,2,3.85,4.17,7.14,3.85,2.08,3.33,3.57,3.13,10,4.55,3.33,6.25,2.38,7.14,4.55,2.08,6.25,2.94,2.08,4.55,2.38,2,3.85,2.94,4.17,2.5,4.17,2,2.5,6.25,4.17,8.33,2.94,2.94,2.08,3.85,2.08,4.17,5,3.57,5,4.55,6.25,3.13,2.78,2.38,2.78,5.56,3.13,2.94,4.17,3.85,2.78,4.55,7.14,2.08,3.85,5.56,2.08,2.63,3.57,3.57,7.14,2.63,2.5,2.94,5.56,5.56,2.94,3.85,4.55,3.13,3.13,2.78,3.85,4.55,5.56,2.63,2.94,4.17,4.55,5,7.14,2.94,2.08,2.38,3.85,2.38,2.94,4.17,2.17,2.08,5,2.94,7.14,3.85,2,2.63,7.14,2,5.56,2.27,7.14,2.27,4.55,4.55,4.17,3.13,4.55,2.27,2.94,2.5,3.33,2.08,2.78,2.5,3.85,3.33,2.27,3.57,2.27,2.63,2.94,3.33,5.56,5.56,3.13,3.33,3.85,6.25,2.5,2,2.17,6.25,2.94,3.33,2.08,2.08,2,4.55,2.63,3.85,4.55,2.5,6.25,4.17,7.14,3.57,2.17,2.5,2.5,3.33,2.08,5,3.57,10,5,3.33,2.78,3.33,4.55,7.14,2.94,2.5,2.38
2,2.78,2.08,6.25,4.17,10,2.17,4.55,2.63,2.08,6.25,7.14,2.63,3.13,5.56,4.17,2.08,2.63,6.25,10,6.25,2.08,7.14,2.63,4.55,8.33,5,2.78,3.57,2.94,2.38,2.38,5,2.5,2.94,10,3.57,3.33,3.33,4.17,2.78,4.55,6.25,2,3.57,10,2.17,2,2.17,6.25,5.56,3.85,3.33,3.33,2.78,2,5.56,4.17,8.33,2.78,2.27,4.55,3.33,2.94,8.33,2.38,8.33,3.85,2.78,2.38,2.17,2.5,5,2,2.5,2.94,2.08,3.57,6.25,2,2.08,2.38,4.55,2.5,2.94,5.56,4.17,5.56,3.85,4.55,2.17,2.78,2.63,2.78,4.55,2.17,4.55,3.57,10,2,3.33,2.27,6.25,8.33,3.13,3.33,5,8.33,3.13,2.38,5,3.85,4.55,2.5,8.33,2.78,10,4.55,6.25,5.56,5,2.17,4.17,4.55,2.78,2.17,4.17,6.25,10,2.27,10,2.08,2.27,3.57,4.17,3.13,3.85,4.55,4.55,2.63,2.5,5,2.5,2.38,3.85,3.85,2.94,4.55,3.13,3.57,5.56,2.63,5.56,5.56,10,5,6.25,6.25,3.33,10,3.85,4.17,5.56,5.56,4.55,3.57,2.38,5.56,2.63,2.17,5.56,7.14,2.78,3.85,2.5,2.08,4.55,4.55,2.08,2.38,2.78,3.33,5.56,10,2.5,3.57,7.14,3.33,3.85,3.57,2.38,2,2.08,2.08,4.17,2,2.63,2.27,4.55,3.33,10,2.27,5,7.14,6.25,5.56,2.08,8.33,3.57,4.55,2.63,2.17,8.33,3.33,6.25,10,2.17,7.14,3.85,3.57,6.25,3.57,2,2.5,3.33,3.33,4.17,2,2.38,2.17,2.94,4.55,2.38,2.08,2.17,4.17,2,2.27,2,2.17,2.94,5,2.38,3.85,3.13,3.33,5.56,2,4.55,2.78,2.27,2.08,4.17,2.17,6.25,2.27,5,5,2.94,6.25,2.78,5.56,3.13,2.08,2.5,2.94,3.13,2.5,2.5,2.78,2.94,2.27,2.5,2,2.94,4.17,5,2.08,10,2,2.08,8.33,2.08,5.56,3.33,2.5,5.56,3.13,3.57,7.14,3.57,2.63,4.55,2.27,3.13,10,2.38,2.27,2.94,2,8.33,2.17,3.33,3.33,4.55,2.27,8.33,3.13,2.08,3.85,8.33,10,2.94,2.08,6.25,8.33,4.17,2.94,3.57,3.33,2.08,2.17,3.33,3.13,8.33,4.55,7.14,5,6.25,2.78,2,2.94,3.85,2.78,2.38,10,2.38,5,2.94,3.13,2,7.14,3.33,2.17,2.17,3.33,5,8.33,2.27,2.5,2.08,3.33,5.56,2.17,4.17,2.78,2.38,2.27,5,3.33,6.25,10,2.27,10,2,2.27,2.27,2.94,3.57,2.63,2.94,7.14,2.63,2.08,7.14,2.94,2.27,8.33,2.63,2,4.55,2,2,5.56,3.57,3.57,3.57,6.25,2.78,7.14,3.85,5,5.56,2.78,8.33,2.94,4.55,5.56,3.33,4.55,7.14,6.25,3.13,3.13,4.55,5.56,2,3.57,4.55,3.57,8.33,6.25,3.33,2.27,2.17,2.78,6.25,3.57,2.27,3.13,8.33,5.56,2.17,5,4.17,3.13,2.78,5.56,6.25,6.25,2.63,2.94,2.63,8.33,5,2.5,3.33,4.55,6.25,2.63,3.33,2.08,5,2.17,3.33,5.56,2.63,2.5,5.56,2.5,2.63,5,3.85,5,3.33,2.63,2.94,3.13,5.56,2.38,3.85,10,10,8.33,5,2,2.63,4.55,2.38,7.14,3.13,2.08,5.56,2.08,2.08,6.25,5.56,2.5,10,8.33,6.25,3.57,2.17,7.14,2.08,2.27,2.63,3.85,2.27,2.17,4.55,4.55,10,7.14,2.38,4.17,5,2.5,3.13,2.78,2.78
3,8.33,2.94,2.63,2.63,3.13,7.14,7.14,2.78,2.63,5,2.17,2.08,6.25,5.56,4.55,8.33,2,4.17,3.85,5.56,2,7.14,4.55,3.57,2.5,3.85,2.38,2,2.17,4.17,4.17,4.55,10,3.85,2.17,10,4.55,2.17,2.38,2.17,6.25,8.33,3.85,8.33,2.94,2.08,4.55,7.14,8.33,7.14,2.63,7.14,2.63,2.78,2.17,3.33,2.5,2.63,6.25,7.14,2.38,8.33,2,3.33,3.85,2.08,3.85,4.17,4.55,2.78,4.17,2.08,3.85,2.94,4.17,3.57,3.33,2.27,4.55,5,7.14,2.5,4.17,2.94,5,2.08,3.57,3.57,5.56,3.85,5,2.38,2.17,6.25,4.55,2.63,4.17,2.08,2.38,2.38,2,2,3.57,8.33,4.17,2.78,2.5,10,7.14,4.55,2.27,6.25,3.85,3.13,4.17,4.17,3.57,2.08,4.55,3.33,4.55,3.33,5,2.5,2.27,10,3.13,8.33,10,4.17,2.38,2.78,2.94,6.25,2.94,3.85,4.55,2.5,4.17,2,2.5,2.5,3.57,2.38,2.27,2.27,3.57,3.85,2,4.55,2.94,4.55,2.17,2.63,2,8.33,2,4.55,2.17,3.33,3.85,2.78,2.78,3.85,2.38,4.17,6.25,4.17,8.33,2.27,4.17,3.85,6.25,10,10,2.5,5,4.55,3.57,2.08,5,6.25,3.33,6.25,2.17,4.55,3.85,2.94,2.17,3.33,2.63,6.25,7.14,5.56,2.63,5.56,2.08,2.78,3.13,2.17,2.08,5,3.33,8.33,2.94,2.63,10,4.55,5.56,7.14,3.85,2.08,2.78,3.13,3.13,3.57,2.63,2.38,8.33,4.55,6.25,4.55,3.33,5.56,2.78,3.13,5.56,2.08,5.56,2.94,2,8.33,5.56,3.57,2.94,5.56,5.56,4.55,2.78,2.08,3.85,8.33,4.17,2.27,10,3.57,2.38,6.25,10,2,2.27,2.38,2,2.78,5.56,2.78,2,3.85,3.33,2.38,6.25,2.94,2.63,5,2.27,2.27,2.94,3.33,6.25,2.17,2.5,2.08,3.57,4.17,4.55,10,2,2.27,2.78,2.63,4.55,2.38,5,2.78,6.25,5.56,2.17,4.55,2,2.78,2.38,2.63,4.55,2.5,2.27,2.5,2.94,2,8.33,10,8.33,2.94,3.85,4.17,2.5,5.56,3.13,6.25,2.78,2.38,3.57,8.33,7.14,2.78,4.55,4.55,7.14,8.33,4.17,2.08,2.17,2.78,3.33,3.33,2.17,8.33,2.08,2.27,3.13,2.17,3.13,4.55,3.85,2.78,2.27,6.25,2.27,4.17,3.57,2,2.94,2.5,5.56,6.25,4.55,2.78,5.56,2.08,2.08,2.94,3.85,6.25,3.85,6.25,3.33,4.55,2.17,5.56,8.33,10,3.85,5.56,2.27,7.14,4.17,2,3.57,2.08,2.17,5,2,3.57,2.27,4.55,3.33,2.94,2.38,8.33,2.17,5.56,8.33,2.63,2.27,2.63,5.56,2.5,2,2.27,10,5,4.17,2.38,3.13,2.27,2.27,2.38,4.55,3.85,4.17,2,2.38,2.94,2.5,2.27,2.38,2.38,5,2.08,6.25,10,2.17,2.5,3.57,3.85,2.38,3.85,3.13,3.13,4.55,7.14,5.56,2.38,2.5,2.5,7.14,3.13,2.08,4.55,3.13,2.78,2.38,2.08,3.57,3.85,2.63,8.33,2.38,4.17,5.56,6.25,10,2.38,3.57,2.17,2.08,2.78,2.78,4.17,2.38,6.25,2.78,7.14,2.78,3.33,7.14,10,3.57,4.17,3.13,3.85,2.94,2.27,2.38,3.13,3.85,6.25,4.17,2.17,4.55,5,2.08,2,2.5,3.57,2.63,3.85,8.33,5,7.14,2.63,3.85,3.33,3.33,4.55,7.14,8.33,3.85,2.63,3.85,2.38,3.85,3.33,2.63,5,7.14,5.56,6.25,2,2.27,7.14
4,3.85,4.55,2,3.57,4.17,5,4.55,2.78,2.5,10,2.27,2.94,2.78,2.63,2.08,3.33,4.17,5.56,2.5,2.38,2.5,4.55,2.78,2.78,4.17,2.78,2.5,7.14,4.55,3.33,2.63,4.55,2.5,2.94,2.5,3.85,2.08,4.17,2.78,2.38,2.63,2.78,2.63,5,10,4.17,2,10,2.17,2.94,2.5,6.25,4.17,3.33,2.27,2,2.08,2.27,3.85,5,2.78,2.63,2.27,4.55,2.08,10,2.38,7.14,6.25,4.55,4.17,2.38,2.08,5.56,2.63,2.38,4.55,7.14,2.17,2.63,2.38,2.08,2.78,5,2.63,5,5,3.57,5.56,10,2.63,4.17,2.08,3.13,3.57,4.55,5.56,2.17,2.94,6.25,7.14,2.38,4.17,3.13,2.08,10,2.27,2.17,2.17,7.14,4.55,3.85,2.27,3.57,5.56,2.78,2.63,2.08,5,2.17,2,2.38,3.33,2.17,2.08,5,2.78,2.08,6.25,6.25,2,3.33,8.33,5.56,2,2.5,3.33,2.78,2,5,3.57,2.38,8.33,5.56,5.56,2.5,2.08,2.78,6.25,2,3.13,7.14,2.17,3.33,2.94,2.94,10,2.94,3.13,5.56,2.78,4.55,5,5.56,2.5,6.25,6.25,7.14,2.5,3.33,3.33,3.33,10,7.14,2.17,3.57,3.57,8.33,2.38,5,2.5,2.38,6.25,4.17,5.56,2.08,3.33,5.56,3.85,3.33,4.55,7.14,3.13,2.38,3.85,5,3.57,2.38,2.08,2.08,2.27,2.5,7.14,8.33,2.27,6.25,6.25,4.55,2.08,2.38,6.25,2.94,2.38,2.63,10,2.78,5.56,2.78,2.78,5.56,8.33,5,2,2.27,3.85,10,4.17,2,3.33,2.17,10,5.56,2.27,4.17,2,3.57,7.14,3.57,5,10,2.63,8.33,2.38,3.85,2.27,2.5,2.08,2.63,3.13,2.08,7.14,2.78,2.78,4.55,2.17,3.33,3.33,2.5,2,2.5,6.25,2,2.5,5.56,2.5,2.78,5,2.78,2.17,5.56,2.08,5,3.13,2.08,2,2.78,7.14,10,3.33,2.08,2.78,8.33,6.25,2.94,3.33,3.33,3.85,6.25,2.78,3.33,4.55,4.17,4.17,4.55,4.55,3.57,2.63,2.63,5,6.25,3.13,2.17,2.08,4.17,8.33,6.25,3.13,2.38,2,5,2.17,5.56,2.63,2.08,4.55,2.78,8.33,7.14,4.55,2.63,2.08,7.14,2.08,2,2.94,2,5.56,2.94,2.17,3.85,3.57,7.14,5,5.56,4.55,2.63,7.14,2.78,10,5,3.13,5.56,5.56,10,2.27,2.63,2.08,2.78,5.56,6.25,3.13,2.78,7.14,10,2.08,7.14,7.14,10,2.5,2.5,2.63,4.17,2.5,2,5,3.85,4.17,10,3.57,3.33,7.14,3.33,5.56,2.27,2.08,2.08,2.38,2.27,3.57,2.63,4.55,2,6.25,3.85,2,4.55,3.85,2.08,2.38,2.78,2.17,2.78,2,3.33,5,5.56,2.38,5.56,2.94,3.33,4.55,4.17,2.27,2.08,3.57,2.27,2.63,4.55,4.17,3.57,2.27,10,8.33,2.5,2.27,4.55,2.5,2.78,5.56,2.94,3.13,3.57,3.57,2.5,3.85,6.25,3.85,3.13,4.17,6.25,3.33,2.08,4.17,3.33,2.08,3.57,3.57,2.5,5,4.55,3.85,2.27,3.85,2.17,4.17,6.25,3.85,5.56,2.17,2.63,2.94,5.56,5.56,2.08,5.56,8.33,3.85,10,2.08,4.55,6.25,2.78,2.78,10,3.57,2.08,3.13,10,8.33,2.38,2.38,8.33,5,2,2.94,4.55,6.25,2.94,2.17,8.33,7.14,2,2.78,2.17,8.33,2.27,2.78,2.08,4.17,3.85,7.14,5.56,2.27,2.63,2.5,2.08,2.38,4.55,2.78,2.27
5,2.08,2.08,3.57,2.17,2.78,2.27,3.85,3.85,5,2,2.63,3.33,4.17,7.14,2,3.57,5,2.08,2.08,2.5,8.33,2.17,2.08,2.08,7.14,3.85,10,7.14,2.5,4.17,5,3.13,2.38,8.33,2.27,2.08,3.85,4.55,3.57,2.94,2.5,4.55,6.25,2.17,2.08,3.33,2.38,3.85,4.17,2.08,2.08,10,4.55,2.94,2.38,10,6.25,2.5,3.85,10,3.85,10,4.17,3.57,3.33,5,10,4.17,10,2.94,4.17,2.78,2.27,8.33,4.17,2.27,2.38,2.5,3.33,2,2.78,4.17,6.25,3.33,8.33,2.17,2.94,3.13,2.94,3.85,2.17,3.57,3.33,3.85,3.57,4.17,3.33,6.25,2.38,10,2.17,2.94,5,2.38,5.56,3.33,10,6.25,4.55,2.63,2.94,3.33,2.63,4.55,3.33,10,2.78,2.5,8.33,2.38,2.08,2.63,3.33,2.5,2.78,5.56,2.27,2.17,2.08,7.14,2.63,3.33,8.33,2.78,2.94,4.17,2.94,3.13,2.94,4.55,2.17,2.94,2.17,2.27,3.33,8.33,8.33,6.25,3.57,6.25,2.38,2.08,6.25,2.38,6.25,5,8.33,2.63,2.78,3.13,4.17,3.13,2.27,3.13,2.27,5,2,4.17,2.17,6.25,2.63,2.08,5.56,6.25,2.38,3.33,2.63,5.56,5.56,6.25,2.5,2.63,2.94,2.08,2,6.25,2.63,2.5,2.63,2,10,2.38,5.56,3.85,6.25,7.14,2.94,2.38,7.14,2.63,7.14,2.08,2.94,2.78,2.63,2.17,6.25,2.08,4.17,10,4.17,5.56,6.25,3.57,2.38,2.08,2.17,3.85,2,3.57,6.25,2.94,4.55,2.08,2.94,10,2.63,2.94,2.5,2.63,4.17,4.17,10,10,2.63,5.56,4.17,8.33,2.94,3.57,2,10,2.38,8.33,2.08,2.5,3.13,2.63,4.17,4.55,5,2.17,5,10,10,10,3.13,2.5,7.14,3.13,10,2.27,6.25,7.14,3.57,3.85,2.17,4.17,5.56,4.55,4.55,3.13,2.08,8.33,7.14,2.17,2.38,6.25,2.27,10,6.25,2.78,2,2.5,8.33,6.25,2.5,5.56,2.78,8.33,5.56,2.94,5.56,6.25,8.33,3.57,3.33,10,3.13,2.08,2.94,4.55,2.27,4.17,4.17,10,2.63,3.57,2.94,3.57,2,5,2.78,4.55,2.94,2.94,2.27,8.33,8.33,2.27,3.33,3.13,2.63,7.14,5.56,3.13,5.56,2.5,2,4.17,2.94,7.14,2.08,7.14,8.33,4.55,10,6.25,2.63,3.85,2.5,3.57,2.17,2.38,2.5,2.63,2.08,2.08,5,2.94,2.27,3.13,3.33,10,2.94,3.33,10,3.13,2.17,2.27,7.14,5,5,2.78,10,2.38,2.27,2.78,2.94,2.17,3.85,3.33,2.08,3.13,5.56,4.17,2.78,2.38,2.38,2,8.33,3.57,10,6.25,3.85,2,2.78,6.25,3.85,3.33,7.14,2.63,2.78,3.33,5,2.94,3.57,2.78,3.13,2.17,2.17,4.55,8.33,2.78,2.08,5.56,2.17,2.38,4.17,2.94,7.14,5.56,2.38,3.57,4.55,5.56,2.5,8.33,2,10,2.17,2.78,2,5.56,10,4.55,6.25,5,2.5,4.17,5,3.85,8.33,4.17,2.27,2.38,5,6.25,2.08,10,4.55,5.56,2,3.85,4.17,5,8.33,2.08,2.63,2,10,7.14,4.17,2.5,7.14,3.33,3.13,3.33,8.33,4.55,2.38,2.63,5.56,2.08,2.17,3.33,6.25,5.56,5,3.33,2.17,2.5,2.08,5.56,2.17,2.17,8.33,2.5,2.94,2.17,2.5,8.33,3.33,5,2.78,8.33,4.55,3.33,2.27,3.85,10,2.08,2.08,2.17,2.63,3.33,2.08,7.14,2,5
6,2.17,2.38,3.85,3.57,2.63,2.08,2.94,2,5.56,2.17,2.38,6.25,4.17,3.13,7.14,3.85,4.17,2.38,2.78,3.33,5.56,3.33,2.78,7.14,2.08,2.27,7.14,2.27,4.55,6.25,2.63,4.55,5,3.33,3.13,3.85,5,3.57,2.08,2.38,6.25,3.33,3.33,2.27,4.55,2.94,5.56,5,2.17,8.33,6.25,10,2.38,2.38,3.13,5,10,3.85,3.13,6.25,2.08,5.56,3.33,5.56,2.38,3.85,2.78,4.17,4.55,5.56,4.17,4.55,8.33,2,2.27,5.56,5,5.56,5.56,5,3.57,4.17,3.85,8.33,7.14,5,2.38,6.25,3.57,4.55,3.13,3.85,2.17,2.78,7.14,5.56,2.08,8.33,2.78,2.38,4.17,2.63,2.27,8.33,2.08,2,5,2.08,7.14,7.14,3.85,2.63,3.85,10,7.14,7.14,3.85,8.33,4.55,3.33,2.94,3.57,2.63,3.13,4.55,6.25,2.78,2.63,7.14,4.17,8.33,6.25,2.38,10,5.56,2,10,3.13,3.85,3.33,3.85,3.33,2.5,2.5,10,3.33,3.57,3.85,4.17,3.33,2,2.38,2.5,8.33,2.08,3.13,4.55,2.78,2.38,2.78,7.14,4.55,3.57,3.13,4.17,3.13,2.08,5,5,2.38,5,2.27,4.55,10,6.25,2.63,2.63,3.13,2.63,8.33,5,5.56,2.5,8.33,6.25,6.25,3.57,2.94,5.56,2.63,3.85,3.85,2,2.38,2.78,3.33,10,3.13,2.38,2.94,3.57,3.33,3.33,10,2.63,4.55,5,6.25,2.17,10,3.13,2.78,8.33,3.85,3.33,3.33,8.33,5.56,2.63,3.13,10,2.38,3.13,4.55,10,3.57,8.33,2.78,5,2.78,2.38,2.63,3.13,2.08,4.55,10,3.33,7.14,2.38,7.14,2.38,2.08,2.38,5.56,4.17,5.56,2,6.25,4.17,5.56,2.27,2.94,2.38,2.78,2.94,2.63,2.63,4.55,5,6.25,3.13,4.55,3.13,2.08,6.25,2,2.08,6.25,5,2.08,2.78,10,2.38,8.33,2.38,2.17,2,2,2.38,2.08,3.57,6.25,2.63,3.85,2.17,2.27,4.17,2.94,2.38,5.56,2.78,2.27,2.38,2,2.38,2.94,2.5,2.94,3.57,2.94,10,2.78,3.33,2.17,4.17,5.56,4.17,8.33,10,4.55,2.63,7.14,2.78,2.08,2,8.33,3.13,8.33,3.85,2.17,3.33,8.33,7.14,3.57,4.17,6.25,3.33,2.78,2.17,5,2.94,10,2.63,2.08,3.33,10,8.33,2.78,3.57,5.56,3.57,7.14,2.5,10,3.57,2.17,6.25,3.13,6.25,4.17,3.85,2.17,5.56,3.85,7.14,5,2.27,10,4.17,2.5,2.38,2.94,2.78,2.17,3.57,2.38,2.5,5.56,10,7.14,3.33,2.17,8.33,5,5,7.14,2.38,2.63,3.57,5,5,2.5,3.13,2.27,3.33,6.25,3.13,5.56,2.27,3.33,2,3.13,3.57,2.94,2.38,8.33,8.33,2.17,2.38,7.14,2.78,2.17,10,2.5,2,5.56,2,2.17,2.27,6.25,5.56,2.38,2.17,2.38,2.78,4.17,2.63,3.85,6.25,5.56,2.63,2.5,6.25,2.38,3.85,7.14,2.27,5.56,3.57,2.5,2.78,10,3.13,3.13,2.38,7.14,2,8.33,4.17,6.25,2.38,4.17,2.94,8.33,8.33,7.14,2.5,4.17,2.5,2.78,3.57,2.63,6.25,4.17,3.57,10,4.55,3.57,2,4.17,2.94,3.13,6.25,5,4.55,7.14,3.57,6.25,4.55,3.57,3.57,5,2.5,2.38,8.33,2.94,3.33,2.5,2.17,2.08,8.33,2,4.55,2.38,10,7.14,5,4.55,10,2.63,3.57,10,8.33,8.33,3.57,5,2.78,3.85,5,5.56
7,2.08,2.5,2.38,2.38,5.56,3.57,10,5,5.56,2,3.85,4.17,2.78,2,2.17,2.17,3.13,4.55,3.85,2.94,10,4.55,8.33,2.08,3.13,2.08,2.38,7.14,2.17,2.63,4.17,6.25,5,10,3.33,5,4.55,5.56,3.57,2.17,5,2.94,2.38,2.78,2.5,2.08,5,2.27,4.17,3.33,2,3.33,3.13,2.5,7.14,4.17,3.85,5,5,4.17,10,3.33,3.33,2.94,4.55,2.38,4.17,7.14,6.25,2.17,2.78,3.33,2.63,5.56,10,2.27,7.14,2.78,4.17,4.55,4.55,2.63,2.38,5.56,7.14,2.27,4.55,3.33,4.55,2.63,2.27,3.57,2,2.17,3.57,2,2.63,2.5,2.38,10,3.13,6.25,4.55,5.56,5.56,2.63,2.08,8.33,2.94,3.33,3.33,3.13,5.56,5.56,7.14,2.08,2.78,2.27,2.63,8.33,3.33,10,8.33,2.5,2.63,4.55,10,5.56,6.25,2,2.38,8.33,8.33,3.85,3.13,2.5,7.14,2.08,5.56,5.56,5.56,3.33,2.08,2.08,3.13,2.94,7.14,3.33,2.27,3.57,3.13,3.33,6.25,7.14,3.57,2.78,2.63,2.5,2.08,5.56,8.33,4.55,4.17,2.38,2.78,3.85,3.57,2.08,8.33,2.38,8.33,2.5,2.78,4.55,10,2,2.17,3.57,4.55,5.56,3.57,2.17,2.08,5,5,5,10,5,2.17,4.55,8.33,7.14,6.25,2.94,8.33,2.08,2.94,2,3.13,2.94,2.17,2.38,2.38,2.27,3.33,2.38,3.85,2.78,4.17,5,2.27,3.33,2.08,2.08,4.17,2.78,4.55,2.08,2.27,4.17,2.38,2.27,3.33,3.33,2.17,2.63,2.38,2.38,2.5,6.25,2.5,4.17,4.17,2.94,5.56,4.55,2.17,5,3.13,2.78,5.56,2.94,6.25,2,6.25,2.63,2.94,2.27,3.13,5,2.17,2.94,10,4.55,4.17,2.27,8.33,2.17,4.55,2.38,3.85,2.63,3.85,2.63,2.08,3.85,2,2.78,2.78,4.17,7.14,2.27,2.08,3.57,2.5,8.33,2.78,2.94,2,3.33,2.17,4.17,2.27,2.63,2.63,2,3.13,10,2.63,2,10,2.5,2.78,2.78,2.08,3.57,7.14,6.25,3.85,10,3.85,5,3.13,5,7.14,7.14,7.14,2.94,5,2.27,5.56,6.25,10,2.94,4.55,2.08,2.94,2.27,7.14,3.85,2.78,5.56,2.17,5.56,10,6.25,2.78,3.13,3.33,3.13,8.33,2.5,4.55,8.33,2,5.56,2.78,2.38,10,2.17,4.17,2.78,4.17,2.38,3.33,2.78,4.55,3.33,4.17,4.55,8.33,2.63,8.33,2,2.94,3.57,4.17,2.17,2.63,2,2.27,2.17,6.25,2.27,8.33,2.63,5.56,2.63,3.33,2.27,2.17,3.57,2.94,2.27,10,2.94,2.38,4.17,4.55,10,5.56,2.63,2.08,2.94,7.14,2.27,3.13,2.08,3.57,2.5,3.33,2.94,2.63,2.27,6.25,2.94,3.33,3.57,2.08,10,2.63,2.08,8.33,5.56,3.33,3.57,2.27,2.63,2.17,3.85,4.17,10,4.55,2.27,10,3.33,3.13,8.33,10,10,3.13,2.94,10,3.33,3.33,3.57,2.27,3.57,6.25,4.55,2.17,8.33,10,7.14,5.56,4.17,2.27,3.85,8.33,2,6.25,2.38,6.25,2.63,2.94,7.14,7.14,2.78,2.94,5,2.17,5,7.14,2.38,2.08,2,3.13,7.14,2,2.27,2,2.08,2.78,8.33,6.25,2,6.25,2.94,2.27,10,5.56,5,2.08,3.85,7.14,3.85,2.27,3.33,5.56,2.5,3.33,8.33,4.17,3.57,5.56,4.55,3.85,4.17,2.94,4.17,3.33,4.55,10,2.94,2.63,5.56,3.33,2,2,8.33
8,2.38,2.38,2.17,7.14,2,2.63,2.08,3.13,2.94,3.13,2.27,7.14,2.17,4.17,3.33,5.56,3.85,2.78,2.63,10,2.94,6.25,2.63,4.55,2.17,2.17,3.13,2.17,5,2.78,2.78,2.78,3.33,2.94,2.27,2.38,3.57,5.56,2.63,4.17,4.17,2.5,3.57,2.5,2.78,2.63,2.78,8.33,2.5,2.38,2.94,2.08,2.17,2.08,4.17,4.17,3.85,4.17,2,2.27,2.17,4.17,4.17,3.13,3.85,10,7.14,2.17,5.56,2.63,2.94,2.94,2.27,3.33,8.33,2.94,2.78,3.85,2.78,2,2.78,3.57,3.85,2,6.25,8.33,2.78,5,2.27,2.78,2,2.17,10,7.14,2.38,7.14,10,2.63,4.55,2.17,4.55,2.08,8.33,5,2.27,8.33,2.63,2,4.55,3.57,5.56,3.33,2.17,3.33,2.5,3.85,3.33,2,3.33,2.08,8.33,2.78,2.5,2.38,2.78,2.27,4.17,2.78,2.78,6.25,3.13,6.25,7.14,10,3.57,2,7.14,2.38,2.08,2.63,2.94,7.14,6.25,2.27,2.94,2.63,8.33,5,8.33,6.25,2.27,3.57,4.17,2,4.17,2.17,2.38,2.5,2,4.17,3.57,2.38,2.94,2.63,2.63,4.55,4.17,2.94,2.27,3.57,7.14,2.08,2.94,7.14,6.25,2.17,2.17,4.55,4.55,2.78,4.17,2,3.85,2.94,2.5,2.78,2.27,2.27,2.94,5.56,6.25,2.5,2,2.17,2.78,7.14,3.33,3.33,2.08,2.63,2.5,2.63,5.56,5.56,2.78,4.55,4.17,3.33,3.13,2.38,2.17,7.14,3.57,8.33,2.17,7.14,3.13,10,2.08,2.38,2.17,10,2.94,2.94,2,2.63,2.17,2.38,2.94,2.63,3.85,2.78,7.14,2.17,8.33,2.27,3.85,5.56,2.08,2.5,10,2.27,3.57,4.55,2,5,8.33,2.17,5,3.57,2.17,7.14,2.38,2.78,10,3.33,4.17,3.33,2.78,5,2.27,2.63,7.14,4.17,2.5,4.17,2.38,5.56,3.85,2.38,4.55,2.94,5.56,3.33,2.27,2.08,2.78,4.55,3.13,2.08,2.78,2.78,3.13,2.27,8.33,2.27,5.56,2.38,6.25,2.78,2,3.33,2.63,10,2.63,2.5,2.17,10,10,3.85,3.13,3.85,2.17,4.17,2.94,4.17,3.13,5.56,5,2.27,8.33,2.5,2.38,5.56,2.63,7.14,2.17,2.94,4.55,2.38,4.17,6.25,5.56,8.33,5,10,3.85,8.33,2.63,10,2.94,5,2.94,2.94,5,2.08,8.33,3.57,7.14,2.94,2.5,2.78,2.78,2.94,6.25,8.33,2.63,2.78,3.13,2.94,2.94,7.14,5.56,2,4.55,5.56,2.38,8.33,2.38,2.38,5,2.78,2.78,2.5,7.14,4.17,7.14,2.17,2.27,2.38,2.17,6.25,2.17,5.56,2.27,5,2.27,8.33,5,4.17,3.57,8.33,8.33,3.85,2.78,4.55,2.08,4.55,3.13,2.08,2.17,7.14,2.27,2.08,5,2.63,5.56,3.85,8.33,4.17,3.13,2.5,8.33,5,3.13,2,6.25,2.78,2.08,10,2.38,3.85,2.63,4.17,4.55,2.27,2.63,3.13,8.33,6.25,3.13,5.56,3.33,2,3.33,6.25,2.94,8.33,10,5,7.14,10,2.38,4.17,4.17,7.14,5,6.25,2,5,3.85,5,2.5,5,4.17,2.38,3.33,10,3.85,2,3.57,2.5,4.17,2,7.14,4.55,2,5.56,6.25,2.38,2.63,3.13,8.33,10,5,2.27,2.17,10,5,2,5.56,5,3.57,5,3.13,2.63,3.33,2,2,7.14,3.85,10,4.17,10,3.57,3.13,5.56,3.13,2.63,2.38,2.27,3.85,3.13,4.17,2.78,2.5,2.08,2.78,5.56,2.63
9,3.85,7.14,3.85,3.85,7.14,2.5,2,2.27,8.33,4.55,10,2.63,2.63,2,2.94,2.27,4.17,5,7.14,2.08,10,4.55,3.13,3.33,6.25,2.94,2.78,2.08,2.5,6.25,5,2.38,2.5,8.33,2.78,2.78,5,6.25,7.14,2.78,3.13,5.56,2.38,2.78,2.5,7.14,4.55,2.94,5.56,2.5,2.63,5,8.33,2,2.17,8.33,2.78,3.57,2.78,4.17,5.56,4.17,2.17,7.14,2.38,7.14,4.55,2,8.33,7.14,2.63,10,2.27,2.38,4.17,3.85,3.13,2.78,8.33,4.55,7.14,7.14,4.55,4.55,2.08,2.94,2.78,2,3.85,5.56,2.5,3.57,2.17,6.25,7.14,2.5,4.17,5.56,2.38,4.17,3.57,3.33,2.63,2.38,2.17,2.94,3.85,5.56,2.5,2.5,5.56,2,2.38,2.78,7.14,3.13,7.14,4.17,3.57,2.63,4.55,2.17,2.17,7.14,4.55,3.57,8.33,2.38,3.13,2.08,10,6.25,8.33,2.08,10,2.78,4.55,3.33,8.33,10,2.38,2.08,3.57,3.85,2.5,3.13,4.17,2.63,2.17,2.17,3.85,2.78,2.38,2.17,2.5,3.85,10,2.27,2.17,3.33,2.17,3.85,2.78,5.56,2.27,2.94,7.14,2.94,10,4.17,5,2.38,5.56,3.85,4.17,4.55,2.78,2.78,2,4.17,10,3.85,7.14,2,3.57,2.78,5,2.08,3.13,3.33,2.94,4.55,8.33,7.14,10,2.78,2.5,2.27,2.27,2.08,3.57,6.25,2.17,3.85,4.55,3.85,2.94,5,2.5,2.94,5.56,10,2,4.17,5,2.5,4.17,4.17,2.08,2.27,5.56,10,8.33,2.38,8.33,2.38,2.27,2.27,5,10,4.17,2.5,2.08,2.78,7.14,5.56,3.33,4.17,2,2.5,2.94,2,4.55,4.55,5,3.13,3.57,3.85,2.27,2.17,6.25,3.57,2.78,2.08,2.94,6.25,4.55,6.25,2,7.14,3.85,8.33,5,2.78,8.33,2.38,2.63,2.08,2.63,2.94,8.33,2.08,2.5,2.38,3.33,2.08,2.5,3.13,7.14,3.33,3.33,5.56,7.14,2,5.56,2.17,3.13,2.5,4.55,2.94,3.13,2.38,2.5,10,3.13,2.5,2.17,2,2.5,5,3.13,7.14,2.5,6.25,2.78,5,3.13,5,8.33,5,3.33,4.55,2.63,2.17,2.17,10,5.56,6.25,3.85,2.94,2.94,7.14,2.94,2,5,2.78,2.08,2.08,2,2.78,3.33,3.57,2.94,2.08,2.5,5,2.27,2.94,3.57,4.17,4.17,3.33,3.33,3.33,6.25,3.57,2.38,5,2.63,3.33,10,3.85,2.78,6.25,4.17,4.17,6.25,2.27,2.38,3.13,3.33,5,2.17,2.17,5,3.85,2.38,4.55,5,2.63,2.17,3.13,10,2.08,3.57,2.63,2.94,2,7.14,2.78,7.14,4.17,5,2.5,2,3.57,7.14,2,2.63,3.13,2.78,6.25,2.78,3.85,7.14,8.33,2,3.85,3.33,3.85,8.33,3.13,2.17,8.33,2,6.25,7.14,5,3.57,8.33,2.08,2.5,5,3.13,3.85,4.17,2.17,3.57,6.25,2.94,3.57,7.14,2.63,2.08,7.14,2.78,8.33,3.13,2.08,2.63,10,2.63,10,3.33,2.94,4.55,7.14,2.17,4.55,2.38,2.27,2,2.08,4.55,3.57,3.57,4.55,2.38,3.85,3.13,8.33,3.57,2.63,2.38,4.55,6.25,2.27,2,3.13,3.57,2.27,2.78,8.33,2.63,2.08,2.08,2.94,2,10,2.63,2.17,2,4.17,7.14,2.17,7.14,4.17,2.27,5.56,5,6.25,2,2.94,3.33,2.17,4.17,10,6.25,4.17,2.63,5,2.5,3.57,2.17,6.25,2.38,10,2.63,2.17,5
10,3.85,2,8.33,2.78,4.17,2.17,5,2.38,10,2.17,2.63,2.08,5.56,7.14,2.38,10,2.78,4.17,10,6.25,3.13,2.94,3.13,8.33,8.33,8.33,3.85,2.17,6.25,6.25,2.17,3.33,2.08,2.78,3.13,2.63,2.94,5.56,4.17,2,3.57,2.38,5,2.38,2.38,2.94,2,8.33,3.33,2.27,5.56,6.25,2.27,2.08,2.5,2.38,2,7.14,4.55,3.33,2.27,3.85,5.56,8.33,6.25,8.33,2.17,4.17,2.5,3.13,2.94,2.08,2.5,3.57,4.17,3.33,3.57,2,3.57,2.27,5,2.63,2,2.17,2.5,2.78,5,7.14,4.55,2,2.38,2.17,2,3.13,2.38,6.25,8.33,3.33,2.17,2.17,2.78,3.13,2.27,2,8.33,2.94,2.08,7.14,8.33,2.5,2.5,3.13,10,2.27,10,2,10,2.63,3.57,7.14,4.55,2.5,4.55,5.56,2.5,4.55,2.17,2.78,3.33,2.94,10,4.17,5.56,3.33,2.17,5.56,8.33,4.17,10,2.94,3.85,3.57,3.57,2.08,3.13,5.56,6.25,2.27,4.55,2.5,2.27,5.56,2.63,2.27,2.94,3.33,3.57,8.33,2.63,10,2.78,3.13,2.78,3.13,7.14,2.94,2.63,2.08,8.33,6.25,3.57,2,3.13,2,4.55,5,2.63,2,2.5,10,2,4.17,2.38,3.13,2.94,2.38,3.33,4.55,5,2.94,2,2.38,2.94,10,2.27,5,3.33,3.57,2.63,2.17,5,2,3.57,5,4.17,2.27,2.08,2.5,5,7.14,8.33,6.25,2,2.17,2.94,6.25,2.5,6.25,2.78,5,2.38,6.25,6.25,2.63,2.38,2.08,2.94,2.78,2.17,10,5,2.63,2.38,7.14,4.55,3.13,2.17,8.33,2.17,7.14,6.25,4.17,2.5,2.08,3.57,2.78,7.14,2.27,3.33,6.25,4.55,8.33,6.25,8.33,2.5,2,3.85,2.27,2.27,3.85,2.78,4.55,2.08,2,3.33,3.33,6.25,2.17,5,2,5,5,3.33,2,3.33,2.38,3.33,2.38,6.25,4.17,2.17,3.85,2.5,5.56,7.14,3.57,2.27,2.27,5,8.33,3.85,4.55,2.94,8.33,2,2.38,7.14,5.56,3.13,2.17,2.5,3.85,3.57,2.78,5,5.56,3.85,3.33,2,2.78,5.56,5.56,4.17,3.13,7.14,2.38,2.38,10,4.55,6.25,2.63,3.57,2.78,2.27,2.08,4.17,2.38,2.78,5,5,2.08,2.27,5,3.33,2.5,7.14,2.08,2.17,2.17,2.5,5.56,4.17,2,3.13,2.78,2.08,2.94,5,3.13,2,8.33,3.33,2.63,2.38,3.13,3.33,5,3.85,3.13,2.63,5.56,2.63,3.57,2,5,2.63,3.33,2.27,8.33,3.13,8.33,2.94,10,5,3.33,3.13,2.94,5.56,8.33,5,3.33,3.13,4.55,7.14,4.55,4.55,2,10,10,2.94,2.17,5,2.17,5,3.13,2.94,5.56,2.08,4.55,6.25,2.94,2.27,5.56,5.56,5,7.14,6.25,3.13,4.17,4.17,2.78,3.57,2.27,2,2.5,2.63,2.78,2.38,3.85,5,3.85,2.38,2.5,2.5,2.5,3.57,2.63,2.78,3.33,2.38,4.17,2.63,6.25,3.85,2.63,3.85,2.27,3.33,3.57,3.13,4.55,2.5,10,2.17,3.13,2,4.17,5.56,2,4.17,3.57,2.08,5,2.63,4.17,3.57,2.63,10,2.27,2.38,2.17,2.78,5.56,4.17,2.63,2,4.55,10,3.33,5.56,3.85,8.33,4.17,7.14,2.27,2.78,2.5,2,2.17,8.33,7.14,10,2.94,5.56,2.5,7.14,7.14,3.57,5.56,2.17,2.17,4.55,2.27,2.94,2.27,7.14,6.25,2.63,3.33,4.17
11,2.5,2,5.56,2.94,6.25,2,4.17,2.5,5.56,5.56,3.85,2.94,2.27,10,2.38,2.63,5.56,4.17,2.38,2.17,5,2.27,7.14,2,3.13,6.25,5,3.85,2.27,10,2.94,10,3.57,2.17,7.14,4.17,4.55,6.25,7.14,3.85,2.63,2.38,5.56,4.55,2,5,2.94,3.57,2,4.17,4.55,2.5,2.78,2.94,3.33,7.14,3.85,8.33,3.33,2.08,2.08,2.17,4.55,6.25,2.78,2.17,3.57,4.55,2.17,3.33,2.94,2.78,3.33,2.78,3.57,8.33,4.17,2.5,3.33,7.14,7.14,2.27,3.33,2,3.33,2.78,7.14,4.17,5,2.94,3.13,3.85,3.13,6.25,5,5,3.13,6.25,3.85,2.94,6.25,6.25,2.63,2.38,2.17,7.14,7.14,2.27,3.13,3.85,5,8.33,5.56,3.57,2.63,3.13,3.33,2.5,2.5,3.57,8.33,10,2.63,6.25,2.08,5,3.33,2.63,3.13,2.94,2.17,2.38,2.63,6.25,3.33,8.33,3.13,2.38,4.17,2.78,10,2,3.33,3.33,7.14,2.38,2.94,5.56,3.33,5,2.63,7.14,5,2.78,3.85,3.13,3.33,2.27,2.08,3.33,2.94,2.78,7.14,3.13,3.33,2.08,4.17,5,2.17,2.63,4.55,6.25,2.94,6.25,2.94,2.27,3.85,10,5.56,2,5.56,6.25,2.17,2.63,2.63,2.27,10,3.13,4.17,2.08,3.57,3.13,2.78,4.17,2,2.63,3.57,3.85,3.13,3.33,2.63,5.56,4.17,6.25,4.55,2.78,2.08,7.14,4.17,2.63,2,7.14,4.55,5,2.27,2.5,5,5,3.33,8.33,2.78,7.14,3.33,2.08,2,3.85,3.33,2.27,3.57,5,3.33,5.56,8.33,2.27,3.13,10,4.17,2,2.63,2,2.08,2,3.57,2.78,2.27,7.14,2.94,2.17,2.27,2,3.33,5,2,4.55,2.78,8.33,5,4.17,4.55,2.5,2.38,5,2.63,2,7.14,7.14,7.14,7.14,2.27,3.13,3.13,2.63,8.33,8.33,3.33,2.94,2.27,4.17,4.17,2.17,2.94,2.27,3.85,8.33,5,7.14,2.5,6.25,7.14,2.5,3.33,4.17,2.5,3.85,4.55,2.94,5,8.33,2,5.56,6.25,5,2.63,8.33,7.14,2.63,2.17,10,4.55,10,10,3.13,2.78,3.57,5.56,2.78,2.63,2.38,2.78,3.57,7.14,3.33,4.55,2.17,3.13,2.38,2.5,5.56,2.94,2.63,2,5,7.14,3.57,2.08,3.57,7.14,2.08,3.57,4.55,2.5,2.78,2.27,5.56,2.08,3.85,4.17,4.55,8.33,2.17,6.25,8.33,6.25,3.33,2,4.17,3.85,6.25,10,10,7.14,5.56,7.14,4.17,4.17,3.13,4.17,2.17,3.85,2.94,5.56,4.55,2,2.08,2.27,3.33,2.5,2.27,2.17,4.17,4.17,3.57,2.78,3.33,5,4.17,2.5,2.27,6.25,2.08,2.17,2.78,2.27,2.08,4.17,2.5,2.63,2.78,4.17,4.17,2,2.38,2.08,2.5,5,3.33,2,3.85,5,3.57,2.5,4.55,10,2.63,7.14,7.14,3.57,2.17,2.94,2.63,2.08,2.38,5,3.33,6.25,2.38,2,7.14,5.56,2.94,5.56,7.14,10,4.17,2.27,2.5,4.17,10,2,6.25,5,2.78,2.38,8.33,2.27,2.5,6.25,2.63,2.08,2,5.56,3.85,2,3.57,2.5,2,3.57,3.85,2.38,2.5,2.38,3.85,2,8.33,3.33,6.25,2,3.13,2.08,8.33,4.55,7.14,2.63,3.57,2.5,3.13,2.38,4.17,2,3.57,2.63,4.17,2.78,2.94,3.57,2.78,2.38,3.85,2.08,10,5,3.57,2.78,3.33,4.55,10,3.57,2.17,2,2.5
12,7.14,2.5,5,2.08,2.94,7.14,8.33,10,2.17,2.5,2,10,7.14,2.08,2.38,2.94,8.33,8.33,2.27,5.56,10,5,8.33,2.38,2.38,4.55,3.13,2.27,2.94,2.94,3.85,2.63,2,7.14,5.56,7.14,5.56,3.85,2.94,3.13,3.85,6.25,2.27,5.56,2.08,2,6.25,5,10,6.25,4.55,2.38,3.57,4.17,3.57,4.55,3.85,8.33,5,2,4.55,3.85,8.33,2.08,7.14,4.55,2.17,10,4.17,5,2.17,4.55,7.14,2.27,3.57,2.38,2.08,3.85,2,3.13,4.55,3.85,8.33,3.57,4.17,4.17,2.78,10,8.33,6.25,7.14,2.94,4.17,2.08,2.08,3.57,5,4.55,8.33,2.27,8.33,2.78,8.33,10,2.94,2.5,2.38,3.57,8.33,3.57,2.27,2.63,2.78,7.14,2.08,2,2.17,2.08,2.78,5.56,3.57,3.13,5,6.25,6.25,4.17,2.94,2.38,3.57,7.14,2.08,8.33,7.14,3.33,3.85,5,2.08,5,5.56,6.25,5,2.17,2.5,2.94,10,2.63,3.33,2.5,2.63,8.33,2.38,10,8.33,2.38,2,2.5,2.78,5,2.5,2.5,3.13,2,6.25,4.55,5.56,10,5.56,2,2.78,10,2.78,3.13,6.25,4.17,3.85,3.85,2.27,8.33,10,2.27,8.33,3.85,2.27,3.85,2.94,7.14,4.17,7.14,2,2.27,3.85,5,8.33,4.17,3.13,2.17,4.17,5,3.13,2.5,2,2.27,6.25,3.85,5,7.14,2.08,2,3.85,4.17,7.14,5,2.38,5,2.94,3.85,4.55,2.38,2,2,2.5,2.08,6.25,2.27,5.56,2.63,2.17,10,5.56,2.27,3.33,7.14,2.17,5.56,2.08,4.17,4.55,5,3.13,2.63,6.25,2.27,2.38,4.17,2.78,10,2.5,2.78,10,5.56,2.94,2.78,2.17,2,10,10,2.5,4.55,2.78,7.14,8.33,2.5,3.57,2.94,2.78,3.85,2.08,2.94,2.78,3.85,2,2.94,2.94,4.17,2,2.27,3.33,3.33,2.17,2.5,3.57,2.78,3.85,7.14,10,3.57,2.38,6.25,4.17,2.08,7.14,7.14,2,5.56,2.27,3.85,2.38,5,2.94,2.27,2.27,3.33,2.17,7.14,2.94,2.63,2.17,6.25,2.17,3.57,2.17,3.13,5,5,3.85,2.08,3.57,3.85,2.78,2.78,2.38,2.78,2.17,2.5,5.56,2.94,2.94,4.55,10,4.17,3.13,7.14,8.33,2,2.78,2.17,4.17,2.17,7.14,4.17,3.57,2.78,3.33,4.17,3.33,8.33,5.56,3.85,3.57,2.5,4.55,2.08,3.33,2,2.27,2.17,3.13,4.55,3.33,2.78,6.25,2.17,3.13,3.33,2,2.63,2.78,2,2.63,3.57,5,7.14,2.27,3.85,2.27,2.38,2.94,4.17,10,2.94,3.33,2.78,2.08,2.78,2.94,2.94,3.33,2.5,2.78,3.13,4.17,2,5,6.25,2.63,3.85,10,2,10,4.55,4.55,10,2.27,3.13,2.63,3.85,2.63,4.17,7.14,2.08,2.63,2.08,2.78,2,2.08,4.55,10,3.33,2.27,2.38,2.27,6.25,2.08,3.33,2.17,4.55,2.17,2.17,2.94,5,2.17,2,2.27,2.94,2.63,2.38,2.5,10,2,2.27,3.33,2.78,5.56,3.57,7.14,10,3.85,5.56,2,5.56,2.17,3.57,3.85,10,6.25,3.33,3.13,5,2.63,8.33,10,2.78,2.17,5,3.85,2.63,2.17,7.14,5,2.38,2.78,3.13,8.33,7.14,3.57,4.17,2.63,5,3.57,5.56,8.33,3.13,2.08,2.5,7.14,8.33,2.27,4.55,7.14,10,5,8.33,4.55,4.17,4.17,3.13,4.55,4.55,8.33,3.33
13,2.78,5.56,4.17,4.17,2.08,2.5,3.33,2.08,2.94,2.94,2,2.27,5,2.08,4.17,2.08,2.38,2.5,3.13,7.14,3.33,2.27,2.94,8.33,4.55,3.13,2.78,2.63,2.63,2,2.17,2.94,2.38,2.17,5.56,3.85,4.55,4.17,2.78,2.5,2.94,4.17,2.63,7.14,10,3.57,2.5,2.63,4.55,7.14,3.33,6.25,3.33,8.33,5.56,7.14,2.17,8.33,3.85,4.55,3.13,10,3.33,5.56,2.5,10,2,4.17,2.78,7.14,5.56,3.57,6.25,5.56,6.25,2.5,2.38,2.63,5,4.17,2.38,6.25,5.56,5,3.13,2.17,2.63,3.57,5.56,3.33,2.27,5.56,2.27,2,2.08,2.5,2.5,4.17,2.38,2.38,5,2.78,2.08,2.94,3.33,7.14,5,2.94,2,4.17,2.17,6.25,2.17,6.25,2.27,2.17,2.27,2.5,2.38,7.14,7.14,10,4.55,2.63,3.57,10,3.85,2.08,2.63,2.17,4.55,10,2.5,5.56,5,8.33,2.5,6.25,2.5,4.55,6.25,5.56,8.33,2.78,3.85,5.56,5.56,2,5,5,6.25,4.17,4.17,2.5,8.33,7.14,10,2.27,5.56,2.17,5,3.13,4.55,2.78,5,4.17,3.85,2.17,7.14,8.33,10,2.27,7.14,2.08,5,4.55,2.78,2.08,8.33,2.78,3.33,7.14,5.56,7.14,3.57,2.27,2.08,3.85,5,3.57,5.56,2.17,2,2.63,3.57,2,3.85,2.94,2.27,2.27,2,6.25,5,4.17,2.38,4.55,8.33,2.08,5.56,3.33,3.33,3.33,2.63,10,2,2.5,3.57,2.94,5.56,3.33,10,2,2.78,3.13,8.33,5.56,2.38,5.56,10,7.14,2.17,6.25,7.14,2.17,8.33,2.38,2.08,2.08,8.33,8.33,4.55,3.85,3.13,2.5,8.33,4.17,4.17,5.56,2.08,3.33,5.56,2.94,2.38,2,4.17,6.25,7.14,2.27,5.56,5,3.13,5.56,2.08,3.85,2.17,3.33,2.17,2.63,5,2.38,4.55,5.56,6.25,3.57,4.17,4.55,3.33,8.33,2.08,6.25,3.13,3.13,4.55,10,5.56,2.38,3.57,2.94,2.08,3.57,2.38,10,7.14,6.25,2.38,2.78,4.17,3.85,2.94,3.85,3.85,2.94,3.33,4.55,2.5,2.17,2.27,2.78,2,2.27,2.94,4.17,3.85,2.27,5,7.14,4.55,2.38,2.63,3.85,2.17,5,2.78,3.57,4.17,2.78,3.57,2.5,3.33,4.55,3.57,2.94,2.78,5,8.33,2.27,3.85,2.17,2.08,8.33,4.17,3.13,2,4.17,2.5,2.5,2.5,3.13,3.85,2.27,2.27,2.17,2.63,3.57,2,5,4.55,2.08,2.08,4.55,3.85,2.94,2.78,10,7.14,2.08,2.08,6.25,7.14,4.17,2.94,2.78,2.94,2.94,8.33,3.33,2.63,2.94,3.57,4.55,4.55,3.13,2.27,5.56,2.78,4.17,4.55,4.55,2.5,2.5,7.14,2.94,3.57,3.57,2.94,2.5,2.5,2.63,5.56,2.63,5.56,2.78,4.17,2.78,2.27,2.38,3.57,3.85,3.57,2.78,3.33,4.55,2.63,3.13,3.57,10,5,2.78,3.85,7.14,2,8.33,2.17,2.17,3.85,5,2.63,3.33,3.85,2.5,2.17,3.57,6.25,2.78,8.33,2,2.38,8.33,2.17,2.78,3.33,5,2.08,2.78,6.25,7.14,2.94,8.33,2.08,2.38,10,2.78,3.33,3.57,3.13,8.33,2.63,2.08,3.57,3.33,8.33,10,2.63,2.17,7.14,3.85,3.85,4.55,2.78,2.5,2.17,4.55,5,3.13,2.5,5.56,8.33,2.94,2.78,2.38,4.17,2,2.78,2.17,2.63,3.85,2.17,3.85,5.56,2.78,2.94,5,8.33,4.55,6.25,2.08,3.57,2.63,2,3.85
14,2.78,5,4.17,2.17,3.13,2.78,2.94,3.85,2.27,8.33,6.25,2.5,4.55,6.25,3.13,7.14,3.33,2.78,7.14,3.57,5,10,7.14,2.27,2.38,3.33,5.56,5,2,8.33,8.33,4.17,2.5,2.94,2.17,7.14,2.5,2.78,5,3.85,5,10,3.13,2.78,4.55,5,2.5,6.25,2.63,2.78,2.94,4.17,2.38,5,8.33,3.13,5.56,4.55,5,2.08,8.33,2.94,2.27,4.17,5,2.27,10,2.27,5,2,2.63,2,2.08,3.85,3.57,3.57,3.57,5.56,2,2.17,4.55,2.17,3.57,8.33,2.5,2.63,3.33,8.33,2.5,7.14,3.33,6.25,5.56,4.55,2.27,10,2.27,2.94,2.17,5,2.94,2.27,3.57,6.25,2,2.38,4.55,2.63,2.08,10,7.14,2.63,3.85,2.27,2.63,2.78,2.08,10,3.33,5,2.5,4.17,6.25,3.13,2,5.56,2.38,2.78,7.14,8.33,5.56,2.5,2.94,3.57,7.14,2.78,5.56,2.38,3.57,6.25,2.78,2.17,3.57,4.55,2.78,5.56,8.33,2,4.55,4.55,5,4.17,5,6.25,2.27,2.94,6.25,2.63,3.13,2,2.08,6.25,3.85,2.94,8.33,2.08,8.33,2,4.55,2.94,2.63,4.17,4.55,2.17,5,3.57,3.85,2.17,2.63,2.78,2.08,6.25,3.85,4.17,2,5,10,2.17,3.13,2.94,5.56,4.55,4.17,4.17,6.25,5.56,3.85,2.94,7.14,2.08,3.85,3.57,2.78,2.17,4.17,5.56,8.33,2.17,2.5,6.25,3.57,5.56,2.27,2.5,5,8.33,3.33,6.25,3.33,2,4.55,7.14,5.56,3.85,2.78,4.17,7.14,2.63,2.27,2.17,2.17,3.33,3.57,3.85,7.14,2.17,2,5,3.33,3.33,4.55,5.56,5.56,6.25,8.33,5.56,2.38,2.63,5.56,6.25,3.13,3.85,4.17,5,2.78,2.94,4.55,5.56,5,3.13,3.57,3.57,3.57,5,2.78,4.55,10,8.33,7.14,3.13,3.85,2.63,6.25,3.85,6.25,2.63,2.94,4.17,2.94,3.85,5,2.78,2.94,2.08,4.17,3.13,2,3.85,3.85,2.08,2.17,6.25,2.38,3.33,3.13,2.08,6.25,8.33,7.14,2.5,10,5,3.57,2.08,7.14,2.08,2.38,2.78,2.08,5.56,5.56,3.57,4.55,2.27,3.33,5,3.85,2.17,2.78,7.14,3.57,2.5,2.94,2.5,5.56,2.27,7.14,2.27,5,4.55,2.08,4.17,10,10,2.38,6.25,3.85,2,4.55,2.94,8.33,5,3.85,5.56,4.17,10,3.13,10,2.17,2.94,2.78,10,4.55,2.94,4.55,3.85,2.5,2.08,3.85,10,10,3.85,4.55,2.94,8.33,2.94,8.33,2.78,3.13,5,2.17,2,4.17,3.57,5.56,2.08,2,2.38,2,7.14,5.56,3.57,2.5,3.57,2.08,2.5,8.33,2.78,2.27,2.94,10,8.33,2.27,3.85,2.08,2,8.33,10,2.94,4.55,2.78,6.25,2.63,5,8.33,8.33,2.08,6.25,2.78,8.33,6.25,2.27,4.17,5.56,2.94,2.78,2.27,5,2.5,5.56,3.85,2.63,5,2.27,6.25,2.5,3.57,2.38,4.55,3.57,2.38,3.57,2.5,2.78,2.78,2.94,2.38,5.56,2.27,2.5,2.5,2,4.55,2.38,3.57,3.57,2,2.08,8.33,2.38,10,2.17,2.17,6.25,3.33,2.5,3.33,10,2.94,2.78,5,2.38,2.5,2.78,4.55,2.08,5,3.85,8.33,2.78,3.13,3.57,2.78,4.17,3.13,2.08,2.63,2.78,3.85,2.94,2.27,3.57,3.57,4.17,7.14,2.63,4.17,2.78,2.94,5,3.85,5.56,2,7.14,3.33,10,2.17,2.5,2.17,3.57
15,2.08,4.17,2.94,2.78,2.5,2,4.55,2.78,2,3.13,2.5,3.57,4.17,3.57,4.55,5,3.13,2.08,2.63,4.17,10,5,2.08,5,2.5,3.13,2.94,8.33,8.33,2.17,3.85,4.17,2.27,8.33,4.55,2.17,3.85,3.85,4.55,10,5.56,2,3.85,5.56,3.57,2.94,7.14,4.17,2.17,7.14,3.13,4.55,3.57,3.13,2.17,3.57,3.57,2.17,2,7.14,2.5,4.55,4.55,6.25,8.33,5,8.33,4.17,2.17,2.17,7.14,3.57,3.57,10,3.85,2.63,2.94,2.5,2.27,5.56,2.27,4.55,5,2.08,2.63,7.14,3.13,5,2.27,2.08,2.78,2.38,2.94,10,2.63,2.27,2.63,2.17,10,2,5,3.13,5.56,10,8.33,8.33,3.85,2.78,3.13,7.14,2.94,10,8.33,6.25,3.13,2,2.17,2.78,6.25,7.14,2.63,2.17,2.17,3.57,5,5.56,7.14,2.38,2.78,4.55,2.94,2.78,2,2.78,3.57,2.08,2.38,2.08,2.78,5,2.27,3.57,2.27,2.17,3.33,2.17,3.33,3.57,2.08,8.33,5.56,3.85,2.5,2.08,2.38,3.13,4.55,3.85,8.33,2.38,3.57,5.56,3.13,3.33,7.14,2.27,3.85,5,6.25,2,2.63,2.63,5.56,2.38,5,4.55,3.33,2,2.08,5,3.13,2.94,2.17,10,8.33,3.85,2.17,3.13,10,2.27,4.17,5.56,2.94,2.27,2.78,2.38,3.33,4.17,8.33,3.85,3.57,2.94,5.56,2.38,3.57,4.55,3.13,2.94,5,10,2.63,10,4.55,5.56,3.13,2.94,5.56,5,2.17,5,2.94,2.17,8.33,2.5,4.55,5.56,2.38,5.56,2.5,2.38,6.25,2.27,8.33,3.13,3.33,8.33,3.85,7.14,2.5,3.85,2.27,3.85,5,10,3.33,2.17,5,2,4.55,3.85,2.94,3.85,2.27,3.33,5,2.94,2,2.78,2.38,4.17,2.63,2.38,6.25,2,2.17,2.78,4.55,2.94,3.85,3.85,4.55,3.85,3.85,5,4.55,5,5.56,2.08,6.25,4.55,6.25,8.33,2.38,2,10,5,2.38,3.13,7.14,3.85,3.57,3.85,3.33,2.08,3.85,3.85,6.25,2.78,6.25,6.25,10,2.63,4.17,4.17,3.33,2.78,2.38,2.38,2.17,3.57,8.33,2.5,2.38,5.56,2.5,2.94,2.27,3.33,8.33,4.17,10,2.27,2.08,7.14,2.08,3.13,2.17,5.56,5,3.85,7.14,4.55,4.55,5,2,2.17,2.63,2.5,5,7.14,4.17,6.25,3.85,2.38,2.94,2.17,3.57,2.17,2.63,7.14,4.17,3.57,6.25,2.08,2.17,2,4.17,2.08,3.57,2.17,5.56,3.85,2.5,2.63,4.55,5,10,3.33,2.63,5,10,2,2,2.78,2.5,2.08,2.94,2.78,4.17,2.5,2.38,2.17,2.38,8.33,2,8.33,2.17,3.57,2.38,5,5,8.33,10,2.17,2.5,6.25,3.57,3.33,2.08,5,8.33,2.38,3.13,4.55,3.33,4.55,2.78,5.56,2.27,2.94,6.25,8.33,2.78,7.14,5.56,2.17,3.85,7.14,3.85,10,3.85,7.14,4.55,3.33,6.25,8.33,2.94,8.33,2.63,6.25,2.38,8.33,3.33,2.27,4.17,4.55,2.63,2.08,3.13,7.14,2.63,3.57,5.56,2.17,2.78,2.63,2.08,2,5.56,2.78,2.5,2.38,7.14,3.57,3.85,5.56,4.17,2.78,3.33,2.78,5.56,2.08,5.56,2.5,2.27,3.85,4.17,2.27,6.25,8.33,2.63,2.63,3.85,3.57,5,7.14,3.57,2.5,2,2.27,3.85,3.85,2.94,8.33,3.57,2.63,7.14,2.63,3.13,2.63,10,5,2.08,3.85,4.17,4.55,2.94,2.78,2.17,2
16,5.56,3.33,8.33,2.38,2.17,3.57,4.17,2.5,4.55,4.17,4.17,2,2.38,2.5,3.57,3.33,2.78,6.25,2,3.13,2.08,2.63,4.55,2,3.85,2.17,8.33,2.63,2.27,2.94,3.33,10,8.33,2.63,4.55,2.5,2.78,4.17,4.17,8.33,2.27,8.33,10,4.17,2.5,5,2.78,2.78,2.5,7.14,5.56,3.33,4.55,8.33,5,2.94,2.5,4.55,2.17,3.57,2.08,3.13,2.63,2.17,2.5,2.5,2,10,10,5,2.17,3.13,2.63,2.5,5,2.5,2.08,3.13,2.38,6.25,8.33,2.08,2.78,2.63,2,6.25,2.94,4.17,2.78,2,2.63,3.85,2.94,2.78,6.25,2.94,4.55,3.13,8.33,2.38,2.17,3.85,2.78,5,2,2.08,6.25,2.5,7.14,2,2.17,6.25,2.5,6.25,5.56,2.78,3.13,2.63,7.14,2.08,6.25,3.57,4.17,2,2.27,2.17,3.33,2.63,2.27,2,2.38,6.25,6.25,2,2.17,2.63,3.85,2.63,2.08,2.63,8.33,8.33,2.94,5.56,2.63,6.25,3.85,2.5,5,7.14,7.14,2.17,3.13,3.13,3.33,2,2.27,3.33,2.17,5,2.27,5,2.27,7.14,4.17,2.27,2.78,2.08,2.08,2.17,2.17,3.57,3.57,10,2.27,3.85,4.17,8.33,2,3.33,10,4.55,5,6.25,8.33,2.27,3.13,10,2.78,3.57,2.38,4.17,2.27,2.78,5.56,3.33,3.13,2.17,4.17,2.08,5,2.94,2.5,2.63,3.57,2,3.33,2.17,6.25,2.38,3.85,5.56,2,4.55,2.78,2.27,3.13,2.94,4.55,3.57,3.33,5,2.5,5.56,3.85,2,2.38,7.14,8.33,4.55,2.94,2,5.56,5.56,7.14,2,2.5,5,3.85,10,2.63,3.85,5.56,3.57,3.85,2.38,3.85,5,2.63,8.33,2.08,2.08,2.5,2.38,2.63,3.13,3.13,10,2.08,5,4.55,10,4.17,2.5,5.56,4.17,4.55,2.78,4.17,3.57,6.25,2.94,3.57,3.57,2.27,3.33,3.85,2.17,4.55,3.85,8.33,2.63,10,5,2,2.27,3.13,2.63,2.38,5,2.78,7.14,7.14,3.13,3.85,2.27,2.5,2.38,3.13,2.17,2.94,4.17,2.38,2.38,7.14,2.78,2.27,3.33,2,2.63,2.27,5.56,7.14,6.25,4.17,2,2.27,4.17,3.57,4.55,2,5.56,5,4.17,5.56,2,3.57,3.85,4.17,5,3.85,2.38,2,7.14,7.14,3.57,5.56,3.33,2.17,2.63,2.38,5,3.85,5,2.27,4.17,2.08,4.17,7.14,3.57,2.5,5,3.85,5,3.85,7.14,2.38,3.57,5.56,2.38,8.33,5.56,3.13,4.17,2.38,4.55,2.27,2.63,5,3.13,3.85,2.38,7.14,2.94,10,7.14,10,4.17,2.17,2.94,3.13,6.25,7.14,7.14,3.33,3.33,5,2,2.78,7.14,10,2.5,7.14,3.13,2.5,3.57,5,3.33,7.14,5,2.38,2.38,2.27,5.56,6.25,2.63,2.38,4.17,2,2.38,4.55,7.14,4.17,2,2.63,6.25,2.78,2.63,2.94,3.57,10,2.5,5,2.38,3.33,3.13,10,3.33,3.13,3.33,3.33,4.55,5,3.13,4.55,7.14,2,10,2.63,2.63,2.27,2.38,3.57,2.17,8.33,2.78,6.25,6.25,4.55,5.56,2.63,3.33,3.85,3.33,2.08,2.78,3.57,6.25,5.56,8.33,2.63,6.25,3.13,2,2.63,3.57,2.27,3.85,2.94,2.78,2.78,2.63,2.5,2.94,5,6.25,2,2.94,4.55,2.08,2,2.5,3.33,3.57,2,2.63,3.13,2,8.33,2.63,4.17,2.78,2,10,4.17,7.14,2.5,2,2.27,2
17,6.25,3.13,2.63,2.38,4.17,2.27,2.5,2.5,2.78,3.13,5,3.13,2.08,2.5,2.5,2,2.27,7.14,3.33,2.5,3.57,7.14,3.13,4.17,2.38,2.38,10,10,3.33,7.14,6.25,2.08,8.33,3.33,3.57,2.17,3.85,2.78,2.38,8.33,3.57,2.38,6.25,2.27,5.56,4.17,3.85,8.33,2.38,8.33,3.13,3.13,5,3.85,2.5,3.33,4.17,5,2.5,5.56,2.5,4.17,4.55,3.33,6.25,2,2.38,3.13,3.57,3.85,2.78,2.94,3.13,2,7.14,3.13,2.27,7.14,3.85,2,3.33,2.17,2.5,2.27,2.94,8.33,10,3.13,3.33,2.94,7.14,4.55,4.17,3.33,5.56,5,2.38,3.57,3.13,3.33,2.5,3.13,2.17,3.85,2.38,6.25,2.27,3.33,2,3.13,3.33,6.25,4.17,4.17,3.85,3.85,2.38,7.14,3.57,3.57,10,3.33,2,2.27,3.33,2.63,5,2.17,2.08,3.85,2.5,2,2.17,2.27,2.08,3.13,4.17,2.5,3.13,2.08,3.13,6.25,5.56,10,2.63,3.57,10,2.5,2.5,2.27,10,7.14,4.17,5.56,2.5,3.85,5.56,6.25,2.5,2,10,2.5,4.55,3.57,8.33,3.57,2.94,6.25,5,5.56,3.57,6.25,3.33,3.57,4.17,2.94,3.85,2.5,4.17,2.63,7.14,3.57,2.17,2.94,2.27,5.56,2.5,2.38,2.63,2.27,3.33,3.85,5.56,6.25,10,2.63,2.5,3.85,3.13,2.38,2.78,10,2.17,8.33,5,5,2.17,2.5,2.17,2.27,8.33,3.57,3.33,3.13,2.94,7.14,2.17,3.13,2.08,8.33,3.13,3.85,2.78,7.14,10,2.5,4.55,3.13,5.56,6.25,3.85,2.17,2,2.94,3.13,4.17,3.85,3.33,10,2.27,2.5,3.13,2.78,10,3.57,2.08,2.63,2,2.78,2.38,2.5,2.38,8.33,2.27,3.13,3.33,2.63,2,2.94,10,2.94,10,2.17,2.38,3.33,2.17,2.17,5,2.17,2,4.17,8.33,2.27,5,2.5,3.13,3.85,2.94,2.63,2.5,3.57,7.14,5,2.17,2,2.63,3.85,5,3.33,5,2.08,2.17,10,4.55,4.55,10,2.94,3.57,4.55,4.55,5.56,2.38,5,3.85,2.08,3.33,7.14,2.27,3.33,3.57,8.33,10,5,2.63,2.27,2.38,7.14,4.17,3.57,2.78,10,2.63,4.17,2.63,2.63,4.17,2.63,6.25,2.94,2.27,10,5,4.55,2.27,5.56,2.5,2.78,3.13,3.57,2.5,6.25,2,4.17,8.33,3.85,2.5,2,2.17,6.25,6.25,4.17,7.14,4.17,2.78,2.38,5,2.17,2.78,8.33,7.14,2.38,6.25,5.56,2.08,2.78,5.56,3.33,4.17,8.33,2.17,2.63,2,2.38,2.94,6.25,2.5,2.38,2.08,6.25,3.33,5,2.78,3.33,3.33,5,2.17,10,8.33,2,3.13,5.56,10,3.57,5,8.33,2.38,3.13,8.33,3.57,5,2,3.85,2,3.13,2.27,5.56,2.63,7.14,2.08,3.13,4.55,4.55,2,2.38,2,2.17,8.33,5.56,3.33,2.5,3.57,2.63,2.38,2.27,5.56,2.27,2.78,4.17,5,2.27,4.17,3.85,4.17,3.85,3.85,3.13,10,2.94,3.33,2.27,2.27,4.17,2.63,6.25,5,6.25,8.33,2.08,3.85,3.33,2,2.27,4.55,2.27,2.5,4.55,5.56,8.33,2.78,2.5,3.13,3.85,2.94,3.13,3.33,3.33,2.27,4.55,2.17,2,5.56,2.17,3.33,2.94,3.13,2.27,4.55,2.78,2,2.63,6.25,2.94,2.5,4.55,3.33,3.85,2.17,2.78,7.14,3.33,2,2.5,5,3.85,10,4.17,2.17,2.5,3.33,2.63
18,2.08,5,4.17,3.33,2.08,8.33,2.38,2.17,2.78,2.94,7.14,3.57,3.57,2,5.56,2.27,6.25,2.17,5.56,2.63,2.08,2.78,3.85,5.56,3.85,10,2.38,5,2.63,2.38,10,2.63,3.85,10,2.78,2.5,2,8.33,3.85,7.14,3.13,2.08,2,2.5,2.08,2.5,8.33,2.63,2.17,7.14,6.25,2,2.5,2.17,7.14,3.57,5.56,4.17,5,5,2.78,2.78,2,2.27,2.5,2.17,2.27,5.56,10,3.13,4.55,2.94,4.17,2.78,7.14,8.33,7.14,2.94,2.5,2.08,6.25,5,2.08,2.63,2.38,2,3.13,2.17,7.14,7.14,2,3.33,2.27,2.17,7.14,2.38,2.78,4.17,4.17,8.33,2,2,10,2.94,2.17,5,7.14,7.14,2.5,5.56,3.57,7.14,4.17,3.57,4.17,2.17,3.33,2.17,2.17,10,5,2.94,7.14,2.78,3.85,2.94,10,8.33,3.57,6.25,7.14,2.08,2.27,4.17,10,2.94,4.17,2.78,3.33,3.33,3.57,5.56,2.08,2.38,3.13,3.33,2,5.56,4.17,4.55,4.55,2,7.14,2.63,2.38,2.27,7.14,2.08,10,2.63,3.13,2.63,2.38,2.5,5,3.33,4.17,2.08,2.38,7.14,4.55,2.5,5,2.38,4.17,5,3.33,3.85,5,10,4.17,6.25,8.33,2.27,2.78,10,2.08,2.94,3.57,2.78,6.25,5,2.27,2.78,2.94,5.56,2.38,2.94,4.17,5,3.13,4.55,2.63,5.56,5.56,6.25,3.85,2.78,2.38,3.85,2.63,2,3.13,2.38,2.08,4.55,2.5,2.08,3.13,2.78,2.08,2.78,2.27,2.38,2.78,2.38,3.57,2.63,2.17,2.5,3.85,2.78,2.63,7.14,2.27,2.38,8.33,2.63,5.56,2.08,2.5,2.38,7.14,7.14,3.57,8.33,10,2.27,4.17,3.33,3.33,3.57,2.94,3.33,5,2.94,3.13,8.33,5.56,3.85,3.85,2.38,2.5,5,6.25,3.85,6.25,2.5,3.57,2.94,2,2,2.94,10,8.33,3.85,3.85,3.13,2.17,3.85,6.25,8.33,4.55,2.27,2.63,2.5,10,2.38,2.38,2.5,5,2.78,2.08,2.78,3.85,2.08,5.56,2.08,3.13,8.33,2.27,3.57,2.94,2.08,3.57,3.57,3.57,3.85,3.13,3.33,2,3.57,4.55,3.57,7.14,8.33,5,2.5,7.14,2.17,8.33,3.57,4.55,2,6.25,2.38,10,2.5,2.38,2.5,2,4.55,7.14,3.13,3.13,6.25,3.33,5.56,10,5,2,2.08,5.56,10,4.17,2.63,3.13,3.13,6.25,7.14,2.94,2,10,7.14,4.17,2.78,2.5,6.25,3.13,4.55,3.85,5.56,2.38,3.85,3.33,5,3.13,7.14,2,10,7.14,2.08,3.13,3.13,2.63,6.25,2.27,4.55,2.63,8.33,2.27,5.56,2,5,2,2.17,5.56,3.33,4.55,4.55,2,6.25,3.57,2.94,2.78,2.94,3.85,2,2.08,7.14,5,2.08,2.63,2.63,2.38,2.63,5.56,2.08,2.63,2.38,2.27,5,3.33,3.85,7.14,3.13,5,7.14,4.17,3.13,4.17,3.13,4.17,2.27,10,4.55,3.57,3.85,2.94,3.85,2.63,2.5,2.78,8.33,2.5,3.33,3.33,8.33,10,8.33,4.17,8.33,4.17,2.78,2,2.38,2.5,4.55,2.94,2.27,2.5,2.17,5.56,2.08,2.08,2.78,3.85,3.33,10,2.17,2.78,5.56,4.17,3.57,4.55,3.85,4.55,2.17,4.17,3.33,2.94,6.25,3.33,4.55,2.08,2.94,2.78,2.38,3.33,4.55,3.57,2.94,4.17,2.5,3.33,2.38,3.57,5,5,3.13,2.63,2.94,4.17,5,2.27,10,2.5,2,5,2.94
19,3.33,2.94,4.55,2.5,5.56,3.85,2,4.17,2.5,2.08,3.57,2.78,2.38,3.33,8.33,3.57,2.08,3.85,6.25,2.78,3.57,2,10,4.55,3.13,4.55,4.55,2.27,5,2.38,2.63,4.55,2.94,3.33,2.5,4.17,2.63,2.27,3.57,4.55,2.5,6.25,2.94,8.33,4.55,5.56,5,2.08,2.5,2.27,5,3.33,2.94,2.17,2.78,7.14,6.25,2.38,3.33,3.85,6.25,2.5,3.57,3.57,4.17,5.56,3.85,2.17,4.55,2.63,6.25,8.33,2.63,4.55,2.5,2.27,5,3.57,3.85,3.13,2.94,2,4.17,8.33,2.5,3.57,2.94,2,5,2.08,4.17,2.94,7.14,3.85,10,2.94,2,5,2.27,4.17,8.33,3.13,2.78,3.33,2.5,4.55,3.57,3.57,8.33,3.57,5.56,2.27,2.5,3.33,2.38,8.33,3.57,7.14,7.14,2.27,2.5,8.33,3.57,2,8.33,2,2.38,2.94,3.33,4.17,2.27,2.17,3.85,2.63,2.17,10,2.63,2.5,2.38,2.63,3.85,5,2.94,8.33,4.17,3.57,3.33,2.5,2.5,2.17,8.33,6.25,7.14,3.13,3.33,2.63,2.17,2,7.14,7.14,2.94,10,3.13,5,3.33,3.13,3.85,3.57,2.17,3.33,3.85,7.14,2.63,2.08,3.57,3.57,2.63,2.63,2.17,3.85,3.57,2.27,3.13,2.5,2.78,6.25,2.5,3.57,2.63,3.57,10,2.38,3.13,3.13,4.55,10,2.94,3.13,6.25,2.38,5,2,2.63,2.63,2.08,2,3.57,2.78,3.85,3.33,4.55,7.14,2.78,8.33,3.13,2.94,2.63,8.33,3.57,2.27,10,4.17,2,4.55,4.17,2.78,5,7.14,3.57,2,2.38,4.55,2.63,4.55,3.33,3.13,3.85,2.17,6.25,2.94,5.56,3.85,5,2.94,3.33,2.5,2.5,4.17,3.13,2.08,4.55,2.78,4.55,8.33,7.14,2.5,3.13,4.55,4.17,2.38,2.63,5,2.27,2.78,3.57,2.5,3.33,6.25,8.33,3.57,2.5,8.33,3.57,2.94,2.63,4.55,2.38,2.5,4.55,2.94,6.25,3.85,2.08,4.17,10,6.25,2.63,3.13,3.85,7.14,5,2.38,2.94,10,4.55,3.85,2.94,6.25,2.27,6.25,3.85,3.85,2.5,3.33,2.38,2.63,3.57,3.57,7.14,10,2.5,2.78,3.13,3.57,5.56,4.17,4.17,2.38,3.57,4.17,3.57,3.13,2.27,3.13,3.85,3.33,10,2.78,3.13,3.85,3.13,2.94,2.63,2.27,4.17,3.33,2,5,3.85,4.55,3.57,7.14,3.85,2.94,5,2.17,4.55,3.13,6.25,6.25,2.63,2.94,2.17,2.94,6.25,2.38,10,2,4.55,10,2.94,5.56,4.17,3.57,4.55,2.38,4.17,2.94,6.25,2.63,2.94,2.17,2.08,2.27,2.5,2.38,2.5,2.17,2.38,3.33,2.08,2.38,3.13,2.38,5.56,2.63,3.57,5,2.63,10,2.94,2.78,2.94,4.55,3.33,2,5,2.08,2.17,2,2.5,4.55,2,2.94,2.38,6.25,2.08,3.85,4.55,7.14,2.78,5,2.17,8.33,3.13,6.25,3.13,2.94,4.55,2.63,2.94,2.27,4.17,8.33,8.33,2.5,8.33,2.38,2.94,4.55,2.94,3.85,8.33,5.56,2.17,2.17,2.94,2.38,7.14,10,8.33,5,2.5,4.17,2.27,4.17,2.63,10,2.63,2.38,3.57,5,3.57,4.55,2.17,7.14,2,6.25,3.33,2.27,2.78,5.56,2.94,2.27,3.13,10,2.78,3.57,2.5,3.33,10,3.33,5,8.33,6.25,8.33,4.17,2.08,2.17,2.17,2.27,2.08,2.08,3.13,3.13,5,2.5,8.33,2.94,5.56,3.57,2.63,10,4.17,3.85,2.78,3.33,3.57,2,6.25
20,4.55,2.27,2.08,4.55,10,7.14,8.33,3.33,7.14,7.14,2.78,5.56,3.85,2.78,2.17,2.38,3.85,5,4.17,3.33,2.5,2.94,3.57,5.56,2.27,2.78,2.27,2.27,2.17,3.33,3.57,2.38,2.38,3.33,2.17,6.25,3.33,3.13,2.17,3.57,3.57,2.38,3.85,2.27,3.85,4.55,5,2.78,2.17,5,2,2.94,2.94,2.63,2,7.14,3.33,7.14,5.56,2.94,7.14,2,2.17,10,4.55,2.27,2,2.78,2,3.33,5,2.38,2.17,2,4.17,2,3.85,2.94,2.94,8.33,2.27,4.17,2.08,2,2.27,2.38,5,6.25,3.57,4.55,3.57,6.25,2.08,5,6.25,8.33,2.38,2.08,5.56,3.13,2.94,2.27,3.57,4.55,4.17,2.08,5,10,3.13,2.17,2,2.17,3.57,2.63,5,2.17,4.55,6.25,8.33,2.38,10,4.55,4.55,5,10,5,2.94,2,8.33,5,8.33,5,5,2,7.14,3.13,2.5,3.57,10,2.08,3.33,3.13,2.63,2.08,2.94,4.55,10,8.33,4.55,6.25,3.85,3.13,2.78,2.5,2.17,3.85,3.13,2,2.08,3.13,4.55,2.17,2.38,2.38,2.78,2.94,2.17,2.5,2.5,10,3.13,3.57,2.94,3.13,2.38,4.55,2.78,3.13,2.38,5.56,2.5,3.85,10,10,4.17,2.08,10,5.56,2.38,2.94,8.33,10,4.55,4.17,2.78,2.5,3.57,5.56,4.17,4.55,2.38,8.33,2.17,2.17,2.78,3.85,5,3.85,2.08,4.17,2.27,3.13,7.14,8.33,2.08,2.78,5.56,5,2.17,2.38,2.94,5,4.17,2.08,8.33,2.63,3.33,4.17,8.33,5,3.57,5,6.25,8.33,4.17,2.5,2.17,2.94,2.38,7.14,2,3.85,2.38,6.25,2.27,2.27,3.33,7.14,3.13,2,5,5.56,2.5,3.13,4.17,3.13,10,2.63,2.78,2.08,2.38,2.63,7.14,4.17,3.85,2.38,4.55,2.63,4.55,3.85,2.5,5.56,3.33,2.5,2.17,2.38,2.5,5,2.08,2.17,2.38,3.33,2.94,2.94,2.78,6.25,2.38,2.78,7.14,3.13,6.25,2,2.27,2.17,2.94,5,6.25,2.94,2.27,3.57,2.63,4.17,8.33,5.56,2,2.17,2.5,2.78,3.57,3.33,7.14,2.78,2.27,2,8.33,4.17,2.27,3.13,3.57,2.38,3.13,4.17,3.33,3.13,7.14,2.17,2.63,3.33,4.17,2.94,4.17,2.08,7.14,2,2.17,7.14,7.14,3.85,8.33,3.57,7.14,4.55,2.38,2.17,3.33,6.25,10,2.78,3.13,4.17,2.38,2.27,6.25,3.13,6.25,3.33,3.33,2.94,5,10,2.5,10,2.63,2.5,2.08,3.85,4.55,2,5,3.85,3.13,2.27,2.78,6.25,7.14,2.17,3.13,2.08,2.08,2,3.13,2.27,7.14,2.38,2.5,3.85,2.08,2.63,5.56,2.17,7.14,2.08,2.38,2.94,3.13,2.27,3.85,2.78,2.63,2.08,2.63,5.56,2.63,3.33,2.78,2.38,2.78,2,2,3.33,4.55,2.78,2.38,10,2.94,5,3.33,3.85,3.13,2.08,5,2.38,5,5,3.33,7.14,2.08,3.33,2.08,3.57,2.08,2.94,2,2.08,10,3.33,2.5,6.25,2.27,2,2.08,2.27,4.17,2.94,2.27,3.13,5.56,6.25,5,2.38,4.55,2.08,2.5,2.94,8.33,2.38,5.56,2.38,3.85,2.38,4.55,5.56,2.5,5,2.94,6.25,5,2.38,3.85,2.08,2.78,3.33,3.85,2.5,2,5,2,4.55,3.57,2.78,2.08,6.25,3.57,4.17,7.14,5.56,2.5,2.17,2.63,2.38,4.55,5.56,3.57,2.08,7.14,10,2.63,2.5,2.94,6.25
21,2.5,2.38,4.17,5,8.33,3.33,4.55,4.55,2,8.33,2.17,2.63,3.57,3.85,2.63,2.63,4.17,6.25,10,5.56,2.63,3.13,2.27,2.94,3.57,2.78,4.17,6.25,2.08,7.14,6.25,6.25,5,2.78,4.55,3.85,6.25,3.57,2.17,2.5,2.17,4.55,3.57,4.55,4.55,2,2.5,4.55,3.13,2.17,4.17,2.17,10,2.63,3.33,5,3.13,3.33,4.55,2.38,3.85,3.33,2.27,6.25,2.08,4.55,10,2,2.38,2.94,7.14,2.17,6.25,2.38,2.38,2.94,4.17,2.5,2.63,2.78,3.85,2.08,2.17,3.13,3.57,4.17,2.17,2.17,2.94,8.33,4.17,4.17,2,2.08,3.13,2.5,2.27,3.33,8.33,2.5,2.63,4.17,3.33,2.38,3.57,3.57,8.33,2.63,6.25,2.78,2.78,4.17,2.27,2.63,3.33,3.13,5,10,2.17,3.85,3.33,2.08,4.17,2.08,2.38,2.38,7.14,4.55,10,2.5,2.63,7.14,2.94,2.63,5.56,2.38,3.13,2.63,2.08,7.14,8.33,10,6.25,2.17,6.25,2.94,2.78,6.25,2.38,3.57,2.08,5,3.85,3.33,5.56,5,2,8.33,3.13,10,6.25,3.13,10,2.08,10,2.63,2.5,4.17,3.13,4.55,2.5,2.38,7.14,5.56,6.25,8.33,2,2.5,2.08,7.14,3.33,3.33,5.56,2.78,2.38,6.25,2.63,8.33,4.55,3.85,2.5,2.63,10,2.63,4.55,2.17,6.25,3.57,3.85,3.13,2.78,2.38,2.63,8.33,4.55,4.17,8.33,3.13,3.33,10,2.27,5,5,5,2.17,7.14,2.27,2.94,4.55,3.85,2.08,3.57,4.17,7.14,3.33,7.14,6.25,7.14,4.17,2.17,4.55,5,4.17,4.55,7.14,4.17,5,2.27,2.27,2.08,2.17,2.38,2,3.85,2.38,3.33,5,5.56,4.55,3.33,2.38,3.13,3.33,2.94,2.08,2.63,4.17,3.13,3.13,2.27,3.57,8.33,6.25,2,5.56,5.56,3.85,3.57,3.13,5,7.14,8.33,5.56,2.5,6.25,4.17,10,3.57,8.33,2.08,2.63,8.33,3.57,2.08,2,4.55,2.94,5,2.78,2.17,2.78,3.85,2.17,2.17,3.57,8.33,4.55,7.14,6.25,2.78,2.78,2.78,2.78,2.08,5.56,5.56,4.17,5,4.55,2.5,2.08,6.25,3.13,10,2.5,7.14,4.55,3.13,2.17,5,2.78,2.27,2.63,5,2.08,3.33,3.85,5,4.17,2.5,6.25,10,3.57,6.25,3.33,2.5,2.27,3.33,2,8.33,5,5.56,3.85,2.5,2.17,2.94,3.57,2.27,2.27,3.85,3.85,5,2.78,7.14,4.17,2.17,3.85,3.57,7.14,7.14,5.56,3.85,5.56,4.17,2.38,2.27,4.55,5.56,7.14,5,5,8.33,10,2.08,2.27,2.17,2.94,2.17,3.85,2.08,2.38,2.27,5,2,2.17,2.17,2.63,4.55,2.27,2.78,2.63,2,2.94,3.13,3.57,10,3.33,10,2,2.63,2.63,2.78,2.5,2.63,6.25,3.33,2.63,2,2.08,2.94,2.63,2.5,2.38,2.5,4.55,2.63,2,10,5,7.14,8.33,3.13,6.25,8.33,5,2.38,7.14,2.08,5,3.85,8.33,7.14,3.13,2.63,4.55,2.08,3.13,4.55,10,2.38,5,2,2.27,2.5,2.08,2.38,4.17,7.14,2,2.78,5,2.94,4.55,5.56,5,2.17,3.33,2.27,7.14,3.57,2.27,3.57,4.17,2.17,2.38,4.55,2.17,7.14,5.56,3.85,10,2.27,2.38,5,3.13,3.13,8.33,3.33,7.14,8.33,2,4.17,2.17,5.56,2,8.33,2.94,6.25,10,5.56,2.08,2.08,4.17,2.17,2,2.94,2.94,2,2.27,4.17
22,2.63,4.17,2.94,3.85,3.33,3.13,5,2.38,3.13,2.27,2.94,4.17,2.27,2.08,2,7.14,2.94,5,2.78,4.17,3.57,3.13,6.25,2.63,2,5.56,4.55,3.85,8.33,2.78,8.33,8.33,2.27,2.17,2.17,2.27,10,2.63,2.78,2.17,3.13,2,3.33,4.17,2.78,2,8.33,10,2.78,2.17,7.14,2.08,3.13,2.5,8.33,3.85,2,4.55,2.78,2.5,6.25,2.17,2.94,3.33,6.25,2.17,3.13,7.14,3.85,4.55,2.38,2.5,5.56,8.33,2.63,5,2.78,4.17,2.38,2.78,2,7.14,2.78,2.38,6.25,5.56,3.57,4.17,3.13,2.17,2.94,7.14,3.57,2.38,3.13,2.08,2.78,5.56,2.94,2.63,4.55,2.78,2.17,2,3.85,5,8.33,4.55,4.17,4.55,3.57,3.85,4.17,3.85,10,10,7.14,7.14,2.94,2.5,2.38,3.57,3.85,6.25,2.08,3.13,5.56,2,3.33,2.17,10,4.17,4.55,3.85,4.55,2.08,10,7.14,2.17,5.56,4.17,2.08,2.63,2.38,5.56,5.56,2.17,3.57,5,3.33,7.14,2.17,5,2.27,3.13,4.17,4.55,2.38,5,4.17,4.55,3.57,7.14,3.85,8.33,2.17,2.94,5.56,3.57,6.25,2.63,3.13,3.13,7.14,2.38,2.17,2.08,3.33,2.08,6.25,2.38,5,3.33,6.25,3.33,8.33,2.38,2.5,2.5,8.33,2.38,2.5,2.94,3.85,4.55,2.27,2.94,2.94,3.57,2.63,2.08,3.85,5,3.85,2.27,7.14,2.63,10,2.94,3.85,2.27,2.78,8.33,2.5,2.38,2.08,7.14,2.78,3.85,2.08,6.25,2.17,3.57,4.17,2.5,3.13,3.57,2.5,8.33,2.27,3.57,3.85,4.17,7.14,4.17,4.17,2,2.17,3.33,3.85,8.33,2.17,5.56,6.25,2.38,2,2.63,2,3.85,3.33,2.08,3.57,2.27,3.85,2.5,4.17,3.33,7.14,3.57,2.63,2.63,2.5,6.25,2.5,3.13,3.85,2.94,2.78,6.25,2.17,2.38,2.5,2.38,10,2.78,5.56,2.5,3.57,3.85,2.5,7.14,7.14,2.78,5.56,2.08,2.08,10,4.17,8.33,2.38,5.56,4.55,2.63,10,3.57,2.08,10,7.14,4.17,2,8.33,3.13,8.33,3.33,2.08,2.17,3.57,3.13,2.94,2.94,3.57,4.55,10,2.5,7.14,4.17,2.63,2.5,2,8.33,5,3.57,4.17,7.14,2.27,4.17,2.38,3.85,2.27,5.56,6.25,2,7.14,2.17,4.17,2.08,2.63,2.5,3.33,7.14,4.55,4.55,2.63,6.25,2,4.17,7.14,3.57,4.17,2.78,7.14,2.63,8.33,3.13,8.33,7.14,3.13,2.17,5,2,2.94,3.57,2.08,2.78,3.13,2.38,7.14,3.85,2.5,4.17,4.17,2,2.63,2.63,2.63,7.14,2.38,3.13,4.55,2.78,5,4.55,6.25,6.25,2.94,2.38,2.63,6.25,2.27,8.33,2.94,3.85,4.17,5,3.85,3.33,2.08,5.56,6.25,2.63,3.33,2.63,8.33,6.25,2.08,10,10,3.13,7.14,2.63,4.55,3.33,2.63,3.13,10,2.17,2.94,2.08,3.13,2.78,3.85,2.94,3.13,2,5.56,6.25,4.17,10,4.17,2.27,2.78,7.14,2.78,2.63,2.17,2.08,2,2.08,3.13,2.27,4.17,2.94,2.08,2,2.08,2.08,2.17,5.56,2.38,5.56,2.27,2,2.5,2.38,2.78,2.63,2.17,4.55,2.63,3.13,3.33,2.5,2.27,3.85,2.94,2,3.33,2.27,3.57,5,5,2.63,3.33,3.33,2,10,2.27,2.78,2,3.57,5,3.57,7.14,2.08,5.56,6.25,4.55,2.94,5,3.13,3.33,2.27,2.08,2,3.33,2.27,8.33,3.57,2.38,2.78
23,2.5,2.5,2.63,6.25,5,3.13,2.5,4.17,3.57,2.17,2.17,6.25,7.14,8.33,3.85,2,3.33,3.13,2.78,7.14,3.85,4.17,2.63,8.33,4.55,2.38,2,2.5,2.17,8.33,3.57,5,3.85,8.33,4.17,5,5,4.55,10,3.57,2.94,5.56,3.85,10,3.13,3.13,4.55,2.27,3.13,2.38,2.27,7.14,5.56,2.78,6.25,4.17,2.94,3.33,2.63,3.57,7.14,4.55,7.14,4.55,2.94,2.17,3.85,3.57,4.55,3.85,2.78,3.13,6.25,2.38,2.63,2.08,3.33,10,2.63,5,8.33,3.85,2.78,4.55,2.94,7.14,2.5,8.33,4.55,2.78,5.56,2,2.38,4.55,10,2.63,5.56,5.56,6.25,5.56,10,2.38,2.17,3.85,2.94,2.63,4.17,2.63,2.38,2.63,3.85,2.94,2.08,4.17,8.33,2.27,2.08,2.5,2.38,5,2.27,3.85,5,4.55,5.56,4.17,5.56,3.85,5.56,3.85,4.17,5,4.55,2.38,4.17,10,2.27,2.63,5,2,4.55,8.33,2.63,4.55,2.63,6.25,5.56,2,3.13,3.85,3.85,2.5,7.14,2,2,2.17,3.13,2.27,10,10,2.94,2.27,2.78,7.14,3.33,5.56,2.08,3.13,2.94,3.57,2.38,2.17,2.38,3.33,8.33,10,2,10,2.78,2.63,6.25,3.33,6.25,4.17,2.27,10,2.78,2.94,7.14,2,8.33,7.14,2.78,5,5.56,2.63,4.55,5.56,2.5,2.5,5,6.25,4.17,2.5,7.14,3.33,4.17,10,3.33,3.33,2.08,3.57,5,5.56,7.14,2,2,3.57,2.38,4.17,2.27,3.13,3.33,2.5,4.55,3.33,6.25,2,3.57,2.63,4.17,3.13,2.08,2.38,7.14,2.5,3.33,4.55,6.25,4.17,10,2.17,3.85,4.55,5.56,10,2.08,2.63,3.33,2.5,3.13,5,6.25,2.27,3.57,4.55,2.5,3.33,3.57,2.17,3.13,7.14,2.78,2.78,3.33,4.55,10,3.33,5.56,5.56,2.27,3.13,5,2.38,8.33,2.27,2.27,2.08,2.27,2.08,6.25,10,2.63,3.57,4.55,2,10,2.63,5.56,3.57,2.08,3.33,10,3.57,2.38,2.17,3.33,8.33,3.85,2.38,2.27,2.27,8.33,2.94,2.63,4.55,3.57,3.85,4.17,2.17,2.17,4.17,2.5,5,8.33,2.17,5.56,2.08,10,2.94,10,5.56,2.94,2.78,2.63,3.13,4.17,6.25,2.63,2.38,4.55,2.38,2.17,4.55,6.25,2.27,2.38,3.57,3.85,7.14,10,2.27,2.78,3.57,2.63,2.27,10,5.56,10,2.08,2,3.13,3.57,2.08,3.33,7.14,3.13,3.33,4.55,2.27,5,3.33,2.5,5.56,6.25,3.33,3.57,4.55,2.63,2,2.63,2.5,2.38,2.17,7.14,2.08,3.57,2.94,2.27,3.85,4.55,5,2.63,2.94,10,6.25,4.17,3.13,2,2.38,2.94,2.94,8.33,2.94,2.27,3.33,3.13,7.14,6.25,2.17,3.85,4.55,6.25,4.55,3.57,2.63,6.25,4.17,2.78,3.33,3.85,5.56,5.56,2.08,4.55,7.14,2,6.25,2.63,2.38,3.13,3.57,2.08,2.78,2,2.94,3.57,2,2.38,6.25,2.5,4.55,2,6.25,2.08,5,6.25,3.57,3.85,4.55,3.33,2.94,3.85,5,4.17,2.5,3.33,10,2.08,5,6.25,2.38,3.13,2.63,2.08,3.13,10,4.55,2.38,3.33,2.17,2.38,5.56,6.25,2.27,2.38,10,4.55,8.33,2.38,3.33,2.38,8.33,2.5,2,5,4.17,3.57,2.38,3.85,2.08,8.33,6.25,10,5,10,5.56,2.5,4.17,3.57,4.17,3.57,2.5,4.55,4.55,4.55,6.25,2.17,4.55,2
24,3.13,8.33,2.17,2.27,5,2.38,2.27,8.33,2.63,2,2.38,2.5,6.25,10,3.57,2.17,10,2.78,2.5,2.27,5.56,2.5,2.08,3.85,2.38,6.25,2.94,2.63,2.08,10,5.56,3.33,5,2.5,8.33,2.38,5,6.25,5.56,2.17,3.33,4.17,2.27,10,5,4.17,2.08,4.55,3.57,2.94,2.38,3.13,4.17,10,4.55,2.63,2.94,4.17,10,2.94,2.63,5,3.13,3.13,2.38,3.13,2.5,10,8.33,2.38,2.08,2.5,2.08,2.17,6.25,2.63,2.63,2.17,6.25,2,2,6.25,3.33,4.55,2.5,3.85,8.33,2.94,2.5,8.33,2,4.17,4.55,2.17,7.14,3.85,4.17,2.5,5.56,3.57,2.08,6.25,7.14,7.14,2.94,5,2.27,2.38,2.38,10,2.94,7.14,5,4.55,10,7.14,2.5,4.55,3.13,2,2.17,3.57,3.33,5.56,2.38,3.85,5.56,5.56,2.38,3.33,2.38,2.94,5,2.78,2.63,4.55,2.5,2.17,5.56,5,2.78,2.5,2.94,7.14,4.55,2.78,8.33,2.38,2.78,2.63,5.56,6.25,2.17,2.27,3.85,3.85,2.17,8.33,2.94,5.56,4.55,10,3.85,6.25,2.94,2.38,2.08,2.08,4.55,3.85,8.33,2.27,3.57,2.5,3.13,2.08,10,2.94,7.14,5.56,7.14,2.63,2.38,2.78,2.78,2.27,2,2,2.27,4.17,4.55,10,2,3.33,2.38,4.17,4.55,5.56,5.56,2.08,2.08,8.33,6.25,2.17,2.63,2.27,4.55,5,4.55,3.13,4.17,3.85,2.63,2.5,5,2.94,5.56,2.94,2.5,3.85,5.56,7.14,2.38,2.63,4.55,2.5,7.14,3.33,2.38,6.25,2.94,2.17,8.33,2,8.33,4.17,2.27,6.25,3.85,2,2.78,5,8.33,6.25,2,2.78,2.08,4.55,2.94,7.14,3.85,2.17,4.55,10,2.27,2.27,2.08,5,2.63,10,5,3.33,4.55,3.85,2.17,2.63,4.55,2.63,2.27,2.38,2.78,4.55,2.17,4.55,2.5,7.14,4.17,3.85,2.17,3.13,2.94,10,10,3.13,2.38,7.14,2,3.13,3.13,4.55,5.56,3.33,2,8.33,5.56,5.56,7.14,5,7.14,7.14,5.56,10,2.38,2.17,2.27,3.33,3.57,3.33,10,2.5,7.14,2.38,2.78,3.57,4.17,3.57,2.94,2.94,5.56,4.55,4.55,2.27,4.17,10,10,8.33,2.08,6.25,3.13,6.25,10,2,5.56,7.14,2.94,2.78,5,3.85,2.5,3.33,2.63,2,2.94,8.33,4.55,8.33,10,2.78,2.78,2.17,4.17,5.56,8.33,4.55,3.85,3.57,2.63,7.14,3.85,2.17,2,2.94,3.33,3.13,2.5,3.57,10,6.25,2.38,7.14,5.56,5,3.57,8.33,3.33,8.33,3.13,2.94,2.17,10,2.63,5,2.5,2.5,8.33,2.78,3.13,2.5,2.17,2.94,3.33,7.14,4.17,2.94,7.14,4.55,6.25,8.33,7.14,8.33,2.5,2.5,4.55,2.63,4.55,8.33,5,2.5,7.14,2.63,3.85,2.5,6.25,8.33,2.27,2.08,2.78,5.56,3.57,2.38,3.33,2.5,10,7.14,3.85,2,8.33,5.56,10,3.85,6.25,5.56,3.33,8.33,2.78,2.5,7.14,5.56,2.27,3.57,2.94,2.08,3.85,7.14,8.33,2.63,2.63,6.25,3.33,7.14,2.63,4.55,2.78,2.27,3.13,3.57,10,4.55,3.33,3.33,2.63,2.63,4.55,10,4.55,2.17,8.33,2.94,3.85,5,4.55,2.17,2.78,2,8.33,2.08,2.17,2.78,3.13,3.57,4.55,4.17,3.33,8.33,6.25,5.56,2.27,2.94,3.33,4.55,5,8.33,3.57,3.85,3.13,5,4.17,2,2.78,3.33
25,2.38,4.55,2.08,3.57,2.38,4.17,2.17,2.38,7.14,5,2.78,2.08,2.08,2.94,2.5,2.08,7.14,2.63,4.55,8.33,3.13,2.94,3.85,2.5,3.57,3.13,2.94,2.5,2.38,5.56,8.33,2.27,2.27,5.56,5.56,6.25,5.56,2.94,5,2.5,2.78,5.56,2.94,2.78,7.14,2.5,2.78,3.33,2.63,2.63,5.56,2.94,7.14,4.17,2.27,3.13,2.27,2.38,2.38,2.78,2.63,2.63,2.5,3.13,3.85,5,3.57,2.38,2.38,2.5,4.17,4.17,5,10,6.25,4.55,3.85,4.17,5.56,3.13,2.17,2,2.78,2.27,7.14,2.17,5.56,6.25,2.17,2.94,2,2.08,5.56,2,10,2.94,2.27,2.63,3.33,5.56,10,2.17,2.94,2.78,4.17,4.17,7.14,3.85,3.57,4.17,2.63,6.25,2.17,4.17,10,3.85,2.94,2,2.27,2.08,4.17,6.25,3.13,4.17,10,5.56,3.57,3.33,2.5,4.55,3.57,3.85,2.38,2.38,5,3.33,7.14,2.5,7.14,2.94,10,4.17,4.17,4.17,5.56,5,5,2.78,2.17,7.14,3.85,7.14,2.63,4.17,3.33,3.85,4.17,2.27,2.17,3.33,5.56,3.57,2.17,2.5,5,5.56,4.17,2.08,2.78,4.55,6.25,2.63,3.33,3.85,5,3.13,2.94,2.94,4.55,2.94,2.38,3.33,2.94,7.14,2.17,2.38,6.25,6.25,2,2.78,2.38,2.5,2.08,6.25,2.27,3.57,3.33,2.17,5,2.08,2.38,5,7.14,5,2.38,2.27,2.17,8.33,2.27,5,5.56,5,3.57,2.17,2,3.85,2.17,3.33,3.13,2,2.63,2.38,5,2.38,8.33,10,8.33,3.13,4.17,2.38,2.08,2.08,4.55,2.17,3.85,2.63,2.5,4.17,4.55,2.94,2.63,3.85,7.14,3.33,8.33,2.78,6.25,2.63,5.56,10,5,4.55,8.33,2.17,6.25,2.5,7.14,3.85,10,5.56,3.33,2.08,5.56,6.25,3.57,2.08,2.94,6.25,8.33,5,3.33,2.5,3.33,2.38,2.94,3.85,6.25,6.25,3.85,2.38,4.55,3.33,3.33,2.78,2,7.14,2,2.38,4.17,2.17,3.13,2.08,3.57,4.17,2.5,10,3.33,2.94,3.33,3.85,4.17,3.57,2.38,2.08,7.14,2.38,2.38,2.94,2.27,4.17,4.17,2,3.33,2.5,3.85,10,8.33,2.17,7.14,2.94,3.57,2,2.17,6.25,5,4.17,7.14,2.78,3.57,2.38,3.57,3.57,3.85,2.5,6.25,3.33,8.33,3.85,2.94,2.63,5.56,3.13,3.57,2.08,3.13,8.33,3.57,2.63,2.63,4.55,6.25,3.13,2.94,2.5,3.85,2.5,6.25,10,2.08,2.94,4.17,2.08,2,2.08,8.33,2.38,5.56,10,6.25,2.5,10,2.94,2.78,5.56,5.56,3.33,2.17,2.17,6.25,10,6.25,6.25,7.14,3.13,10,3.13,7.14,5,2.17,3.33,5,8.33,2,3.85,2.27,5.56,5,2,2.08,5,2.27,10,7.14,2.94,2.5,5.56,2.38,3.33,3.57,3.57,3.85,2.5,2.27,5.56,5,2.38,2.38,3.57,3.33,4.55,3.13,3.85,3.33,2.94,3.13,2.08,6.25,3.13,2.94,2.63,2.17,2.17,3.85,2.5,8.33,2.17,2.5,4.55,2.38,2,2.63,2.94,2.38,10,2.78,2.94,6.25,5.56,4.55,3.13,7.14,7.14,8.33,2,3.13,2.08,10,4.55,2.78,3.57,8.33,2.08,5,2.5,4.17,3.85,3.57,2.17,2.08,2.94,2.63,3.33,7.14,2.78,7.14,2.38,5,2,2.63,6.25,10,4.17,6.25,6.25,10,6.25,4.17,2.08,3.13,4.55,10,2,10,10,3.57,3.13,2.94,7.14,5,3.33
26,2.63,2.27,3.33,6.25,2.17,10,2.08,4.17,4.55,2.5,5,3.33,3.57,2.27,4.17,7.14,2.38,2,7.14,5.56,2.08,3.13,5,2.94,5.56,3.85,2.17,2.78,2.08,2.5,2.17,2.94,4.17,2.63,4.17,4.55,8.33,5.56,2.63,2.27,2.17,3.57,6.25,3.57,2.94,3.85,2.27,2.27,2,2.5,3.85,2.27,8.33,8.33,10,10,2.17,2.78,2.08,5,2.08,7.14,2.5,4.55,2.27,2.5,2.08,2.27,2.17,2.17,5.56,4.17,8.33,3.13,2.78,2.5,2.38,2.78,2.17,2,3.33,3.13,10,2,8.33,4.17,2.38,2.78,2.5,2.63,2.08,6.25,4.17,3.33,2.78,3.85,4.55,5,2.27,2.5,5.56,5.56,2.27,2.5,5.56,2.94,5,7.14,4.17,2.63,3.13,3.13,8.33,8.33,2.94,3.57,2.94,4.17,7.14,2.08,2.38,2.08,3.33,2.5,2,7.14,2.78,3.33,3.85,3.57,2.94,6.25,4.55,4.17,2.5,3.13,2.08,10,5,3.85,6.25,4.17,6.25,3.33,2.38,3.33,3.13,4.17,2.78,5.56,4.17,10,2.5,2.17,2.17,5.56,3.85,2.94,4.55,2.38,2.27,3.85,4.17,6.25,2.5,2.94,2.94,2,3.33,6.25,2.5,10,2.17,3.33,2.17,2.5,2.78,8.33,2.08,2.38,2.78,2,2,2.78,3.85,3.13,6.25,3.33,5.56,2.38,2.27,2.08,5,10,5.56,2.38,2.38,5.56,2.63,7.14,3.13,2.38,8.33,3.33,3.85,5.56,4.55,4.17,4.55,4.55,2.08,3.13,5.56,3.57,3.85,5,3.85,2.27,2.08,2.94,2.08,3.13,2.78,3.13,6.25,4.17,2.94,2.17,7.14,8.33,2,3.57,2.94,2.08,2.38,2.17,2.27,3.57,2.5,2.94,2.27,3.33,10,2.27,2.17,2.78,2.94,2,2.38,4.55,2.27,3.85,5.56,2.17,2,3.33,3.33,2.08,8.33,2.08,2.38,2.5,6.25,6.25,3.33,2.78,2.63,7.14,3.57,3.57,10,2,2.94,2.08,4.17,3.85,3.57,7.14,5,2.27,8.33,4.17,2.38,2.63,5,2.17,2.08,2.5,4.55,4.55,2.38,2.08,2,3.33,3.33,2.63,3.85,2.27,3.85,3.57,10,2.08,4.55,3.33,2.94,6.25,8.33,2.5,2.78,3.85,4.17,2.08,3.13,2.63,2.38,2.17,2.94,3.85,8.33,2.17,2.5,5.56,2.94,2.5,3.57,3.57,2.17,2.5,3.85,6.25,7.14,2.94,2.27,2.17,6.25,2.08,3.57,3.13,8.33,8.33,2.08,2.27,5.56,2.27,4.55,3.33,2.38,10,5,3.57,3.85,6.25,2.5,6.25,2.63,3.57,2.38,2.94,7.14,5,4.17,2.17,8.33,8.33,2.5,3.57,2.38,2.08,6.25,2.94,3.85,2.08,2.17,3.33,10,2.5,2.94,3.33,5,8.33,2.38,4.55,3.57,5.56,2.63,6.25,5.56,3.33,3.13,10,2.94,2,2.17,10,2.78,5.56,2.17,3.13,4.17,2.78,2.78,3.13,3.85,5,3.57,6.25,3.57,5,2.63,8.33,6.25,3.13,8.33,2.78,2.17,2.38,2.5,2.08,2.78,6.25,10,7.14,6.25,3.33,2.94,3.57,4.17,2.38,7.14,10,8.33,2.08,8.33,4.55,2.08,10,8.33,2.17,5.56,8.33,5,8.33,3.13,3.13,5.56,2.78,2.94,2.94,2.5,5.56,10,3.57,6.25,2.63,2.08,3.33,2.27,2.27,2.78,2.63,4.17,2.27,2.17,3.33,2.78,2.38,2.27,2.78,4.17,2,10,4.17,5,4.55,4.55,2.27,5,2,3.57,2.27,2.5,5.56,2.78,2.94,3.85,6.25,2.63,3.85,2.27,3.57,4.17,5,4.55,2.63,4.17,2.17,3.33,3.13,6.25,5
27,4.17,2.5,10,2.78,2.78,2.17,10,2.94,2.5,2.5,2.08,3.13,3.85,10,8.33,4.55,5.56,3.13,2.94,3.57,2.17,5.56,2.08,3.33,2.78,6.25,2.63,5,2.78,3.57,6.25,2.08,3.33,2.63,7.14,2.78,2.17,7.14,2.38,2.38,2.08,4.17,2.08,2.94,4.55,2.27,2.38,8.33,2.17,3.33,2.27,4.17,5,4.17,5.56,3.33,3.57,2.78,3.33,8.33,3.57,2.63,4.55,3.85,2.94,2.27,3.57,2.78,8.33,2.78,2.27,6.25,2.27,10,4.55,2.08,8.33,2.63,10,2.27,3.57,7.14,2.78,2.38,2.94,4.17,10,3.85,2,5.56,2.63,7.14,3.57,5.56,2.5,6.25,10,3.85,10,10,3.33,7.14,5.56,2.78,5,7.14,5,3.57,2,2.17,5.56,2.94,8.33,3.85,2,2.5,7.14,10,5.56,2.94,6.25,3.33,6.25,2.38,7.14,10,4.55,2.78,10,4.55,3.85,5,10,2.17,3.33,3.85,2,4.55,2.63,2.63,3.85,2.63,5,2,3.13,8.33,2.17,2.27,2.27,8.33,5.56,2.27,2,8.33,4.17,2.5,2.17,7.14,4.55,2,2.94,3.13,2.5,3.13,3.85,6.25,6.25,2.17,3.85,10,3.33,2.27,2.27,2.5,3.33,3.13,5,3.33,2.17,3.85,2.38,2.38,3.13,3.13,2,3.13,8.33,4.55,2.17,3.33,2.94,3.85,2.38,2.08,4.55,5.56,2.08,6.25,4.55,3.33,3.33,2.38,3.57,3.13,3.33,2.5,2.17,10,2.27,3.85,3.33,8.33,5,5,2.5,3.57,10,2.78,3.13,7.14,6.25,2.63,5,2.38,2.08,2.38,2.94,10,2.78,4.17,2.5,8.33,3.57,3.57,7.14,5,6.25,3.57,2.08,3.13,4.55,3.57,5,2.63,4.17,2.5,2.27,2.08,5.56,8.33,10,3.57,3.85,2.63,3.13,5.56,2.78,2.78,2.5,2.08,2.63,4.17,8.33,7.14,2.63,3.33,4.55,2.08,2.5,10,3.85,8.33,3.33,2.78,8.33,3.33,2.27,10,3.57,6.25,5.56,2.5,2.5,2.5,3.13,2.78,3.85,5.56,3.57,7.14,2.78,5,3.85,2.27,3.57,5.56,8.33,2.38,6.25,10,10,4.17,3.57,6.25,4.17,2.78,10,2.5,6.25,3.85,2.08,2.63,10,6.25,3.57,3.33,2.63,2.08,6.25,2.17,5,2.63,2.63,2.5,6.25,10,3.57,2.94,2.63,5,6.25,2.38,3.13,3.57,3.85,4.17,8.33,7.14,2.5,2.38,10,5,2.94,2.27,7.14,2.27,2.78,3.33,8.33,2.08,6.25,5.56,4.55,2.63,2.63,2.94,8.33,2.5,8.33,5.56,8.33,3.13,2.78,6.25,2.5,2.94,3.33,2.5,10,2.38,10,2.63,2.63,2,6.25,8.33,2.38,10,4.55,2.17,2.27,5.56,2.27,10,2,4.55,3.57,3.57,8.33,2.5,7.14,10,2.63,3.33,6.25,5.56,8.33,3.85,2.08,2.78,8.33,2,2.27,4.17,2.5,3.33,6.25,5.56,3.57,3.13,2.17,5,4.17,3.13,4.17,7.14,8.33,8.33,5.56,2.38,2.5,3.57,2.5,2.17,4.55,2.63,4.55,2.08,4.55,4.17,4.55,5.56,2.38,3.33,3.85,10,5.56,2.08,5.56,8.33,6.25,4.17,4.55,3.57,2.08,2.27,2.38,7.14,8.33,5.56,2.38,3.57,2.38,4.17,2.27,2.63,3.57,3.33,2.94,4.17,10,2.5,3.57,2,5.56,2.27,2.27,2.38,3.85,6.25,2.94,3.33,5.56,10,4.55,3.85,3.85,2.5,3.33,6.25,2.5,2.94,2.17,3.57,2.63,5.56,10,2.94,6.25,3.85,5.56,3.57,10,2.08,2.78,2.63,8.33,7.14,10,2.5
28,2,2,3.33,7.14,2.27,2.5,2.78,2.94,6.25,6.25,7.14,5.56,7.14,2.5,6.25,3.13,2.78,3.33,4.17,3.85,6.25,3.33,6.25,2.38,2.27,3.13,2.08,2.63,3.33,2.78,2.94,3.13,5.56,2.27,3.33,2.38,2.38,2,2.94,3.85,4.17,4.17,3.13,2.94,2.38,2.17,2.08,8.33,3.57,2.63,4.17,2.5,2.08,4.17,4.17,7.14,7.14,2,3.85,3.85,5,8.33,3.13,5,2.38,5,3.85,3.57,2.5,2.78,10,2.08,2.94,7.14,5.56,2.78,2,2.27,6.25,2.63,2.38,2.63,10,2.38,2.94,6.25,4.17,3.13,2.08,5.56,2,3.33,3.13,10,10,2.08,3.57,2.38,2.17,3.33,7.14,2.94,2.63,2,2.08,3.57,2.63,2.63,7.14,2.17,5,4.55,2.78,2.38,2.08,3.85,2.38,2.63,10,3.13,2,10,2.17,4.55,2.94,4.17,3.13,2.78,2.78,6.25,2.63,2.94,3.33,5.56,2.27,2.78,2.5,2.27,2.78,2.94,2,6.25,2.08,3.13,2.27,2.63,10,3.57,3.85,3.57,2.08,3.57,2.78,2.38,2.38,4.17,2.27,2.5,5,4.55,2.08,5,3.57,2.63,2,5.56,2,2.63,2,2,5.56,2.38,3.33,7.14,2.5,3.57,2.38,8.33,10,2.38,6.25,2.27,3.13,6.25,5.56,2.5,3.57,8.33,4.17,2.08,3.85,2.5,2.63,5,2.78,2.38,2,2.94,8.33,2.63,2.17,5.56,4.17,3.57,8.33,2.5,7.14,3.13,4.17,8.33,3.85,7.14,4.17,4.55,4.17,2.63,5,2,4.55,3.57,7.14,7.14,4.17,10,2.5,5.56,6.25,2.94,5.56,5.56,5,2.5,3.85,2.94,4.55,2.94,3.13,4.55,2.5,3.33,8.33,8.33,6.25,2.38,2.38,4.55,3.85,4.17,3.13,6.25,6.25,8.33,8.33,2.08,4.55,2.63,5.56,3.13,5.56,2.08,4.17,8.33,7.14,2.27,2.5,2.38,2,3.85,3.13,4.55,6.25,5,2.27,2.38,2.17,3.33,2.63,3.13,3.33,10,2.63,2.94,5.56,2.5,2.38,4.17,7.14,2,6.25,2.38,2.63,2.78,5,10,5.56,4.55,2.94,2.78,2.5,2,2.5,2.27,2,3.85,8.33,4.55,2.94,8.33,2.38,2.17,2.27,3.85,2,2.17,2,2.38,2.27,7.14,2.27,2,2.27,2.38,2.08,5,5,8.33,5,2.94,5.56,5,2,3.33,3.13,7.14,3.85,7.14,4.17,4.55,5.56,6.25,4.17,2.17,6.25,3.33,5,2.38,3.13,2.08,10,2.63,8.33,2.5,3.85,2.78,2.27,2.38,3.13,2.63,2,2.17,2.27,5.56,10,2.17,2.5,5,3.13,10,3.13,6.25,2.5,2,2.5,2.63,7.14,4.55,2.38,2,10,5,2.5,10,2.5,2.63,2.5,5,8.33,4.17,5.56,4.55,2.5,3.13,2.63,8.33,2.17,2.78,7.14,10,6.25,6.25,2.5,8.33,2.17,3.33,2.5,3.33,3.57,2.63,4.55,5,5.56,6.25,10,5.56,2.08,2.78,2.38,2.5,3.33,3.57,2.63,4.17,8.33,5,10,2.27,10,5,5.56,3.85,5.56,2.17,5,6.25,3.13,10,7.14,5.56,2.08,6.25,2.94,5.56,2.27,3.85,2.38,3.33,2.94,5.56,7.14,4.17,2.5,2.17,7.14,5.56,2.38,3.33,3.33,5,2.08,10,2.63,7.14,6.25,4.55,4.17,2.38,2.17,3.33,10,2.17,2.38,3.33,8.33,2.63,2.94,2.63,8.33,2.5,2,2.38,3.13,5.56,3.33,2.5,2.94,3.57,4.17,4.17,2.27,2.38,2.17,10,6.25,7.14,4.17,8.33,2.5,4.55,2.63,3.57
29,3.33,2.27,7.14,2.17,2.78,2.63,2.38,2.78,7.14,8.33,3.13,7.14,8.33,3.85,2.08,4.55,4.17,3.57,3.13,4.55,5.56,10,8.33,2.17,3.33,3.85,3.33,4.55,5,8.33,10,2.78,2.78,2.08,2.94,3.33,8.33,2.94,4.17,3.57,2.27,8.33,8.33,3.85,3.85,2,3.85,2.27,2.94,2.78,3.57,8.33,6.25,8.33,2.08,2.08,2,6.25,3.33,3.57,2.38,2.94,7.14,4.17,3.57,5,2.78,7.14,2,4.17,7.14,2.78,10,7.14,2.63,2.63,4.55,2.27,6.25,2.17,2.17,7.14,3.33,2.5,2.27,8.33,3.33,3.13,2.38,2,8.33,2.78,7.14,5.56,3.13,2.38,8.33,2.08,3.13,3.33,5,4.17,2.63,2.27,6.25,2.5,2.27,8.33,2.08,2.63,2.08,2.17,2.38,3.13,4.55,3.57,2.94,3.85,10,2.94,5,8.33,5,3.57,4.17,3.13,6.25,3.13,7.14,10,3.57,2.08,2.78,2,2.63,2.38,3.57,2.5,2.08,2.08,5.56,2.94,7.14,2.78,4.55,2.08,10,2.17,2.38,5.56,7.14,5.56,4.55,4.17,2.38,6.25,8.33,2.38,8.33,7.14,2.17,3.85,2.5,2.5,3.57,3.33,2.38,2.5,2.63,3.33,2.27,2.94,4.55,4.55,8.33,3.13,2.5,10,2.63,3.85,3.57,4.55,8.33,2.5,2.17,2.5,5,4.17,2.78,7.14,2.94,2.38,2.17,2,2.78,10,2.63,3.85,4.17,4.55,10,2.17,10,3.33,2.08,3.33,2,10,3.85,3.13,3.33,2.08,3.85,8.33,3.13,2.63,2.38,4.55,3.13,2,3.13,2,2.5,2.5,4.55,2.17,2.38,2.08,4.55,2.17,2.94,2.08,3.57,10,10,8.33,2.08,2.63,2.94,2.5,8.33,8.33,2.78,3.57,3.57,4.17,10,3.33,2.27,7.14,7.14,7.14,2.38,2.63,3.13,2.08,3.85,2.38,2.17,4.17,6.25,2.5,8.33,2.78,3.33,2.78,2.27,3.85,2.5,2.63,2.94,7.14,7.14,3.85,3.85,4.17,2.94,3.33,7.14,10,3.57,2.17,7.14,8.33,8.33,3.57,3.13,2.27,3.85,4.17,3.57,7.14,3.33,3.57,3.57,3.33,3.13,2.38,2.08,10,2.63,7.14,5,2.5,3.57,5.56,3.33,2.27,4.55,4.55,2.63,2.63,5.56,2.17,10,6.25,3.85,3.13,2.78,2.63,2.63,7.14,5,2.08,3.85,6.25,2.78,3.85,2.94,2.27,2.38,10,6.25,2.17,5,3.57,3.57,3.57,2.63,2.08,7.14,3.85,2.78,3.85,3.13,8.33,2.5,2.38,4.17,2,2.08,8.33,2.27,8.33,3.33,2.78,8.33,5.56,3.13,4.17,2.27,5,2.5,3.33,2.08,3.85,10,2.27,5.56,2.38,4.17,6.25,3.57,10,4.55,8.33,2,2.63,3.57,2.27,6.25,5,4.17,2.27,2.08,3.57,8.33,5,5.56,3.13,2.94,6.25,5,2.27,2.78,2.5,7.14,4.17,4.17,4.55,2.94,4.55,2,7.14,2.38,3.57,2.27,7.14,4.55,5.56,2.38,2.63,2.17,3.13,3.85,3.33,6.25,2.78,3.33,8.33,2.17,4.55,2.27,6.25,2.5,4.17,10,2.63,7.14,2.5,3.57,2.5,2.94,8.33,5,5.56,2,3.33,5,5,2.38,7.14,3.33,5,5.56,2.38,3.33,2.5,5.56,4.55,6.25,2.5,2.17,3.85,4.17,2,2.63,3.85,3.85,2.78,3.13,6.25,3.13,5.56,3.33,2.63,10,6.25,2,2.17,2.63,5,2.94,3.57,2.5,6.25,10,2.08,5,10,2.78,6.25,10,2.38,2.63,3.33,2.08,4.55,2.08,2.08,5.56,5,3.57,2.08,8.33,3.57,10,2.63,3.57,3.13
30,2.17,2.08,4.55,7.14,4.55,2.5,3.13,3.33,2.63,2.5,4.17,2,6.25,4.55,2.17,3.85,2.27,2.63,5.56,5,5.56,10,6.25,2.27,2.38,3.57,3.85,2.78,4.17,4.17,2.63,2.38,2.17,5,2,2.5,10,2.08,2.27,7.14,2.08,2.08,2.94,2.5,2.38,10,2.63,2.38,4.17,2.17,2.5,4.17,2.08,2.27,2.94,3.33,5,4.17,10,2.38,2.94,7.14,5.56,4.17,3.13,2.17,2.94,4.55,2.08,7.14,10,2.94,2,5.56,3.13,2.63,3.13,2.63,3.85,2.08,3.13,2.63,2.63,3.85,2.5,3.13,7.14,2.78,6.25,3.85,7.14,2.17,2.5,2.38,4.55,8.33,4.17,4.55,2.5,3.33,2.27,5.56,3.57,2.17,6.25,3.85,2,10,5.56,7.14,3.13,8.33,3.57,2.94,3.33,3.33,10,3.13,7.14,2.78,2.38,2.94,8.33,2.63,10,2,7.14,2,3.33,4.55,3.57,2.78,4.17,3.57,2.78,6.25,2.63,2,2.27,5,3.57,2.27,5,5,2.38,6.25,2.94,2.5,5.56,4.55,10,2.08,4.55,3.85,7.14,2.78,5.56,10,2.17,3.57,4.55,10,3.85,2.94,2.38,3.57,5.56,4.17,5,2.17,5,3.13,3.33,7.14,7.14,4.17,3.13,2.08,4.55,4.55,4.55,6.25,3.85,4.55,2.17,10,2.27,2.27,2,10,3.13,2.27,5.56,4.17,2.38,10,2.17,2.63,3.33,2.17,2.94,6.25,3.13,4.17,6.25,2,8.33,3.13,6.25,8.33,2.5,10,2.08,2.17,2.78,8.33,2.08,2.78,8.33,10,2.63,3.85,4.17,7.14,2.17,2.17,2.17,8.33,5.56,2.5,2.08,2.17,2.27,2,4.17,7.14,10,4.55,2.17,2.78,2.27,2.38,2,2,2.27,7.14,2.78,2.38,4.17,2.38,3.13,8.33,3.85,5,2.63,10,4.55,8.33,8.33,2.78,2.5,10,3.57,6.25,3.57,2,2.63,2.94,3.13,6.25,8.33,2.78,8.33,2,10,5.56,2.63,10,6.25,4.55,5.56,8.33,7.14,3.85,4.17,3.57,8.33,2.94,2.17,7.14,4.55,7.14,7.14,2.78,10,6.25,6.25,4.55,6.25,5,7.14,3.57,4.55,2.5,3.13,3.13,4.55,3.85,8.33,8.33,2.78,2,3.13,10,3.13,4.55,10,3.13,10,2.27,2.38,2,2.38,2.08,5.56,7.14,5,3.57,3.57,8.33,5,2,4.17,2.94,3.33,3.13,2,4.55,2.27,6.25,2.17,3.57,10,3.85,2.08,3.57,3.33,3.33,3.13,6.25,2,4.17,10,6.25,8.33,3.13,2.08,2.63,8.33,5,2,5.56,3.57,3.57,2.08,2.78,2.17,2.17,3.57,4.17,3.13,5.56,2.17,2.94,2.38,3.33,5.56,3.13,2.38,6.25,2.17,7.14,2.27,6.25,3.85,2.78,2,2.08,8.33,2.38,5.56,4.17,2.78,2.78,2.27,2.63,2.63,4.17,4.17,8.33,5,4.55,5.56,7.14,3.33,5,2.08,3.33,3.33,3.13,7.14,2.27,6.25,2.08,2.5,2.17,4.55,2.63,8.33,5,3.33,2.94,3.33,4.17,8.33,2.78,5.56,7.14,2.27,3.57,2.38,4.55,2.5,2.63,5,2.5,5.56,3.57,5,2.27,6.25,3.13,2.78,4.55,8.33,2,4.17,2.5,4.17,2.27,6.25,2.08,2.63,2.17,7.14,6.25,4.55,2.78,3.33,4.55,6.25,2.38,8.33,5,3.57,5,4.55,2,2.78,10,5,7.14,5,4.55,2.78,3.13,2.38,2.27,2.94,5,2.78,2.38,2.27,2.17,4.55,4.17,2.63,2.17,2.78,2.94,2.5,5,2.78,5.56,2.08,4.55,4.55,5.56,2.94,2.94
31,4.55,3.57,5.56,10,3.33,2.08,4.55,2.38,5.56,2.08,2.5,5.56,2.63,2,2.38,3.57,3.13,2,3.85,5.56,2.27,2.08,3.85,2,5.56,5.56,6.25,2.94,2.08,3.33,2.38,8.33,2.38,2.94,3.57,10,5,2.08,5.56,2.94,5.56,2.63,8.33,2.94,2.17,4.55,10,3.13,2.63,2.63,7.14,3.57,2.94,2.38,2.94,8.33,2.27,3.33,3.85,3.13,2.17,2,7.14,5,6.25,2.38,10,4.55,2.94,2.27,2.5,2.38,5,7.14,10,4.17,3.85,3.57,2.27,8.33,2.08,2.38,3.13,5,2.78,2.17,3.13,2,5,3.33,2.78,6.25,5,3.85,2,4.55,2.38,3.57,6.25,3.33,2.08,10,7.14,2.08,3.57,3.13,4.17,3.13,10,2.08,2.94,2.63,8.33,3.33,2.38,2.17,6.25,3.85,2.5,3.85,2.08,10,7.14,3.57,2.94,2.63,10,2.08,2.94,4.17,2.94,2,3.57,2.27,4.17,4.55,3.33,3.85,5.56,2.63,3.57,4.17,5,10,3.33,3.33,6.25,4.55,6.25,2.08,2.78,2.27,6.25,2.17,2.38,3.85,4.55,3.33,2.38,2,5.56,8.33,3.13,8.33,2.38,3.13,3.85,2.63,10,3.13,3.13,8.33,2.17,2.63,7.14,2.17,3.57,2.17,2,4.17,3.33,2.08,2.5,2.27,10,3.57,3.13,10,7.14,3.13,2.63,3.57,3.13,3.33,8.33,2.5,2,3.57,2.17,3.13,2.5,7.14,2.08,5,2.27,3.33,2.78,6.25,2.17,3.13,2.63,2.94,2.5,2,3.85,3.85,3.33,5,2.08,5.56,3.57,2.63,2.27,4.55,2.5,2.78,4.17,4.17,2.38,2.5,4.17,2.27,5.56,2.17,2,3.33,6.25,3.85,3.57,2.27,3.13,2.63,5.56,2.5,3.33,2.38,2.17,10,7.14,2.27,2.94,4.17,8.33,5.56,2.27,8.33,2.5,2.63,5.56,5,5.56,3.33,3.13,4.17,3.33,4.17,2.5,3.33,4.17,2.38,2.78,4.55,5,6.25,3.57,10,7.14,2.5,4.55,2,2.17,2.17,10,6.25,5,3.13,10,2.94,2.63,2.08,2.63,10,2.63,5.56,2.5,5.56,2.63,2.38,3.57,2.94,8.33,2.94,2.17,5,5.56,5.56,2.5,2.63,10,2.94,2.94,8.33,10,2.27,2.5,3.85,2.78,2.78,3.13,2.08,3.85,2.08,5.56,4.55,7.14,2.63,3.57,3.33,4.55,8.33,2.17,4.17,3.13,2.17,4.55,3.13,8.33,4.17,10,2.94,5.56,4.17,2.27,2.5,2.63,8.33,4.55,2.08,6.25,2.5,2.78,2.08,2.38,3.57,6.25,3.13,7.14,5,3.57,3.33,2.08,3.57,2.63,2.5,4.17,2.5,2.63,6.25,7.14,2,2.08,3.13,4.17,7.14,5,2.27,2.5,5.56,6.25,2.08,2.17,2.27,2.08,2.5,3.85,2.94,7.14,3.57,2.27,4.17,4.17,2,2.08,8.33,2.63,2.94,2.63,3.33,2.94,8.33,3.85,4.55,3.85,5,5.56,2.17,2.38,2.78,3.13,5,3.33,3.33,2.78,2.5,4.17,2.17,2.08,4.17,3.33,4.17,2.17,5,2.5,5,6.25,8.33,2.5,2.78,2.17,3.57,10,7.14,7.14,5,3.33,8.33,2.78,7.14,3.85,3.13,3.85,2.63,2.63,3.57,5.56,7.14,2.08,2.38,8.33,2.78,2.38,2.08,3.85,2.5,2.5,2.17,3.33,6.25,2.78,10,4.17,2.63,4.17,2.38,4.55,6.25,2.94,2.5,2,3.57,5,3.33,2.5,2.94,3.33,3.57,3.33,5,2.17,10,8.33,7.14,2.08,2.5,2.38,4.55,2,2.38,2.78,8.33,2.38,2.27,3.85,2.63,2,2,2.17,6.25,3.85,2
32,4.55,2,2.17,5,2.38,8.33,5,2.08,2.17,4.55,2.94,2.38,10,3.57,2.27,2.5,6.25,5,4.17,4.17,5,3.57,7.14,3.13,7.14,6.25,2.27,4.55,8.33,2.78,2.08,2.78,6.25,10,2,2.17,2.27,2.38,10,2.63,2.94,2,4.17,10,2.94,2.63,10,2.5,2.5,2.08,2.94,2.08,3.57,5,5,4.17,2.5,3.13,2.94,3.33,3.13,3.33,3.13,2.17,5,2.27,2.94,3.33,2.78,6.25,2.94,3.33,2.63,3.13,3.57,3.57,2.27,10,5.56,2.94,2.08,2.17,5,2.38,2.63,3.33,2.78,7.14,2.63,4.17,2.63,3.33,5,5.56,3.33,2,5.56,3.85,2.38,3.85,2.94,2.27,6.25,4.55,2.08,6.25,10,2.5,3.57,6.25,2.38,2,3.13,2.27,3.57,7.14,7.14,2.17,2.63,2.38,4.17,3.57,4.55,2,3.13,2.38,2.94,6.25,4.55,5,5.56,2.94,2.38,4.17,7.14,8.33,3.13,3.33,2.27,4.55,4.17,5.56,5,2.08,8.33,2,2,3.33,10,2.5,6.25,2.38,7.14,7.14,3.57,4.55,3.13,2.78,2.94,3.13,2.38,2.78,2.27,2.63,2.78,2.27,3.13,8.33,3.85,5,4.17,4.17,4.55,8.33,4.55,2.5,5,10,6.25,3.57,3.57,8.33,2.38,5,4.55,4.17,2.38,4.17,4.55,2,2.17,3.57,5,2.94,10,3.33,7.14,3.85,2.17,2.38,2.38,8.33,4.55,2.38,3.85,7.14,2.94,6.25,5,5.56,2.94,8.33,2.5,2.27,6.25,2,2.27,2.27,4.17,2.08,3.57,2.08,3.57,3.85,2,4.17,5,2.5,10,2.17,2,6.25,2.17,5,7.14,8.33,5,3.13,2,2.27,2.38,2.63,5.56,5.56,2.17,5.56,2.78,6.25,2.94,2.78,2.78,5.56,2.63,5.56,4.17,3.85,3.13,3.13,2.27,2.08,2.38,8.33,3.13,6.25,2.63,4.17,6.25,6.25,2.78,2.78,4.17,4.55,2.27,10,5,4.55,2.5,2.08,3.13,4.55,4.17,2.63,7.14,5,10,4.17,10,3.13,6.25,8.33,5,2.38,2.38,2.17,3.13,2,2.78,2,6.25,2.27,4.55,2.94,2.08,2.63,2.5,5.56,10,8.33,3.85,3.33,10,2.27,3.33,2.5,2,2.27,10,2,4.17,2,3.33,2.94,2.5,2.38,3.85,2,5,2.78,2.27,3.13,2.78,2.78,6.25,2.27,10,10,2.78,5.56,2.5,3.13,4.55,3.33,4.55,3.13,4.17,2.27,2.63,6.25,2.08,3.33,7.14,3.57,4.55,2.27,5.56,2.27,2.17,8.33,3.33,2.5,2.63,3.33,2.17,8.33,2.63,2.08,2.27,2.38,5,4.17,2.17,7.14,2,5.56,3.85,5,4.55,6.25,2.08,2.38,2.94,4.55,2.63,2.27,4.17,3.13,5.56,2.63,8.33,3.33,2.08,8.33,2.78,5.56,6.25,2.17,2.63,2,2.63,2.63,10,2.63,7.14,3.13,3.33,4.55,2.5,8.33,8.33,2.08,5.56,6.25,3.13,2.63,2.17,2.38,4.55,2.78,2.5,3.57,2.38,2.78,2,10,2.63,3.33,3.33,3.85,10,5,2.08,5,5,3.57,10,7.14,2,2.27,10,2.5,5,5.56,2.38,6.25,2.78,3.57,5,2.38,3.85,10,8.33,2.78,10,2.78,6.25,5,3.85,5,2,3.85,2.08,3.13,10,8.33,2.38,7.14,2.08,6.25,4.17,2.38,10,2,4.55,2,2.17,10,5,3.13,2.5,6.25,5,3.85,2.78,6.25,5,6.25,2.38,3.33,3.57,2.27,7.14,2.94,6.25,5.56,10,5,2.38,3.13,4.17,4.55
33,4.17,3.33,2.17,5,2.08,3.85,3.33,2.38,3.57,3.85,2.5,3.85,2.78,2,2.5,7.14,2.78,3.85,10,2.5,5.56,2,10,5.56,5.56,6.25,3.13,3.33,7.14,2.63,5.56,2.5,8.33,3.57,2.63,10,5,2.5,2.78,2.38,3.33,2.08,3.85,2.17,2.78,2.5,2.17,3.85,2.78,4.55,10,2.38,10,2.27,8.33,2.17,2.5,10,4.55,3.57,2.94,5.56,2.38,3.85,2.17,3.57,4.55,2.63,6.25,6.25,3.13,3.85,3.57,10,2.63,10,2.38,2,2.63,2.63,2.63,8.33,10,2.08,7.14,3.57,4.17,3.33,2.5,3.33,2,2.38,5.56,3.57,4.55,3.13,2.78,2.78,3.85,2.63,2,2.38,2.38,3.57,2.08,7.14,2.63,4.55,2.78,7.14,2.63,5.56,7.14,8.33,2,2.08,2.27,2.5,3.85,2.94,4.17,2.08,2.38,2,2.17,8.33,5,2.27,8.33,8.33,2.08,2.17,2.78,2.27,2.08,4.55,2.17,2.63,2.63,3.57,3.33,7.14,2.5,2.78,4.17,10,4.17,6.25,5,2,5.56,2.63,3.33,3.57,10,2.08,10,2,2.08,8.33,2.94,2.94,3.33,2.27,6.25,2.94,6.25,2.94,5.56,3.33,2.78,2.27,3.85,8.33,6.25,2.94,3.13,4.17,2.94,6.25,6.25,3.57,2.78,2.78,10,2.5,6.25,4.55,7.14,3.13,3.57,2.5,5.56,8.33,3.57,5,2.5,3.85,8.33,5,4.17,3.57,4.17,7.14,10,8.33,2.17,8.33,2.27,3.13,3.57,2.38,2.78,5.56,3.57,2.08,2.5,4.55,2.78,2,2.08,7.14,2.27,10,2,2.78,2.78,8.33,6.25,2.94,2.5,7.14,6.25,3.13,6.25,10,6.25,4.17,3.33,4.17,2.17,5,4.17,10,2.17,2.27,8.33,3.33,2.63,4.55,3.85,2.17,7.14,7.14,2.38,3.33,2.94,6.25,2.38,10,2.78,10,7.14,2.27,10,3.13,2.38,2.38,2.38,3.13,3.57,2,3.57,10,3.57,2.27,3.33,4.17,4.55,2.5,2.38,2.63,10,10,3.33,2,3.13,8.33,10,5,5,2.94,2.08,4.17,2.78,7.14,10,7.14,3.13,2,2.5,4.17,2.38,5,5.56,2.5,4.55,5.56,3.33,2,2.78,3.33,10,10,2,5.56,3.13,3.57,4.55,2,2.63,2.27,8.33,2.5,2.5,2,5.56,6.25,8.33,6.25,3.57,6.25,4.55,5.56,3.57,2,2.94,3.85,10,3.57,2.38,6.25,2.27,5,6.25,2.5,3.33,10,2.08,2.38,2.17,5,2.17,4.17,2.5,4.17,2.38,3.33,2.27,5,2.08,4.55,2.17,4.55,3.57,2.5,3.13,10,5.56,8.33,5,5.56,3.33,2.27,4.17,10,2.94,5.56,3.13,5.56,2.63,5.56,2.17,2.5,2.63,5,2.08,4.17,3.33,5.56,3.57,2.63,2.38,2.38,3.85,2.63,3.85,2.78,2.94,4.17,6.25,7.14,2.94,2.17,2.78,8.33,2.38,5.56,7.14,10,3.85,3.57,2.17,3.85,3.57,5,3.13,2.38,8.33,8.33,3.33,4.17,7.14,5,3.33,2.5,8.33,6.25,2.27,2.5,2.17,2.5,2.5,7.14,2.08,3.57,10,5.56,5,10,3.33,2.17,10,2.27,7.14,4.17,6.25,2.08,2.08,2.94,3.33,3.13,3.13,2,2.63,3.13,3.85,2.94,3.33,2.27,5,6.25,3.57,5.56,2.08,5,2.94,2.17,2.08,10,8.33,6.25,7.14,8.33,3.33,2.27,5.56,2.27,7.14,4.55,2.38,7.14,3.13,5.56,3.85,2.27,2.63,5.56,7.14,3.57,2.08,3.33,5.56,5,2.08,3.13,6.25,6.25,4.17,2.27
34,4.55,7.14,4.17,3.57,2.78,7.14,3.85,3.85,4.17,3.57,2.63,2.17,2.38,3.85,2.17,2,3.57,5.56,2.08,8.33,5.56,2.38,5.56,10,7.14,3.57,3.33,10,4.17,5,4.55,2.27,2.78,8.33,2.78,2.5,7.14,2.5,2.63,2.08,2.27,2.38,3.57,2.94,2.5,7.14,3.33,3.33,4.17,2.94,2.27,5,8.33,2.63,4.55,5,5.56,4.17,2,2.27,2.38,2.78,4.55,2.38,5,8.33,2.63,2.78,5.56,3.57,4.55,2.17,2.08,4.17,4.17,2.94,2,10,2.78,7.14,2.78,7.14,2.17,2.38,2.08,2.27,2,7.14,3.13,3.33,8.33,2.27,3.57,2.27,2.08,2.08,8.33,2,4.17,2.08,3.13,10,4.55,3.85,2.38,4.55,4.17,3.33,2.27,4.17,7.14,2.08,8.33,2.78,10,7.14,3.85,2,2.94,8.33,7.14,4.17,3.13,2.94,2.5,2.08,2.08,2.63,3.57,10,4.17,2.08,5,2.94,8.33,5.56,2.78,2.78,2.17,4.17,3.33,10,2,7.14,6.25,2,5,2.17,5,8.33,3.33,10,4.17,3.85,3.85,3.57,2.08,2.94,4.55,8.33,4.17,3.13,5.56,3.33,2.63,4.17,2.94,5,3.85,5,4.55,2.08,4.55,5,2.5,2,3.85,3.33,3.85,2.27,2.5,4.55,2,7.14,4.55,5,2.5,8.33,2.5,6.25,2.5,2.08,3.57,2.94,10,2.27,5.56,2.08,2.94,2.38,10,4.17,5.56,2.78,2.78,3.13,3.33,2.17,4.17,3.33,3.33,5.56,5,2,2.94,3.57,3.13,2.94,3.57,2.17,2.5,4.17,2.38,2.5,2.38,3.85,10,8.33,3.33,3.57,3.33,3.13,6.25,2,2.17,6.25,3.57,2.94,8.33,6.25,4.17,2.17,2.78,3.33,3.33,4.55,3.13,2.08,7.14,2.27,2.63,3.85,2.38,4.17,7.14,4.17,2.27,3.85,3.13,2,2.08,6.25,2.08,4.17,3.13,8.33,3.13,2,5,6.25,3.13,2.08,5.56,6.25,2.08,2.78,8.33,2.17,2.17,2.38,2.63,2.78,7.14,6.25,10,2.08,2.27,3.13,2.27,2.78,3.33,3.85,3.57,3.33,6.25,2.5,2,2.5,4.17,2.27,2.5,2.27,4.55,7.14,2.94,4.17,3.13,2,2.63,3.13,2.5,5.56,3.57,3.13,4.17,2.27,4.17,2,7.14,2.38,2,3.85,2.38,4.55,3.33,3.85,8.33,4.55,3.85,2.5,3.85,4.55,3.85,2.38,3.57,2.27,2.63,2.63,2.78,10,2.08,2.27,5,2.78,8.33,2.63,7.14,2.94,2.94,3.13,2.78,2.17,5.56,2.94,2.5,10,2.17,2.17,2.08,4.55,5.56,10,2.63,8.33,6.25,3.85,3.57,3.85,3.57,4.55,7.14,2,2.5,2.63,8.33,2.94,3.13,8.33,5.56,5,2.5,8.33,10,2.27,2.27,2.5,2.63,2,2,2.17,2.08,2.63,2.63,2,4.55,2.08,4.17,2.17,2.38,6.25,5.56,8.33,3.85,5.56,3.85,2.08,10,10,5,2.38,4.55,2.27,10,5,7.14,2.38,3.85,4.55,2.78,5.56,2,2.38,2.63,2.27,4.17,4.55,8.33,4.55,2.78,5,8.33,2.17,2.17,2.27,4.55,3.85,2,2.27,3.13,5.56,3.57,2.63,10,10,3.57,3.33,6.25,2,2.78,3.57,3.33,2.94,5.56,5,4.17,3.57,6.25,4.17,7.14,3.57,3.33,5,2,2.27,7.14,2.94,5,2.08,2,8.33,2.63,2.5,2.27,2.08,3.85,5,3.57,5.56,7.14,7.14,2.94,5.56,2.27,4.17,2.27,3.33,2.63,2.94,2.27,5.56,5,2.08,5,2.08,2.17,3.33,6.25,2,2.08,10
35,2.17,2,7.14,3.33,8.33,2.38,2.94,4.17,2,2,3.85,2.17,7.14,5,7.14,2.63,5,3.85,3.13,3.57,2.63,3.13,3.85,5.56,6.25,2.38,2,7.14,5,3.13,2.08,2.63,2.5,2.08,10,4.17,2.17,3.57,5.56,4.55,2.63,2.63,7.14,10,10,2,3.13,4.17,2.5,3.33,6.25,8.33,7.14,3.13,2,2.5,2.38,7.14,4.55,3.13,2.17,2.63,3.33,5.56,2.5,2.08,2.17,2.5,2.38,2.27,3.13,5,8.33,5.56,2.38,2.17,7.14,2.27,2.27,10,2.08,3.85,6.25,2.08,8.33,10,6.25,2.63,3.33,5,3.13,2.94,7.14,3.13,2.08,2.08,3.13,4.17,4.55,3.85,2.5,2.17,7.14,4.17,2.17,2.17,2.63,5.56,5,2.38,2.08,5.56,2.38,3.85,3.13,3.13,2.78,3.57,4.55,5.56,7.14,2.27,10,7.14,7.14,2.63,3.13,3.33,2.08,5.56,2,5,3.85,4.55,3.13,10,2.78,3.85,3.33,2.94,2,4.55,2.5,2.78,2.17,3.85,5.56,2.78,2.38,2.08,4.17,2.38,4.55,4.17,4.17,5,3.33,2.27,3.13,4.17,3.13,5.56,8.33,3.57,10,2.63,2.5,4.55,10,2.63,4.55,2.17,2.78,8.33,2.08,3.85,8.33,8.33,2.78,4.17,10,10,2.78,2.17,2,5.56,2.17,6.25,5.56,2.94,3.33,2.38,3.13,2.63,2.78,2.94,2,3.13,7.14,2.08,5.56,2.63,10,7.14,3.13,2.78,8.33,3.85,2.27,7.14,6.25,6.25,2.17,2.78,3.85,2,3.85,6.25,3.57,2.08,5,5.56,2.78,2.17,3.13,3.57,2.27,2.27,3.57,8.33,2.94,2.5,2.27,3.33,2.5,2,3.85,7.14,2.5,2,2.17,2.94,5,2.17,2.63,10,3.33,3.57,2.5,7.14,3.85,3.57,2.08,5,2.08,10,5,5.56,2.27,5,5,4.55,2.5,3.85,3.57,2.27,6.25,10,2.5,3.33,4.55,7.14,2.5,2.17,7.14,2,2.08,5.56,3.13,2.94,2.94,2.08,3.13,2.63,3.85,5,7.14,2.63,10,3.33,2.08,2.63,2.5,3.13,3.13,10,3.13,5.56,5,5.56,6.25,4.55,3.13,3.57,4.17,6.25,6.25,2.27,8.33,3.13,3.13,2.27,5.56,3.85,2.38,3.57,5,2.5,3.33,7.14,2,6.25,5.56,3.57,2.5,3.85,2.08,2.5,4.55,2,8.33,5.56,5,3.57,2.17,2,5.56,10,3.33,3.13,10,3.33,5,2.94,2.08,2.78,2.08,5,7.14,2.38,3.33,3.33,3.13,10,3.85,6.25,5,2.78,2.27,3.13,8.33,8.33,2.78,2.27,4.17,2.5,2.78,2,2.08,6.25,7.14,6.25,2.5,6.25,7.14,4.17,2.08,2,4.17,3.85,3.85,4.55,4.55,3.85,3.85,3.33,6.25,5,3.57,2.78,2.5,4.17,4.17,6.25,2.08,8.33,3.57,2.08,5.56,2.5,10,2.27,5.56,6.25,2.38,4.17,8.33,5,10,6.25,8.33,2.5,8.33,2.5,2.63,3.33,2.63,2,2.17,2.63,5,7.14,4.17,2.78,3.85,3.13,2.94,2.08,3.33,3.13,2.17,7.14,2.78,3.57,5,5,6.25,7.14,2,5.56,10,2.63,2.38,7.14,8.33,2.78,6.25,3.13,2.17,6.25,3.57,3.85,5,4.55,2.38,5.56,6.25,8.33,3.85,4.55,3.57,2.38,2.38,2.94,8.33,5.56,5,2,3.33,2,2,3.57,2.38,2.63,3.13,2.78,2.5,5,2.08,2,2.78,2.63,4.55,2.27,2.63,2.27,2.17,5,2.38,2,2.08,5.56,3.57,3.33,2.5,3.57,2.5,2.38,2.94,2
36,4.55,3.33,5,3.57,2.38,4.55,2.63,2.17,2.63,2.08,7.14,3.57,2.63,2.27,2.5,2,2.38,5,4.55,2.27,3.33,3.13,3.57,4.55,3.13,3.85,2.38,10,4.17,4.55,3.33,5.56,2.38,2.63,7.14,3.13,7.14,10,10,3.85,3.57,2.17,3.33,4.55,2.27,4.55,2.78,6.25,4.17,2.38,2.63,6.25,6.25,4.17,2.27,2,7.14,2.17,2.5,2.08,10,3.13,3.13,2.38,10,6.25,6.25,2.5,2.63,3.85,2.94,3.85,4.55,2.08,2.94,2.63,2,5,2.63,2.08,2.63,4.17,4.55,10,2.78,8.33,2,10,3.13,2.17,3.85,5.56,4.17,6.25,2.38,3.85,3.33,3.33,2.38,4.17,2.94,10,5.56,3.85,10,8.33,2.08,3.85,2.08,6.25,2.08,2.78,6.25,3.33,4.17,3.85,2.63,4.55,8.33,6.25,2.27,3.85,10,2.17,10,4.17,2.27,10,3.13,5.56,2.38,2,3.13,4.17,10,3.85,2.08,3.85,4.17,3.85,2.94,3.13,3.13,5,2.38,7.14,3.85,7.14,6.25,8.33,4.55,4.55,3.57,3.85,2.17,2,2.17,2.94,2.94,4.17,2.78,3.85,2.38,3.13,2.27,6.25,2.27,2.94,5.56,2.38,4.17,6.25,7.14,4.17,4.17,2.94,4.17,3.85,5,6.25,5,2.08,4.55,7.14,2.94,2.5,2,7.14,2.17,4.17,10,2,5,2,5,3.33,7.14,2,10,2.38,7.14,5,7.14,2.38,3.57,2,3.13,2.63,4.17,10,7.14,2.38,3.57,3.85,2.94,2.78,2.78,2.08,2.38,2.38,2.78,6.25,5.56,5.56,2.27,4.17,7.14,2.78,2,2.5,4.17,3.57,3.13,3.33,4.55,2.38,4.17,3.57,2.17,4.17,2.94,10,2.5,3.85,6.25,2.17,4.17,2,2.08,2.94,2.63,10,4.17,2.27,2.78,6.25,7.14,4.17,2.78,3.85,5.56,4.55,2.5,3.85,4.55,10,5,2.17,4.17,2.27,5,2.5,10,2.5,4.55,2.78,6.25,2.94,5,3.13,2.94,4.55,2.94,8.33,2.17,2.27,2,10,5.56,4.55,5,2.94,4.55,5,8.33,4.55,4.17,10,10,3.85,6.25,3.33,5.56,2.08,2.27,4.17,2.5,2,3.85,2.27,5,8.33,2.17,2.17,4.17,6.25,4.55,3.85,2.63,2.78,2.08,3.33,6.25,2.38,2.17,3.13,3.85,4.17,6.25,3.57,8.33,3.85,7.14,2.78,5.56,5,2.94,2,2.78,4.55,5,4.55,5,2.08,4.17,6.25,2.17,8.33,5,10,8.33,4.17,2,2.63,5.56,6.25,2.5,3.13,3.13,3.85,2.63,3.85,2.78,2.78,2.78,3.13,2.17,7.14,4.55,3.85,5,5.56,7.14,7.14,2.27,2.5,2,3.57,2.78,2.38,10,8.33,6.25,3.33,2.27,2.27,2.38,4.55,2.78,5,8.33,3.57,2.5,2.63,6.25,3.57,3.57,2.78,2.38,2.38,2.63,6.25,4.55,5,6.25,4.17,2.5,3.85,2.17,2.27,5,3.85,2.27,3.85,3.57,6.25,2.27,7.14,10,7.14,6.25,5,5.56,5.56,2.17,3.13,2.94,5.56,2.63,2.38,2.38,5.56,2.38,10,2,7.14,3.57,7.14,2.63,3.33,5.56,2.27,2.94,3.13,4.17,4.55,2.17,4.55,3.33,2,2.5,10,10,2.38,3.13,2.5,8.33,4.17,3.33,3.13,2.63,2.27,2,3.85,3.13,3.13,3.85,2,6.25,7.14,2.78,2.38,4.55,2.63,8.33,2.08,2.94,3.13,8.33,5,3.57,5,3.33,3.85,5,7.14,2.08,3.33,4.55,5,4.17,5.56,10,2.27,8.33,2.17,3.85,3.57,2.27,7.14
37,2.78,3.33,5.56,6.25,2.08,3.85,2.38,2.38,6.25,3.13,2.27,2.78,8.33,3.85,3.85,2,5.56,3.13,7.14,7.14,2.08,4.17,2.17,5,8.33,2,2.38,3.85,7.14,3.13,2.78,5.56,5,3.57,2.17,2.63,3.57,2.63,8.33,2.38,7.14,2.27,10,10,2.78,3.13,6.25,3.85,7.14,2.5,2.17,3.85,2.08,7.14,2.78,6.25,4.17,3.33,6.25,4.55,5.56,4.55,2.17,7.14,7.14,2.63,2.5,2.5,3.85,3.13,4.17,5.56,2,5,3.85,4.17,2.78,10,2.5,7.14,5.56,2.08,2.08,7.14,2.17,2.63,2.94,2.08,2.5,3.85,3.13,4.55,3.33,2.17,2.78,3.85,5.56,2.63,2,8.33,2.17,4.55,4.55,2.94,2.38,3.85,2.78,5,2.08,2,2.63,10,2,2,2.27,4.55,3.57,7.14,2.27,3.85,3.85,5.56,10,2.94,10,2,3.13,3.33,5,2.17,3.57,7.14,10,3.13,2.17,2.78,4.55,3.33,2.27,2.08,3.57,2,2.5,2.27,8.33,3.85,2,2.94,2.63,4.55,2.63,8.33,3.13,2.38,2,3.85,2.27,10,5,2.17,2,8.33,2.78,2,8.33,8.33,2.94,3.13,2.38,3.13,4.55,3.13,3.57,2.08,10,7.14,2.17,2.94,4.17,2.5,3.33,2.5,3.13,3.57,3.33,2.63,2.94,2.5,4.17,2.08,2.63,2.78,2.63,6.25,2.5,3.13,5.56,3.33,5,2,4.55,2.08,5.56,6.25,2,2.38,5,3.57,2.17,5,2.94,2.78,5.56,3.57,8.33,2.5,3.85,2.27,3.13,2.27,2.38,10,6.25,3.85,3.85,2.5,2.63,3.33,6.25,5.56,7.14,3.57,2.17,8.33,8.33,6.25,2.94,7.14,8.33,7.14,2.94,3.57,4.55,2.5,2.08,3.85,2.5,3.13,2,2.78,2.38,2.63,5.56,8.33,2.17,2.38,2.63,2.38,6.25,2.38,5,2.38,2.63,3.85,2,2.78,2.08,4.55,6.25,2.5,4.55,2.78,5,2,3.57,2,2.17,2.27,2.63,3.33,2.94,3.13,4.55,8.33,3.57,3.33,6.25,6.25,5,2.63,8.33,2.94,5,3.57,5,6.25,2.08,8.33,7.14,4.17,2.63,3.85,3.13,2.78,5.56,2.78,3.85,7.14,3.57,4.55,4.17,3.13,5,4.17,5,3.85,5.56,2.27,3.85,5.56,8.33,7.14,8.33,3.57,4.17,8.33,6.25,2.38,10,10,3.57,2,5,2.5,6.25,2.17,3.33,4.17,4.55,6.25,3.57,7.14,7.14,2.08,4.17,2.27,3.57,2,2.17,8.33,3.33,10,8.33,5.56,3.85,10,2.08,2.94,7.14,2.38,3.57,3.57,7.14,2,3.33,2.63,4.17,2.5,10,2.08,2.27,2.5,2.94,4.55,10,3.57,3.33,7.14,2.08,3.57,4.17,2.27,8.33,2.5,8.33,4.55,3.13,4.17,2.78,2.27,4.55,3.57,3.13,2.94,6.25,2.27,2.17,3.57,3.13,3.33,5.56,2.94,3.85,2.5,2.17,2.5,2.78,8.33,3.13,3.57,2,7.14,2.17,5,3.33,4.17,2.94,3.85,2.63,3.13,4.17,5.56,4.17,10,7.14,3.57,7.14,2.27,2.08,3.57,2.38,2.5,2.78,3.33,2.08,4.55,4.55,4.55,2.17,5.56,6.25,2.27,3.57,4.17,2.27,2.38,2,2.63,5,8.33,4.17,3.85,2,2.78,4.17,2.17,3.85,2.78,2.78,2.38,3.57,2.38,8.33,2.5,2.17,10,2.78,2.08,5.56,6.25,2.08,4.55,3.13,8.33,2.94,2.17,3.33,2.94,4.55,5,3.33,8.33,5.56,3.13,2.27,2.5,6.25,2,6.25,4.17,8.33,2.17,4.17,2,3.13,10,2.38,2.27,2.78,6.25
38,3.13,3.57,5.56,4.17,2.5,2.08,2.38,2,3.85,4.55,6.25,2.27,7.14,2.63,2.08,3.33,4.55,3.13,4.55,2.38,10,4.17,2.38,8.33,2.38,5.56,3.85,2.17,6.25,3.85,3.57,2.38,2.27,2.94,2,3.57,2.38,10,2.17,3.13,2.63,2.78,2.5,7.14,8.33,5.56,4.17,2.5,10,7.14,3.85,2.27,2.17,3.33,2,2.78,3.57,3.85,2.94,2.38,2.5,2.63,5.56,2.08,2.63,2.38,5,2.94,2.5,10,6.25,4.17,3.57,4.55,3.57,3.33,7.14,3.85,2.17,5.56,3.33,2.08,5,3.57,2.17,2.94,4.17,5,5,2.38,2.27,2.63,7.14,3.85,2.17,2.78,10,5.56,2.94,2.17,7.14,2.94,2.38,4.55,2.27,3.13,3.13,2.94,4.55,2.78,2,2.38,2.08,3.13,2,2.78,4.55,2,2.5,8.33,6.25,3.57,2.78,2.17,6.25,3.13,2.78,2.27,2.94,7.14,2.78,4.17,2.08,2,2.38,3.33,7.14,8.33,2.5,3.13,4.55,2.94,2.17,8.33,4.17,2.78,5,2.27,3.33,4.55,2.38,2,2.27,8.33,10,7.14,4.55,5,2.78,5,5.56,2.94,2.27,3.33,2.38,2,2.08,3.13,8.33,6.25,5,2.63,2.5,7.14,2,10,3.57,2.38,6.25,2.17,2.17,8.33,8.33,6.25,5.56,2.27,2.63,3.13,2.08,4.17,4.55,5.56,4.17,8.33,3.85,4.55,2.78,2.27,2.38,6.25,2.78,2.78,4.55,2.17,3.57,3.33,2.63,8.33,2.38,5.56,10,2.63,3.57,3.13,4.55,3.13,3.85,5,4.17,2.5,3.85,7.14,2.94,3.33,2.63,2.78,3.13,8.33,10,5,2.17,5,2.78,2.94,7.14,5.56,4.55,8.33,2.08,4.17,2.94,7.14,2.63,3.33,5,2.94,8.33,2.17,3.85,2.78,2,8.33,2.5,5.56,2.78,3.33,2,2.17,5.56,2.08,5,4.17,10,3.85,2.17,2.5,8.33,2.17,4.17,6.25,7.14,3.33,4.17,10,2.5,3.57,2.27,2.17,2.5,2.94,2.78,5.56,2.17,2.78,8.33,3.85,2.17,4.17,4.55,3.85,2,3.33,2.38,3.57,4.55,2,2.17,2.17,2.94,3.33,2.94,3.85,2.94,3.85,2.78,10,3.85,3.13,2.78,3.57,7.14,3.57,7.14,2.94,6.25,3.13,6.25,6.25,10,2.08,2.27,2.78,2.94,2.08,2.17,6.25,8.33,3.33,2.38,2.17,3.13,5,7.14,2.27,3.57,2.78,3.33,2.94,3.33,2.08,2.94,8.33,6.25,4.55,8.33,3.33,10,2.08,8.33,3.13,4.17,4.55,2.5,4.17,5,2.94,2.38,2.27,3.85,3.57,2.78,3.13,8.33,7.14,2.78,10,3.57,2.63,2.08,2.78,10,2.63,2,2.27,3.13,7.14,2,3.13,2.38,2.63,2.63,2.63,3.13,2,2.27,5.56,8.33,2.94,5.56,2.38,6.25,3.57,3.33,7.14,3.33,2.27,2.78,4.55,3.33,3.57,2.17,8.33,2.78,2.27,2.78,2.38,2.5,2.27,2.38,5,6.25,2.63,7.14,5,2.08,3.57,5,2.27,2.63,7.14,2,4.17,3.85,2.94,8.33,3.13,5,7.14,4.17,2.27,2.08,8.33,2.38,4.17,4.55,2.63,2.17,3.85,4.17,6.25,3.57,8.33,2.38,2.17,5,2.5,3.13,2.5,2.08,2.27,2.63,2,2,2.17,2.63,2.63,8.33,2.38,8.33,2.17,3.57,3.33,3.57,8.33,8.33,3.13,10,5,5.56,2.94,8.33,5.56,2.27,5.56,8.33,10,2,4.17,2.78,2.5,6.25,2.08,2.38,2.38,2.94,4.17,10,2.63,4.55,2,7.14,2.08,3.57,3.57,10,6.25,4.17,2.63,5,2.27
39,10,6.25,2.78,7.14,3.13,4.55,3.13,4.55,4.55,3.33,3.33,2.63,10,7.14,3.85,2.78,3.33,2.38,2.17,2.63,7.14,3.33,10,2.17,8.33,4.17,2.27,3.57,3.13,2.27,4.55,2.63,2.38,5.56,3.57,2.5,2,8.33,6.25,2.78,2.08,2,2.08,4.55,6.25,5.56,7.14,2,3.85,3.33,2.5,3.85,3.13,5.56,2.08,3.33,3.57,2.38,10,3.85,3.57,4.17,2.5,4.17,4.55,3.57,3.33,4.17,3.57,6.25,4.55,3.85,4.55,5.56,4.55,5.56,2.78,2.5,2.27,2,5,6.25,4.55,2.27,8.33,6.25,3.85,3.85,8.33,8.33,3.13,2.5,4.17,2.17,8.33,3.85,4.55,3.33,2,8.33,3.85,4.17,2.5,2.63,6.25,2.94,2.27,3.85,2.38,2.27,3.57,5.56,2.63,2.5,8.33,2.5,7.14,2,2.17,5,10,2.08,3.13,2.08,2.08,2.38,2.5,3.13,10,2.08,7.14,8.33,3.13,3.57,3.13,2.38,3.33,2.94,3.85,3.33,8.33,3.57,5.56,2,2.38,10,8.33,3.57,10,4.17,3.13,3.57,4.55,2.78,5.56,2.27,2,5.56,2.78,2.63,7.14,4.55,7.14,2,3.33,3.33,2.27,2.94,4.17,3.33,3.13,5,2.17,2.38,7.14,3.13,2.08,3.57,2,4.55,2.27,10,10,5.56,10,4.55,2.5,5.56,2,7.14,5.56,3.13,2,3.33,2.5,2.78,3.85,2.63,10,2.94,5,2.27,5.56,2.27,3.85,6.25,6.25,6.25,8.33,10,3.85,5,2.63,2.63,2.5,2.17,3.13,2.27,3.85,3.57,2.5,2.38,2.94,3.33,4.17,5.56,7.14,5,8.33,4.17,3.85,3.57,2.17,5.56,2.38,3.85,4.55,6.25,2.08,3.33,2.17,3.33,2,5,2.17,2.27,7.14,5,5,7.14,2.27,2,2,2.38,2.63,7.14,2.94,3.85,6.25,2.5,5,2.08,3.85,3.57,3.85,2.38,2.38,2.5,3.85,2.08,2.94,3.33,3.13,2.27,2.38,6.25,2,2.78,2.27,2.63,8.33,3.13,3.57,2.08,5.56,2.78,8.33,3.13,3.13,3.13,7.14,2.27,3.57,7.14,4.55,3.57,2.94,10,2.27,2.08,7.14,2.94,3.13,3.13,6.25,2,2.5,2.08,2.17,4.17,10,4.17,3.33,2.63,3.57,3.33,2.38,2.5,2.63,5.56,3.13,3.33,3.85,3.57,5.56,5.56,7.14,2.27,3.85,8.33,3.85,2.38,2,3.85,2.17,2.78,3.85,10,10,2,2.5,7.14,2.27,4.55,2.38,3.33,2.17,2.78,6.25,3.33,2.17,3.13,3.33,2,8.33,4.17,4.17,2.27,3.57,6.25,5.56,2,2.63,4.17,3.85,8.33,4.17,7.14,2.5,5.56,8.33,7.14,8.33,10,2.63,7.14,3.57,3.85,7.14,2.27,2.38,5.56,2.38,4.55,7.14,2.5,3.33,7.14,3.85,2.17,2.17,5,10,2.38,2.78,2.27,2.5,6.25,3.13,3.85,5,2.5,8.33,3.33,2.5,3.85,3.57,4.55,5,2.17,3.13,3.13,5,2.38,3.33,2.63,2.08,3.33,2.78,2.63,8.33,2.38,5.56,5.56,2.27,6.25,3.13,2.5,3.85,7.14,5.56,2.27,2,8.33,2.78,2.08,2,2.08,2.38,5.56,7.14,2.27,2.78,2.08,2.08,2.38,5.56,8.33,7.14,5.56,5.56,2.5,3.57,2.63,2.5,4.55,2,2,4.55,3.13,4.55,2.78,2.38,5,2.5,2.78,2.78,2.17,3.33,2.17,2.08,2.38,4.55,2.63,2.38,3.57,10,3.33,5,8.33,2.08,4.17,2.5,3.57,2.63,10,8.33,2.78,5.56,3.85,2,3.33,2.94,4.17,7.14,2.5,5.56,2.27,2.27,3.33
40,2.94,2.08,8.33,2.27,3.33,3.85,3.57,10,2.63,2.08,2.94,4.55,2.08,5.56,4.17,2.08,5.56,5,8.33,2.78,5.56,2.5,2.27,2.63,7.14,5.56,6.25,2.63,7.14,8.33,8.33,5.56,2.63,8.33,5.56,2.78,4.17,2.08,5.56,2.27,5,6.25,2,2.63,2,2,7.14,3.85,4.55,2,3.57,4.17,5,4.17,3.13,4.17,2.94,2.17,10,3.13,4.55,2.5,8.33,4.17,2.78,6.25,3.13,4.55,3.85,3.33,2.78,2.08,2.17,3.57,3.85,4.17,4.17,3.57,2.08,2.94,3.13,2.63,2.94,2.5,5,5,2.78,3.85,2.5,2.78,10,4.55,10,4.17,10,2.63,2.78,2.17,3.33,8.33,6.25,10,6.25,2.08,2.27,6.25,2.27,4.55,8.33,5,3.57,2.17,2.17,4.55,2.08,2.17,2.94,2.38,2.78,2.27,4.17,2.63,6.25,5.56,2.63,5.56,2.08,6.25,2.94,2.27,5,4.55,2.94,5,2.63,5,2.27,7.14,2.08,6.25,6.25,8.33,8.33,7.14,7.14,5.56,4.17,5.56,2.78,4.55,3.33,3.85,5,3.33,7.14,4.55,5.56,4.55,2.63,2.78,7.14,4.55,3.33,3.57,5,3.13,2.63,2.5,10,2.08,2.27,5,2.17,2.78,3.85,2.27,2.27,2.38,10,4.55,2.17,3.33,5,2.27,2.38,2.38,2.5,2,7.14,2.94,2,4.55,2,4.55,2.38,2.63,3.33,5,6.25,4.17,3.13,2,2.78,2.63,2,8.33,2.63,2.27,2.78,2.38,2.94,5,4.17,3.85,5.56,2.08,8.33,8.33,8.33,7.14,5,3.13,2.78,2.94,3.13,2.78,8.33,2.27,5.56,3.33,6.25,2.17,3.33,2.08,2,4.17,3.13,5.56,2.27,5,2.08,2.63,3.85,10,2.17,3.13,4.55,10,2.17,2.94,5.56,8.33,6.25,3.33,2.5,3.33,2.94,2.78,4.55,5.56,2.5,3.85,2.17,5.56,2.63,3.13,2.17,6.25,4.17,2.78,7.14,4.55,2.27,6.25,8.33,5,3.57,5.56,2.38,2.38,2.5,5,4.55,3.33,2,6.25,3.13,2.17,5,2.78,2.63,5,4.55,10,2.08,2.94,4.17,2.38,2.17,2.27,5.56,3.33,5.56,3.57,2.38,4.55,2.94,8.33,2,2.5,6.25,2.63,2.5,7.14,6.25,2.27,5,2.94,2.94,4.55,2.94,2.17,2.94,6.25,5,6.25,3.33,2.78,3.13,2.5,2,2.38,5,2.78,3.13,2.08,2.08,2.17,5,5.56,10,2.08,2,3.33,2.27,3.57,3.85,2.63,2.08,8.33,3.57,2.38,2.5,6.25,2.5,5.56,2.78,4.17,6.25,5.56,2.27,4.17,3.33,2.78,2.08,6.25,3.33,3.13,5,4.55,7.14,2,3.13,2,8.33,8.33,7.14,6.25,3.85,4.17,5.56,3.57,5,2,7.14,3.57,4.17,5,3.85,10,7.14,10,2.94,3.33,2.63,2.08,3.33,7.14,3.57,5,2.94,6.25,2.5,3.33,4.17,2.63,2.94,4.17,8.33,4.55,6.25,5,2.94,3.85,3.33,4.17,3.85,5.56,3.13,3.57,4.55,5.56,3.33,2.63,3.85,2.63,2.78,6.25,3.85,2,6.25,4.55,3.13,2,4.55,6.25,2.27,6.25,10,2.08,8.33,4.55,3.85,2.27,10,2.94,10,2.38,2.5,3.85,3.85,2.08,3.33,2.63,3.57,3.57,2.38,8.33,2.78,7.14,10,5,3.13,8.33,2.94,2.27,2.17,2.17,2.63,2.94,7.14,2.38,8.33,2.5,2.17,2.17,3.85,5,5,3.57,2.63,10,2.63,2.94,8.33,7.14,2.17,7.14,7.14,2.78,4.17,7.14,3.57,5.56,4.17,2.63,3.85,2.5,2.08,3.33
41,4.55,4.55,2.08,2.17,3.57,7.14,5.56,10,3.33,4.17,2.5,6.25,2.17,2.94,6.25,2,2.63,2.63,2,4.17,2.17,2.38,4.17,2,4.17,8.33,2.08,10,2.5,2.5,2.27,3.33,8.33,3.85,3.57,8.33,2,2.27,3.85,2.08,10,5,4.55,3.33,3.13,2.5,5.56,3.57,5,3.85,10,2.5,7.14,2.94,5,3.85,6.25,5,4.55,10,2,6.25,2.78,2.08,2,10,3.33,2.08,3.57,2.5,2.94,2.5,5.56,8.33,2.63,2.17,2.94,4.55,2.08,10,2.94,5,8.33,8.33,5,2.5,5.56,4.17,2.38,4.55,2.78,5,3.13,5,10,2.63,2.94,3.57,5.56,2.38,8.33,5,2.78,2.08,2.17,3.33,10,2.5,2.17,2.38,6.25,7.14,2.5,7.14,3.33,5.56,4.55,6.25,2.5,10,2.27,2.38,2.63,2.94,4.17,4.55,2.94,3.57,3.85,2,2.63,8.33,7.14,3.57,7.14,2.63,3.33,3.33,4.17,6.25,6.25,2.63,7.14,3.13,2,3.85,2.38,3.85,4.55,4.55,2.5,2.17,4.17,3.57,2,2.27,4.17,2.5,4.17,2.63,2.5,10,4.17,2.63,3.57,2.63,6.25,4.55,4.17,2.63,2.27,2.63,3.57,6.25,7.14,2.27,2,2.27,3.13,2.94,3.33,2.5,5,3.57,4.55,3.85,2.08,2.78,2.08,10,2.08,10,2.94,6.25,2.27,2.27,2.5,4.55,3.85,2.17,5.56,2.27,3.13,2,4.17,2.5,2.5,5,2.5,4.55,3.57,2.17,3.85,2.94,5,3.85,7.14,2.17,3.85,2.17,4.17,2.08,2.63,3.85,2.17,2.08,3.13,2.17,2.78,5.56,7.14,2.38,3.13,2.5,5.56,7.14,6.25,2,2.94,2.5,5,2.17,7.14,10,2.78,2.17,2.38,6.25,3.33,3.33,2.63,2.63,2.17,3.57,3.57,4.55,2.27,2.38,7.14,8.33,7.14,3.57,2.08,6.25,3.85,2.17,5.56,7.14,10,2.5,2,3.13,2.78,7.14,3.85,4.55,3.13,2.17,3.85,3.57,3.13,6.25,2.08,2.27,5.56,3.85,4.17,2.38,2,2.78,10,7.14,2.5,5,2,5.56,7.14,2.94,3.33,2,3.57,8.33,3.57,3.85,2.5,2,5.56,7.14,2.63,2.08,2,2.78,4.55,3.33,2.27,3.13,3.13,4.17,3.33,2.27,2.38,3.33,2.17,3.13,2.17,3.85,2.94,2.17,3.33,7.14,2,8.33,3.57,2.08,5.56,3.13,2.27,3.33,2.5,2.94,5,2.08,4.55,7.14,5.56,3.57,5.56,5,6.25,10,7.14,7.14,2.08,4.17,2.78,4.55,4.55,5.56,3.33,6.25,5,3.57,10,3.85,3.33,4.17,5,2.63,5.56,4.55,2.63,7.14,4.17,3.33,4.17,4.55,2,2,2.27,2.78,2.38,3.33,10,2.5,2.17,4.17,2.38,3.33,2.38,2.5,2.08,2.63,3.57,2,3.33,4.17,5.56,4.17,2.17,2.38,5,4.17,6.25,3.33,4.55,2.5,2.17,8.33,2.63,4.55,5,4.17,3.33,10,3.57,2.63,2.27,2.08,8.33,5.56,4.17,2.78,2.27,3.57,2.63,6.25,2.38,7.14,10,5,2,2.94,3.33,2.78,2.94,3.13,4.55,3.33,3.13,2.78,2,5,3.57,2.63,3.33,2.63,3.85,3.85,10,2.94,3.13,2.5,2.78,5,2.27,2.08,2.38,2.27,10,8.33,2.94,2.78,2.5,10,8.33,2,2.38,3.33,2.94,3.13,2.94,3.33,7.14,2.78,2.08,3.13,7.14,2.78,8.33,2.17,3.57,2.94,3.57,2.17,8.33,3.57,3.13,6.25,2.17,4.55,3.57,6.25,2.63,5,6.25,2.38,4.17,8.33,2.5,2
42,5.56,2.17,3.33,3.13,2.27,3.85,4.55,4.55,5.56,3.85,4.55,4.55,4.17,2.27,2.63,2.5,2.5,2.17,2.63,10,6.25,2.38,2.94,2,2.17,2.27,4.17,2.5,2.17,3.85,2.78,4.17,10,2.63,4.55,3.33,5.56,4.55,10,2.17,2.08,3.85,3.13,6.25,2.5,2.5,5.56,2.78,2,2.08,2.94,3.13,7.14,4.17,2.63,4.17,7.14,8.33,2,2.17,5.56,3.13,2,2,6.25,3.85,2.27,2.63,2.94,2.38,2.94,7.14,2.78,7.14,3.33,2.38,2,3.85,4.55,2.5,2.17,3.13,2.63,2,4.55,4.55,3.13,2.38,2.38,3.57,6.25,2.27,2.5,5,3.33,2.5,10,6.25,2.17,5,8.33,3.33,2.38,5.56,6.25,2.78,4.17,5,5,2.17,2.78,2.63,4.17,2.08,3.33,2.17,2.5,4.55,3.57,2.94,3.57,2.08,8.33,2.63,3.85,7.14,2.08,3.33,3.57,3.85,2.27,3.33,3.13,2.78,5,8.33,6.25,2.63,2.5,2.94,2.08,8.33,2.78,3.13,2.08,4.17,4.55,2.38,8.33,10,4.17,2.17,2.38,2.27,2.38,10,4.55,8.33,2.08,8.33,4.55,2,4.55,4.17,2.63,2.17,8.33,2.78,2.63,4.55,5.56,2.27,2.78,3.57,2.17,5.56,3.13,2.63,10,2.78,2,3.33,5,8.33,2.94,2.94,2.38,3.33,2.5,2.27,8.33,2.38,4.17,2.78,5.56,2.78,5,3.33,2,10,4.17,5.56,3.13,2.94,2.38,3.57,2,2.94,2,4.55,2.17,2.38,3.33,2.17,2,2.08,3.57,2.78,5,2.27,5,10,6.25,2.63,2.5,2.27,3.13,2.5,8.33,2.78,2.08,3.33,2.17,8.33,2.63,2.27,5.56,8.33,2.63,2.08,2.17,6.25,5.56,2.63,2.63,2.17,2.94,3.13,5,3.13,5.56,2.94,2.08,10,2.08,3.57,10,2.27,10,3.85,4.55,6.25,3.57,5.56,6.25,3.13,4.17,4.55,2.08,4.55,8.33,6.25,2.63,4.17,3.57,2.5,2.94,2.94,3.13,4.17,3.13,7.14,2.27,4.55,3.57,2,2.78,4.55,3.57,8.33,2.63,3.13,2.94,2,2.08,2.5,3.13,3.33,6.25,2.94,2,2.08,2.38,2.78,2.94,2.17,7.14,10,5,4.17,5,2.38,3.57,2.94,3.13,2.5,2.94,8.33,2.27,2.38,2.17,2.78,4.55,2.5,4.17,3.57,2.78,5.56,5,3.85,2.27,2.08,2.94,2.94,2.38,2.78,6.25,3.57,2.63,2.78,2.94,4.55,4.55,3.13,4.55,2.08,2.5,2,8.33,7.14,2.78,4.55,2.5,2.17,2.38,3.85,6.25,2,10,3.57,3.13,2,2.94,6.25,2.08,6.25,2.27,5,4.55,2.17,2.63,2.08,2.17,7.14,8.33,4.55,3.13,3.57,2.94,2,2.5,2.63,2.17,2.08,4.17,5.56,2.5,3.33,3.57,6.25,6.25,7.14,2,2.94,2.27,3.33,2.08,4.55,2,3.57,3.57,2.17,8.33,2.27,2.94,3.57,2.38,3.57,4.55,3.33,5.56,2.38,8.33,5,3.85,2.63,6.25,8.33,8.33,2.08,7.14,4.17,3.85,6.25,3.85,3.85,3.13,4.17,2.38,3.57,3.13,3.57,4.55,2.17,2.27,2.08,3.57,2,3.57,5.56,2.94,8.33,2.5,4.17,3.85,3.13,2.27,2.27,2.94,2.27,5.56,6.25,5,3.13,2.78,10,8.33,2.27,2,2.5,2.63,2.17,2.27,4.17,3.33,3.57,2.63,2.63,3.57,2.94,2.78,3.57,6.25,5,4.17,7.14,10,6.25,3.33,2.38,10,6.25,2.08,4.17,2.63,5,2.63,2.27,8.33,2,5.56,5.56,5.56,2.94,3.57,5.56,2.5,8.33,5,3.85
43,3.57,5.56,6.25,2.08,2,4.55,4.17,5,2.08,2,2.17,10,2,4.17,2.08,2.5,2.63,3.33,3.33,3.13,2.27,8.33,2,3.13,2,2.63,2.27,2.38,2.27,2.27,2.38,6.25,2.27,10,2.94,10,2.08,2.08,5.56,10,2.38,2.78,3.13,3.85,2.08,3.13,6.25,5.56,5,3.33,2.5,10,2.17,2,4.55,7.14,3.85,7.14,3.33,2.94,2.38,2.63,10,2,3.85,3.57,10,8.33,3.33,2.27,5,2.17,2.78,4.17,2.78,3.85,2.5,3.13,5.56,5,3.13,2.27,10,3.57,3.13,2.78,2.78,2.94,3.85,4.17,8.33,6.25,2.94,6.25,4.55,2.38,10,7.14,3.85,3.57,2.27,3.57,4.55,2.17,3.57,2.94,2.08,2.94,6.25,5,10,3.13,2.17,2.63,3.85,2.78,4.17,2.38,2.08,3.85,2.17,3.85,5.56,2.38,6.25,7.14,2.78,2.17,4.55,8.33,2.38,10,5,2.27,2.78,2.27,2,2.5,2.17,2.94,5,3.85,2.94,4.55,3.33,3.13,5.56,3.13,2.63,2.63,5.56,5,3.33,2.94,6.25,2.78,3.85,6.25,2.08,5.56,4.55,8.33,3.33,3.57,4.55,2.63,7.14,4.55,7.14,2.38,4.55,2.38,7.14,3.57,2.63,6.25,7.14,5.56,4.55,6.25,4.17,2.63,10,2.94,2.78,10,2.5,3.85,2,2.17,4.55,4.55,2.63,3.13,2.94,5,3.57,2.78,2.78,7.14,2.5,2.27,3.85,3.85,3.57,5.56,2,3.57,2.27,8.33,2.17,7.14,8.33,2.63,5,2.78,2.27,2.08,2.27,6.25,2.38,5,2.27,3.13,3.33,4.17,3.13,6.25,3.85,7.14,2.78,2,2.78,2,5.56,3.57,2.27,2.27,8.33,2.5,2.63,2.63,4.55,3.85,2.08,3.85,2.63,10,2,3.57,5,2.38,2.08,3.33,7.14,4.17,2.94,2.38,8.33,5,2.38,2.08,3.13,2.38,8.33,2.27,7.14,6.25,5.56,7.14,2.08,3.57,5,3.33,10,4.55,2.78,3.33,4.55,4.55,2,2.27,2.94,2.63,10,8.33,2,4.17,2.08,2.94,2.17,2.5,7.14,2.78,4.55,2.17,2.5,2.63,8.33,3.33,2.5,8.33,2.5,4.17,3.57,5,2.63,10,2.17,2.5,3.13,6.25,3.57,4.17,3.85,2.08,2.17,2.63,3.33,3.13,10,8.33,3.13,4.17,2.38,2,3.85,10,5,5.56,4.55,2,3.13,6.25,2.63,2.27,3.57,4.55,2.5,2.5,2.17,4.55,2.94,2.78,5.56,2.63,2.94,2.27,8.33,2.08,6.25,2.78,3.13,2.63,8.33,4.17,2.08,10,4.55,10,3.57,2.27,3.13,6.25,6.25,8.33,2.63,3.13,6.25,2.94,2.63,3.85,3.13,2.78,2.63,8.33,2.94,6.25,8.33,2.08,3.13,2.08,3.57,8.33,2.5,6.25,2.5,3.57,8.33,2.17,5,3.57,7.14,2.17,2.27,2.38,3.33,3.85,2.5,2.27,6.25,2.38,3.57,4.55,2.63,8.33,2.5,2,2.5,3.33,6.25,7.14,2.27,4.55,4.55,4.55,2.5,3.85,3.13,8.33,8.33,8.33,5,3.85,2.94,3.13,3.33,2.17,2.94,3.33,2.27,8.33,5,2.5,2.63,3.33,2.5,7.14,2.63,2.5,2.63,2.5,10,2.17,4.17,2.78,10,2,2.08,3.57,2.27,5,2.63,5.56,3.85,4.17,6.25,4.17,2.5,2.08,3.57,7.14,2.38,7.14,4.55,4.55,4.55,2,2.17,4.17,6.25,2.38,2.5,3.57,2.08,4.55,4.17,2.63,2.38,3.57,6.25,5,2.38,3.33,2.17,2.94,7.14,2.08,3.57,2,3.33,6.25,2.63,4.55,6.25,2.63,4.55,2.63,10,2.63
44,2.17,2.94,5.56,2.94,2.78,2.94,2.94,2.08,3.85,2.63,10,4.55,2.63,7.14,3.85,8.33,5.56,3.85,2.94,2.78,3.57,2.94,2.17,3.33,4.17,3.85,6.25,2.78,5,5,2.08,2.63,7.14,2.08,7.14,2.08,4.55,10,3.33,2,5.56,2.38,3.85,2.78,2.38,2.08,2.63,2,6.25,3.13,2.5,8.33,5.56,5.56,4.17,2.94,2.17,2.38,5.56,2,7.14,10,8.33,3.57,3.85,2.94,7.14,2.27,3.13,3.13,2.78,2.27,10,3.33,2.63,6.25,2.94,2.38,2.94,10,2.38,2.38,2.38,3.13,2.27,4.55,3.85,4.55,5,2.78,2.94,5,2.38,2.94,2.27,2.38,2.63,2.63,2.5,2.17,5,2.08,2.38,2.5,3.57,7.14,2.94,2.17,10,2,2,5,7.14,6.25,3.85,3.57,2.5,2.94,2.08,2.08,3.33,2.94,2.27,2.5,8.33,2.94,5.56,2,4.17,2.27,3.57,8.33,5.56,2.78,5.56,3.85,3.13,7.14,3.85,2.38,5,2.17,2.08,5.56,6.25,3.33,8.33,2.27,2.08,3.33,2.5,2.27,2.38,3.33,5,4.17,3.33,5.56,2.94,4.17,2,2.27,7.14,2.78,3.57,5.56,5.56,5,2.38,3.85,2,3.57,4.55,5,8.33,2,2.27,10,4.55,4.17,2.5,5,5.56,3.33,2.78,2.63,8.33,2.63,4.17,2.08,4.55,4.17,3.13,7.14,3.57,4.55,2.08,6.25,2.08,5,10,4.55,4.17,10,5,7.14,2.94,2.08,3.85,2.78,2.94,2.27,5.56,2.17,7.14,8.33,4.17,5.56,2.17,4.55,2.78,5,2.08,3.33,3.13,2.27,2.27,3.85,4.55,4.17,2,5,2.5,6.25,3.13,2.78,6.25,2.38,2,7.14,3.13,2.63,2,6.25,2.94,2.78,10,3.13,8.33,2.63,2.94,3.33,2,2.38,2,5.56,2.94,2.38,2.5,4.55,4.17,2.08,2.63,3.85,3.33,2.38,2.5,2.27,5,2.5,3.57,4.17,8.33,2,2.17,2.94,2.94,8.33,7.14,2.5,2.17,3.33,2.5,2.38,5,2.17,2.38,2.27,4.17,8.33,5.56,3.13,2.94,10,4.55,7.14,4.17,2.94,2.08,3.33,2.94,7.14,2.78,5.56,5,2.5,3.33,2.5,2.17,3.57,2.5,2.5,5,2.08,6.25,4.55,2.78,2.27,3.33,4.17,7.14,3.85,3.13,2,3.13,5.56,6.25,2.94,2.17,2.17,2.63,4.17,10,7.14,3.57,2.5,2.94,3.57,2.63,2.94,10,2.38,2.08,6.25,3.57,2.94,2.63,2,2.38,7.14,3.13,7.14,2.63,2.27,4.55,5,2.27,2.63,2.5,2.5,2.78,2.63,3.57,7.14,3.13,2.5,2.17,4.17,2,2.94,5,2.63,3.57,4.17,6.25,10,4.55,2.08,2.94,4.17,2.94,2.08,8.33,3.85,2.38,2.5,5,2.78,3.85,3.13,2.08,2.5,5.56,3.85,6.25,2.63,4.55,2.27,2.63,2.27,3.57,2.63,2.63,2.38,2.17,4.17,3.33,2.27,6.25,3.57,5,8.33,2.78,5.56,4.55,10,4.55,4.55,5,2.27,2.38,7.14,10,2.27,2.78,2.27,6.25,4.17,10,6.25,5.56,2.38,4.17,5.56,2.94,2.63,6.25,3.57,2,2,6.25,10,2.08,7.14,10,2.08,2.38,2.94,2.38,2.27,2.17,3.85,3.33,3.33,2.94,2.94,2.38,7.14,3.33,2.27,8.33,3.57,2.94,3.13,5,5,3.13,2.27,7.14,3.57,2.78,2,4.55,8.33,7.14,2.5,3.57,3.57,3.33,2.94,2.08,2.27,3.33,4.17,4.17,3.33,2.78,3.33,7.14,2.38,3.33,2.08,8.33,3.33,2.5,4.17,2.78,3.33,3.57,7.14
45,7.14,6.25,2.94,3.33,2.08,4.17,2.5,2.63,2.08,3.85,3.57,4.55,2.08,8.33,7.14,2.63,2.78,4.17,3.57,2.08,2,2.27,2.17,6.25,2.63,2.38,2.78,2.38,8.33,5.56,3.33,3.85,6.25,3.57,2.17,4.55,2.5,7.14,4.17,2.08,2.63,3.33,2.5,2.27,3.13,3.57,5,2.27,5,2.38,5.56,2.94,5,6.25,4.17,2.5,3.85,3.33,2.78,5.56,3.57,4.17,5.56,5,10,2.63,2.17,2.08,3.85,5.56,2.5,4.55,3.85,2.27,6.25,2.17,3.57,2.63,4.55,2.78,6.25,3.57,3.85,4.55,4.55,3.33,10,2.38,4.55,7.14,4.17,7.14,2.5,2.78,2.5,2.08,2.5,3.85,3.57,4.55,5.56,5.56,4.55,4.55,6.25,2.08,10,2.63,2.5,5,3.85,5,2.08,8.33,2.08,3.85,4.17,2.08,2.38,2.08,3.13,2,2.78,6.25,10,2.08,2.63,2.27,7.14,5.56,4.55,5.56,10,3.13,2,2.78,2.38,2.94,10,8.33,3.85,2.27,4.55,2,3.57,3.33,2.5,3.13,6.25,6.25,2.17,2.17,2.17,2.94,4.55,8.33,5,3.57,2.5,2,2,8.33,3.85,8.33,4.55,5.56,5,3.85,4.17,4.55,2.27,6.25,4.17,2.5,4.17,4.17,8.33,2.17,2.17,2.94,2.38,2.78,2,6.25,8.33,5,2.38,2.27,8.33,3.57,3.57,3.33,2.78,8.33,10,3.85,5.56,2.94,4.17,7.14,4.17,2.38,2.78,7.14,3.85,2.27,2.27,10,3.85,5.56,5.56,4.17,2.38,3.85,5.56,4.17,3.33,2.63,7.14,8.33,4.17,2.78,3.85,8.33,2,5.56,10,5.56,2.78,2.5,10,2.38,2.5,3.57,3.13,2.63,10,4.55,5.56,2.17,7.14,2.08,2.27,2.94,7.14,3.57,3.33,3.13,2.63,3.57,2.94,3.33,3.13,7.14,2,3.13,2.27,2.08,2.17,3.57,2.38,2.08,10,3.33,8.33,3.85,2.78,5,5,2.27,3.85,5,5.56,6.25,4.17,4.55,6.25,2.63,2,2.94,2.78,3.57,10,4.55,2.5,5.56,2.38,2.17,4.55,2,2.27,2.17,3.57,3.85,10,2.78,2.78,5.56,8.33,3.57,2.08,5.56,5,10,3.57,10,4.55,7.14,3.13,3.57,3.57,3.85,8.33,5,5,4.55,2.27,3.33,3.85,2.78,2.27,10,2.5,2.78,8.33,5.56,10,2.78,5.56,2,2.78,2.78,2.38,2.27,2.38,4.17,2.38,6.25,6.25,2.27,4.17,8.33,2.78,3.13,2.5,7.14,3.13,2.78,2.94,2.5,3.13,8.33,2.78,2.78,2.38,10,3.33,2.27,3.13,2.38,6.25,2.17,2.27,5,3.33,10,2.38,3.57,3.13,2.27,2.08,2.63,8.33,10,5,4.55,3.33,5,2,2.17,2.63,2.08,5.56,7.14,2.17,6.25,10,2,5.56,10,2.78,4.17,3.85,6.25,4.17,2.94,5.56,10,2.94,2.78,7.14,2.63,3.85,3.13,5,4.55,2.94,2,3.13,2.94,2,5.56,2.27,6.25,7.14,2.38,3.33,2.5,3.85,8.33,2.94,5.56,2.94,3.85,8.33,10,6.25,6.25,2.27,2,3.57,3.57,10,2.08,3.85,2.27,3.85,3.13,2.63,2.38,3.13,10,5,7.14,4.17,3.57,2.38,3.13,3.13,5.56,2,2,3.13,5.56,2.17,7.14,3.57,3.33,3.33,4.17,2,2.63,2.38,10,7.14,2.5,2,8.33,3.85,2.94,2.78,2.27,2,2.78,10,5,8.33,3.57,7.14,2.27,2.17,2.38,5.56,4.17,2.78,2.17,10,5.56,10,2.38,2.5,2.17,2.08,3.13,2.63,3.33,5,5.56,2.38,4.17
46,8.33,8.33,4.17,3.57,6.25,2.27,3.57,5.56,8.33,2.27,2.27,2.94,3.33,2.78,10,3.85,4.55,4.17,8.33,5,5.56,2,4.55,3.33,3.13,5,3.57,5.56,3.57,2.38,5,10,4.17,2.27,5,2.27,5,2.78,2.17,3.85,2.63,2.63,5.56,7.14,6.25,3.33,5,4.55,3.57,3.85,3.13,7.14,2,2.38,2.63,2.78,2.5,2.17,2.27,2.38,2,10,2.08,5,3.57,3.57,3.85,3.57,2.17,6.25,3.57,4.55,2.63,2.94,2.94,2.08,2.94,3.85,2.94,3.57,2.78,3.57,3.57,5.56,2.94,6.25,2.5,8.33,5.56,2,3.85,2.27,7.14,7.14,7.14,8.33,2.5,7.14,3.85,3.33,2.94,4.55,2.63,4.55,4.17,4.55,2,5,2.27,2.38,3.33,2.5,2.27,2.08,4.55,5,10,2.17,5.56,3.85,2.17,2.94,2.27,3.57,4.17,2.08,4.55,2.17,2.17,2.63,2.94,7.14,2.94,6.25,5,2.63,4.17,6.25,7.14,5.56,3.13,2.27,2,6.25,5,5,2.38,2.08,10,5.56,3.57,2.38,2.63,10,2.78,4.55,2.38,3.85,6.25,3.13,3.33,2.08,2,3.57,7.14,5,2.27,4.55,2.63,5,3.13,2.27,4.55,2.38,5.56,10,2.63,2.63,2.78,2,8.33,2.63,3.57,5,3.57,3.57,2.63,2.5,6.25,7.14,2.5,2.63,10,2.63,5.56,2.17,2.94,3.33,8.33,8.33,4.55,8.33,2,6.25,2.63,8.33,3.33,2.94,5,2.38,6.25,3.13,2.38,7.14,2.27,5,2.63,2.63,2.17,5.56,5,4.17,8.33,6.25,2.08,4.55,6.25,2.78,2,2.78,3.13,8.33,7.14,2.63,3.13,3.57,2.63,2.27,2,5.56,2.63,10,10,3.13,2.78,2.94,5,7.14,5.56,3.33,3.33,3.85,2.63,2.63,2.94,2.38,2,4.17,2.17,3.33,2.5,4.17,2.38,2.08,2.27,5.56,6.25,2.63,5.56,3.85,2,5.56,2.17,7.14,3.57,5.56,4.55,2.78,2.08,7.14,2.38,6.25,10,3.33,3.13,3.33,2.78,4.17,3.85,2.5,3.57,2.78,2.94,2.78,4.55,2.63,4.17,2.27,3.13,3.33,2.38,4.17,2.5,2.63,2.78,4.17,2,7.14,2.5,2.08,3.57,2.5,2.17,2.38,4.17,10,3.57,2.63,10,6.25,7.14,2.94,2.38,7.14,5,2.94,5.56,2,3.57,10,2.38,5.56,2.94,6.25,2.38,10,7.14,3.33,2,3.57,7.14,4.17,4.55,2.17,10,6.25,3.33,4.17,2.5,3.33,2.78,4.17,2.27,2.08,3.33,10,4.55,2.94,3.13,4.55,7.14,10,7.14,2.5,3.33,2.5,7.14,8.33,10,7.14,6.25,3.85,2.08,10,3.33,2,4.55,2.5,2.5,3.85,4.55,3.33,2.08,4.17,3.57,3.85,5.56,3.85,2.63,3.13,3.13,3.85,4.17,6.25,2.38,3.33,2.08,10,2,5.56,2.17,6.25,8.33,5,10,8.33,2.78,4.17,2.5,2.08,2.5,7.14,2.38,2.94,3.85,3.57,2.38,3.13,2.5,3.13,5,2.08,5.56,5,2.5,8.33,2.94,5.56,2.94,7.14,2.94,2.27,3.57,2.94,5.56,3.85,4.55,10,3.33,2.17,4.55,4.55,8.33,3.85,4.55,2.17,2.63,7.14,2.63,6.25,2.63,8.33,4.17,2.63,3.33,3.33,3.57,3.57,3.57,2.17,2.27,6.25,2.38,7.14,8.33,10,3.13,3.85,2.08,10,3.57,2,2.38,3.13,3.13,8.33,5.56,3.13,2.27,10,4.17,8.33,3.57,10,2.63,4.55,2.27,6.25,2.94,2.78,2.08,3.13,2.94,2.5,3.57,2,3.13,2.27,7.14,2
47,2.5,5,4.17,2.17,2.27,3.85,2,2.38,2.5,2.27,3.85,3.13,3.57,7.14,3.85,2,2.08,2.08,2.08,2.38,2.78,4.17,2,8.33,2.94,3.33,5.56,2.78,5.56,2.63,4.17,2.38,2.94,7.14,2.27,2.17,2.38,10,3.57,2.17,7.14,5.56,2.63,2.94,3.13,5,3.85,8.33,5,7.14,2.94,3.85,7.14,2,2.27,5,6.25,2.27,3.13,8.33,8.33,7.14,5,4.55,10,3.85,7.14,3.85,2.94,2.63,6.25,2.78,2.63,2,5,2.17,3.33,2.5,3.85,2,2.63,5.56,2.27,6.25,2.38,2.5,2.17,5,3.85,2.5,4.17,3.57,2.17,3.85,3.57,2.38,2.27,5.56,3.33,2.94,2.63,5,3.13,3.85,7.14,6.25,2.63,5,7.14,2.94,2.78,2.17,10,2.5,3.85,2.27,5.56,5.56,3.57,8.33,5.56,3.33,4.55,2.17,5.56,7.14,3.85,2.27,2.94,4.55,3.85,3.13,10,5,3.13,2.78,2.08,3.13,2.17,7.14,2.78,3.57,5.56,2.38,3.85,10,5,2.5,4.17,2.38,2.38,5,5.56,3.85,2.27,3.85,2.94,2.78,2.5,2,2.17,2,5,2.63,3.57,5.56,2.78,2.63,4.55,10,4.55,2.78,2.38,7.14,4.55,2.27,5,7.14,7.14,3.85,2.5,5,5,6.25,3.85,3.85,2.94,2.38,7.14,2.5,2.63,4.55,5,10,2.5,10,2.94,2.08,5,2.27,8.33,4.55,2.94,3.13,2.63,2.78,6.25,5.56,4.55,3.57,5,10,2.63,2.38,8.33,6.25,2.08,2.63,3.13,5.56,2.5,4.17,3.13,10,2,4.17,5.56,3.57,7.14,5.56,4.55,2.08,2.17,4.55,3.13,8.33,2.94,8.33,3.57,2.5,3.85,2.17,2.27,2.63,10,10,5.56,10,2.94,4.17,10,10,6.25,2,4.17,5.56,8.33,7.14,4.55,8.33,2.38,7.14,4.17,3.33,2.08,3.13,10,2.78,6.25,3.33,2.17,4.55,5.56,3.57,2.08,5.56,2.78,2.94,2,2.17,7.14,6.25,8.33,7.14,10,3.57,7.14,2.78,3.13,2.63,2.94,7.14,2.08,10,5,2,2.08,2.5,2,3.33,2.17,2.5,2.78,10,2.38,2.38,2.63,4.55,2.27,2.38,2.94,4.17,2.38,6.25,5.56,2.5,5.56,3.85,2.94,6.25,5.56,3.57,4.17,2.5,5,2,2.5,8.33,3.85,3.13,3.85,3.33,3.85,5,6.25,7.14,4.55,2.78,7.14,3.33,2.17,4.55,8.33,5.56,4.55,7.14,2.5,3.57,4.17,2.08,2,4.17,2.17,2.63,2.38,2.38,3.13,2.27,3.33,5.56,6.25,2.17,2.08,3.85,2.17,2.63,2.94,3.33,3.85,3.33,8.33,3.33,5,2.08,2.78,5.56,2.08,6.25,3.85,2.5,4.55,6.25,2.27,2.17,2.17,3.33,2.94,2.5,2.38,4.17,2,5.56,3.33,6.25,2.78,4.17,5,10,2.63,2.27,2.94,2.08,8.33,2.08,8.33,2.38,4.55,8.33,2.94,3.33,3.57,8.33,2.17,2.17,2.38,7.14,2,2.17,2.17,6.25,3.85,2,2.63,2.17,8.33,3.85,8.33,2,2.08,3.13,10,2.5,3.33,3.13,5,5.56,8.33,8.33,5,4.55,3.57,5.56,5.56,4.55,2.63,2.17,3.33,2.5,2.08,6.25,5.56,8.33,3.85,4.17,3.33,7.14,2.17,6.25,2,3.57,2.78,10,4.17,5,8.33,2.78,2.63,2.94,2.17,2.17,2.17,5,5.56,2.5,2.5,3.13,6.25,10,2.08,3.33,4.17,2.5,2.5,4.55,2.08,8.33,2,2.17,2.78,5.56,2.63,2.27,2.38,3.57,4.55,2,2.94,8.33,2.94,7.14
48,2.94,2.5,2.94,7.14,7.14,2.38,2.27,3.13,5.56,4.55,8.33,3.13,2,3.85,2.94,3.33,6.25,2.08,3.33,8.33,4.55,2.78,2.78,2.08,2.38,2.94,4.55,2.17,4.17,3.13,3.13,3.13,2.78,2.78,5,2,2.08,3.57,2,4.17,2.5,5,2.17,2.78,2.78,2.94,2.08,2.78,2.78,4.55,5.56,3.33,2.08,2.27,3.85,3.33,3.57,6.25,2.94,2.78,2.94,10,2.63,7.14,2.08,7.14,2,3.57,2.08,5,10,2.78,6.25,10,2.63,2.78,2.78,2.17,5.56,4.17,4.55,2.27,2.38,2.17,8.33,3.33,3.57,3.85,2.08,2,2,3.33,10,2.5,2.38,4.55,5,2.38,8.33,10,2.27,4.17,2.08,6.25,3.33,7.14,7.14,2.94,2.17,2.17,2.63,3.57,2,2.27,3.57,3.85,5,2.38,6.25,8.33,2.78,4.17,5.56,2.78,8.33,2.78,3.57,8.33,7.14,2,5.56,5.56,2.63,5.56,2.08,7.14,2.17,5.56,2,2.17,4.17,2.17,3.85,3.57,2.63,2.94,2.5,3.85,4.55,7.14,2.17,3.33,2.27,4.17,5.56,2.27,2.08,2.63,2.27,5,2.08,2.78,5,3.57,3.13,2,3.85,3.57,8.33,2.17,3.85,2.5,6.25,4.17,2.38,2,2.78,2.78,3.85,3.57,5.56,3.33,3.13,3.13,7.14,5,3.57,2.08,3.57,3.85,2.38,3.57,2.63,3.33,4.55,10,4.17,10,3.13,2.38,10,4.17,2.63,5.56,2.17,3.85,2.08,5.56,2,2.94,4.17,2.63,5.56,5.56,7.14,10,3.13,2.27,8.33,4.55,2.5,4.55,2.17,2.17,5.56,2,5.56,4.17,5.56,8.33,2,3.57,3.33,2.27,6.25,2.38,5,2.5,3.13,6.25,4.17,2.5,6.25,4.55,8.33,2.27,8.33,7.14,2,4.55,2.5,2.5,2.38,2.38,2.63,2.08,3.85,3.33,3.85,3.85,5,3.57,3.57,4.17,10,8.33,2.08,2.78,2,2.94,2.17,2.38,5,4.55,2,4.55,4.55,2.94,2.27,2.38,3.85,2.38,5,6.25,3.85,3.33,10,5.56,2.78,2.63,10,4.17,4.55,4.17,2.78,2.08,4.17,3.33,5,6.25,4.55,2.63,7.14,2.63,2.38,3.13,10,3.57,5.56,5,7.14,3.85,3.57,2.63,2,2.38,3.33,2.94,3.13,2.5,2.94,4.17,2.38,2.27,8.33,2.78,4.55,8.33,4.55,2.17,2.63,2.63,3.85,10,2,3.85,2.38,2.27,3.13,4.17,3.13,5,5,2.63,4.55,5,2.5,5,2.08,2.5,2.38,2.5,2,3.33,5.56,6.25,8.33,2.27,2,4.55,2.5,6.25,4.17,8.33,2.78,2.17,3.57,10,2.63,7.14,3.13,7.14,2.27,4.55,2.94,3.33,3.57,5,5.56,2.27,3.33,7.14,4.55,2,7.14,2,5.56,3.57,3.13,3.33,4.55,3.13,7.14,2.94,4.55,8.33,2.5,5.56,2.17,2.27,2.27,2.94,4.17,2.78,2,3.13,2.78,2,4.55,2.78,3.33,2.27,3.85,3.85,3.85,4.55,3.85,2.08,10,3.57,4.17,3.33,2.27,6.25,10,2.5,4.55,6.25,5,7.14,2.5,4.17,2.38,7.14,2.17,2.94,4.17,5.56,5.56,2.63,2.27,7.14,2.63,6.25,2.27,2.78,2.94,5.56,2.17,3.13,2.08,2.08,8.33,7.14,2.94,5.56,3.13,2.78,2,10,10,7.14,2.94,2.63,10,2.94,3.57,3.57,7.14,5,10,3.57,2.63,2.63,5,2.94,3.85,5,6.25,2.27,3.13,2.78,8.33,2,5.56,3.33,3.85,3.13,2.5,2.78,2.78,3.57,5,2.38,5.56,3.13,5.56,2.17,2.17,7.14
49,5.56,3.85,2.78,8.33,2.63,3.85,2,2.94,3.33,3.85,2.17,6.25,2.17,2.94,2.17,7.14,4.17,2.63,6.25,3.57,3.85,6.25,4.55,2.63,3.13,4.55,4.55,3.57,3.13,7.14,3.57,6.25,5,3.85,10,2.17,3.57,7.14,8.33,3.13,2.17,3.13,3.85,3.33,5,8.33,2.94,5,2.94,2.78,2.5,2.94,3.57,2.08,2.38,5,2.78,3.33,2.27,5,5,3.57,6.25,10,2.78,2.38,2,3.57,3.57,4.17,3.13,2.63,2,10,4.17,2.5,4.55,2.5,2.38,2.94,3.13,2.27,2.27,2.08,2.78,8.33,2,5.56,2.17,4.55,4.55,2.17,8.33,2.38,4.55,3.33,2.63,2.78,2.5,3.13,5.56,2.5,2.17,5.56,2.38,8.33,3.13,2.94,2.08,3.13,2.78,2.08,2.38,2.27,3.13,2,7.14,2.5,3.57,2.63,2,2.08,6.25,2.17,2.63,2.63,2.78,2.17,3.85,5.56,6.25,3.13,7.14,3.57,4.17,3.57,6.25,2.08,2.38,2.08,2.17,7.14,2.08,4.17,2,2.63,2.17,2.17,2.17,10,2.5,2.27,4.55,10,4.17,2,3.13,2.63,2.17,2,3.85,2,2.08,3.85,3.33,2.63,3.85,2.27,2.27,5,8.33,2.38,4.55,6.25,3.13,3.57,5.56,2.63,2,2.27,2.63,10,2.17,6.25,3.33,5,2.63,2,3.33,3.13,3.13,5,8.33,7.14,2,6.25,5,3.85,6.25,10,4.55,3.33,8.33,2.5,3.57,4.55,2.63,2.08,2,5.56,8.33,3.33,3.13,2.17,3.85,6.25,10,7.14,3.57,3.57,2.78,2,2.27,3.85,2.38,10,2.5,2.5,5,3.85,8.33,3.57,2.78,5,7.14,2.94,4.55,2,2.63,2,2.17,5.56,2.08,2.38,4.17,8.33,5.56,2.27,5,2.27,8.33,2.5,2.38,6.25,8.33,2.17,2.17,2.94,2.78,10,4.17,2.17,4.55,7.14,8.33,7.14,2.17,7.14,6.25,2.08,3.57,4.17,6.25,8.33,2.5,6.25,2.38,3.13,2.17,2.27,2.08,7.14,5,7.14,6.25,2.17,6.25,3.33,2.94,2.27,3.85,2.5,2.08,2.78,2.27,3.57,2.27,3.57,8.33,7.14,3.13,2.08,3.13,5,8.33,3.13,2.17,4.55,8.33,2.63,3.85,2.78,2.27,2.17,3.57,2.17,4.17,2.78,2.94,2.38,2.5,3.33,7.14,2.17,2.27,4.55,2.78,3.57,2.17,4.55,5.56,5,2,5,6.25,2.08,2.27,4.55,2.17,8.33,2.08,6.25,7.14,4.55,4.17,2.63,2.17,3.85,3.85,2.94,3.57,5,2.78,2.27,2.5,2.27,2.94,2.94,3.85,2.78,2.94,2.38,2.38,2,6.25,4.55,2.63,2.08,2.27,2.94,6.25,5,7.14,2.78,2.27,4.55,4.55,2.63,2.17,5.56,5,4.17,6.25,3.57,6.25,5,2.5,5.56,2.94,2.5,4.55,5,2.17,2.94,7.14,3.85,2,3.13,7.14,10,2.78,4.55,3.33,2.5,3.33,2.5,7.14,3.33,4.17,6.25,2.17,10,2.78,10,4.55,2.38,3.57,3.13,2.63,3.13,3.57,10,6.25,5.56,2.27,2.38,2.27,8.33,2.08,8.33,7.14,5.56,10,4.55,2.38,4.17,2.38,2.5,5,5,2.27,2.78,4.55,2,2.94,2.94,5,3.85,2.17,5.56,3.33,4.55,6.25,2.17,10,3.57,3.57,10,3.85,3.13,2.5,2.78,2.94,8.33,2.08,4.17,5,2.63,2.94,3.57,5.56,2.78,4.17,2.17,2.27,6.25,3.33,3.13,2.63,2.08,3.33,2,2.5,3.85,4.55,2.5,2.78,2.63,3.85,5,5,4.17,6.25,3.13,2.78,5.56,6.25,7.14,10,3.57
50,2.08,4.17,7.14,4.17,3.33,2.38,7.14,10,2,10,6.25,2.08,2.78,3.33,3.57,5,3.57,2,2.08,2.63,2.63,3.13,7.14,2,2.27,2.94,6.25,10,4.55,2.78,10,3.57,2.5,2.27,4.17,3.33,3.33,8.33,2.5,2.38,10,2.27,2,5.56,5.56,2.78,3.13,2,4.17,4.55,4.17,2.17,2.5,3.13,2,2.78,2.38,2.17,10,4.55,2.27,3.57,3.85,6.25,3.13,5.56,8.33,2.5,2.38,2.27,3.13,3.57,2.17,5,2.27,4.55,4.17,3.33,4.17,5.56,2.63,6.25,2,2.08,3.13,3.57,3.57,4.17,2,6.25,3.33,2,2.94,2.17,3.85,4.17,3.33,3.85,3.57,4.55,3.33,2.63,3.85,2.5,3.85,4.17,7.14,2.5,3.13,5.56,2.94,2.08,4.17,10,3.13,2.78,2.17,2.63,6.25,10,2.27,4.55,5.56,2.5,2.08,2.78,7.14,4.17,2.27,3.57,5,2.5,6.25,4.55,2.27,2.08,4.55,3.57,2.27,2.63,3.57,2.38,5.56,2.78,5,3.33,5.56,3.57,2.08,7.14,2.5,2.63,2.08,5,2.17,2.63,5,2.94,4.17,7.14,4.17,3.13,6.25,8.33,2.27,2.94,5,2.27,7.14,2.78,2.38,8.33,3.57,2.63,2.38,2.08,2.78,8.33,4.17,10,8.33,3.57,2.27,2.94,3.33,2.94,5.56,4.17,2.17,10,4.17,2.63,5.56,3.85,4.17,4.17,3.13,2,2,2.27,4.55,2.17,5.56,2.94,2.27,10,4.55,2.17,2.5,4.17,2.63,2.63,5,7.14,3.13,2.08,2.78,5,4.55,2.94,2,3.13,4.17,2.63,5.56,8.33,4.17,2.78,6.25,2.94,8.33,5,5.56,2.27,2.38,8.33,2.17,10,10,2.78,6.25,4.17,2.38,3.85,2.38,2.38,3.85,2.94,2.78,3.13,2.94,4.55,3.57,7.14,3.13,3.85,4.17,2.08,7.14,5.56,2.63,2.17,5.56,2.08,2.08,2.08,5.56,4.55,2.27,7.14,2.94,10,5,5,3.85,5.56,2.17,10,2.17,6.25,2.27,3.33,5,2.38,2.17,2.38,2.5,4.17,4.55,5.56,4.17,2.78,2.38,3.33,3.13,8.33,3.13,4.17,3.57,6.25,2,5,4.17,8.33,2.38,10,3.13,2,4.55,7.14,2.78,2.63,2.63,8.33,4.17,4.55,10,2.08,4.55,2.17,2.94,2.27,3.57,3.13,2.08,7.14,4.17,5.56,2.5,5,6.25,4.55,2.38,2.38,5,8.33,2.5,2.63,2.5,2.38,3.13,2.63,5,8.33,8.33,2.17,2.27,2.63,5.56,2,3.13,5,7.14,6.25,4.55,7.14,2.94,2.5,2.63,2.5,2.17,2.63,6.25,2.38,3.57,2.17,2.38,2.63,2.78,2.5,4.17,3.13,3.85,5.56,2.78,8.33,2,2.27,7.14,2.5,6.25,2.38,2.38,2.94,6.25,3.57,7.14,2.78,5,5.56,10,10,7.14,6.25,8.33,2.08,2.94,7.14,2.27,5.56,2.5,2.94,2.63,2.17,5.56,7.14,6.25,2,2.17,2.78,2.5,6.25,2.63,10,3.13,3.33,2.78,3.85,3.57,2.63,10,2.27,10,3.57,4.55,3.85,3.33,5,3.13,5,3.13,2.27,10,2.08,2.38,7.14,2.94,2.63,2.78,3.13,4.17,2.5,8.33,2.08,2.94,2.94,2,3.85,6.25,2.78,8.33,2.08,6.25,4.17,2.08,5,2.27,2,2.27,2,7.14,2.08,8.33,5,5,10,6.25,6.25,6.25,3.33,2.78,10,2,2.63,2.38,6.25,2.94,5,7.14,5,10,3.57,10,6.25,4.55,2.17,5,10,3.13,2.27,3.13,2.5,2.08,2.94,2.63,4.17,5,2.27,2.08,2.94
51,3.57,2.63,2.5,2,3.57,2.5,3.33,4.55,5.56,5.56,2.94,2.38,6.25,2.78,2.5,10,6.25,2.78,3.57,8.33,3.33,2.38,2.5,7.14,6.25,2,2.94,5,2.63,6.25,4.17,2.78,3.13,2.38,2.94,2.78,5,2.38,3.13,2.38,2,2,7.14,7.14,7.14,2.27,2.94,2.17,3.57,2.38,2.94,2.78,5.56,2.63,3.33,8.33,3.85,2.63,10,2.17,2.38,2.63,3.33,5.56,2.5,2.5,6.25,2.94,5.56,7.14,2.38,10,5,2.5,10,5.56,8.33,3.57,7.14,2,4.17,6.25,2.63,4.17,3.13,3.85,3.13,2.17,6.25,2.63,4.17,3.85,2.17,4.55,5.56,2.63,7.14,4.55,5.56,2.17,7.14,2.63,4.55,10,2.17,5,3.33,5.56,3.57,3.57,3.57,4.17,2.38,2.38,5.56,2,8.33,10,3.33,5,10,4.17,2.27,8.33,2.78,4.17,3.13,2.38,2.38,4.55,7.14,4.55,2.63,2.38,2.94,2.63,2.38,2.17,10,3.85,5.56,2.27,2.5,7.14,6.25,2.27,4.55,10,2,10,2.63,10,4.17,5,4.17,2.27,2.08,4.55,7.14,8.33,2.17,5,2.5,4.17,2.38,2,4.17,3.85,8.33,2.17,2.27,4.55,2.08,10,7.14,4.17,2.17,3.57,6.25,2,8.33,3.85,3.33,5,2.5,6.25,3.33,2.38,6.25,2.63,2,2.78,2,3.33,2.63,5.56,2.27,6.25,2.27,4.55,2.27,2.5,2.78,2.38,8.33,2.38,3.33,8.33,3.13,3.57,3.33,4.17,2.38,8.33,5,2.78,2.5,2.5,2.08,10,2.27,2.17,8.33,3.85,3.13,2.94,5,2.27,2.27,2,3.13,6.25,8.33,3.13,6.25,3.33,5,2.94,5,2.5,2.63,2,6.25,2.63,2.5,8.33,2.78,5.56,3.13,2.94,5.56,2.94,5.56,7.14,5,6.25,2.63,2.78,2.94,2.27,2,2.5,5,5,5.56,3.57,5.56,4.55,4.55,3.57,6.25,10,3.33,8.33,2.08,2.38,3.13,7.14,2.78,2.08,7.14,5.56,10,8.33,2.38,3.85,3.85,2.94,7.14,3.85,2.38,3.85,7.14,3.57,3.85,3.85,2.08,2.08,5.56,2.38,2.17,4.17,2.38,2.27,2.5,3.85,2.17,6.25,2.94,2,2,5,4.17,6.25,7.14,2.27,2.78,2.38,3.57,2.63,2.63,2.63,3.13,6.25,2.63,2.27,2.08,2.94,10,3.13,2.17,2.94,3.57,2.38,2.63,4.17,2.17,4.55,2.5,8.33,2.38,5,5,2.94,5,3.13,3.57,10,4.55,2.08,2.63,3.13,2.08,5,4.17,3.33,5.56,4.17,4.17,2.17,2.78,2.17,10,2.17,4.55,2.38,2.27,2.94,3.57,5,2.78,2.94,5,10,8.33,10,5,6.25,10,2.63,3.13,2.17,7.14,6.25,3.13,2,2.27,5,4.55,3.57,10,2.08,10,3.33,3.85,10,3.33,2.27,5,2.5,6.25,8.33,3.57,2,3.13,5,2.5,5,3.85,7.14,3.13,6.25,4.17,2.94,2.5,6.25,3.57,2.38,3.85,2.08,3.33,10,2.94,3.33,3.57,3.57,2.38,4.17,2.63,7.14,5.56,3.33,2.94,2.08,3.33,3.33,6.25,2.17,2.78,2.5,5,2.63,4.55,8.33,3.57,5,5.56,4.17,3.33,4.55,3.85,3.13,3.57,2.5,2.94,2.38,2.17,7.14,2,2.94,3.13,6.25,3.85,6.25,2.94,4.55,2.78,4.55,2.27,2.78,2.5,3.13,7.14,2.78,5,4.55,2.08,2.78,2.78,3.85,2.27,2.5,6.25,2.5,7.14,2.5,2.78,4.17,5,2.94,2.5,3.33,3.85,3.57,2.63,7.14,7.14,7.14,3.33,2.5
52,2.38,3.57,5.56,3.85,2.63,2,4.55,2.27,2,2.08,2,2.78,4.55,4.55,2.38,8.33,3.57,4.55,2.27,6.25,3.85,2.38,3.33,4.55,2,3.85,2.63,5.56,2.38,6.25,2.63,10,6.25,2,8.33,4.55,3.13,7.14,2.5,2.94,3.57,2.27,3.57,2.17,4.17,2.78,2.78,5,2.63,2.5,5.56,2,2.63,8.33,2.78,5,2.5,3.33,2.5,2,5,4.55,4.17,2.94,8.33,2.63,3.13,3.85,3.57,2.5,2.78,2.5,2.27,2.38,4.55,3.57,2,2.78,2.5,2.08,5.56,2.17,2.17,2.17,2.38,6.25,2.78,5,5,2.27,3.33,2.08,3.57,3.57,6.25,2.38,7.14,2.94,10,2.17,2.5,5.56,2.38,5,5,2.17,2.63,2.5,2.27,5,2.63,8.33,10,5.56,2.63,2.94,2.17,3.33,2.94,2,3.33,2.63,2.27,4.17,3.33,2,2.78,2.5,2.94,2.5,2.27,5,6.25,10,6.25,2.78,10,3.57,2.63,2.5,2.94,3.33,4.55,3.85,8.33,2.94,2,6.25,6.25,2.38,2.5,2.63,2.94,3.13,4.55,7.14,3.13,2.27,3.85,2.38,2.78,5.56,2.08,3.57,2.5,2.63,3.85,2.5,6.25,2.08,2.38,2.08,8.33,2.27,10,5,2.78,3.13,7.14,6.25,7.14,2.63,10,3.85,5.56,2.17,6.25,7.14,2.94,5,2.08,3.57,2.27,2.94,3.33,2.63,2.63,6.25,2.17,5.56,3.13,3.85,3.13,2.94,2.94,6.25,2.63,2.94,2.08,2.27,3.13,3.13,3.85,3.57,8.33,5.56,4.55,3.57,8.33,2.27,2.63,10,2.08,7.14,3.33,3.13,3.33,2.94,2.27,5.56,3.13,2.94,2.17,3.33,10,4.17,2.17,3.33,2.94,2.78,10,2.17,6.25,6.25,5,3.13,6.25,2.63,4.55,5.56,2.27,2.17,3.13,3.85,2.17,5.56,5.56,7.14,2.5,5,2.5,6.25,3.33,3.33,4.55,2.78,3.13,5.56,6.25,2.5,3.33,5,2,8.33,2.5,10,2.63,2.08,3.13,6.25,4.55,2.27,2,2.63,4.17,3.57,4.17,10,7.14,4.17,2.63,3.57,5.56,2.94,8.33,2.63,2.94,8.33,4.17,2.5,2.94,2.5,6.25,5,5.56,2.78,3.85,2.08,4.17,2.08,10,8.33,10,3.33,2,2.27,3.13,4.55,7.14,2.5,2.94,2.27,7.14,2.38,2.94,2,6.25,6.25,2.38,5,3.13,4.55,4.55,7.14,3.85,5,2.17,3.33,6.25,2.08,5,2,8.33,5.56,5.56,6.25,5.56,3.85,2.5,3.85,6.25,2.94,6.25,2.94,2.17,3.13,5,2.63,3.85,4.17,4.55,8.33,6.25,2.17,2.27,5.56,7.14,3.85,10,7.14,6.25,3.33,2.27,3.85,3.13,4.55,3.85,4.55,3.33,2.78,5.56,2.17,8.33,7.14,2,2.63,2.78,2.38,10,10,3.85,5.56,2.63,2.27,2.94,2.78,2.17,2.94,3.13,3.33,2.08,3.33,8.33,6.25,8.33,3.57,6.25,5.56,2.5,6.25,2.08,4.17,2.08,3.57,2.78,2.17,3.13,4.55,3.57,3.13,2.94,7.14,2,5.56,2.08,8.33,4.17,4.17,2.94,8.33,3.33,2,2.27,2.63,2.27,3.57,4.55,3.57,3.57,2.17,6.25,3.85,10,7.14,2.78,5.56,2.27,2.17,2.5,3.33,6.25,2.27,5,3.33,3.85,7.14,4.17,4.55,2,5,2.38,3.13,10,4.55,8.33,4.17,7.14,2.94,2.94,4.55,2.5,6.25,8.33,8.33,2.08,3.33,2.63,2.38,2.08,2.08,4.55,3.57,2.27,3.33,2.5,2.27,2.17,5.56,2.63,8.33,8.33,7.14,4.17,2.17,2.78,10,4.55,3.33,2.63,2.5
53,2.5,3.85,4.17,7.14,3.33,10,8.33,2.78,4.17,2,3.85,3.85,2.38,3.57,2.63,5,4.17,2.94,10,2,2.5,10,2.38,7.14,3.33,2.08,8.33,2.63,3.85,3.33,3.85,2.94,2.17,5,3.57,2.27,3.57,2.78,5.56,7.14,7.14,3.85,5,4.55,3.57,3.13,2.78,2.17,2.78,4.55,2.78,2.78,3.33,2.38,8.33,3.57,5,2.17,3.85,2.38,2.08,3.33,5.56,2.27,5.56,8.33,5,2.27,2.78,2.27,3.57,3.33,3.33,4.55,3.85,2.08,2,2,7.14,2.08,4.17,6.25,2.94,3.57,4.17,2.94,8.33,2.27,3.57,2.27,2.08,3.13,3.33,3.33,6.25,4.17,2.94,3.85,3.33,7.14,4.17,10,5.56,4.55,3.33,6.25,2.5,3.13,7.14,6.25,2.27,2.27,5,5,2.94,2.08,2.78,4.17,2.38,8.33,2.94,2.17,2.63,3.33,5.56,6.25,10,8.33,5.56,2.5,3.57,2.38,3.57,2.38,6.25,5.56,2.94,3.57,2.27,5,5,7.14,2.08,8.33,2.78,2.78,5.56,2.38,5,2.78,7.14,2.94,8.33,2.94,2.38,4.17,3.33,3.85,2.78,2.27,3.85,3.85,6.25,7.14,4.55,3.57,5,2.27,3.57,5,5.56,2,5,2.78,6.25,4.55,2.38,5.56,8.33,2.38,2.94,3.57,2,7.14,2,10,7.14,8.33,2.78,8.33,3.13,4.55,3.13,2.63,2.5,2.78,3.33,4.55,3.13,2.78,2.5,4.17,2,2.27,3.57,2.27,2.94,2.5,2.5,7.14,10,3.85,8.33,3.57,2.63,2.08,2,6.25,3.85,2.78,2.94,2.38,2.78,2.27,2.08,3.33,3.57,8.33,2.17,3.57,3.13,2,2.38,2.94,2.08,2.94,5.56,4.55,2.38,4.17,2.78,5,4.55,10,6.25,3.57,10,5,3.85,3.13,3.33,3.13,3.13,2.78,5.56,8.33,2.63,4.55,3.13,2.08,3.57,2.94,5.56,10,2.78,2.63,8.33,2.27,3.33,5.56,2.63,4.17,2,5,7.14,5,2.5,3.57,2.38,3.85,2,4.17,2.27,8.33,3.33,4.55,3.33,7.14,2.27,7.14,2.08,3.57,3.13,8.33,4.55,10,3.33,2.63,2.38,2,5.56,2,2.27,3.57,5.56,7.14,4.17,5.56,7.14,3.85,4.55,2.38,2.78,4.17,2.5,4.55,2.27,3.85,2.78,2.27,3.57,2.38,7.14,2.63,3.33,10,5,2.94,2.5,2.38,2.94,3.33,2.63,2.27,6.25,5,8.33,2.94,2.08,6.25,4.55,3.33,3.33,2.08,2.94,5,4.55,8.33,2,2.5,2.17,3.13,3.57,10,2.27,8.33,4.17,2.17,2.5,2,10,2.38,2.38,10,2,6.25,2.38,2.17,3.13,2.17,2.17,2,7.14,2,2.94,5,2.27,3.85,2,2.63,2.17,2.38,2,5,5.56,8.33,2.94,5,2.78,2.94,2,6.25,2.94,5,5,2.38,2.27,2.5,3.33,2.27,3.13,6.25,3.85,6.25,6.25,2,4.17,2.5,3.13,2,2.27,2.5,3.13,6.25,3.85,8.33,2,2.63,3.33,4.17,3.13,10,3.33,10,3.33,2.17,4.17,4.55,3.13,2.78,2.63,2.94,2,3.33,3.57,3.33,2.94,2.63,2.5,2.27,2.17,7.14,10,2.63,2.08,10,8.33,5.56,4.17,3.33,5,2.08,4.55,3.33,3.13,5.56,4.17,10,2.5,2.17,2.27,2.94,3.33,6.25,2.94,10,2,2.17,2.5,10,7.14,10,6.25,2.38,10,2.08,6.25,2.08,4.55,2.38,2.27,6.25,3.13,5.56,5.56,2.63,5.56,2.94,2.5,4.55,8.33,2.38,2,10,10,2,2.08,10,5,2.63
54,3.57,4.17,2.17,8.33,2.5,3.57,2.63,3.85,2.63,2.27,2.27,4.17,4.17,5,2.94,2.27,4.17,2.94,6.25,4.17,4.17,3.13,4.17,4.55,2.63,3.85,7.14,10,6.25,5.56,2.5,10,2.63,2.17,5,2.5,4.55,3.57,3.85,10,3.13,7.14,2,3.85,7.14,4.55,2.38,2.27,5,4.17,4.17,2.78,3.85,3.13,10,3.13,10,2.94,2,4.17,8.33,6.25,10,2.17,2.78,2.08,3.13,2.17,6.25,3.13,3.85,2.78,2.94,3.57,2.17,2.5,3.33,4.17,2.17,3.13,2.27,2.63,5,4.55,3.33,7.14,2.94,2,2.94,2.5,4.17,2.38,3.57,3.13,5,3.13,2.17,8.33,6.25,2.38,2.27,3.85,2.38,2,6.25,10,3.13,2,5,2.17,2.08,2.5,4.55,2.94,2.78,2.17,2.08,2.78,2.78,2.08,2.63,2.08,8.33,8.33,8.33,3.13,3.85,2.78,2.17,6.25,5.56,8.33,3.33,5,3.85,4.55,2.94,2.63,3.85,2.94,2.27,8.33,2.5,3.85,3.85,4.55,2.08,2.5,10,2.94,2.78,8.33,5,3.57,3.13,2.63,6.25,2.5,3.85,4.55,8.33,2,5.56,7.14,3.33,2.38,5.56,8.33,6.25,4.17,4.17,3.33,3.85,5.56,3.13,6.25,2.17,4.55,8.33,2.94,3.13,4.55,2.17,3.57,7.14,10,2.27,2,6.25,5,4.55,2.38,2.38,4.17,2.08,2.17,10,2.38,6.25,2.38,3.33,3.33,3.13,2,3.57,7.14,2.63,3.13,5.56,6.25,2.38,3.13,7.14,2.38,2.27,2.27,2,8.33,3.57,2.38,5.56,3.85,2.08,5,4.17,4.17,2.63,2.94,4.17,2.08,8.33,2,2.5,2.27,2.94,3.13,2.08,2.27,2.17,10,2.08,10,2.17,2.5,7.14,4.55,5.56,2,2.5,5,3.13,7.14,7.14,2.38,3.33,3.85,2.94,3.33,3.13,5.56,6.25,2.78,2.08,2,2.27,2.38,2.17,3.33,2.38,8.33,2.38,7.14,5,5,5.56,3.57,2.63,2.27,4.17,5,2.94,6.25,3.85,3.13,5,2.94,10,3.33,4.55,4.55,2.27,2.17,7.14,5,2.94,4.55,2.17,4.55,3.33,4.17,2.63,2,3.33,2.78,4.17,7.14,2.27,2.5,2,6.25,2.5,2.38,4.17,2,2.94,7.14,2.94,3.33,5,10,3.33,4.55,3.13,3.57,3.85,2.27,7.14,3.33,8.33,6.25,3.57,2,2.78,7.14,4.17,4.17,2.63,3.85,2.63,2.08,2.5,2.08,2.5,2.5,2.5,3.33,2.78,7.14,2.17,10,10,2.78,4.55,5.56,2.17,4.55,2.78,5.56,4.17,7.14,4.55,3.85,2.17,2.5,2.38,2,3.13,2.08,6.25,2.08,3.57,3.13,3.85,3.13,2.94,2.17,5.56,5,2.94,4.17,5.56,8.33,2.78,2.78,2,3.57,2.27,3.57,10,5,2.38,5,4.55,3.57,2.94,10,2.78,5.56,2.78,10,4.55,3.85,7.14,4.55,2.27,2.63,4.55,3.57,10,2.5,3.33,3.33,3.33,2.17,3.13,7.14,7.14,4.55,2.27,7.14,2,2.63,2.5,3.57,5.56,6.25,2.17,2.78,2.27,5.56,3.57,3.33,6.25,5,6.25,2.63,2.08,2.78,2.78,2.27,2.94,2.5,3.85,2.38,2,8.33,3.85,7.14,3.33,5,3.85,5,8.33,10,3.33,3.57,2.17,2.63,2.78,10,2.5,3.85,5.56,2,2.27,8.33,3.57,4.17,2.78,2.38,5,3.33,2.38,2.08,2.38,5,2.38,5,3.13,2.78,3.57,5.56,5.56,2,2.78,2.17,3.13,2.94,3.33,8.33,3.57,2.63,8.33,8.33,3.57,4.17,4.55,4.17,2.78,2
55,4.55,3.13,4.55,3.33,3.33,3.33,2.08,3.57,2.08,10,3.85,2.63,2.08,2.17,2.17,7.14,4.55,7.14,2.78,2.08,2.5,7.14,2,3.33,10,3.85,10,8.33,2.5,5,2.63,2.27,2.63,5.56,2.5,2.78,10,5,2.27,2.63,6.25,2.17,10,3.13,6.25,6.25,7.14,3.85,2.38,2,5.56,3.33,6.25,7.14,8.33,2.27,2.38,4.17,10,4.55,5,3.85,2.38,2.94,2.27,3.13,2.08,2.94,2.27,3.57,7.14,3.33,5.56,3.57,2.17,2.63,2.94,2.08,2.63,10,3.13,7.14,2.94,6.25,2.63,2,5.56,6.25,2.78,10,2.94,2.27,3.85,2.63,2.78,3.13,4.55,7.14,2.94,2.63,2.63,5,2.27,10,10,4.55,5.56,10,5,2.94,2.38,4.55,3.33,5.56,2.08,6.25,2.94,2,5,2.78,3.33,2.5,2.17,2.27,2.27,4.17,3.85,4.55,7.14,2.08,8.33,6.25,3.57,6.25,2.27,3.57,2.08,4.55,2.78,3.33,4.55,2.27,3.13,3.57,8.33,2,3.13,3.13,6.25,2.5,3.33,4.17,2.08,6.25,5,2.63,2.78,3.85,7.14,5.56,2,2.38,2.38,10,6.25,7.14,7.14,2.78,6.25,2.5,3.57,2.08,3.85,3.33,3.57,2.38,10,2.63,8.33,2.94,7.14,8.33,10,4.55,2.5,10,2.08,2,3.13,2.94,2.94,2.38,5.56,3.33,2.94,3.13,8.33,2.27,2.94,3.13,2.27,2,4.17,8.33,3.85,10,3.85,6.25,7.14,5.56,2.63,4.55,6.25,10,8.33,8.33,2.08,3.33,2.08,6.25,2,3.57,2.08,5.56,5.56,8.33,2.38,2.17,7.14,3.33,2.17,2.94,4.55,2.27,6.25,2.08,5.56,6.25,4.17,4.17,8.33,2.08,2.78,3.85,7.14,5.56,2,2,5,2.94,10,2,2.27,3.57,2.38,2,5.56,2.63,5,2.63,2.38,10,10,7.14,5.56,2.5,2.78,6.25,2.94,2.94,3.33,2.38,2.17,3.85,3.85,6.25,6.25,2.5,8.33,5.56,3.57,6.25,2.38,7.14,3.85,10,2.27,2,4.17,2.78,6.25,2.38,3.33,5,3.13,2.94,2.63,4.17,8.33,4.55,10,2.17,5,2.38,3.33,2.5,4.17,3.33,4.55,2.94,3.85,2.78,2.63,3.33,2,2.63,2.17,2.78,2,2.78,3.85,3.13,8.33,2.17,10,5.56,2.17,6.25,6.25,2.08,10,10,2.78,7.14,2.08,3.13,2.78,2.08,5,2,2.94,2.5,4.55,3.85,2.17,3.33,6.25,2,2.38,3.57,3.13,5.56,3.57,2.08,6.25,2.94,2.38,4.17,2.17,3.85,10,2.08,2.38,2.5,2.5,2.27,3.85,7.14,2.94,3.85,3.57,2.08,4.55,7.14,3.57,3.13,3.13,2.63,2,2.78,8.33,2.78,3.33,2,2.27,2,3.13,6.25,2.94,5.56,2.78,6.25,3.57,2.5,6.25,2.78,3.85,5,2.08,3.13,3.85,5,4.55,2,2.63,5,5.56,2.08,6.25,2.78,2.5,2.5,8.33,2.08,10,2.38,2.08,3.57,3.57,10,4.55,7.14,5.56,2.38,8.33,2.78,6.25,6.25,5,2.78,4.17,7.14,8.33,4.55,2.63,8.33,2.94,3.57,2.94,7.14,5,10,3.85,3.33,2.27,2.94,2.78,2.17,2.17,2.78,7.14,3.85,2.94,6.25,2.78,3.57,3.57,4.17,2.63,2.78,3.57,2.94,4.55,4.17,3.13,3.13,3.57,10,3.57,3.57,5.56,2.94,2.63,2.63,2,2.63,3.33,4.55,5.56,3.85,2.94,2.94,2.27,2,2.38,3.57,7.14,3.85,10,3.85,2.38,2.63,2.08,5,2.78,2.08,2.5,5.56,3.57,2.5
56,2.38,2,2.38,4.17,2.38,5.56,2,4.17,2.5,4.55,5.56,6.25,2.5,2.5,3.13,2.17,4.55,4.17,2,2.38,3.57,5.56,10,3.13,2.94,2.17,4.17,2.38,7.14,2.78,10,2.78,2.94,2.08,3.13,6.25,2.27,2.78,8.33,2.38,3.13,2.38,8.33,5.56,3.85,4.55,6.25,2.94,3.33,7.14,5.56,4.55,2.78,3.57,3.57,2.27,2.27,6.25,2.27,4.17,2.27,2,2.94,3.33,4.17,4.17,5,3.57,2,2.17,2.38,4.55,3.57,2.5,2.27,3.13,5,2.5,2.17,3.33,2.17,7.14,6.25,7.14,7.14,2.78,3.57,2.78,3.13,3.33,2.63,2.38,8.33,3.57,2.78,2.5,7.14,2.63,2.78,2.5,2.5,2.08,3.13,2,3.85,2.27,2.78,2.94,3.33,3.85,5.56,6.25,2.78,4.17,6.25,10,3.85,2.08,2.94,2.94,2.08,2.63,2.08,3.85,2.94,6.25,4.17,7.14,10,4.55,10,2.78,2.94,2.63,2,3.13,2.63,4.17,3.85,2.5,3.13,7.14,7.14,6.25,2.08,3.33,2.27,2,2.5,4.55,2.27,8.33,4.55,5,2,3.33,2.38,2,3.13,2.78,5,2.94,4.17,10,2.08,2,2.38,2.27,4.55,4.55,8.33,5,3.33,2,4.55,4.17,2,3.57,2,4.55,5,2.5,7.14,8.33,5,2.08,4.55,2.63,2.5,2.63,2.94,3.33,6.25,2.17,4.17,3.57,2.17,2.17,10,3.85,10,7.14,2.17,3.13,10,4.55,2.38,2.08,2.94,2.78,8.33,4.55,3.85,2.63,2.38,2.94,2.27,2.17,2.5,3.57,2.63,5,2.94,6.25,2.78,5,5.56,2.38,2.27,2.27,4.17,6.25,7.14,3.33,2.38,2.17,3.57,2.17,4.55,8.33,7.14,2.78,5.56,2.63,3.33,2.38,10,2.08,3.33,6.25,2,3.33,3.33,2.27,5,7.14,2.94,5,2.63,2.63,4.55,3.13,2.78,5,2.27,6.25,3.57,4.17,4.55,3.57,5,5.56,2.27,4.17,2.38,3.85,2.78,3.85,4.55,3.85,2.5,2.5,2.17,7.14,2.08,3.13,3.85,2.63,3.33,4.17,4.55,3.13,2.08,2.63,5.56,7.14,3.33,3.85,5,2.08,2.38,5.56,2.94,6.25,5.56,6.25,3.13,6.25,3.57,2.5,7.14,8.33,2.94,2,3.33,4.17,2.17,2.08,10,10,2.38,4.17,2.27,2.5,7.14,2,10,4.55,5,10,3.85,6.25,2.17,2.27,2.63,3.33,6.25,2.94,2.08,2.63,2.63,2.78,5.56,6.25,3.57,4.55,2.5,2.5,6.25,2,5.56,10,4.17,2.63,2.27,2.38,5.56,5.56,2.5,2.27,2.17,2,7.14,4.17,2.27,2.63,3.57,3.33,10,8.33,4.55,2.63,10,2.27,2.38,8.33,3.13,5.56,4.17,4.17,3.57,6.25,3.85,2.38,2.5,3.57,7.14,2.5,3.13,2.17,3.85,5.56,2,3.13,3.85,3.57,2.5,3.57,5,3.85,10,4.17,10,2,2.27,3.57,2.08,3.33,2.17,3.33,5,8.33,3.13,3.85,5,3.13,8.33,8.33,3.85,2.38,2.5,10,2.94,3.85,2.94,7.14,2.27,6.25,2.27,6.25,6.25,7.14,8.33,2.78,2.17,2.27,3.13,7.14,10,3.33,5,8.33,3.85,6.25,4.55,2.5,6.25,3.57,2.5,2.78,3.57,2.5,3.33,2.78,5,2,3.57,4.17,3.85,8.33,2.38,7.14,7.14,5,2.5,2.94,3.85,3.57,2.27,4.17,2.27,3.57,2.78,7.14,4.17,5.56,8.33,8.33,3.85,2.38,4.55,2.27,6.25,6.25,3.13,5.56,2.94,8.33,3.85,2.5,10,2.5,2.27,3.57,8.33,4.17,6.25,4.55,8.33,4.17
57,7.14,2.78,3.13,4.55,7.14,5,6.25,10,2.78,10,3.13,10,2.63,7.14,2.63,4.17,2.27,5,3.57,8.33,3.85,4.55,6.25,2.5,2.78,3.33,4.17,2.5,3.13,10,7.14,3.57,2.08,3.85,8.33,3.33,7.14,4.55,2.94,3.85,2.38,6.25,2.27,7.14,2.27,2.63,3.33,8.33,4.55,2.38,5,4.55,2.27,6.25,3.57,3.13,2.63,3.13,6.25,2.17,2.63,2.17,2.08,3.85,3.57,3.85,4.17,2,2.17,8.33,2.38,2.08,3.13,10,6.25,2.94,4.17,2.17,3.33,3.85,5.56,2.08,2.5,8.33,2,2.94,3.57,2.94,4.55,3.57,10,8.33,2.27,8.33,6.25,3.57,3.85,4.55,5.56,6.25,8.33,4.55,2.38,2.17,2.38,2.38,2.78,2.78,2.5,3.33,3.13,2.63,2.63,2.78,4.17,5.56,2.38,2.08,2.78,2.17,8.33,10,6.25,6.25,2.08,2.38,10,10,3.85,3.33,2.63,5,5.56,2.27,4.17,8.33,2.27,7.14,3.85,2.08,4.17,5,3.57,2.94,2,3.57,2.5,2.38,2.78,2,3.57,7.14,2.94,5,3.33,3.13,2.17,5,3.57,2.5,3.57,4.17,5,2,8.33,3.85,4.17,10,6.25,3.85,8.33,3.57,3.13,5,2,6.25,4.55,2,2.94,2.38,6.25,2.08,2.5,8.33,2.63,8.33,4.17,2.63,10,3.33,3.33,2.5,6.25,4.55,2.38,3.85,2.08,2.5,4.17,3.33,2,5,5,7.14,6.25,2.63,6.25,8.33,5.56,2.27,2.63,3.57,8.33,3.33,3.57,3.85,3.13,2.5,4.55,3.85,2.27,3.33,6.25,3.13,2,4.17,4.17,2.63,2.5,3.85,2.78,8.33,7.14,2,5,2.27,10,7.14,3.33,2.08,4.17,2,2.38,2.08,3.85,4.55,7.14,3.85,3.33,3.13,2.38,2.27,2.08,2.38,6.25,2.27,3.13,5.56,7.14,2.27,3.57,2,2.08,8.33,2.5,10,2.27,2,6.25,2.78,6.25,3.33,2.63,3.57,2.38,2.27,5,2.78,2.5,4.17,2.5,2.08,2.94,2.27,3.13,4.17,3.13,2.5,4.17,2.63,10,2.38,6.25,4.17,8.33,2.17,5.56,2.08,3.85,2.38,2.94,4.55,5,2,2.94,2.38,3.13,2.27,3.57,8.33,2.5,2.38,2,3.13,3.57,2.27,2.63,5,8.33,7.14,10,3.85,3.33,2.63,10,8.33,8.33,2.17,6.25,3.57,6.25,3.85,2.63,6.25,5,2.78,2.27,3.33,6.25,2.17,5,3.13,6.25,3.57,2.17,2.17,2,3.13,2.94,2.5,3.85,2,3.13,6.25,2,2.78,2.38,2.38,7.14,4.17,3.13,3.57,2.08,4.17,2.08,4.55,4.55,2.63,2.17,2.63,8.33,4.17,3.57,2.63,3.85,4.17,2.5,10,8.33,2.94,2,2.38,2.27,2.17,2.63,2.63,4.17,3.13,4.55,6.25,2.63,3.33,2.5,7.14,10,2.78,6.25,8.33,8.33,4.17,2.38,2.08,4.55,5,8.33,7.14,4.17,2.08,2.08,2.5,2.5,3.85,3.13,10,2.08,3.85,2.17,2.5,2.08,2.78,5.56,2.08,2.08,7.14,2.94,2,2.08,2.5,2.27,2.08,2.17,2.63,2.63,3.13,4.17,5.56,6.25,2.63,3.33,3.57,2.17,2.5,3.57,2,3.13,3.85,2.63,5.56,3.13,2.78,10,2.38,2.78,4.55,6.25,2.5,2.08,2,8.33,3.13,2.17,3.85,3.57,5.56,2,3.13,3.13,3.57,2.27,3.85,3.85,2.17,2.78,2.17,3.85,4.17,5.56,10,4.17,10,3.57,2.78,10,3.85,3.33,2.94,2.17,7.14,2.78,2.94,2.27,4.55,7.14,8.33,3.13,6.25,3.13,2.17,2.78,3.33
58,4.55,8.33,3.33,7.14,2.27,5,5,3.57,2,2,2.27,8.33,4.17,2.5,8.33,8.33,3.85,2.63,8.33,7.14,3.33,2,3.85,2.08,3.85,2.08,2,6.25,3.33,3.85,2.27,5.56,2.94,6.25,2.17,3.33,2.63,8.33,3.33,2.08,5.56,2,2.27,2.08,2.08,3.13,2.08,2.27,4.17,4.17,2.94,3.57,2.27,2.38,5,4.55,2.63,2.78,3.13,5,2.17,6.25,10,3.85,7.14,4.55,10,8.33,8.33,8.33,2.38,7.14,4.17,2.27,2.08,10,6.25,3.13,3.57,2.94,6.25,2.63,2.38,2.38,10,8.33,2.08,2.38,2.94,4.17,3.85,2,5.56,2.94,2.27,6.25,6.25,5.56,2.5,4.55,5,3.57,2.17,2.63,8.33,2.08,6.25,10,3.33,3.33,7.14,2.78,2,5,8.33,5,2.38,2.63,8.33,2.78,2.08,4.17,3.85,2.63,3.33,10,2.63,2.27,2.94,3.57,8.33,2.78,2.17,3.57,7.14,7.14,2.78,3.13,2.17,6.25,7.14,2.94,2.94,4.55,3.57,5.56,6.25,2.78,2.78,8.33,2.08,3.33,2.63,10,3.13,10,2.5,7.14,10,10,2.27,7.14,8.33,2.78,7.14,3.85,5.56,3.57,3.33,3.57,10,5,4.55,2.78,4.55,2,2.94,3.85,2.27,3.85,8.33,2,2.78,4.55,2.38,4.17,5,3.85,10,4.55,3.85,2.38,8.33,2.94,10,3.85,3.13,5,2.38,4.17,4.17,6.25,2.63,2.08,7.14,2.17,3.57,3.33,2.17,4.17,2.78,3.57,6.25,5,4.55,10,3.13,8.33,10,2,2.78,2.94,4.17,5,2.38,2.17,2.08,2.63,6.25,2.94,10,6.25,10,4.55,6.25,7.14,2.78,2.17,4.17,4.17,2.78,7.14,4.55,2.63,5,4.55,7.14,2,2.63,10,2,3.33,4.17,2.38,2.38,8.33,3.33,10,6.25,2.5,4.55,3.33,2.08,3.85,2.94,10,3.57,8.33,6.25,2,2,2,4.17,3.57,5.56,2.78,2.94,5,3.57,8.33,3.33,3.13,8.33,2.38,3.57,3.13,8.33,4.55,10,2.5,2.17,2.08,3.85,2.78,6.25,3.85,2.63,7.14,2.27,2.78,2.08,2.94,4.55,10,2.27,5.56,3.85,2.5,2.63,2.08,3.85,4.17,5,3.33,3.85,2.78,2.17,4.55,3.85,4.17,10,2.38,10,2.78,4.17,3.57,3.13,2.27,10,3.13,8.33,10,3.85,2.78,2.08,2,3.85,3.13,2.17,2.78,2,3.57,2.94,5.56,3.57,6.25,2.38,5.56,2,10,10,5,2.63,3.13,3.57,2.38,3.13,3.85,8.33,4.17,2.63,4.55,2.27,3.85,5.56,2.08,2,3.13,5.56,2.63,3.85,3.57,5,4.55,2.78,2.27,3.85,8.33,4.55,4.17,2.38,2.78,7.14,3.33,5.56,2.08,6.25,7.14,5.56,2.08,3.33,8.33,8.33,2.5,2,7.14,2.27,2.27,3.85,3.33,3.13,5,4.55,8.33,8.33,7.14,2.5,2.27,2.78,10,2.27,6.25,2,10,3.85,2.94,2.38,10,7.14,5.56,2.5,7.14,2.63,3.57,2,7.14,3.57,10,3.33,2.17,4.55,8.33,5,3.57,2.08,2.5,2.5,2,4.17,2.38,7.14,3.33,2.94,3.57,7.14,2.94,5,5,6.25,4.17,10,5.56,2.5,7.14,2.63,2.17,2,2.63,5.56,2.17,2.63,4.55,3.13,8.33,4.17,5.56,2.08,3.57,2.63,3.57,5,5,8.33,3.57,2.78,4.55,2.27,3.85,2.78,3.85,2.63,10,3.13,3.33,3.85,2,8.33,4.55,2,5,2.78,10,2.17,2.5,2.38,3.33,6.25,2,3.85,2.17
59,7.14,5,3.85,2.78,3.85,5,5,2.5,2.94,7.14,2.78,2,7.14,2.38,4.17,5.56,2.17,7.14,2.5,4.55,2.17,2.94,5,10,4.55,8.33,3.57,2.5,10,2.78,2.38,3.13,2.08,4.55,8.33,6.25,6.25,5.56,3.57,10,7.14,2.38,4.55,2.08,2.94,3.33,5.56,4.17,2.63,2.5,5.56,2.27,2.94,5.56,4.55,2.78,2,3.85,10,7.14,5,3.33,2.27,2.08,8.33,4.17,2.94,2.78,5,10,5.56,4.17,2.5,5,4.55,4.55,2.38,5.56,4.17,8.33,4.55,3.13,2.08,8.33,2.5,4.17,2.78,6.25,2.5,2.38,4.55,7.14,2.94,4.17,3.85,3.57,3.57,6.25,7.14,2.94,2.5,4.55,8.33,3.57,5.56,5,10,2.17,6.25,2,2.08,7.14,2.17,2.08,2.78,3.33,3.85,2.17,3.57,3.33,2,2.78,3.85,2.5,4.17,5,5,2.78,10,3.85,7.14,3.57,2.5,10,3.85,3.13,6.25,5,2.08,8.33,3.57,2.17,4.17,2.38,3.85,2.27,2,5,5,4.17,7.14,3.85,2.94,2.94,5.56,2.08,2.78,5.56,6.25,2.38,7.14,3.57,2.63,2.63,5.56,2.08,2.94,3.13,3.85,2.27,10,2.94,2.17,2.63,2.27,3.13,4.17,2.27,2.5,8.33,2.94,5,10,6.25,2.63,2.78,2.27,2.17,3.33,2.94,2.5,5.56,6.25,2,5.56,2.78,2.94,2.38,2.27,3.85,2.27,8.33,2.78,10,3.57,2.63,5.56,5.56,2.63,5.56,3.85,2.08,4.55,2.63,6.25,2.5,2.63,3.85,2.5,6.25,2.38,5.56,2.38,4.17,4.17,2.63,3.33,4.55,5.56,4.17,2.27,2.63,6.25,2.78,2.08,3.33,2.17,2.38,2.5,5.56,4.17,3.13,2.27,2.5,2.78,2.78,10,7.14,10,2,2.27,2.5,7.14,6.25,2,2.63,4.17,4.55,2.5,4.17,10,2.08,2.27,5.56,3.85,8.33,7.14,3.33,6.25,5,4.17,3.33,6.25,5,5.56,4.17,2.63,8.33,6.25,2.17,5,2.94,3.57,2.27,4.55,2.38,2.63,2,3.85,2.78,2.63,5.56,4.55,5.56,8.33,10,2.5,5,10,10,8.33,2.5,2.63,2.78,5,3.33,4.55,4.55,5,2.5,7.14,2.38,4.55,2.38,3.13,2.63,2.27,7.14,4.55,3.85,2.08,4.17,3.33,3.13,2.17,2.17,2.27,5.56,2.17,6.25,2.38,5.56,3.13,2.94,2.27,8.33,2.78,3.85,3.13,6.25,4.17,2.94,2.94,2.38,2.38,2.94,2.94,2.08,5,2.94,4.55,2.63,3.33,4.55,3.33,2.78,3.33,5.56,2,2,2.38,5.56,2.94,2.78,2.08,8.33,2.27,2.78,2.78,7.14,6.25,8.33,2.94,2.5,3.13,8.33,3.85,2.17,3.33,3.13,2.78,2.27,2.38,7.14,6.25,3.13,4.17,5.56,4.55,2.94,8.33,3.85,5.56,10,3.33,4.55,6.25,2.78,2.08,5,6.25,5,5,5.56,2.17,2.63,2,4.55,2.27,2.38,6.25,2.08,5,2.38,3.13,4.17,3.85,3.57,2.5,7.14,2.78,4.55,8.33,2.94,2.78,2.5,5,5.56,4.17,3.85,5,2.38,2.17,5,5.56,2.27,7.14,2.63,5,5,2.78,2.38,4.55,4.17,3.57,2.38,4.55,2.78,4.17,10,2.94,2.38,3.33,2.78,5.56,10,4.17,6.25,8.33,2.17,2.38,10,3.13,3.57,3.33,3.33,3.85,3.57,2.17,2.78,4.55,3.13,2.78,2.94,2.63,2.5,2.78,6.25,3.33,5.56,3.85,6.25,4.55,7.14,2.5,2.27,5,5.56,3.13,2.5,2.27,3.57,2.78,4.17,3.33,8.33,8.33,2.63,4.55,8.33
60,3.13,7.14,3.85,4.55,2.63,8.33,8.33,10,2.27,3.57,3.13,2.27,2.08,5.56,4.55,2.5,2.38,4.55,3.57,2.17,3.33,2,2.17,2.78,2.38,2.63,4.55,3.13,2.5,3.33,2.78,5,6.25,5,2.17,7.14,3.85,2.17,4.55,2.08,5,3.57,2.38,5.56,3.33,10,2.38,5.56,7.14,7.14,8.33,3.33,5,5.56,3.33,2.17,2.78,2.17,10,2.5,10,2.78,5.56,10,2.27,2.94,5,4.55,6.25,3.57,2.63,3.33,2.17,5,3.57,2,5.56,2.94,5.56,2.38,5.56,2.17,2,2.27,2.38,8.33,2.78,2.17,8.33,7.14,8.33,6.25,3.13,2.17,2.63,2.5,2.27,2,2.17,7.14,6.25,8.33,2.63,4.17,2.38,5,2.94,2.78,2,2.5,7.14,2.63,3.57,3.13,2.5,6.25,5.56,7.14,3.85,2.94,3.13,2.38,2.38,4.55,3.57,2.63,3.85,2.5,2.78,2.63,2.78,2.27,5.56,4.17,2.08,2.63,7.14,2.38,3.85,2,2.5,2.63,4.17,2.5,6.25,2.17,5.56,2.63,4.17,2.5,2.08,2.78,2.78,3.33,3.85,2.78,2.94,2.78,2.78,3.13,3.57,2.78,4.17,8.33,3.13,8.33,8.33,3.85,3.57,6.25,2.17,5.56,3.85,2.78,5.56,6.25,2.17,4.17,2.08,8.33,2.27,2.63,2.38,2.08,2.38,3.85,3.13,5.56,2.38,3.85,2.38,2,2.5,2.63,6.25,4.17,2.5,2.63,2.38,8.33,6.25,3.13,3.13,10,4.17,5,10,3.57,2.27,5.56,3.13,2.63,2.38,2.17,2.94,4.55,4.55,2.17,5.56,2.63,6.25,7.14,2,8.33,2.5,4.17,4.55,2.27,2.63,10,3.33,2.27,2.17,3.57,2.27,2.17,10,2.5,3.85,2.08,5,2.08,3.85,10,4.55,10,2,3.13,7.14,5.56,2.63,10,4.17,7.14,2.08,2,3.85,2.78,6.25,5.56,6.25,5.56,6.25,2,2.94,3.33,2.27,10,3.13,4.17,2.38,8.33,5.56,4.55,2.78,2,7.14,2.27,3.85,2.38,2.94,2,2.38,3.85,3.57,3.57,2.38,6.25,2.94,5.56,2.08,3.33,2.38,8.33,2.17,3.33,10,2.63,2.78,2.5,2.5,2.78,6.25,3.57,2.94,4.55,10,2.94,3.85,2.78,2.63,2.94,3.85,2,2.5,3.33,2.38,2.78,2.5,3.33,2.27,3.13,3.33,2.94,2.38,2.5,3.57,2.63,3.85,2.17,10,6.25,2.08,2,2.94,3.13,5.56,2,10,2.38,3.57,2.78,5.56,4.55,2.27,3.33,2.17,10,8.33,2.08,2.08,2.17,2.08,2.5,2.17,5.56,3.33,2.27,2.38,5,2.17,2,10,3.13,8.33,2.17,2.63,2.5,2.5,5.56,3.33,3.13,2.38,2.94,2.78,7.14,2.17,2.27,2.08,2.5,5,5.56,10,8.33,2.78,2.94,2.38,4.17,3.33,2.38,4.55,3.85,3.57,2.94,3.57,7.14,4.17,5.56,4.17,3.13,3.13,2.78,4.55,2.08,2.63,2.63,7.14,3.33,7.14,3.33,7.14,2.94,2.27,2.17,3.85,2.63,4.55,2.63,3.33,2.27,2.27,2,5,2.17,5.56,7.14,3.57,3.33,4.17,8.33,5,3.13,5,2.17,2,4.55,5.56,2,2.17,5,4.17,3.85,5,10,2.08,3.57,10,5,5.56,7.14,2.5,2.08,3.13,5.56,4.17,2.5,5,3.33,2.63,2.5,2.27,5.56,8.33,3.13,6.25,2.5,5.56,4.55,10,4.17,2.08,4.17,2.94,2.17,4.55,2.38,2.63,8.33,4.55,3.13,2,10,10,2,3.33,3.13,2.08,2.5,5.56,7.14,2.38,2.38,2.38,6.25,2,3.57,3.85,2.08,2.94,3.85
61,3.85,6.25,3.33,2.94,3.13,3.57,10,2.17,2,5.56,6.25,8.33,5,10,4.17,2.08,3.13,5.56,7.14,3.33,3.13,2.63,6.25,2.17,4.17,3.13,4.55,2.78,2.63,8.33,2,4.17,7.14,7.14,3.57,4.55,5.56,5,3.57,2.5,2.08,2.5,3.85,2,3.33,8.33,10,4.17,3.33,2.27,2.78,2.27,3.33,5.56,2.27,6.25,6.25,3.13,2.38,4.55,3.85,4.17,5,8.33,2.78,2.27,6.25,2.5,5.56,3.57,2.27,2,7.14,2,7.14,5,4.17,2,2.38,2.38,10,2.27,2.5,2.5,2.08,6.25,4.17,2.5,2,2.5,8.33,2.27,5,3.85,2.27,2.78,2.38,2.17,2.08,2.78,6.25,2.5,2.63,2.08,2.38,4.55,2.38,2.94,2.5,5,4.55,3.13,2.94,3.57,4.17,2.08,2,2.17,5.56,3.57,2.94,5,2.17,7.14,2,2.94,8.33,3.33,2.38,2,3.57,4.55,3.13,2,2.38,2.38,5,2.94,2.94,8.33,2.78,2,3.85,3.85,10,2.27,3.13,5.56,8.33,3.33,6.25,2.78,2.63,2.78,2.17,2.27,3.57,2.17,2.94,5.56,8.33,2.17,2.78,8.33,2.38,2.27,2.5,6.25,2.08,5,3.57,3.33,3.57,5,10,2.63,2.63,5,3.13,7.14,2.38,2.94,2.78,5.56,2.08,2.08,2.27,2.78,4.55,3.85,5,5.56,6.25,5.56,2.78,8.33,4.17,2.38,4.17,4.55,2.94,2.08,2.08,2.94,2,8.33,4.55,2.94,2.94,4.55,2.27,3.85,2.78,2,2.94,6.25,3.85,5.56,4.55,2.78,2.5,2.5,4.55,3.13,8.33,10,2.5,2.17,3.57,2.38,4.17,3.33,2.94,6.25,2.17,2.27,4.55,5,3.33,2.38,2.78,3.13,3.85,4.55,2.38,7.14,2.27,2.5,2.27,2,2.63,7.14,3.85,2.78,7.14,2.5,3.57,10,7.14,3.33,2,4.55,8.33,8.33,2.5,2.17,2.27,3.13,2.17,2.08,6.25,5,2.78,6.25,2.78,3.33,10,2.78,2.5,3.33,10,8.33,2.94,2.5,2.78,2.63,2.27,5,4.55,2.08,2.5,2.38,7.14,3.85,3.85,2.63,7.14,5.56,2.63,3.33,3.13,10,10,3.33,7.14,4.17,2.08,2.5,8.33,4.17,2.63,5.56,2.27,3.13,5,2.17,3.57,8.33,3.57,5.56,2.5,7.14,2.94,3.85,3.13,3.85,3.33,2.63,3.57,2,4.55,2.17,3.57,3.57,3.13,4.55,2.38,4.17,4.55,6.25,2.27,2.27,10,2.63,8.33,2.63,2.78,3.57,6.25,2.5,2.27,7.14,5,3.57,2.63,10,2.38,2.08,2,3.85,2.5,5.56,5,4.17,4.55,2.38,2.94,2.08,5,2.5,6.25,2.38,5,2,2.17,2.27,5,2,5.56,2,2.63,5,2.27,2.27,2.94,2.08,8.33,5.56,4.17,6.25,2.38,6.25,7.14,3.33,5.56,2.17,4.55,2.78,2.27,6.25,4.17,3.33,2,3.13,2,2.08,4.55,3.13,5,8.33,2.17,2.94,4.17,5,2.5,2.63,5.56,2.94,10,2.38,3.13,2.94,10,2.27,2,2.38,10,6.25,8.33,4.55,4.17,3.85,6.25,2.78,2.63,2.78,5.56,3.57,2.08,5,5,2.08,8.33,7.14,7.14,3.33,3.85,5,2.94,5,3.57,3.85,4.55,2.94,2.94,3.33,8.33,8.33,3.85,5,2.08,8.33,4.55,5,2.5,10,3.33,2.94,6.25,2.08,4.55,3.85,2.27,7.14,2.78,2.63,3.33,3.13,2.63,6.25,2.94,2.63,4.55,3.57,5.56,2.78,2.94,3.13,2,2.08,2.38,3.13,3.85,10,8.33,6.25,2.94,2.27,2.78,2.27
62,2,2,2.27,4.55,2,10,3.85,2,3.33,4.17,2.78,3.85,3.57,3.33,7.14,2,2.78,3.57,3.57,4.55,3.57,2.17,2.08,2.17,3.85,2.17,2.17,5,2.5,2.5,4.17,3.13,2.17,3.85,2.27,2.78,3.57,2.5,2.38,3.57,3.33,4.55,2.5,2.78,2.63,3.85,3.85,3.57,4.55,2.08,3.33,5.56,3.13,2.94,3.57,2.63,3.13,2.94,2.08,2,3.33,3.85,2,2.08,3.13,2.78,7.14,5,7.14,6.25,2,3.33,6.25,3.13,5.56,4.17,2.27,5.56,3.13,2.5,8.33,3.13,3.85,8.33,5,3.85,2.17,6.25,8.33,2,3.33,2.63,2.27,2.63,2.78,2.94,2.38,3.33,2,10,2.63,3.13,10,6.25,2.27,7.14,2.38,4.17,3.85,2.5,6.25,4.55,5.56,3.13,2.38,3.13,8.33,4.55,2.17,4.55,3.33,3.57,4.17,2.17,10,2.08,8.33,6.25,3.57,3.85,3.85,10,4.55,4.55,2.78,5.56,5,6.25,8.33,2.5,6.25,2.27,2.94,6.25,5,5.56,3.13,2.63,3.33,3.57,10,2.38,2.5,4.17,5.56,4.17,2.94,2,4.17,4.17,3.85,2.5,7.14,3.85,4.17,2.08,3.57,5.56,2.94,7.14,8.33,2.5,2.17,8.33,2.63,2,3.13,10,10,2.27,8.33,2.17,8.33,2.38,2.08,2.17,7.14,3.33,2.17,2.63,2.17,5.56,5.56,6.25,2.78,4.55,6.25,6.25,2.94,7.14,7.14,2,2.5,4.17,2.27,2.08,2,2.08,2.5,2.78,8.33,2.38,10,8.33,2.27,6.25,3.33,4.55,3.57,7.14,10,2.17,3.85,3.85,2.38,2.5,2.94,7.14,2.94,2.08,6.25,2.27,5,2.94,2.78,5.56,8.33,3.57,3.13,5.56,3.33,2.27,8.33,2.63,2.63,7.14,2.27,3.13,3.13,3.85,2.17,4.55,2,2.94,2.63,8.33,8.33,3.57,2.27,2.27,3.85,5.56,4.17,2.38,5.56,2.63,6.25,7.14,7.14,2.63,2.5,10,2.63,2.17,3.13,7.14,3.57,10,2.08,2.78,10,4.17,2,3.57,5,2.63,3.57,2.5,2.63,6.25,6.25,10,4.17,7.14,5.56,10,5,4.55,2.63,4.55,2,10,2.17,7.14,5.56,4.55,5.56,4.55,2.63,6.25,2.17,5,5.56,4.17,4.55,2.5,2.17,3.85,10,5.56,3.33,10,2.08,2.78,2,3.57,3.33,2.63,2.38,2.78,2,2.78,5,5.56,4.17,4.17,3.57,4.55,2,2.78,5.56,3.57,5.56,4.55,4.55,7.14,2.5,5.56,4.17,2.78,2.27,2.17,2,2.78,7.14,2,3.85,3.13,7.14,2.38,2.08,5.56,3.33,2.08,2.94,8.33,5.56,2.94,5,2.38,2.5,2.94,2,2.63,2.5,2,2.78,6.25,6.25,5.56,2.94,2,3.13,8.33,2.63,2.27,2.5,3.13,2.08,10,2.27,4.55,8.33,10,2.94,2.63,3.57,3.57,5,2.27,3.33,4.55,2.5,2.63,5.56,3.85,3.85,2.5,2.94,8.33,10,3.85,2.38,5,5.56,2,7.14,2.63,5.56,2.08,2.94,3.33,3.13,2.94,8.33,2.08,2.78,2.94,2.38,4.55,2.5,8.33,2.63,2.27,4.17,3.85,2.94,3.13,2.08,3.13,4.55,2.38,2.38,4.17,2.17,7.14,2.63,7.14,8.33,3.13,2.78,2.27,3.57,3.85,3.85,2.94,2.38,4.17,4.17,2.63,5,3.85,8.33,3.85,5.56,2.17,5.56,2.78,2.27,2.27,5.56,2.27,4.55,3.85,2.38,3.13,2.17,5.56,4.55,6.25,2.08,3.57,3.85,3.13,2.17,3.13,5,2.27,2,2.78,3.13,10,6.25,4.55,3.33,3.85,3.85,4.17,3.85,2
63,3.85,4.55,4.55,7.14,3.13,3.33,5.56,10,3.13,2,2.38,4.55,2.17,7.14,6.25,2.5,3.57,2.94,3.13,2.78,2,2,2.78,4.55,2.08,3.85,2,10,4.55,10,2.63,6.25,4.17,2.17,2.08,2.38,3.85,5.56,8.33,2.94,2.38,2.5,8.33,2.17,2.5,4.55,2.78,2.17,2.27,3.57,4.17,3.85,2.27,8.33,2.63,2.63,5.56,2.17,2.27,7.14,2.94,2.94,2.38,4.17,3.33,3.57,4.17,2.27,4.55,6.25,10,4.17,3.13,3.33,8.33,3.33,6.25,2,2.78,2.38,5.56,2.17,4.55,2.27,6.25,2.27,2.27,4.55,8.33,3.33,2.27,5,4.55,3.85,4.17,2.78,2.38,2.17,3.33,5.56,3.33,6.25,7.14,2.94,2.38,2.38,2.08,5.56,2,3.57,3.33,2.94,2.08,5.56,5.56,2.78,2,2.63,6.25,8.33,5,6.25,8.33,2.78,6.25,4.55,2.08,2.63,2.08,2.27,3.85,2.38,2.08,4.17,2,2.08,3.33,4.17,2,4.17,2,2.27,7.14,5.56,2.17,5.56,2.27,3.85,5.56,2.38,7.14,3.85,2.63,2.08,10,2.78,10,3.33,2.17,2.63,3.33,3.85,2,3.57,2.94,3.57,7.14,4.55,3.33,2.5,3.33,2.17,5.56,2.38,4.17,5,4.55,3.13,4.17,10,6.25,7.14,4.55,3.57,3.85,2.17,5,2.78,4.55,2.27,7.14,10,3.13,2.38,3.85,2.27,5,2.08,5.56,2.17,3.13,2.5,3.57,3.57,4.17,2.27,2.78,3.33,3.13,8.33,3.85,4.17,3.33,8.33,2.38,2.17,8.33,3.13,6.25,2.94,10,2.08,2.63,2.63,6.25,2.5,2.78,2,3.85,10,5.56,6.25,2.08,2.38,4.17,3.33,7.14,4.17,2.17,10,3.13,2.78,3.33,3.33,2.94,5,2,2.17,2.78,2.5,6.25,4.55,3.85,3.85,10,2.78,2.63,3.57,2.38,3.33,2.08,3.13,3.57,2.27,5,2.27,5,8.33,10,2.94,2,4.55,3.57,5,4.55,2.63,8.33,2.38,3.33,5,4.55,2.63,6.25,2.17,2.94,3.33,2.94,3.57,6.25,2.27,2.94,4.55,4.55,2.38,2.94,2.27,7.14,2.27,4.55,5.56,2.08,6.25,5.56,2.63,2.27,3.13,3.33,10,5.56,5,2.17,3.57,4.55,3.33,2.08,2.94,3.57,2.08,2.17,5,3.85,2.27,2.78,2.63,2.08,3.85,5.56,4.55,2.38,3.33,4.17,3.13,10,5.56,2.17,3.33,3.33,2.08,3.33,7.14,2.27,2.63,2,3.85,8.33,5.56,2.38,4.17,10,3.33,2.17,2.27,8.33,4.17,4.55,2.08,3.13,8.33,2,7.14,3.57,4.55,2,2.78,4.17,8.33,3.13,2.63,2.5,2,3.13,2.38,10,2.5,4.17,2.94,3.57,2.63,3.13,3.33,10,2.78,5.56,2.38,4.17,2.63,3.85,3.57,2,4.55,10,8.33,10,2.17,6.25,2.5,2.63,2.5,2.38,2,8.33,2.94,2.08,4.55,8.33,2.17,3.57,4.17,2.17,2.94,2.27,2.94,2.63,2.27,4.17,10,3.85,3.13,4.55,4.55,2.5,2.5,8.33,2.94,7.14,2.27,3.13,5,2.08,4.17,2.27,2.38,4.55,5.56,2.08,2.94,4.55,10,4.17,2.5,2.5,5.56,3.85,2.78,2.17,2.63,4.55,3.13,3.57,3.85,8.33,3.85,7.14,6.25,4.55,8.33,7.14,2.08,2.94,2.17,2.08,10,3.57,2.63,2.5,7.14,8.33,5.56,10,6.25,2.08,2,3.57,2.38,2,3.57,5.56,6.25,5.56,2.08,4.55,3.85,2.27,4.17,3.13,7.14,3.33,3.57,5.56,8.33,2.38,5,2.63,2.17,5.56,2.27,5.56,2.17,4.17,2
64,2.63,6.25,2.08,2,2.08,4.55,2.63,2.27,4.17,3.13,2.5,8.33,5,2.38,4.55,3.85,2.5,6.25,2,2.17,5.56,5.56,3.85,2,3.33,2.5,2.5,2,2.5,2.94,6.25,2.78,10,2,2.27,2.17,2.5,2.78,3.33,5.56,2.27,2.38,2.78,7.14,4.17,5.56,2.5,2,2.08,3.13,2.63,7.14,2.27,2,3.33,2.17,2.5,3.13,3.85,6.25,3.13,4.17,4.17,4.55,2.63,10,8.33,2.94,3.33,6.25,6.25,2.63,3.57,2.17,5,2.5,3.33,6.25,2.5,4.17,3.85,2.27,3.13,2.63,3.13,2.27,3.85,3.85,2.63,3.85,5.56,2.63,8.33,6.25,5.56,2.94,8.33,4.17,2.38,2.08,5,3.57,2.08,2.38,2.17,3.57,4.55,2.27,3.57,3.33,2,2.08,3.33,4.55,7.14,3.57,5,2.27,7.14,10,5.56,3.33,3.85,4.55,8.33,10,2.17,2.27,3.33,2.38,5.56,2.38,2.78,3.85,4.17,5.56,3.85,3.57,2.38,2.17,5.56,2.17,4.55,4.55,2.38,2.08,2.78,8.33,3.57,3.33,3.57,2.17,2.5,3.33,8.33,6.25,3.85,3.13,3.57,2.78,2.5,4.55,2.38,2.08,2.27,5.56,7.14,2.17,3.33,2.38,2,3.33,7.14,3.85,4.17,2.17,2.5,10,2.78,2.5,2.08,2,2.94,8.33,2.63,4.17,4.55,2.94,6.25,2.08,2.38,3.33,5,7.14,2.94,2.5,2.27,10,6.25,3.33,2,2.27,2,10,3.13,2.63,2.08,3.57,6.25,2.38,2.17,7.14,10,4.17,2.78,8.33,4.55,2.63,2.63,6.25,2,8.33,2.94,7.14,3.57,2.5,5.56,10,10,2,2.63,2,2.78,4.17,5.56,7.14,3.85,2.78,5.56,2.08,10,6.25,6.25,2,2.17,4.17,2.17,10,2.27,5,2.08,4.55,7.14,2.63,3.13,3.33,5,2.94,2.94,2.78,5.56,2.17,8.33,7.14,7.14,3.13,2.08,2.78,2.94,2.78,6.25,2.63,4.55,6.25,2.5,2.5,2.27,2.94,10,2.27,8.33,2.08,2.38,3.13,2.27,2.5,6.25,2.78,2.5,5,3.57,5,3.57,4.17,5,7.14,5,8.33,6.25,3.85,5.56,3.85,2.38,2.5,6.25,2.08,2.78,3.13,2.63,2.38,3.57,2,2.94,3.13,10,2.17,2,2.27,7.14,10,6.25,2.94,8.33,6.25,4.17,3.57,6.25,2.38,3.57,2.63,2.78,2.5,10,2.27,2.08,3.13,3.57,2.63,6.25,2.63,2,5.56,5,2.38,2.17,7.14,3.33,6.25,3.85,10,2.08,8.33,2,2.38,2.27,2.5,2.94,4.55,5,2.63,3.85,6.25,3.13,5,3.33,7.14,4.17,2.38,4.55,3.33,10,2.17,3.33,3.33,2.27,2.27,3.13,6.25,2.38,2.94,4.55,10,5.56,3.13,4.17,2.94,5.56,2.27,2.38,4.55,3.13,4.55,3.13,2.08,2.94,3.85,5.56,3.13,5.56,2.5,2.63,2.27,2.5,2.63,6.25,3.13,2.17,7.14,3.85,6.25,5.56,2.63,10,8.33,7.14,6.25,5.56,8.33,3.13,2.38,4.17,7.14,2.63,2,10,3.85,4.55,8.33,2.38,10,6.25,10,2.63,5,7.14,3.57,6.25,6.25,2.78,2.17,3.33,2.94,2,2.38,3.33,7.14,2.78,4.55,5.56,2.63,3.57,2,2.94,2,5,2.78,4.55,2,2.78,2.94,4.17,2.63,2.63,2.27,4.55,4.55,2.94,10,2.27,3.85,3.33,3.13,8.33,2.78,6.25,2.94,7.14,6.25,3.85,7.14,2.38,3.13,2.17,5.56,7.14,3.33,3.33,2.5,10,5.56,2.94,10,3.33,6.25,2,4.17,2.63,2.27,2.5,6.25
65,10,2.17,2.78,6.25,2.5,3.13,7.14,2.17,3.33,2.78,4.55,2.08,8.33,2.27,4.17,5.56,8.33,2.17,2.08,10,2.78,2.63,2.17,4.17,2.17,2.5,3.13,5,2.27,2.08,2,2.17,2.5,4.17,2.08,2.63,4.17,2.08,3.57,3.13,3.85,2,4.17,2.17,3.57,2.78,4.17,4.55,2.27,4.55,2.94,3.13,8.33,6.25,3.57,2.5,4.55,2.94,2.27,3.13,2,2.63,2.38,6.25,2.27,2.94,3.33,10,6.25,6.25,6.25,2.38,2.63,2.94,7.14,4.17,2.94,3.13,10,2,2.27,2,10,6.25,4.55,3.13,3.85,4.55,2.94,2.17,2.94,7.14,7.14,2.5,2.08,7.14,2.38,2.5,3.57,3.85,2.38,2.17,3.57,8.33,4.55,8.33,5.56,3.13,6.25,7.14,4.17,3.85,2.08,2.63,8.33,7.14,2.17,5.56,2.17,2.94,3.13,2.08,2.78,3.13,7.14,2.27,6.25,7.14,2.94,2,2.5,10,2,6.25,5.56,6.25,2.63,2.94,5,2.08,2.27,2.94,2.38,2.5,3.33,3.13,4.55,7.14,2.63,2,4.17,6.25,8.33,2.27,7.14,2.63,2.78,4.17,2.5,2.38,2.78,2.38,5,2,5,8.33,3.57,4.55,3.13,5,2.63,2.08,2.94,3.85,2.27,3.57,2,3.33,3.85,6.25,10,3.85,3.33,3.13,2.5,2.63,7.14,2,5,2.63,2.78,2.5,2,4.55,2.27,7.14,3.33,2.78,5.56,3.13,5,2.27,6.25,3.33,2.78,8.33,3.57,2.78,3.57,2.78,2.38,2,10,8.33,3.85,5.56,7.14,2.08,2.27,4.55,3.57,2.38,2,7.14,7.14,8.33,3.33,8.33,5.56,6.25,4.17,4.55,4.17,2.78,2.38,8.33,3.57,2.63,3.57,4.17,5,2.27,2.08,6.25,3.57,7.14,2,4.17,3.33,3.13,10,4.17,2.63,2.63,6.25,3.13,5,2.78,2.78,2.38,5,2.38,4.17,10,3.33,3.57,4.55,2.17,3.57,2.78,2.63,2.78,2.38,2.63,2,5,3.85,2,3.13,4.17,7.14,10,4.55,2.94,3.33,3.85,2.5,2.94,10,10,2.94,2.17,2.78,10,2.17,2.63,3.13,2.17,7.14,3.13,5,6.25,4.17,4.55,2,4.55,2.94,2.38,3.85,7.14,2.27,3.13,2.17,2.78,2.17,4.55,7.14,3.33,2.94,2.17,2.17,6.25,4.55,2.78,7.14,2.38,2.27,4.17,3.13,2.78,4.55,2,7.14,2,3.85,3.85,4.55,2.38,2.94,8.33,10,3.57,5,3.57,3.57,2,2,2.38,3.33,4.17,2.08,7.14,8.33,3.85,4.17,2,3.13,7.14,3.33,2.38,3.57,5.56,2.94,2.94,10,5,7.14,4.55,2.27,5.56,7.14,4.17,10,2.08,2.27,2.5,3.33,3.85,5,2,3.13,6.25,2,2.08,2,2.38,3.33,5.56,2.94,2.78,3.85,2.63,3.57,5.56,4.17,10,2.27,10,2,2.5,2.08,3.33,2.63,2.5,5.56,2.27,2,2.27,3.85,2.17,3.13,4.55,2.63,5,10,2.27,2.38,5.56,2.94,3.13,2.78,8.33,2.27,4.17,3.57,2.5,5.56,2.27,2.63,4.17,3.85,5.56,2.08,8.33,3.85,2.17,4.17,3.13,3.13,3.57,2.08,2.94,2,5.56,8.33,2,3.57,10,10,3.85,10,2.38,7.14,2.08,3.57,5.56,4.17,5.56,3.85,5.56,8.33,6.25,2.5,6.25,2.94,2.08,3.13,2.5,3.13,2.94,2.17,4.17,8.33,2.08,5,8.33,7.14,3.13,5,8.33,4.55,6.25,2.17,3.57,2.17,2.38,8.33,2.08,8.33,3.57,2.08,2.94,3.57,3.85,4.55,2.94,5,2.27,2.08,4.55
66,2.38,2.08,2.17,2.08,8.33,3.57,2.17,2.08,5,10,8.33,3.57,2,2.63,4.17,3.33,7.14,2.94,3.57,7.14,3.85,5.56,8.33,2.94,2.78,8.33,3.57,2.63,2.38,3.57,2.08,2.63,7.14,3.33,2.63,4.55,2.5,2.63,4.55,2.63,5,2.5,2.63,2.94,2.38,5,5.56,2.78,3.33,4.17,2.17,4.17,2.17,10,2,4.55,5.56,2.94,5,2,5.56,2.63,5.56,8.33,5.56,3.33,5.56,7.14,2.38,3.13,2.08,7.14,2.08,2.27,6.25,7.14,4.55,2.5,3.57,2.63,4.17,2.94,5,2.27,6.25,2.17,5.56,2.17,4.55,2.38,6.25,3.33,3.13,6.25,2,4.55,2.94,2.78,2.27,3.13,2.5,3.57,2.08,7.14,8.33,4.55,2.63,5,5.56,10,6.25,5.56,3.57,2.94,2.08,2.94,3.33,4.17,6.25,4.17,2.27,8.33,8.33,5,2.63,5,5,2.17,10,2.5,7.14,4.17,3.13,10,2.38,7.14,2.17,2,3.33,10,3.13,2,2.08,2.27,4.17,8.33,2.94,2.38,10,5.56,4.17,3.57,2.17,10,3.13,8.33,10,2.63,5,2.5,2.27,4.17,3.57,2.63,4.17,4.17,10,3.57,2.38,5.56,3.13,2.94,4.17,2,5.56,6.25,3.85,2.94,2.94,2.17,2.38,2.17,2.5,6.25,2.27,3.85,3.33,10,5,3.33,5.56,2,4.55,3.57,5,10,3.57,3.13,3.85,2,3.85,8.33,2.63,2.38,2.08,7.14,7.14,3.13,3.13,7.14,2,2,2.63,2,4.17,2,7.14,2.27,2.63,4.55,6.25,5,2.27,3.13,3.13,3.33,6.25,5.56,3.57,4.17,4.55,8.33,4.55,4.55,3.13,2.38,5.56,7.14,2.08,2.27,2.38,2.5,4.17,3.85,2.08,2.5,4.17,2,2.17,3.33,6.25,3.13,2.27,2.78,5,3.57,2.78,2.78,5.56,3.57,4.55,10,7.14,2.63,2.94,2.78,2.08,3.13,2.27,2.38,3.33,4.17,7.14,2.38,5,10,3.33,4.55,8.33,2.78,5.56,3.13,2,2.08,2.08,6.25,8.33,3.85,2.08,6.25,5,3.85,8.33,3.33,3.85,2.27,2.78,7.14,4.17,8.33,4.55,2.63,5.56,5,2.78,2.08,2.78,2.17,2.94,3.57,5.56,8.33,8.33,5.56,5.56,3.13,3.85,2.5,2.94,2.78,3.57,2.5,2.38,3.13,2.94,10,4.55,5,10,3.57,4.17,10,4.17,3.33,2.17,3.33,6.25,4.17,5.56,4.55,7.14,3.33,10,2.27,2.08,5.56,3.33,2.38,5.56,2,2.94,2.17,4.55,2,2.63,2.08,2.17,3.85,2.27,7.14,4.55,10,3.85,2.78,4.17,2.08,10,4.55,4.55,5,5.56,2.38,3.13,2.94,4.55,5.56,2.78,3.33,2.5,3.13,2.5,3.13,4.55,6.25,4.17,8.33,7.14,3.85,10,10,3.33,2.38,2,10,2.63,2,2,6.25,2.63,2.17,2.5,3.13,5,2.17,6.25,5,2.27,2.78,2.08,2.5,2.38,8.33,3.13,10,4.55,2,2.27,7.14,3.13,4.17,3.85,2.38,2,2.17,7.14,10,8.33,8.33,2,8.33,4.17,5,4.17,3.85,3.13,3.85,4.55,2.63,2.78,10,3.85,3.13,2.27,2,3.57,2.5,8.33,2.94,7.14,5.56,3.57,4.55,5,3.85,2,2.08,5,10,2.38,2.38,8.33,4.55,3.57,4.17,4.17,4.17,8.33,2.5,2.08,2.63,2.63,3.13,2.78,3.57,3.57,2.63,2.63,2,2.63,10,3.57,2.78,6.25,3.13,10,3.13,2.27,3.57,2.5,2.94,2.38,2.78,2.08,6.25,2.78,3.85,2.08,2,7.14,2.27
67,3.85,2.78,7.14,2.78,2,4.17,10,4.17,2.38,3.33,2.08,5,5.56,10,4.55,2.78,3.85,4.17,2.17,2.78,8.33,2.78,5,5.56,2.78,2.08,6.25,6.25,5,2.08,2.08,10,3.85,2.27,6.25,5.56,3.33,2,5.56,2.78,3.85,6.25,4.17,3.33,2.63,2.94,5,3.85,3.13,3.85,2.08,2,8.33,5.56,4.55,2.27,5.56,2.08,6.25,8.33,5.56,7.14,3.85,6.25,2.17,2.63,3.85,5,7.14,2.78,2,2.27,3.33,5,6.25,3.85,7.14,2,2.78,3.13,3.33,2.27,2.27,3.33,4.17,3.33,2.08,5.56,3.13,3.13,2.63,4.55,5.56,3.33,7.14,8.33,2.94,3.57,2.78,3.13,3.33,2,2.17,8.33,2.5,2,4.17,2.08,5.56,3.85,5,2.38,3.33,3.85,7.14,4.17,2.5,2.27,3.33,5,2.08,2,4.17,3.85,8.33,4.17,2.38,2.27,3.33,7.14,10,5.56,4.55,2.38,7.14,2.08,3.13,3.13,2.38,7.14,2,6.25,2.78,2.17,3.57,2,6.25,8.33,7.14,5.56,2.27,2.38,2.78,2.94,5,2.38,3.33,2.27,2.27,10,2.38,2.78,3.85,5,6.25,2.17,3.33,2.5,6.25,6.25,3.85,2.78,3.85,7.14,5.56,2.08,2.63,5,10,7.14,4.17,2.27,2.63,2.5,2.17,8.33,8.33,3.33,2.63,3.85,4.55,5.56,2.08,10,2.08,2.5,2.38,4.55,2.78,2.08,2.63,2.63,6.25,5.56,4.17,2,2.63,2.38,3.57,2.08,4.17,2.5,2.08,10,5.56,5.56,2.63,2.78,4.17,5,5,2,2.94,3.13,8.33,8.33,4.17,2.38,7.14,2.08,4.17,3.13,5.56,5,2,4.17,2,3.57,7.14,4.17,10,8.33,2.17,2.38,2.94,3.57,2.94,3.57,4.17,4.55,3.13,5,7.14,5,2.38,3.13,3.85,8.33,8.33,2.78,4.55,3.33,4.17,2.94,5.56,7.14,2.94,2.27,4.17,2.27,8.33,5,2.63,2.78,6.25,2.27,2.94,2.08,4.55,5.56,4.55,10,10,2.08,2.78,2.08,2.5,3.13,3.57,5.56,3.13,7.14,2.5,3.33,2.17,4.55,7.14,5,2.5,2.5,2.38,2.94,4.55,2.17,10,5.56,2.08,2.08,5.56,4.55,2.38,2.08,5.56,3.33,2.38,4.17,2.5,2.78,6.25,2,2,3.57,7.14,2.78,3.57,2.17,4.17,2.63,4.17,5,2.78,4.17,2,7.14,4.17,2.63,3.85,3.13,2.78,2.78,2.5,4.17,2.08,2.08,4.17,2.08,5.56,2.27,3.57,2,4.17,2.27,2.5,2.94,2.63,8.33,2.5,2.63,2.27,7.14,2.17,2.78,2.08,2.5,10,3.57,10,2.17,2.94,6.25,2.27,2.08,2.27,2.08,3.85,2.17,3.33,10,2.08,2.17,2.17,2.27,2.38,2.78,2.38,2.94,3.13,3.85,3.57,5.56,5,5,4.17,3.57,2.5,2.63,5.56,3.57,2.5,4.17,3.13,2.63,2.5,2.08,3.13,7.14,2.5,2,2.63,2.5,2,2.08,2.5,8.33,2.63,10,3.33,5,3.33,3.85,3.85,4.55,2.38,3.13,2.5,4.55,4.17,2.08,2.63,2.27,3.13,2.08,2.27,6.25,3.13,4.55,3.33,4.55,3.13,4.17,2.27,5,3.13,5,2.78,2.27,2.5,6.25,3.57,2.94,3.33,3.13,2.63,2.08,2.5,2.63,2.94,2.08,3.33,3.85,7.14,2,2.38,2.38,2.27,2.5,2,2.08,3.33,4.55,5.56,3.85,2,5.56,2.27,3.85,4.55,2.63,3.57,5,2.94,3.13,2.94,7.14,5,2,2.17,7.14,2.5,2.63,10,4.55,2.17,4.17,6.25,2,2.27,2.08,2.78,2.08
68,5,7.14,2.63,4.55,2.5,6.25,4.17,3.57,4.55,6.25,4.55,6.25,2.17,2.08,5.56,3.85,3.33,10,6.25,2.08,2.38,5,2,4.17,5,6.25,2,2.5,2.17,3.57,4.17,3.13,8.33,6.25,2.94,3.85,8.33,8.33,3.13,2.5,2.27,2,4.17,4.55,2.08,5.56,2.5,2,8.33,2.38,2,4.17,4.17,2.27,10,4.17,2.38,5.56,2.27,3.85,2.94,2.5,3.85,7.14,3.57,4.55,7.14,2.78,3.13,3.13,4.17,7.14,2,8.33,4.55,2.27,3.13,2.78,2.78,2.94,5,2.17,2,4.17,2.94,6.25,6.25,3.33,3.57,3.85,2.27,3.33,8.33,6.25,2.78,3.13,5.56,8.33,3.33,2.08,2.5,2.17,2,8.33,4.55,3.13,2.78,6.25,3.33,2.17,2.94,2.08,3.57,8.33,2.5,2.08,2,8.33,3.57,2.94,4.55,8.33,7.14,2.94,2.63,4.55,4.55,5,10,2,4.55,4.55,2.5,7.14,2.94,3.57,3.33,2.63,10,8.33,3.33,5,2.08,2.5,5,2,5,3.85,10,2.94,3.13,6.25,2.08,2.5,5.56,3.33,8.33,2.08,3.85,2.17,2.63,2.63,2.5,2.38,2.5,10,2.63,6.25,4.55,10,4.17,3.57,5.56,5.56,2.08,7.14,5,2.27,2.08,8.33,8.33,3.85,3.57,5.56,2.17,4.17,3.57,5.56,2.94,2.63,2.63,5.56,2.78,2.38,2.17,2.5,5,5,2.94,2.5,2.63,4.55,2.78,2.08,4.17,6.25,7.14,2.63,5.56,2.38,2.63,5.56,4.17,2.94,2.27,2.78,10,5,2,8.33,2.78,2.63,2.08,2.78,2.38,2.17,3.57,4.55,2.63,5.56,2.94,2.78,2.27,2.17,2.08,3.85,2.17,8.33,4.17,5,4.55,2.08,2,5.56,7.14,10,2.17,2.94,5.56,2.38,2.27,2.38,2.94,2.78,4.17,3.85,2.38,4.17,2.38,3.33,5.56,8.33,4.17,2.27,5,5,7.14,2.5,8.33,7.14,2.27,2.08,2.17,5.56,4.55,2.5,2.27,3.57,4.55,2.27,2.08,2.08,8.33,5.56,5,2.08,2,5,3.33,2.08,8.33,2.5,5.56,2.78,2.17,2.17,7.14,2.27,3.33,3.85,3.57,6.25,5.56,2.38,2.63,3.13,5.56,2.78,3.85,2.38,6.25,2.17,10,2.63,5.56,10,2.38,2.5,7.14,2.17,2.5,3.57,2.94,3.57,2.78,2,5.56,4.55,5.56,3.33,6.25,2.63,3.57,2.38,2.38,2.17,10,4.55,2.94,2,3.57,6.25,2.78,3.13,8.33,7.14,5,2.17,2.5,3.85,2.78,4.55,8.33,3.57,5.56,2.08,2.08,2,4.17,2.94,5,2,3.57,10,2,10,2.94,2.38,6.25,10,3.13,3.57,6.25,5.56,10,2.78,2.94,6.25,4.55,7.14,2.78,2.63,3.13,2.17,2.17,6.25,4.17,7.14,2.63,5.56,5.56,8.33,2,2.38,2.63,2.5,2,3.13,2.63,2.94,10,2.94,2.27,2.5,5.56,8.33,5,3.13,8.33,2.63,4.17,3.57,2.27,3.85,2.78,3.13,5.56,2.38,5.56,2.5,3.85,10,8.33,3.33,2,4.55,7.14,2,2.38,2.27,2,3.57,3.33,3.33,8.33,2.5,5,7.14,6.25,2.63,2.63,10,3.33,2.5,2.38,7.14,4.55,7.14,2.08,2.78,2.78,5.56,5.56,3.33,2.5,7.14,2.27,2.38,2.78,2,2.5,2.17,4.17,2.63,2.38,2.63,8.33,8.33,7.14,2.94,7.14,3.33,2.78,2.5,2.78,2.27,2.17,2,2.78,4.55,2.63,2.63,4.17,8.33,5.56,5,5,7.14,5.56,3.57,3.85,2.63,2.27,2.17,2.38,6.25,3.57,5.56,2.17,10
69,4.17,3.85,7.14,2.27,2.08,2.94,2.08,2.78,5,3.57,7.14,4.17,5.56,3.85,5,2.27,2.38,3.13,2.08,2.08,2.78,2.94,2.08,2.5,3.57,3.13,2.27,2.94,2.27,2,8.33,4.17,2.94,3.33,6.25,3.57,5,2.63,4.55,3.85,2.27,2.38,8.33,8.33,2.78,3.13,2.94,5,4.55,2.78,2.27,5.56,2.27,3.85,6.25,4.17,6.25,6.25,2.08,2.94,2.5,3.85,2.5,3.85,3.33,6.25,2.27,3.13,5.56,3.85,8.33,7.14,3.57,5,2.94,4.17,2.27,3.57,2.78,2.08,4.17,4.55,10,10,2,2.38,2.63,4.55,2.78,3.13,5,2.5,2,3.33,2.38,2.17,2.27,2.17,3.13,8.33,4.17,6.25,2.5,5.56,2.38,2.38,10,2.94,2.17,2.5,2.08,2.94,4.55,4.55,3.33,2.94,3.85,2.63,2.08,4.55,3.85,2.94,3.33,5.56,2.5,2.63,4.55,2.38,4.17,10,2.5,3.13,2.5,8.33,2.5,2.17,2.08,3.57,2,2.63,7.14,6.25,3.85,3.13,2.08,5.56,2.38,2.38,2.5,2.5,2.94,2.5,4.17,2,3.85,2.78,2.17,2.5,3.57,2.17,3.33,10,2,6.25,2.08,6.25,4.17,2.78,4.55,2.17,5.56,3.57,2,5,6.25,2.78,2.78,3.13,10,2.38,3.33,2.38,2.63,8.33,7.14,3.13,7.14,6.25,2.17,2,3.85,2,8.33,5,5,3.13,5.56,2.38,5.56,2.78,3.13,2.94,2.63,5,2.38,2.63,2.27,7.14,5,7.14,4.17,2.78,2.78,2.78,2.63,3.33,8.33,3.85,4.17,2.17,5.56,4.17,3.13,2.38,7.14,2.78,5,2.94,2.5,3.85,8.33,3.33,2.5,3.33,3.13,2.94,6.25,3.13,7.14,2.63,6.25,3.13,6.25,2.94,3.85,3.13,4.55,3.57,3.33,3.57,7.14,4.17,10,7.14,2.38,5.56,3.13,5.56,3.13,2,2.78,2.38,3.33,8.33,3.57,2.17,4.55,2.63,3.57,2.5,2.38,10,2.78,3.33,3.13,2.38,5,7.14,2.94,2.63,3.57,7.14,2.08,6.25,3.57,4.55,2.5,4.17,2.78,2.5,2.63,6.25,2.17,2.17,5.56,5.56,5,3.33,4.55,3.85,7.14,4.55,5.56,10,3.33,2.94,2.17,2.27,7.14,4.55,2.78,4.55,2,2.08,4.17,4.55,5.56,8.33,10,2.17,8.33,4.17,6.25,8.33,7.14,6.25,2.78,3.13,3.57,2.94,3.85,2,6.25,2.27,2.78,3.85,5.56,3.13,5.56,2.17,5.56,2.78,2.63,2.63,4.55,6.25,2.17,2.27,2.63,2.78,5.56,8.33,4.17,5.56,2.94,3.85,3.57,3.85,5.56,2,2.78,2,3.33,3.13,3.33,2.08,2.94,2.08,4.55,2.38,10,2.78,3.85,2.17,2.63,2.94,2.08,2.5,8.33,2.5,2.17,2.78,8.33,2,2,4.55,2.63,2.38,2.63,2.38,2.27,3.13,6.25,10,2.94,7.14,8.33,2.27,4.55,10,4.17,4.17,2.94,3.85,2.63,4.55,5,4.17,5.56,3.85,7.14,3.13,2.63,5.56,2.27,2.17,3.13,5,7.14,2.27,5,2.08,4.17,2,5.56,3.57,3.57,5.56,5.56,10,2.78,2.17,2.5,2,2.63,2,3.85,6.25,3.85,6.25,2.17,3.57,3.33,2,2.27,4.17,3.85,7.14,2,3.13,3.13,3.33,3.85,4.17,3.57,2,5.56,2.08,2.27,3.85,2.78,3.85,2.78,3.85,8.33,2.78,3.57,2.27,2.94,5.56,7.14,3.85,3.13,7.14,3.33,4.17,3.13,4.17,3.85,10,8.33,3.57,7.14,10,3.85,3.33,6.25,2.08,4.55,2.27,2,2.17,2.78,8.33,2.5,7.14,5.56,3.13,5,2.94
70,3.85,6.25,2.27,3.13,8.33,3.85,10,6.25,6.25,2.38,2.78,5.56,2,3.33,8.33,8.33,5,2.08,4.17,3.57,2.08,4.55,5,2.94,2.63,6.25,3.85,2.63,3.57,2.63,2.27,6.25,2.78,3.13,10,2.5,2.27,2.78,4.55,2.38,4.17,2.08,7.14,4.17,2.63,3.57,2.5,2,2.94,7.14,4.17,6.25,5,10,5.56,2.5,3.33,2.17,5.56,2.5,2,5,2.27,3.13,3.13,10,5.56,2.38,2.38,2.5,7.14,2.27,2.78,6.25,3.33,10,3.33,3.57,7.14,3.85,2.27,2.63,5.56,4.55,2.08,5.56,2.94,2.5,2.17,5.56,2.27,3.57,2.94,7.14,5,5,7.14,4.17,4.17,8.33,2.63,2,3.13,3.13,2,5,2.17,6.25,5.56,4.17,2.17,2.94,2.27,8.33,2.78,2.27,3.57,2.94,2.78,3.13,2.27,2.27,6.25,2.27,3.57,3.57,4.55,2.38,5,2,2.94,3.57,3.57,2,2.5,2.63,4.17,3.33,2.38,2.78,10,5.56,2.38,2.78,3.57,3.85,4.55,2.78,2.63,2.5,2.5,2.38,2.08,2.27,2.38,3.33,8.33,2.94,2.08,2.78,2.08,10,8.33,2.94,2.27,4.55,3.57,6.25,7.14,5.56,2.78,4.55,2.27,2.94,4.17,2.94,2.5,8.33,2.5,2.17,2.27,4.55,7.14,2.94,2.27,6.25,2.94,7.14,4.17,3.57,2.78,2.17,2.38,2.5,2.08,2,3.57,3.57,2.17,3.13,2.94,3.33,2,4.17,5,2.17,2.08,10,5.56,2.17,3.85,2.63,2.94,3.57,3.85,6.25,3.13,2.38,2,2.5,3.33,8.33,3.33,2.17,2.08,3.85,2.38,3.85,5.56,2.63,7.14,2.78,2,3.13,3.57,4.55,4.17,2,3.57,8.33,3.57,2,6.25,2.94,3.33,5,5,2.94,2.08,6.25,2,3.85,3.57,3.57,2.38,5.56,3.13,2.94,3.13,3.57,6.25,3.57,10,5.56,5,4.17,3.57,3.13,8.33,5,2.78,2.63,2.63,2.78,5.56,2.38,2.38,8.33,2.63,2,2.78,7.14,2.63,3.57,3.33,4.17,3.85,2.08,2.94,5.56,7.14,3.13,2.17,5,8.33,5.56,2.78,2.5,3.13,3.13,2.27,2.94,3.13,2.38,3.85,2,3.13,2.94,2,2.08,4.55,2.5,3.57,2.08,3.57,5.56,4.55,4.55,8.33,2.38,3.85,2.17,7.14,6.25,2.08,3.85,5.56,2.08,10,4.17,3.13,3.33,2,2.78,2.27,2.08,2.27,2.63,3.85,6.25,8.33,3.85,4.17,8.33,6.25,2.94,3.13,2.08,10,2.78,2.27,4.17,4.17,2,2.78,2.08,3.13,6.25,2,2.78,3.85,2.17,2.27,2.63,3.13,3.85,2.38,2.38,10,10,2.94,2.94,2,2.38,8.33,2,2.17,2.63,2.5,2.78,2.94,2.5,2.27,4.17,3.13,5.56,5,3.13,7.14,2,3.33,2.63,2.5,3.13,5.56,2.27,3.57,3.85,3.85,6.25,10,5.56,2.27,3.85,5.56,10,5,4.55,8.33,2.08,7.14,2.08,2.08,2.63,10,2,6.25,2.5,2,4.55,10,3.85,2.63,2.38,2.5,4.17,2.08,2.94,6.25,6.25,10,3.33,10,2.5,3.33,5.56,10,2.17,3.57,10,6.25,2.63,3.85,4.55,2.94,2.08,2,2.08,2.38,6.25,10,3.57,2.17,4.17,10,3.57,6.25,2,2,2.63,5.56,3.57,5.56,3.57,2.5,2.38,5.56,5,2.27,2.38,10,4.17,2.17,10,6.25,3.13,4.55,2,4.17,2.27,2.17,2.63,3.13,2.94,2.38,4.55,2.63,3.33,2.08,5.56,2.38,2.38,3.13,4.17,2,2.94,8.33,4.55,2.94,2.17
71,7.14,4.55,6.25,6.25,7.14,3.85,3.85,2.27,4.55,3.13,2.63,8.33,3.13,5,2.78,4.17,3.57,8.33,2.08,2.08,5,2,6.25,2.5,2.08,4.55,2.17,7.14,2.63,4.17,5.56,3.85,5,6.25,2.08,2.27,2.17,2.63,4.17,2,3.85,2.17,4.55,5,2.63,2.78,2.78,2.27,6.25,8.33,5.56,5,2.94,6.25,6.25,2.17,5.56,3.85,3.33,2.5,3.57,3.33,8.33,2.5,6.25,2.5,3.13,2.38,2.38,2.38,4.55,4.17,3.13,2.08,4.55,7.14,2,3.57,2.27,2.38,2.5,3.13,2.5,3.13,2,5,2.08,2.17,3.13,2.94,2.17,2.27,3.85,2.38,10,6.25,2.17,8.33,7.14,3.33,3.57,10,10,10,2.63,7.14,8.33,2.17,4.55,2.27,3.85,5.56,7.14,3.57,6.25,2.38,3.13,2.78,2.17,7.14,2.78,2.78,3.57,6.25,4.55,2.17,2.27,2.38,2.17,2.78,5.56,2.5,5.56,6.25,2.94,2.17,2.38,7.14,2.17,6.25,5,3.13,10,4.55,2,2.5,3.33,6.25,2.78,2.94,2.94,2.17,5.56,2.27,3.57,8.33,2.78,2.38,3.57,2.5,5.56,5.56,5,2.38,7.14,2.17,8.33,7.14,4.55,10,2.63,8.33,2.5,2.94,2.5,10,2.27,2.17,2.17,8.33,4.17,2.94,4.17,3.57,2.38,2.08,5.56,2.38,3.33,4.17,4.17,2.5,7.14,5,10,8.33,10,5.56,2.27,7.14,2.63,2.5,2.08,3.33,2.27,6.25,2,2,10,2.38,10,2,2.08,2.17,2.94,2.5,8.33,2.38,2.17,8.33,8.33,5,10,6.25,2.5,6.25,3.57,7.14,3.33,2.63,3.13,4.55,4.17,3.57,3.57,7.14,4.55,2,2.17,5.56,2.08,7.14,5,2.5,2.27,2.63,2.94,2.63,2.78,6.25,6.25,5.56,8.33,8.33,2.17,2.94,10,3.33,2.08,3.57,3.57,2.63,2.94,4.55,2.27,3.33,2.63,3.13,4.55,4.55,2,2.38,4.17,5,2.78,8.33,4.17,5,6.25,10,6.25,4.17,4.17,8.33,5,2.27,2.94,3.85,6.25,10,2.17,2.17,2,2.5,2.08,2.78,2.63,3.85,4.17,2.5,7.14,10,4.55,2.5,2.27,3.57,3.85,2.94,3.85,2.08,8.33,3.57,2.38,3.13,3.33,3.57,2.63,8.33,2,2.5,3.33,4.55,5,3.85,2.38,2,2,6.25,2.78,5.56,3.57,2.38,2.38,2.27,8.33,2.5,2.27,4.17,4.55,4.55,3.13,2.08,5,3.13,2.17,2,2.78,2.94,2.94,2.38,2.63,7.14,5.56,4.17,3.85,2.08,2.17,2.5,2,5.56,2.94,8.33,8.33,2.63,2.27,2.78,2.27,3.33,3.13,8.33,10,3.33,2.78,7.14,4.17,10,10,10,3.85,3.85,2.5,4.55,4.17,7.14,3.33,6.25,3.85,10,2,2.38,2.17,3.13,2.63,6.25,5.56,3.85,2.78,2.08,3.85,2,2.5,2.08,8.33,2.38,2.38,10,3.13,10,8.33,4.17,4.55,7.14,4.17,2.08,2.63,3.33,8.33,5,5.56,2.5,3.33,6.25,3.33,2,2.5,2.5,6.25,2.17,2.08,7.14,3.85,6.25,3.85,3.85,2,5,3.13,3.33,4.55,6.25,3.85,2.78,4.55,7.14,3.33,10,8.33,8.33,2,2.27,5.56,3.57,2.08,2.17,2.27,3.57,3.33,10,3.33,2.5,2.63,2.5,4.17,3.57,2.78,3.57,7.14,3.57,2.94,2.08,10,2.94,5,2.27,2.63,3.85,3.57,4.17,4.55,5,2.17,5.56,3.33,6.25,5,5.56,6.25,2.38,8.33,2.63,3.85,2.5,10,3.33,4.55,3.85,2.08,5,3.33,8.33
72,2.17,3.33,5.56,5,2.38,3.57,2.38,4.17,7.14,2.78,4.55,5,4.17,5.56,2.78,3.33,3.13,3.33,4.55,4.17,10,3.85,6.25,7.14,3.85,3.33,2.5,6.25,2.08,2,2.63,5.56,2,8.33,3.57,2.94,4.17,2.5,3.33,2.63,2.17,4.17,4.55,8.33,5.56,2.63,6.25,8.33,3.57,5,3.13,8.33,2.63,5,4.55,2.17,5,2.27,2.5,2.94,2.5,2.63,2.38,3.13,3.13,5,6.25,4.17,2.27,4.17,2.38,2.17,8.33,5,2.78,2.5,2.63,2.08,6.25,2.5,2.63,3.33,4.17,3.57,2.27,2.63,2.78,2.17,2.38,2.78,5.56,2.17,7.14,2,3.57,3.85,2.5,5.56,6.25,4.55,5.56,2.94,4.17,3.57,3.33,2.17,5,2.38,2.08,3.57,3.33,3.13,2.63,4.17,4.55,6.25,2.94,2.08,2,6.25,4.17,8.33,2.94,2.63,3.33,7.14,2.94,2.78,3.57,4.55,3.33,8.33,4.55,2.38,5.56,7.14,4.55,7.14,6.25,4.17,2.5,2.94,3.13,3.33,6.25,2.08,2.17,3.85,3.13,3.13,3.33,6.25,3.33,2.17,7.14,6.25,5.56,2.17,6.25,2.27,2.78,5,3.85,3.85,3.85,5.56,2.63,3.57,6.25,10,2.63,2.63,3.57,3.33,2.78,2.38,2.08,4.17,3.33,3.85,2.63,5,4.17,6.25,2.94,2,3.13,4.17,3.33,2.17,2.94,4.55,7.14,2.5,8.33,5,2.94,4.17,8.33,3.85,2.5,2.27,6.25,2.08,2.63,2.5,2.38,2,3.85,3.85,2.27,3.13,7.14,4.17,7.14,2.17,2.78,2.27,2.38,2.08,8.33,2.63,4.55,2.27,4.55,2.27,3.13,10,3.33,7.14,2.17,2.08,2.5,3.33,5.56,4.55,5.56,3.57,10,2.27,3.13,5.56,5.56,5,2.94,3.33,2.63,4.17,2.17,2,3.85,3.57,2.5,2.63,5,4.17,4.55,10,2.63,2,2.78,2.27,7.14,2,8.33,2.94,5,2.94,2.08,4.17,3.85,2.78,2,2.08,3.57,2.63,5.56,2.17,5.56,3.13,6.25,4.55,5.56,2,3.57,2,2.17,2.08,4.55,2.27,2.38,2.94,5.56,8.33,3.13,3.85,5,5.56,2.94,2.08,8.33,3.13,2.38,2.38,2.63,3.33,3.33,2.94,4.55,3.85,8.33,4.55,2.63,5.56,5,4.55,6.25,5.56,4.55,5,3.85,6.25,3.33,8.33,2,3.57,3.85,2.27,3.85,2.5,2.94,2.27,6.25,8.33,5.56,3.85,3.33,3.13,3.13,2.5,2.78,2.27,2.63,3.85,2.08,8.33,8.33,3.33,2.38,3.13,6.25,2.27,5.56,10,3.13,10,2.5,3.57,3.57,3.33,2.38,3.13,5.56,2.63,2.17,4.17,2.63,10,3.13,4.55,2.08,2.5,2.27,5.56,2.38,2.17,2.78,3.57,2.5,3.57,3.57,7.14,4.17,2.17,2.94,10,2.08,3.85,2.94,2,2.94,2.17,2.38,4.55,2.5,3.13,8.33,2.78,3.33,2.78,2.08,3.13,2.5,4.17,2.27,4.55,2.78,8.33,6.25,10,2.63,2.27,2.38,5,3.85,10,3.85,2.17,2.5,10,2.08,2,6.25,3.85,5,10,3.57,5,3.33,5.56,3.33,2.78,2,5,2.27,6.25,3.85,2,5.56,2.78,2.63,2.94,2.63,2.5,2.94,2.08,2.78,2.17,7.14,2.08,2.94,3.13,2.5,5,3.57,2.78,8.33,2.63,2.08,2.38,2.63,2.5,6.25,2,2.08,2.17,5,2.27,2.5,2.5,5.56,2.63,5,3.33,10,3.57,2,5.56,2.17,10,8.33,6.25,3.57,3.85,2.5,10,3.33,2.94,5,2.94,2.63,10,3.57,2.17,2.27,2.94,4.55,4.17,7.14,5.56
73,8.33,5,5.56,5,2.38,3.33,2.94,6.25,3.85,7.14,2.08,2.78,2.38,2.17,3.33,2.63,3.13,8.33,8.33,2,2.27,4.55,3.57,5.56,3.85,5.56,3.13,4.55,4.17,10,2.17,5,2.17,2.5,4.55,2.78,3.33,7.14,2.08,8.33,2.78,3.33,2.27,7.14,4.17,2.78,3.85,4.17,3.57,3.57,4.17,10,3.33,2.63,2.38,2.08,3.85,4.55,3.13,3.85,3.57,5.56,5,5,2.38,6.25,3.13,5,3.33,5.56,2.17,6.25,2.08,3.33,2.5,3.57,7.14,5.56,2,6.25,2.08,2.78,2.38,7.14,6.25,4.17,3.13,2.38,2.63,2.94,2.5,3.33,2.78,2.63,3.85,7.14,4.55,2.63,3.57,2.5,2.17,3.33,2.78,4.17,3.33,6.25,5.56,6.25,2.78,6.25,6.25,2,7.14,2.94,5,2.08,3.57,2.5,3.85,2,8.33,2.78,3.85,8.33,2.78,3.33,2.5,3.13,10,2.78,2.5,2.63,3.57,2.38,5.56,2,2.08,2.5,2.08,3.33,6.25,2.5,2,2.5,4.17,2.27,2.38,2.5,4.17,2.63,2.27,2.38,3.13,3.57,2.08,2,7.14,4.55,2.08,10,2.17,7.14,4.17,2.08,2.63,2.17,2.94,8.33,2.94,10,3.57,2.94,2.63,2.78,7.14,8.33,3.85,3.85,10,5.56,2.27,10,3.57,2.63,4.55,4.17,6.25,3.13,3.13,5,3.13,3.85,2.63,8.33,10,4.17,3.85,4.55,2,10,2,4.17,6.25,2.08,2.63,2,10,3.33,2.08,2.78,2.38,2.08,4.55,5.56,2.78,2.17,3.13,2.17,10,6.25,5,4.17,2.08,3.33,2.38,3.13,5,7.14,2.5,3.57,4.55,10,2.08,3.85,3.57,2.78,3.85,8.33,5.56,2.38,5,6.25,3.33,3.33,2,2.08,3.13,2.78,8.33,2.38,4.55,5,6.25,2.94,5.56,4.55,2.38,4.17,3.85,6.25,4.17,2.17,7.14,2.5,2,2.94,2.27,2.78,5,5.56,5,2.78,5.56,2.27,2.63,3.57,2.27,2,6.25,2,2.5,6.25,5,3.85,5,2.94,2.38,3.13,2.94,2.63,3.33,2.27,5.56,4.55,3.57,5.56,4.17,2.78,2,2.5,2.63,2.94,2.27,6.25,4.55,4.17,3.33,4.55,8.33,7.14,8.33,3.33,2.27,6.25,2,3.13,10,5.56,8.33,2.5,4.17,2.63,3.33,3.13,2.17,2.78,2.94,2.17,2,7.14,4.17,5.56,2.63,2.63,4.17,5.56,8.33,2,7.14,2.63,2.27,6.25,2.38,4.55,5.56,6.25,5.56,2.63,3.85,2.27,2.38,10,4.55,2.5,2.27,5.56,10,2.5,2.5,3.33,2.27,2.08,3.13,5.56,3.85,2.63,4.17,7.14,4.17,3.33,4.55,2.63,3.13,7.14,5,5.56,2.63,2.94,2.78,2.78,7.14,2.38,5.56,10,3.13,6.25,7.14,5,2.17,2.5,2.27,3.85,8.33,3.13,2.17,2.78,2,3.85,3.33,2.5,2.94,5,7.14,2.08,8.33,7.14,7.14,2.94,5.56,8.33,2.63,5,7.14,2.63,2,2.5,3.85,2.5,2.08,3.13,2.94,3.57,5.56,4.17,10,2.27,4.55,2.5,2.27,3.57,4.55,3.85,3.57,7.14,2.08,5.56,7.14,3.57,2.78,5.56,7.14,2,4.17,2.38,2.78,10,8.33,7.14,4.55,2.63,2.27,8.33,7.14,2.08,7.14,3.85,2.5,8.33,3.57,5.56,10,2.63,3.57,4.17,2.08,2.38,2.63,2.63,2.08,3.57,4.55,2.27,3.13,8.33,3.85,5.56,3.33,2.27,5.56,2,2.38,6.25,2.94,4.55,2.27,6.25,2.27,3.57,10,4.55,3.85,6.25,2,2.38,2.17,4.17,8.33,2.17,2.08,10
74,2.5,5.56,4.17,3.85,2.63,10,2.17,3.33,2.63,8.33,4.17,4.17,3.13,5.56,5.56,2.17,7.14,10,10,10,5.56,6.25,5.56,2.78,2,6.25,2.94,2.5,5.56,5.56,10,10,2.38,2.5,2.94,10,2.17,3.85,2.63,2.08,2.08,8.33,4.55,8.33,2.94,2.5,3.13,2.27,2.5,2.5,2.63,5,5,10,3.57,5,2.5,8.33,2.5,4.17,8.33,4.55,4.55,2,2.63,2.5,2,2,2.27,3.33,2.08,2.08,10,2.94,3.33,3.13,10,6.25,4.17,2.5,2.78,5,2.08,2.08,10,2.38,7.14,2,2.27,2,10,2.38,2.5,3.33,7.14,3.57,7.14,10,5.56,3.13,4.55,3.13,2,4.55,4.55,8.33,3.57,3.33,2.17,2.17,8.33,10,2.08,7.14,3.33,5,2,5.56,2.27,2.63,3.13,2,3.33,2.08,4.55,2.5,4.55,3.13,2.5,2.94,2.08,5,2.27,5.56,2.94,4.17,8.33,5.56,4.55,8.33,4.55,2.5,6.25,4.17,3.57,8.33,2.5,3.85,2.38,3.13,2.63,8.33,2.94,3.33,6.25,2.38,4.55,2.5,8.33,2.78,2.27,3.57,2.38,7.14,5,2.27,2.08,3.85,2.94,6.25,2,2.17,3.13,2.5,3.57,8.33,2.08,3.33,2.17,4.55,4.17,2.94,2.63,2.27,2,3.33,2,6.25,2.78,2.38,3.85,5,2.27,5,3.13,4.17,8.33,2.38,5.56,3.57,2.94,3.85,4.55,2.17,2.27,2.5,3.85,2,2,3.33,3.85,4.17,4.55,3.33,5.56,2.08,10,10,2.08,2.78,6.25,4.17,10,2.63,10,2.38,3.33,2.5,3.13,2.38,6.25,2.17,7.14,10,2.78,4.17,5,2.17,2.38,2.27,5.56,4.55,8.33,2.94,7.14,3.13,10,2.08,7.14,2.5,4.55,2,2.17,5,2.17,3.33,2.38,7.14,2.27,2.17,2.63,2.08,4.55,2.17,3.13,5,6.25,5,2.08,3.85,2,2,2.17,7.14,2.27,2.17,4.17,2.08,2.08,4.17,4.55,3.13,10,2.78,3.57,4.55,2.38,3.57,2.63,2.08,5,5,3.33,4.55,5.56,6.25,10,2.08,3.13,2.78,2,10,3.13,3.85,7.14,8.33,5.56,3.57,5.56,10,2.94,2,7.14,3.13,5.56,2.63,7.14,2.38,3.33,2.94,2.17,2.27,3.33,2.78,2,4.55,2.94,3.85,8.33,2.27,3.57,3.33,3.57,5.56,10,7.14,2.27,3.57,2.5,3.33,4.17,5.56,2.38,3.13,2.38,2,2.5,2.5,2.78,4.55,2.27,10,3.13,2.78,10,8.33,2.5,2.38,2.78,6.25,7.14,2.27,2.38,4.17,3.85,2.38,3.57,2,6.25,2.27,4.55,7.14,2.63,4.17,3.13,2.38,2.63,2.17,2,8.33,2,2.94,2.38,4.17,10,2.38,2.5,3.57,2.78,4.55,4.55,3.57,7.14,3.13,2.94,2.27,8.33,2,2.27,2.17,7.14,2.38,6.25,3.33,3.33,10,2.38,5,3.85,2.94,7.14,2.27,4.55,2.63,6.25,10,6.25,2.63,2,2.08,8.33,7.14,5.56,4.55,2.5,10,3.85,7.14,4.55,2.27,3.85,3.33,3.57,10,2.38,8.33,3.57,2.63,3.85,4.55,2.78,8.33,6.25,2.17,5,6.25,6.25,4.55,5,3.85,2,2.5,2.94,7.14,2.5,2.17,4.17,2.5,3.13,8.33,2.63,6.25,4.17,2.38,4.55,2.94,2,10,2.94,2.63,2.38,3.13,6.25,2.17,8.33,2.78,2.08,3.13,3.57,2,5.56,5.56,7.14,4.17,3.33,2.38,8.33,3.33,5.56,3.33,3.13,8.33,2.78,5,2.94,4.17,3.85,10,4.55,3.85
75,2.78,2.38,10,8.33,3.33,3.13,5,8.33,3.33,5.56,10,5.56,2.08,5,2.94,2.5,5,3.33,7.14,2.94,2.94,2.78,5.56,2.17,2.5,3.13,5,5.56,5,2.94,3.13,2.38,2.94,3.57,6.25,2.27,2.08,3.57,2,2,6.25,3.57,2.94,2.63,8.33,3.57,2,5.56,3.57,3.13,3.57,5,2,2.63,2.27,2.63,2.63,2.38,5,2.17,3.85,4.55,2,2.08,3.85,4.17,3.33,2.08,4.17,4.17,3.57,6.25,2.27,2.78,2.17,6.25,2.17,2.17,3.13,3.33,3.13,2.94,2.63,4.55,2.78,10,10,3.57,10,2.94,2.63,2.63,2.27,2.94,7.14,2.17,3.57,2.5,7.14,10,2.27,2.78,2.08,2.27,3.13,4.17,5,8.33,2.27,2.27,4.55,2,2.38,2.63,2.08,3.85,2.78,5.56,2.17,5.56,3.13,2.94,6.25,2.08,2.78,3.85,2.78,5,6.25,2.38,2.78,2.5,2.08,3.57,3.57,3.57,4.17,4.17,3.33,2.78,6.25,3.57,5.56,2,7.14,6.25,3.57,5.56,10,2.27,2.38,3.13,2.94,2,2.94,2.63,2.38,2.38,2,2.17,8.33,8.33,2.27,2.27,3.85,2.63,10,2.08,8.33,2.63,8.33,2.17,2.5,3.13,5,2.27,8.33,5,7.14,6.25,2.5,3.57,3.13,5,5.56,2.5,2.17,2,5.56,2.5,5.56,2,8.33,10,3.33,2.08,4.55,3.85,2.78,7.14,3.57,3.13,3.85,5,2.5,2.17,6.25,7.14,2.94,8.33,2.17,5.56,3.57,2.94,8.33,7.14,3.57,2.17,2.17,2.94,4.17,2.94,3.85,2.63,8.33,8.33,2,6.25,2.94,4.17,2.5,2.94,2.5,3.33,10,7.14,2,3.57,10,2.78,5.56,3.33,2.5,3.85,2.38,2.38,3.57,4.55,4.55,6.25,2.17,8.33,10,6.25,3.85,2.38,3.33,6.25,4.17,2.78,3.13,2.5,2.27,2.17,4.55,2.78,3.33,4.55,7.14,3.57,7.14,8.33,2.08,3.57,2.78,2.94,2.38,3.85,3.13,3.85,4.55,2.94,6.25,2.08,4.17,10,3.33,3.33,8.33,6.25,10,10,2,8.33,8.33,5,4.17,10,2.5,5.56,4.55,2.63,4.17,6.25,3.85,2.5,2.27,2,2.38,2.08,2.08,2.63,2.5,3.33,3.85,4.17,3.13,4.17,6.25,2.94,4.55,2.78,2.5,8.33,2.63,2.27,10,3.85,2.94,3.33,3.57,2.78,2.38,2.63,3.33,2.5,2,2.27,3.13,2,4.55,7.14,4.17,8.33,6.25,2.08,3.57,8.33,3.85,3.13,2,7.14,7.14,2.78,2.38,8.33,2.94,3.85,3.85,2.08,3.33,4.17,2,4.55,2,8.33,7.14,8.33,4.17,2.27,10,2,2.27,3.33,2,2.78,2.78,5.56,3.85,3.33,3.85,3.57,2,2.08,3.57,8.33,5,2.63,5,2.63,3.13,5,2.94,4.55,4.55,5.56,2.5,8.33,4.55,2,5.56,3.33,3.33,10,2.5,2.27,2.08,10,2.78,3.13,2.17,2,8.33,3.85,2.08,5.56,2.27,3.13,8.33,2.94,2.08,6.25,4.17,3.57,5,2.94,3.57,2.63,8.33,3.13,2.08,6.25,4.17,2.38,2.27,2.08,2.38,2.63,2.27,2.38,2.17,2.78,7.14,4.55,3.85,2.5,7.14,7.14,2,2.08,7.14,2.38,5,7.14,2.38,2.27,7.14,6.25,2.5,2,4.17,4.55,2.63,3.57,6.25,5.56,2.27,4.55,4.55,2.27,2.94,2,3.85,2.08,8.33,3.33,2.78,2.38,2.5,10,3.33,2.08,3.85,3.33,2.5,2.17,2.94,5.56,2.94,3.13,4.17,3.33,3.85,2.17,7.14,2.38,8.33,2,10,5
76,10,2.17,3.85,3.33,5,2.63,5,8.33,8.33,2.38,6.25,5.56,4.17,3.57,2.78,2.78,2,5.56,3.13,3.85,6.25,3.57,3.13,6.25,5.56,2.94,2.38,8.33,3.57,3.13,2.63,3.57,2.08,3.13,2.17,4.17,4.17,2.78,2.94,4.55,2,3.85,3.57,3.13,2.63,2.5,7.14,10,3.33,2.94,5,2.27,3.85,2.78,3.85,4.55,3.85,7.14,7.14,5.56,2.38,2.27,8.33,2.63,4.55,6.25,4.55,2.5,3.57,8.33,2.08,3.57,5.56,3.33,2.5,2.94,3.85,7.14,2.17,3.85,2.94,4.55,2.94,8.33,2.63,2.27,2.5,3.85,6.25,2.5,8.33,4.17,2.08,4.55,6.25,2.78,2.27,3.57,2.63,4.17,3.85,3.13,3.33,6.25,2.63,2.5,2.78,5,2.27,2.38,2.94,2.08,2.08,5.56,3.57,2,3.33,5.56,2.94,3.33,3.33,8.33,6.25,5.56,2,2.63,5,4.55,5,2.08,7.14,2.63,2.94,2.27,2.94,2.38,2.63,7.14,6.25,2.5,3.57,3.57,2.38,3.57,2.27,7.14,5,5,2.94,5.56,2.5,2.5,3.57,6.25,8.33,2.5,3.57,3.33,5,5.56,5,2.17,2.38,2.94,2.17,2.17,6.25,2.27,3.13,8.33,3.33,2.63,2.08,2.94,6.25,2.63,2.63,3.33,6.25,3.13,2.78,5.56,3.13,3.57,3.85,3.85,5,3.33,7.14,6.25,4.17,3.33,2.94,2.38,2,6.25,2.63,2.63,2.27,2,2.08,3.13,3.57,5,3.33,4.17,8.33,2.17,3.85,2.94,3.57,2.27,2.78,7.14,10,7.14,2.08,2.63,3.33,4.55,2,3.33,2.63,2.08,4.17,2.38,2.5,10,10,3.85,8.33,3.57,2.38,6.25,10,2.38,3.57,6.25,2.08,2.27,2.08,2.38,3.57,2,4.17,2.63,3.13,3.85,2.78,2.08,3.33,2.94,2.17,5,6.25,3.85,2.94,4.17,5,4.17,10,2.78,3.57,2.38,3.57,5,2.78,2.94,4.55,2,6.25,8.33,3.33,3.57,5.56,3.85,8.33,2.08,3.57,2.38,3.13,3.33,2.63,2.27,3.13,10,6.25,5.56,2.08,3.33,2.27,3.13,5,2.27,5,2.27,2.78,2.17,7.14,7.14,2.5,2.94,2.27,2.94,3.57,2.63,3.33,8.33,3.57,10,3.33,2.94,2,7.14,6.25,4.17,3.57,2.38,2.78,10,5.56,2.5,4.55,2.08,2.78,8.33,2,5.56,4.17,10,7.14,7.14,6.25,2.38,3.13,4.17,5,2.17,3.13,3.57,3.57,3.85,5.56,10,5,7.14,2.17,2.38,2.94,2.5,8.33,2,5.56,2.08,2.78,5.56,8.33,3.85,2.5,2.38,2.38,2.78,7.14,5.56,2.27,2.17,6.25,2.63,2.08,2.38,6.25,2,3.33,8.33,2.17,6.25,5,5,5,2.63,3.57,4.55,3.33,2.17,4.55,5,3.13,3.33,2,2.27,7.14,2.27,3.33,2.08,5.56,8.33,2,2.17,8.33,4.17,7.14,2.94,3.13,2.63,10,2.5,2.17,2.63,3.13,2.78,3.57,3.85,2.17,3.33,10,10,2.17,2,2.94,6.25,3.57,2.08,3.13,6.25,3.85,8.33,10,2.08,4.17,7.14,4.55,5,4.55,4.17,2.5,3.85,4.55,5,5,3.57,3.85,4.55,3.57,4.17,2.17,2.27,2.08,5,8.33,8.33,6.25,2.78,2,5.56,4.55,7.14,2.38,3.13,2.08,3.13,2.78,6.25,2.94,6.25,2.08,7.14,2.94,5.56,5,2.94,3.13,3.85,2,2.5,7.14,7.14,4.55,3.13,2.78,3.13,8.33,4.55,7.14,2.78,2.94,2.5,4.17,4.17,3.13,2.17,8.33,10,2.78,2.17,6.25,3.57,3.85,2.78,2.27,2.63
77,2.5,3.57,6.25,2.78,4.17,3.57,2,2.08,3.57,4.55,2.38,3.13,7.14,3.13,2.94,5.56,3.13,2.63,8.33,3.85,2.78,2.63,2.5,4.17,2.94,2,3.57,4.17,4.17,8.33,4.17,2.38,5.56,2.27,8.33,7.14,8.33,5.56,10,6.25,4.55,2,2.63,2.78,3.57,3.13,3.85,3.85,2.17,2.17,3.85,4.17,2.5,8.33,8.33,2.78,3.57,10,3.33,4.17,2.38,5,7.14,2.08,2.63,2,2.78,2,2.38,8.33,3.13,5,10,2.27,5.56,10,2.17,3.13,6.25,2.63,3.13,8.33,2.38,7.14,3.85,3.57,10,4.55,2.94,8.33,8.33,2.27,10,10,2.08,2.94,2.5,2.38,2.27,7.14,2.17,3.85,2.5,6.25,10,2.08,2.78,2.08,6.25,3.85,4.17,10,2.27,2.94,5.56,7.14,3.85,5.56,3.33,5.56,2.5,3.85,4.17,5.56,2.63,2.63,5.56,6.25,4.17,3.13,8.33,2.08,2,6.25,3.57,2.5,6.25,5,6.25,5.56,5,3.13,4.17,3.33,4.55,2.5,2.63,2.27,2.08,10,10,5.56,5,2.38,2.5,7.14,3.85,2.08,2.94,2.5,2.08,5.56,2,3.57,4.17,2.08,4.17,2.08,2.5,2.78,2.08,2.27,5.56,2.94,5.56,10,10,7.14,4.55,8.33,2.08,3.85,2,10,4.17,2.27,7.14,3.85,2.5,6.25,2.63,2.08,2.94,4.17,8.33,4.17,2.94,2.27,2.38,7.14,2.5,6.25,3.13,3.33,2.63,4.17,3.85,7.14,7.14,5.56,3.33,4.17,2.94,5.56,2,5,3.13,3.85,3.13,6.25,2.5,3.33,8.33,3.33,2.17,6.25,2,2.38,8.33,5.56,2,10,2.08,2.08,7.14,2.5,6.25,4.55,4.17,3.85,10,2.17,5,4.55,2.27,3.33,3.33,2.27,2,2.38,5,10,3.85,3.85,2.5,5.56,2,3.13,2.5,5,2.5,5,2.63,10,5.56,2.08,10,5,6.25,2.27,10,2,3.57,2.78,2.27,2.08,3.85,4.55,7.14,3.33,2.5,2.17,8.33,10,3.85,2.17,2.38,3.57,2.63,8.33,2.38,2.63,4.17,2.38,3.57,2.63,2.94,7.14,3.33,3.33,2,3.33,2.08,10,3.33,2.5,2.94,8.33,10,2.27,4.17,2.17,2.63,3.33,8.33,4.55,3.13,2.94,7.14,8.33,7.14,4.17,2.17,3.85,2.17,2,8.33,3.85,2.5,2.08,2.5,6.25,2.27,2.08,4.17,7.14,2,2.78,3.85,5,3.33,5.56,4.17,5,2.08,2.94,3.85,5.56,2.63,4.55,2.08,3.13,2.08,10,3.85,2.63,2.17,8.33,4.55,2.27,2,10,3.57,2.5,4.17,2.17,2,5,4.55,4.17,8.33,2.63,2.17,6.25,2.63,2.38,10,2,2.63,10,2.5,2.5,5.56,4.17,7.14,2,3.33,10,2.5,3.85,7.14,2.27,5,3.57,5,5,3.85,2.63,10,2.94,3.85,2.27,2,3.13,5.56,4.17,4.55,5,3.85,8.33,2.78,4.17,3.33,3.85,4.17,2.63,2.38,2.63,3.57,5,7.14,2.27,5,2.5,3.57,3.85,4.17,5.56,2.38,2.27,6.25,2.38,4.55,3.57,5.56,6.25,3.33,2.5,2.08,2.27,5,6.25,4.55,3.57,4.17,4.17,8.33,6.25,2.08,3.33,5,5.56,2,5,10,8.33,2.08,2.38,2.78,2.63,2.63,2,4.17,4.55,2.63,4.55,7.14,2.38,2.78,2,10,2.78,7.14,3.85,4.55,4.17,8.33,8.33,10,3.33,2,5.56,2.63,3.33,7.14,3.57,2.63,5,3.85,4.55,4.55,2.27,4.55,6.25,8.33,2.63,3.13,2.27,2.17,10
78,7.14,3.57,8.33,2,3.85,8.33,2.27,2.5,6.25,2.27,4.17,2.27,2,7.14,2.38,2.63,2.27,3.33,8.33,2.27,5.56,2.78,2.5,2.08,2.08,2,5,7.14,3.33,10,3.33,2.63,4.55,2.38,2.78,6.25,4.55,2.17,3.85,2,4.55,2,3.85,5.56,2.78,4.55,3.33,3.13,5,2.27,7.14,6.25,2.08,8.33,10,2.17,5.56,2.63,2.17,3.85,10,5.56,2.27,10,2.78,3.33,5.56,2.5,6.25,2,2.17,4.17,8.33,2.94,2.38,4.55,2.17,2,4.55,2.78,3.57,5,2.78,6.25,2,2.63,5.56,3.33,3.57,5.56,2.94,7.14,2,4.17,2.27,5,10,2.08,2.08,4.17,2.08,2.08,2.5,2.78,2.78,5.56,2.5,6.25,4.55,2.38,3.33,6.25,2.38,10,7.14,2,2.78,2.17,2.94,10,8.33,3.33,2.38,7.14,2.27,10,3.85,10,3.85,2.5,3.85,10,8.33,5.56,5.56,10,2.27,10,3.57,7.14,6.25,8.33,2.78,2.17,2.5,3.57,7.14,2.63,2,2.08,4.17,3.57,10,7.14,3.33,4.17,2.27,3.13,2.5,3.85,2.17,2,5,10,2.5,3.13,4.55,2,2.94,3.85,2.38,2.5,7.14,2.17,2.08,2.63,2.5,5.56,2,10,2.63,3.13,2.17,2.38,2.5,3.85,8.33,2.38,2.63,2.17,2.17,4.17,4.17,5.56,2,6.25,4.17,2.17,2.94,3.33,2.94,2.08,7.14,2.5,6.25,2.27,2.78,4.55,4.55,2.78,2,2.63,2.27,8.33,10,10,7.14,2.94,2.78,2.27,2.5,3.57,2.27,2.17,8.33,4.17,10,3.57,3.85,5.56,2.78,6.25,2.08,2.27,7.14,3.13,4.55,6.25,2.08,2.5,2.38,3.33,2.5,2.94,7.14,3.33,5.56,5,2.5,3.57,4.55,3.33,2.27,2,2.5,3.57,2.08,2.5,2.94,2.08,7.14,4.17,3.57,7.14,3.85,2.94,2.63,7.14,3.57,2.38,2.17,3.13,2.27,4.55,6.25,3.33,2.5,2.27,5,7.14,3.33,8.33,2.78,3.13,2.27,5,3.13,2,2,2.17,3.13,2.08,5,3.33,10,2.78,2,5.56,3.85,2.27,2.94,2.5,2.27,2.94,8.33,3.85,2.94,2.94,4.55,2.27,2.17,3.85,2.63,7.14,4.55,4.17,2,8.33,4.55,2.63,5,6.25,3.57,3.13,2.38,10,8.33,5,3.13,2.27,5,6.25,2.27,4.55,4.55,2.38,5.56,2.5,2.08,3.85,3.85,5.56,2,5,2.08,3.57,5.56,4.17,6.25,2.63,6.25,2.38,8.33,2.94,3.33,2.08,7.14,7.14,2.38,2.78,4.17,2.38,6.25,2.38,2.27,7.14,7.14,5.56,2.27,2.5,3.57,2,8.33,7.14,3.85,3.57,10,2.78,4.55,2.17,8.33,4.17,2.78,2.27,2.94,10,2.5,2.63,4.17,3.85,5,3.57,2.5,2.94,4.55,2.5,3.13,3.13,2.63,2.17,3.85,5,8.33,6.25,10,2.08,7.14,4.17,2.63,5,5.56,2.08,5.56,2.38,3.33,3.85,2.17,2.27,4.17,2.78,5,2,2,4.55,4.55,5,4.55,2,2.78,2.08,3.57,5.56,3.85,7.14,2.63,3.33,5.56,3.33,3.85,2.63,2.63,4.55,10,2.08,2.27,2.94,2.5,4.17,2.78,7.14,5.56,8.33,2.94,4.17,4.55,2.17,2.63,2.5,3.13,7.14,2.38,2.78,4.17,2.08,4.17,2.63,2.27,4.17,8.33,2.63,2.5,5,2.17,2.5,2,2,5,3.13,2.78,2.94,3.85,6.25,2.5,2.38,3.57,3.57,2.94,3.85,6.25,2.27,2,7.14,3.85,2.78,7.14,3.57,2.08,2.5,3.85,5
79,6.25,2.78,8.33,4.55,7.14,2,5,2.94,2.17,2.08,4.55,2.63,5.56,6.25,4.55,4.17,6.25,2.27,4.17,6.25,2.5,2.63,3.33,10,3.13,2,7.14,2.5,3.13,2.5,5,10,6.25,2.17,2.08,3.33,10,3.13,2,2.38,8.33,7.14,2.94,2.5,2.17,3.85,2.94,2.78,3.57,8.33,2.38,3.33,7.14,3.57,2.08,3.33,2.5,2.63,6.25,10,2.78,2.94,3.33,6.25,5,4.17,2.27,2.17,7.14,4.17,4.55,2.63,2,2.27,2,10,3.33,2.94,3.57,2,2.5,3.33,2.27,4.17,2.38,2.08,5,2.17,2,2.63,6.25,2.94,6.25,2.63,3.57,2.78,2.38,5.56,5.56,3.57,4.17,3.57,6.25,10,2.5,2.63,2.94,2.38,2.38,2.5,4.17,8.33,3.85,3.85,4.55,2.78,2.17,2.94,3.33,6.25,3.33,7.14,2.94,2.17,3.33,3.57,2.17,2.5,10,3.57,2.5,7.14,3.33,8.33,2.5,2,4.17,8.33,2.94,2.94,2.17,2.38,2.27,5,2.94,3.13,5,4.55,2.08,10,2.5,2.5,2.63,7.14,2,7.14,2.27,2.08,3.13,2.08,3.33,8.33,4.17,2.94,2.78,2,3.13,2.38,3.33,2.63,6.25,2,4.55,2.63,3.85,3.85,3.85,10,5,2.17,8.33,3.33,2.17,3.57,3.13,2.17,2.78,10,2.5,2.5,2,2.94,2,6.25,2.08,3.33,4.17,2.63,5,2.17,3.57,8.33,8.33,4.55,5,3.85,2,2.94,2.94,2.94,10,3.57,8.33,2.94,8.33,2.27,7.14,4.55,2.08,7.14,5.56,2.27,2.94,4.55,2.27,3.85,3.57,5.56,5,2.5,5,2,5,3.13,2.27,3.85,3.57,2,3.57,2.08,2.27,6.25,3.13,6.25,3.85,3.33,2.78,4.55,3.85,2.17,4.17,2,10,2.38,5.56,3.57,10,3.13,2,2.27,2,2,5,3.33,2.63,5,2.94,2.5,5,2.94,3.57,2.78,8.33,5.56,3.85,5,2.08,2.63,2.38,3.13,2.27,2.63,2.27,2.78,10,10,7.14,8.33,2.27,3.33,8.33,8.33,3.57,3.85,3.57,2.08,3.13,2.63,3.33,3.85,2,2.27,6.25,7.14,5,2,3.57,2,3.57,2.38,2.94,3.13,3.13,2.08,3.57,2.5,6.25,2.78,2.08,2.17,2.08,7.14,6.25,2,2.63,10,5.56,5.56,3.13,6.25,2.08,2.17,3.85,6.25,2.5,2,2.17,5.56,2.27,2.27,2.27,2.63,2.63,2.63,5.56,4.17,2.17,4.17,4.17,2.08,8.33,4.55,4.17,2.08,3.33,2.38,3.13,5,3.33,6.25,3.33,4.55,3.85,2.63,2.27,5,3.85,2.78,4.17,6.25,8.33,3.33,3.57,2.5,10,2.17,3.13,5,2,10,5,7.14,4.17,2.63,4.55,5,2.08,2.08,2.27,8.33,5,3.85,4.55,2.38,4.17,6.25,4.17,2.17,2.17,2.5,4.17,5,3.85,6.25,2.08,2.94,2.5,3.57,7.14,8.33,3.85,2.38,5,8.33,3.33,2.78,2.63,2.17,2.5,10,5,2.08,3.13,4.55,2.5,2.08,4.55,4.55,4.55,2.08,2.78,2.38,7.14,4.55,3.13,2.27,2.27,8.33,6.25,5.56,8.33,5,8.33,2.78,6.25,3.33,8.33,2.08,3.13,2.38,5.56,3.85,2.38,3.13,2.78,8.33,2.08,2.63,2.08,5,10,3.33,6.25,2.27,10,2.38,7.14,4.55,2,7.14,2.27,6.25,2.17,10,5.56,2.78,2.08,2,7.14,3.57,2.94,5,2,4.55,8.33,8.33,5,5.56,5,7.14,10,2.78,2.38,10,6.25,5.56,2.94,8.33,2.17,2.5
80,10,2.5,2.38,7.14,2.08,3.13,6.25,6.25,3.57,10,7.14,5.56,3.13,4.55,3.33,3.57,3.57,4.17,2.63,2,4.55,2.63,6.25,2.27,5.56,7.14,3.57,8.33,4.55,2.63,2.5,5.56,6.25,2.17,8.33,3.85,2.27,10,2.17,2,2.63,3.57,3.33,10,8.33,5,3.85,2.5,2.17,3.13,5,8.33,8.33,2.63,6.25,5,2.78,5,6.25,5.56,6.25,5.56,3.33,2.38,2.17,5,5.56,5,2.5,2.5,2,5.56,10,3.13,4.17,2.78,2.17,8.33,2.94,6.25,3.13,3.33,2.38,6.25,2.38,2,4.55,2.94,2.78,5,3.57,3.13,4.55,3.85,2.5,3.33,3.33,3.33,3.57,3.33,3.33,2,5.56,2.27,5.56,5,2.27,2.08,5.56,4.17,7.14,4.55,2.63,10,3.57,8.33,5.56,4.55,5.56,2.27,8.33,8.33,2.27,2.63,3.57,6.25,4.17,7.14,2.63,8.33,2,2.78,2.38,6.25,5,5,2.94,2.94,6.25,8.33,3.85,5,2.27,6.25,5,2.5,2.78,2,5,3.57,2.78,2.94,5,4.17,4.55,3.33,2.17,2.27,2.78,3.85,6.25,8.33,6.25,4.55,2.63,3.57,2.78,3.13,4.17,2,2.17,2.63,2.17,3.57,3.13,6.25,4.55,6.25,5.56,6.25,2.94,2,2.5,2.5,2.94,2.63,2.78,4.17,3.85,6.25,5,3.57,2,2.38,5,4.55,2.5,2.27,5,7.14,6.25,2.94,2.08,2.78,2.63,4.55,10,8.33,3.57,2.78,2.08,4.55,4.17,2.63,2.63,8.33,2.78,2.78,2.63,8.33,5.56,3.33,4.17,2.38,2.38,6.25,2.38,2.63,5,3.13,7.14,2.08,5.56,10,3.57,2.94,3.13,2.38,5.56,3.33,8.33,3.13,8.33,3.13,3.13,5,6.25,5.56,5,6.25,8.33,2.08,10,4.17,5,4.55,3.85,2.78,2.78,7.14,6.25,7.14,3.85,4.17,2.5,3.85,2.27,3.13,4.55,3.13,2.27,4.55,5.56,5.56,5.56,7.14,7.14,2.38,3.85,4.17,4.17,5,3.57,2.63,2.94,2,10,4.17,2.38,3.85,5.56,7.14,6.25,2.08,2.78,2.5,2.5,2.17,2.08,2.38,7.14,6.25,5,2.63,7.14,6.25,2,5,2.38,5,2.08,2,2.94,4.17,3.85,5.56,2.27,3.85,6.25,4.17,2,2.63,5,4.55,2.17,3.57,2.38,4.17,3.33,2.5,4.55,2.17,10,2.27,2.63,2.94,4.17,8.33,10,2.38,2.94,6.25,10,3.57,4.17,3.57,2.17,2,2,2.94,6.25,3.57,2.63,3.13,3.13,2.38,7.14,3.57,7.14,2.78,2.17,2.63,2.27,3.85,2.94,6.25,2.08,3.57,6.25,7.14,10,7.14,2.5,2.27,2.94,5.56,10,2.78,2.38,2.27,7.14,2.5,2.38,3.57,7.14,6.25,2.63,2.63,10,3.13,2.27,4.17,6.25,2.38,8.33,5,2.78,10,3.13,8.33,3.85,3.13,2.78,5.56,3.85,7.14,3.85,5.56,3.85,2,2.63,2,7.14,5,4.17,4.17,2,4.17,7.14,3.85,4.55,8.33,2.08,7.14,3.13,6.25,7.14,2.63,2.17,3.33,2.63,5,10,2.63,2.08,3.33,2.08,2.5,5,5,2,3.85,3.85,3.85,3.57,5,2.27,5.56,8.33,2.17,7.14,2.94,3.13,5,6.25,4.17,5,5.56,3.33,3.33,2.17,2.17,3.13,2.63,3.33,8.33,2.63,5.56,3.13,2.08,2.08,2.94,5,5.56,2.5,3.33,6.25,3.13,5,2.38,8.33,3.13,7.14,3.85,3.33,4.55,3.13,3.13,3.13,2.27,3.85,7.14,2.94,2.5,4.17,2.78,2,5.56,2.38,3.13
81,3.57,2.27,3.57,7.14,2.08,3.33,2.78,5.56,2.17,3.57,3.57,2.38,2,5.56,2.08,10,2.38,10,8.33,4.17,2.27,2,2.08,4.55,2.27,2.17,2.27,4.55,3.57,3.33,5.56,2.94,3.85,2.27,4.17,2.78,2.5,3.57,7.14,6.25,2.17,2,8.33,3.85,2.5,3.57,3.33,2.63,5,2.78,4.17,6.25,2.78,2.17,7.14,5.56,3.13,10,2.78,5,2.17,2.27,6.25,2.38,10,2.27,5,4.17,3.13,3.57,7.14,2,5.56,2.78,3.33,2.27,2,2.5,2.27,2.63,4.17,2.17,3.13,2.08,4.17,3.13,10,8.33,2.94,3.33,5,2.27,5,2.78,2.17,2.17,2.38,3.57,2.78,3.13,4.55,4.17,5,7.14,2.78,10,8.33,3.13,2,2.38,5.56,2.63,8.33,2.17,10,3.57,2.38,2.27,2.63,10,10,4.17,2.63,2.63,5.56,2.78,2.5,8.33,2.08,2.63,10,4.55,2,2,2.17,3.57,5.56,2.63,4.17,2.27,5,4.55,2.08,6.25,2,7.14,2.63,2.78,6.25,2.94,5,2.78,2.17,2.08,2.78,2.94,2.63,10,2.08,2.38,7.14,2,2.27,2.27,2.63,2.17,2.17,3.33,2.94,4.17,2.17,3.13,3.57,2,4.17,2.63,5.56,2.63,10,2.63,2.5,4.55,5,2.5,5,3.57,2.08,2.78,3.85,2.63,2.63,2.17,2,3.85,2.27,4.55,2.08,4.55,4.55,2.17,10,7.14,3.85,2.17,3.13,2.94,2.63,3.85,3.85,2.78,2.08,3.13,2.17,5,3.13,2.63,7.14,2.08,7.14,3.33,3.85,2.5,5.56,7.14,8.33,2.17,6.25,4.17,10,3.33,2.17,2.5,2.63,2,2.78,3.85,2.38,5,4.17,10,2.63,2.5,6.25,7.14,2,3.33,2.5,4.55,2.38,10,4.17,2.5,2,2.78,2.94,4.17,5.56,2,3.57,5.56,2.94,2.38,3.13,2.17,2.27,3.57,6.25,5.56,3.33,2.17,2.5,2.38,5.56,3.33,5,2.63,2.38,5,5.56,3.33,4.55,2,5.56,4.17,8.33,2.94,2.5,2.5,3.57,2.08,4.55,2.27,5,2.27,2.78,2.94,4.17,2,2,2.94,3.33,3.13,3.85,2.63,2.08,10,3.33,3.13,2.08,2.17,2.63,7.14,3.13,3.85,10,7.14,4.17,8.33,8.33,2.78,2.38,3.85,5,2.08,2.5,2.78,6.25,5.56,8.33,4.55,3.13,2.17,5.56,2.78,2.08,2.17,2.78,4.55,7.14,2.94,4.55,3.33,4.55,2.63,2.94,3.13,5.56,2.94,3.33,2,8.33,3.85,2.27,2.78,4.17,5,5.56,3.57,4.17,2.17,8.33,2,2.94,5,2.78,4.55,2.5,4.17,3.13,10,5.56,2.38,7.14,4.55,4.17,3.85,2.38,2,2,2.5,3.33,2,4.17,8.33,2,2.27,2.94,2.94,2.5,8.33,6.25,2.63,4.17,4.55,3.13,2.78,2.27,2.38,3.33,2.5,2.5,4.17,3.33,5,3.13,4.55,2.08,2.17,2.08,3.33,2.17,2.5,2,3.33,8.33,4.55,2.17,3.85,7.14,2.78,7.14,7.14,6.25,3.85,3.33,5.56,6.25,4.55,2.27,2.94,3.57,2.78,2.17,4.17,3.13,4.17,2.94,8.33,3.33,2.5,2.17,2,8.33,3.13,2,5.56,2.63,4.17,2.5,7.14,2.17,5.56,2,2.27,2.38,10,4.55,2.94,3.57,2.63,2.5,3.13,3.13,2.5,3.13,5.56,2.5,2.94,3.33,6.25,2.27,3.13,5,4.17,2.17,10,2.08,3.33,2.17,2.63,7.14,2.63,8.33,2.08,7.14,3.13,4.55,2.94,3.57,2.78,2.38,8.33,3.13,2.27,2.5,5.56,7.14,5,3.13,3.85
82,3.33,10,2.08,2.08,3.57,4.17,10,2.38,2.27,3.33,2.17,3.13,5.56,2.27,2,3.13,3.33,5,2.94,2.38,10,5,2.27,2.94,3.57,3.85,2.63,2.63,10,8.33,6.25,8.33,2.08,5.56,2.5,3.13,2.5,10,4.55,3.85,5,2.38,2.27,2.78,7.14,5,2,2.5,2.78,2.63,3.33,2.78,2.78,2.38,2.63,2,5,4.55,10,2.94,2.17,7.14,3.57,4.55,10,2.08,6.25,2.63,3.13,5.56,2.94,6.25,4.17,2.08,2.78,2.94,2.94,8.33,7.14,6.25,10,2,4.17,2.63,2,4.17,3.85,2,3.33,4.17,2.38,2.63,2.17,2.5,3.85,2.08,10,7.14,5.56,2.63,2.63,2,2.27,4.55,4.55,2,2.5,2.94,3.85,3.57,2.94,6.25,2.78,5.56,2.38,7.14,5,2.63,4.55,3.57,10,2.78,3.13,4.17,3.33,2.08,2,3.57,2.17,2.27,3.85,3.85,3.13,10,2.63,3.13,5,2.5,6.25,2.17,2.5,2.78,2.5,2.94,5,3.85,2.27,8.33,2.63,6.25,3.85,3.33,2.38,6.25,2.94,2.08,6.25,2.78,2.08,7.14,3.13,6.25,4.17,3.57,7.14,2.17,2.08,2.27,4.55,4.17,2.17,2.78,6.25,3.13,2.78,5.56,2.17,2.38,6.25,3.13,2.5,10,2.63,2.17,3.57,8.33,2.63,6.25,3.57,10,3.13,2,3.33,2.63,3.85,2,10,2.94,4.17,2.38,2.5,6.25,2.78,8.33,7.14,2.27,10,2.08,2.63,4.17,2.63,2.27,7.14,7.14,3.13,4.17,4.17,2.94,10,2,8.33,2.78,2.27,10,2.27,5,8.33,2.27,2.63,10,2.5,2.17,2.38,4.55,5,2.38,2.5,2.78,2.78,2,2.5,5.56,3.13,2.5,2.78,4.17,7.14,5.56,10,3.57,2.78,3.85,2.78,5,3.13,2.27,2.08,5.56,3.33,6.25,3.85,8.33,2.17,4.17,5.56,2.17,6.25,3.33,2.94,2.38,5.56,2,2.78,2.08,10,2.27,5.56,3.57,2.63,3.13,2.27,5.56,2.38,2.17,10,7.14,4.17,2.94,2.17,5,2.5,2.5,2.27,5,2.27,8.33,3.13,3.85,2,8.33,7.14,2.08,3.57,2,2.08,5,7.14,5.56,2.27,2,3.33,3.57,2.27,3.85,2.5,3.33,10,3.13,7.14,6.25,10,3.57,2.63,2.63,3.57,7.14,7.14,2.63,2.94,8.33,2.94,2,2.78,6.25,4.17,3.13,4.55,7.14,3.57,8.33,3.85,5,5,7.14,10,2.5,5,2.27,7.14,5,2.38,2.38,2.08,3.33,2.27,8.33,3.85,5.56,3.33,2.5,6.25,2.94,2,2.17,10,3.85,2.08,7.14,3.57,8.33,2.63,5,2.17,2.17,3.33,2.08,2.38,8.33,2.94,2,3.57,2.38,4.17,3.13,3.13,10,6.25,2.5,10,2,6.25,2.38,4.17,4.55,2.38,3.33,2.27,7.14,2.5,2.27,6.25,2.08,2,2.38,2.38,2.78,10,3.33,2,2.94,3.13,2.94,6.25,2.38,2.08,6.25,2.27,2,2,3.85,3.85,10,2.17,4.55,2.27,2.94,8.33,5,7.14,2.38,3.57,3.33,10,4.55,8.33,3.85,3.13,5,2,5,2.38,3.57,5.56,4.55,2.08,6.25,4.55,2.27,5,2.08,2.5,2.78,3.85,2.08,2.38,7.14,3.85,2.5,6.25,4.55,2.5,3.57,2,4.55,2.38,2.94,2.08,3.85,3.13,2,3.13,3.13,2.08,2.38,3.85,7.14,3.85,2.17,7.14,2.5,10,2.38,3.33,2.78,2.5,3.33,4.55,5,5,2.08,4.55,2,4.55,3.85,2.78,2.78,10,2.63,5.56,2.27
83,2.63,2.17,5,2.5,5,2,2.63,8.33,3.33,2.08,5,2.94,6.25,2.08,2,3.13,2.17,3.33,7.14,2.63,8.33,4.55,2.08,2.27,5,3.85,2.78,2.17,7.14,4.55,8.33,2.38,3.85,4.17,2.78,3.33,2.27,2.63,2.78,2.17,4.17,2.27,3.85,2.27,2,7.14,2.38,6.25,2,2,2.08,2.94,2.27,3.57,2.94,2,8.33,2.63,10,8.33,2.17,3.85,4.55,2.5,10,7.14,4.17,2,3.57,2.17,3.33,2.17,5.56,2.27,7.14,4.17,2.08,4.55,8.33,5.56,2.5,4.17,3.85,6.25,2.78,2.17,10,2.17,5.56,7.14,5,2.5,3.57,2,5.56,4.17,3.85,3.33,2.17,2.17,4.17,3.57,8.33,3.57,2.08,5.56,6.25,7.14,6.25,2.38,2.78,5.56,4.17,2.63,6.25,2.17,3.85,5,2.27,2.78,3.85,3.33,3.57,5,2.17,2,2.27,4.55,10,5.56,2.5,5.56,4.17,2.63,5,2.63,3.13,10,2.63,8.33,2.38,2.78,10,2.5,2.94,2.27,5.56,2.17,2.27,2,8.33,6.25,2,3.57,2.27,2.17,10,4.17,2.63,2.78,6.25,3.57,3.57,2.94,4.17,2.17,3.85,5,2.63,5.56,4.55,2.17,5,10,2,2.08,5.56,5.56,2.63,5.56,2.94,6.25,3.33,5.56,3.13,4.55,4.55,8.33,8.33,2.08,8.33,3.13,3.85,5,4.17,6.25,2.78,2.27,2.63,3.13,2.94,5,8.33,5.56,2.78,2.38,8.33,5,2.94,2,2.27,4.17,6.25,3.13,7.14,2,2.5,10,2.5,7.14,2,2.08,2.78,6.25,2.5,7.14,3.57,2.78,7.14,2.63,2.78,8.33,8.33,2.08,3.57,2.38,7.14,5,10,2.63,4.55,5,8.33,6.25,5.56,6.25,2.5,3.57,3.13,3.85,4.55,2.27,2.27,5,2.63,4.17,2.17,4.55,2.38,8.33,3.13,2.78,2.38,2.94,2.17,6.25,2.63,2.27,7.14,4.55,2.38,2.63,2.5,3.13,3.33,2.94,5,5,2.27,5.56,5,4.55,6.25,10,3.13,8.33,2.38,10,6.25,3.13,3.85,7.14,2.08,7.14,2.78,2.38,2.78,2.38,3.13,2.94,4.17,2,2.08,2.38,3.13,2.27,10,3.57,3.57,3.33,3.85,7.14,2.94,8.33,7.14,2.5,4.17,5,2.5,5,10,5,3.33,2.17,2.63,2.5,2.94,6.25,2.08,2,2.94,6.25,8.33,3.85,2.27,4.55,8.33,4.55,2.63,3.57,4.17,2.08,3.85,2.78,3.57,5,4.17,2.94,5,2.27,8.33,2.94,2.94,3.57,3.57,3.85,2.78,2.38,3.57,2.17,4.17,8.33,4.55,4.55,3.33,4.17,3.33,3.33,2.94,2.08,10,2,3.13,4.55,2.94,3.33,2.08,2,7.14,2.38,2,3.33,2.17,6.25,2.63,8.33,3.13,2.94,2.5,2.08,3.33,10,10,8.33,2.17,4.55,2.63,4.17,2.5,4.17,2.78,2.08,2,3.57,8.33,5,2.94,5.56,5,6.25,2.17,6.25,2.38,2.78,5,2.38,2.27,8.33,4.55,2.63,2.08,3.13,2.27,2.38,2.38,2.63,3.33,2,2.27,8.33,2.94,8.33,8.33,8.33,2.78,7.14,10,2.78,2.08,3.13,2.5,3.33,2.5,8.33,2.63,7.14,3.33,4.17,8.33,5,6.25,5.56,8.33,2.5,2.38,10,4.17,2,2.94,3.57,2.78,2.5,2.94,5.56,5,3.85,7.14,5,2.27,3.13,3.33,2.38,3.33,2.63,4.17,3.57,5.56,2,2.17,2.27,2.17,2.78,2.38,2.17,2.38,2,4.17,2.78,2.27,3.57,5.56,2.63,4.55,5.56,2.08,3.57,3.33,10,2.08,4.55
84,6.25,10,3.57,8.33,6.25,2.08,3.13,4.17,3.57,2.78,3.33,10,2.08,2.5,2,3.57,2.78,2,2.27,2.5,4.55,2.78,6.25,2.63,3.57,2.63,5,3.85,4.17,2.5,7.14,2.17,2.27,2.63,4.17,2,5,2.78,5,2.38,3.13,2.17,2.38,5.56,2.27,4.17,2,6.25,3.85,2.08,5.56,2.63,2.27,2.94,2.08,2.08,2.17,2.08,3.85,7.14,4.17,2.94,4.55,2,2.63,5.56,5.56,2.94,5,2,2.17,2.08,3.85,2,6.25,2.08,7.14,2.08,5.56,2.27,2.78,2.27,2.38,6.25,3.33,6.25,3.57,8.33,7.14,3.33,8.33,2.08,3.85,2.27,2,10,4.55,2.27,2.08,3.57,3.13,4.17,3.57,2.17,4.17,7.14,4.55,4.17,2.38,4.55,4.17,3.85,4.17,3.33,4.55,5.56,3.13,2,5,10,2.63,2.27,7.14,2.38,3.57,10,7.14,7.14,10,2.94,2.08,3.33,4.55,6.25,5,7.14,3.57,3.33,5.56,8.33,3.57,2.94,2,5,7.14,10,3.33,3.13,4.17,4.55,3.33,3.57,2.08,2.78,2.5,3.13,2,4.55,3.85,7.14,2,2,2.38,2.38,7.14,2.5,2.94,2.78,4.55,2,3.57,2.5,2.38,8.33,2.5,2.78,2.38,6.25,2.17,6.25,2,2.27,5,3.33,4.17,2.5,6.25,4.17,10,2.27,3.33,2.94,8.33,2.78,3.85,2.63,2.63,3.13,2.5,3.85,2.5,4.55,2.27,5,3.57,2.63,2.78,2.78,7.14,4.17,2.27,4.55,2.63,2.17,3.85,2.17,4.17,7.14,7.14,3.85,8.33,3.85,4.17,2.27,2.78,6.25,5.56,3.57,3.85,4.17,3.13,2,3.57,3.13,8.33,2.17,3.57,3.85,2.63,4.17,2.08,5,3.85,6.25,2.63,2.08,3.13,5.56,4.17,6.25,2.5,3.57,3.33,2.5,3.33,5.56,3.85,2.94,3.57,4.55,7.14,2.5,2.5,2,3.57,2.5,2.27,2.08,2.08,2.63,2.17,3.57,4.17,3.57,3.85,3.13,2.38,2,5.56,2.78,7.14,3.57,6.25,2.27,2.78,5.56,2.27,2.78,3.13,2.78,2.17,2.17,8.33,2.5,2.63,10,7.14,4.55,2.63,4.17,2.27,2.5,3.33,2.17,2.94,4.17,2.38,2.38,2.5,2.38,5.56,8.33,2.08,4.55,2.63,6.25,2.38,2.63,2,2,3.57,3.33,4.55,3.13,2.94,5.56,3.57,2.63,2,2.5,5,2.08,2.78,2.27,5.56,2.08,3.33,2.63,7.14,8.33,3.13,3.85,10,2.78,2.5,4.55,5.56,2.38,2.94,3.85,3.13,2.63,2.5,3.57,5.56,2,2.17,4.17,5.56,10,2.27,2.5,5,3.57,2.5,2.78,7.14,2.17,6.25,2.5,2.27,2.63,7.14,6.25,2,3.13,10,2.63,4.55,2,2.08,5,3.85,4.17,2.5,3.33,3.57,2.78,2.17,4.17,7.14,10,2.78,6.25,10,2.5,2.78,3.85,2.38,2.63,2.5,6.25,4.17,2.78,2.38,2.94,6.25,3.13,2.08,3.33,2.08,2.27,8.33,7.14,3.13,3.33,2.17,5,3.57,4.55,8.33,8.33,2.27,4.17,3.33,2.17,2.38,2.17,8.33,2.17,8.33,3.13,6.25,3.85,2.38,2.08,10,3.13,2.63,5,2.08,4.55,2.5,4.55,8.33,4.55,7.14,3.85,2.38,3.33,3.57,2,2.38,6.25,2.5,3.57,2.94,4.17,4.17,7.14,2.17,2.63,3.13,8.33,5.56,2.27,6.25,2.17,6.25,8.33,3.33,3.85,3.85,2.63,2.78,3.57,5,3.13,2.38,3.57,4.55,3.57,3.13,2.17,7.14,2.08,2.08,2.5,3.57,2.78,2.27,2,8.33,3.13,2.5,5.56,2.17,3.33,4.17,2
85,3.33,4.17,2,2.08,3.33,2.63,2.38,5,3.57,2.5,2.27,8.33,2.17,10,2.27,2.78,2,6.25,3.33,2.38,2.63,3.13,4.17,2.94,6.25,10,5,2.63,2,3.85,10,2.38,5.56,6.25,2.38,10,3.85,2.27,2.08,2,2.94,2.17,4.17,3.57,2.17,10,5,10,2.38,7.14,5.56,2.78,5,4.17,3.13,2.94,2.38,2,3.13,3.85,2.63,7.14,2.08,5.56,2.78,2.38,2.38,7.14,8.33,3.85,2.94,2.17,5.56,5.56,2,2.94,8.33,3.85,7.14,8.33,5,5,3.57,5.56,3.13,6.25,5,3.13,2.78,2.27,4.17,2.5,3.33,5,7.14,2.27,8.33,7.14,4.55,2.08,3.85,3.85,3.13,7.14,2.27,6.25,2.5,2.94,2,2.27,4.55,5,2.63,2.38,2.27,2.27,5,10,2.17,2.78,2.63,2.17,7.14,2.08,6.25,2.38,3.57,2.17,3.85,2.27,3.13,2.17,3.57,2.27,2.27,10,5,3.33,3.13,5.56,3.57,2.94,10,4.55,2.08,2.78,3.33,10,10,7.14,2.94,2.38,2.27,5,2.78,2.38,2.27,2.94,3.57,3.33,3.57,2.94,8.33,2.38,8.33,5.56,8.33,3.13,2.08,2.5,5,2.27,3.33,3.85,5.56,3.33,2.5,4.55,6.25,2.78,2.5,2.38,3.13,2.5,4.17,7.14,4.55,3.13,7.14,3.85,2,2.63,3.33,8.33,5.56,3.57,3.57,8.33,10,3.57,3.33,2.5,2.94,2.63,8.33,2.38,5,8.33,3.13,5,2.08,2.08,3.13,2.78,3.33,8.33,2.08,3.85,3.13,2.08,8.33,2.63,2.5,2.38,7.14,2,8.33,3.13,7.14,2.27,10,3.33,5.56,2.38,2.08,2.27,6.25,10,3.57,2.27,3.85,5,3.13,6.25,4.55,3.57,2.94,4.55,2.38,3.85,5,3.13,5,2.94,2.08,2,5.56,3.13,2,7.14,8.33,3.85,3.13,10,2.78,5,6.25,3.85,3.13,3.33,2.63,2.17,2.5,8.33,5,2.17,8.33,3.85,3.33,2.63,5,3.85,2,2.78,2.5,7.14,3.33,4.55,2.27,2.17,2.5,10,2.27,3.57,2.17,2.78,3.57,2,3.85,6.25,2,2.5,2.17,4.17,3.85,2.94,3.13,6.25,3.85,3.57,2.08,4.17,2.5,3.13,2.63,2.27,5,4.55,5,3.85,2.08,3.13,5.56,8.33,2.08,3.85,4.17,6.25,4.55,5,3.85,2.27,4.17,2.17,2.27,2,3.85,2.17,2.63,2.27,2.94,2.27,5,2.17,3.33,2.08,3.33,8.33,7.14,2.27,7.14,2.17,8.33,7.14,3.13,4.17,3.33,2.5,4.17,4.17,7.14,2.38,6.25,2.17,4.17,2.63,2.94,2.78,2.08,2.08,2.38,3.57,6.25,3.85,4.17,2.63,2.38,4.55,10,2.38,8.33,2.38,2.63,2.17,2.27,3.33,2.27,8.33,7.14,3.13,3.85,7.14,2.5,3.13,7.14,2.78,3.13,5,3.85,3.57,3.13,2.78,8.33,2.27,6.25,2.08,5,2.63,7.14,3.57,3.13,2.5,2.17,8.33,2.27,2.5,3.57,2.08,2.5,2.63,2.38,2.17,2.5,2.78,2,2.17,5,10,3.85,2.38,8.33,5.56,3.13,7.14,8.33,5,2.27,3.13,4.17,8.33,7.14,2.38,6.25,5.56,2,8.33,7.14,3.57,7.14,3.33,3.57,2,2.27,3.85,3.57,3.13,6.25,3.57,5.56,5.56,8.33,7.14,3.33,10,5,2.08,2,6.25,2,2.17,2.08,10,2.5,2,2.94,2.27,3.33,3.85,5.56,2.63,5,2.38,2.08,3.57,4.55,4.55,3.85,2,2.27,5.56,6.25,2.17,6.25,4.17,3.33,4.17,4.17,2.38,2.63,3.33
86,5,8.33,2.5,10,2.27,4.17,2,2.94,3.57,3.85,6.25,2.5,6.25,2.63,2.63,3.13,2.08,2.27,6.25,3.85,2.27,2.5,7.14,2.5,5.56,2.27,2.94,3.57,2.17,6.25,3.13,2.78,2.08,2.38,3.85,2.17,4.17,7.14,5,2.5,4.55,3.33,3.33,2.63,2.17,2.5,2.78,2.27,3.33,2.27,4.55,2.78,3.13,2,3.85,4.55,3.13,3.13,3.57,3.13,2.94,2.94,2,4.17,2,7.14,7.14,2,10,7.14,6.25,2.08,3.13,2.63,4.17,3.13,2.38,4.17,3.33,2.38,2.5,2.78,2.63,10,4.55,2.38,8.33,2,2.94,3.85,2,2.38,2.5,5.56,8.33,2.5,8.33,3.13,2.63,2.94,8.33,7.14,2.17,2.27,7.14,3.85,6.25,4.17,8.33,2.63,4.17,2.08,2.38,7.14,5.56,10,3.13,6.25,3.85,7.14,5,5.56,2,5.56,7.14,2.08,2.17,2.63,6.25,3.85,6.25,2.38,6.25,2.27,2,3.57,8.33,4.55,4.55,3.13,2.5,10,3.85,2.17,2.17,5,3.13,2,2.38,8.33,8.33,2.63,2.17,2.17,3.13,3.85,3.13,3.57,5,2.27,4.55,6.25,2.5,3.33,2,2.5,2.08,4.17,2.38,2.38,2.38,2.78,2.78,2.27,3.85,10,7.14,4.17,5,3.13,2.17,5,2.94,2.63,7.14,10,7.14,2.5,10,2.17,4.17,4.55,4.55,3.33,2.38,4.55,7.14,2,3.57,2.27,2.08,2.63,2.5,2,5.56,6.25,2.5,3.33,2.38,3.85,2.94,3.57,3.57,3.85,2.94,2.27,4.17,4.55,2.17,2.78,2.38,2.17,5,2.63,3.33,2.63,2.17,2.5,8.33,3.57,4.17,2.5,8.33,2.94,5.56,3.13,2,2.94,2.5,3.13,7.14,2.78,2.5,2.38,2.08,2.94,2,2,3.13,2.94,2.38,5,5.56,5,3.57,5,2.27,5,4.55,2.94,4.17,4.55,10,3.13,3.57,5.56,2,7.14,3.85,4.17,5.56,3.13,4.17,3.13,4.55,2.38,5.56,4.55,7.14,8.33,3.13,5,3.13,4.17,2.94,3.33,8.33,2.94,5.56,3.13,8.33,2.17,2.38,4.55,2.17,8.33,2.08,5,2.27,6.25,2.63,5.56,4.17,2.27,3.33,5.56,4.55,2.94,2.5,2.08,3.13,3.57,5.56,2.08,4.17,2.78,2.94,3.13,2.94,2.94,5,2.38,2.94,3.33,5.56,5,2.17,6.25,3.85,4.55,2.27,3.57,2,5,5.56,5.56,4.17,3.57,5.56,10,3.57,3.85,4.17,4.17,2.63,10,2.78,3.13,10,3.85,7.14,3.33,5.56,7.14,4.55,2.78,8.33,2.63,7.14,2.08,5,2.94,2.27,2.5,3.33,5,3.57,3.57,5,3.57,10,2.78,5.56,2,2,3.85,2.94,2.63,10,3.85,4.55,5,7.14,5,2.38,4.17,3.33,2.94,2.38,2.94,3.85,2.38,2.38,7.14,10,2.27,7.14,2.78,3.85,2.17,3.57,3.57,2.5,5,2.08,2,3.33,2.94,10,5.56,2.27,7.14,4.17,5,3.85,7.14,5,5.56,3.57,4.17,6.25,2.38,3.13,3.13,8.33,2.5,5.56,3.33,2.5,2.94,3.13,5.56,6.25,3.85,3.57,2.17,4.17,5.56,5.56,2.08,3.85,2.08,3.13,5.56,2.17,3.57,10,2.08,4.55,8.33,2.5,2.17,3.33,8.33,10,5.56,2.94,3.33,2.27,3.57,2.27,2.78,2,4.17,3.57,7.14,2.27,2.27,4.55,3.85,3.33,10,2.5,3.57,3.85,5,2.27,3.57,8.33,4.17,7.14,2.94,5.56,3.85,8.33,3.33,2.94,2.63,10,2,2.27,2.17,5.56,2.94,2.38,2.63,3.85,7.14,2.63,8.33
87,8.33,2.78,2,5,3.33,5.56,8.33,3.57,5,10,3.33,2.5,8.33,2.94,2.27,8.33,4.17,7.14,3.13,2.27,2.17,5,3.33,2.5,2.27,2.94,2.94,2.17,3.33,2.63,2.63,4.17,8.33,2.17,6.25,10,2.27,2.94,5,3.13,2.27,2.38,10,2.08,2.94,2.78,8.33,2,3.33,2.5,3.57,2.94,3.13,2.27,2.94,6.25,2.63,8.33,2.63,5,10,4.17,2.63,5.56,10,8.33,8.33,2.08,5.56,3.85,5,4.55,5.56,2.94,2.17,3.57,2.78,2.27,5,5,2.08,5.56,8.33,2.94,5,2.94,2.63,8.33,10,2.38,2.5,2.08,2.63,8.33,2.17,6.25,2.94,3.13,10,7.14,3.33,5.56,7.14,3.85,2.27,2.38,3.13,6.25,2.38,10,6.25,4.17,2.27,3.85,10,7.14,10,2.17,5,2.08,6.25,3.57,10,2.78,2,2.08,5.56,2,2.17,2.94,3.13,8.33,3.13,5,2,4.17,3.13,10,3.57,2.5,4.17,2.78,5,4.17,6.25,4.55,8.33,4.17,4.55,3.57,2.5,2.17,2.94,2.5,2.27,5,2.63,3.13,3.33,2.5,6.25,6.25,3.57,5,2,6.25,2.27,2.5,3.57,2.63,3.33,4.55,4.55,2.78,3.13,2.17,2.5,2.5,2.38,2.38,6.25,4.17,7.14,2,7.14,3.13,5.56,6.25,2.08,2.63,2.94,2.5,2.08,10,8.33,2,6.25,2.63,2.38,2.27,4.17,7.14,2.78,10,2.63,3.85,2.94,5,2.78,2.17,10,3.33,2.27,2.78,3.57,2.63,2.78,6.25,4.55,3.85,2,3.85,2,2.5,3.57,3.57,2,4.55,5.56,2.27,3.13,4.17,5.56,2.38,2.94,3.13,5.56,2.5,4.17,2.78,3.85,8.33,2.5,5.56,2.5,3.33,2.94,6.25,2.5,3.13,5.56,2,2,5,2.5,6.25,3.85,2,2,2.17,2.27,2.17,2.08,2.5,2,10,2.17,2.27,2.38,3.57,5.56,2,10,2.63,3.13,2.63,2.27,2.08,2.08,2.17,2,3.85,2.94,2,2.5,2.17,2.27,2.38,2.27,2.63,10,3.13,8.33,3.85,2,7.14,4.55,10,2.5,2.38,2.17,10,2.17,2,3.57,2.94,2.78,6.25,2.08,4.55,2,3.57,2.78,8.33,3.13,2.27,4.17,2.08,2.78,2.63,4.55,2,3.57,4.55,5.56,3.13,2.08,2.38,5.56,3.33,5,2.27,2.94,5.56,4.17,2.17,8.33,2.63,4.17,3.33,3.85,7.14,7.14,2.5,2,2.78,2.78,2,2,5.56,3.13,4.55,2.17,2.78,2.08,4.17,6.25,2.08,2.94,2.08,2.38,2,2.94,2.5,2.17,5,2.78,3.85,6.25,3.85,2.94,3.85,8.33,3.57,3.33,2.27,2.5,3.57,3.33,10,5,3.85,3.57,2.08,2.38,4.17,7.14,2.5,6.25,2.38,2.63,3.85,2.08,4.17,8.33,2.78,2.5,7.14,3.85,2.08,2.27,2.5,5,3.85,4.55,3.85,6.25,7.14,5.56,2.94,5.56,5,5,2.63,6.25,10,3.33,2.08,2.17,2.38,8.33,2,2.94,4.55,3.57,3.85,2.94,2.78,8.33,2,3.57,2.17,6.25,6.25,6.25,4.55,2.27,5.56,8.33,3.33,2.08,2.17,2.5,2.27,3.85,2.38,3.13,2.27,2.38,2.5,2.78,3.85,6.25,2.5,2.08,2.27,2.08,4.55,2.5,2.94,5.56,6.25,2.08,5.56,8.33,3.13,6.25,2.08,2.94,2.63,5,2.27,4.55,5.56,2.78,3.33,4.55,4.55,3.57,5,5,7.14,2.17,2.17,2.78,2.08,2.38,5.56,8.33,4.55,3.33,4.17,2.94,5,4.55,4.17,4.17,7.14,3.13,4.17
88,5.56,2.63,5.56,3.57,2.94,2.94,3.85,2.94,2.5,2.38,4.17,4.17,2.17,4.17,6.25,2.27,2.94,3.57,4.55,5.56,2.94,10,3.57,2.17,8.33,6.25,2.08,2.08,10,2.78,7.14,2.08,4.55,3.57,8.33,2.38,2.38,2.17,5,3.33,8.33,2.5,2.78,3.33,10,2.63,2,7.14,2.63,4.55,10,10,4.17,2.63,10,3.57,2.63,2.63,2.78,5,3.57,6.25,2.5,3.57,7.14,3.13,4.17,3.33,3.57,2.63,2,2.94,2.17,2.08,2.94,2.63,2.5,2.17,2.17,2.78,3.13,4.17,2.27,5,2.63,6.25,2.27,10,4.17,4.55,4.17,2.08,6.25,2.94,6.25,2.94,2.27,2.5,7.14,3.85,2.38,2.63,2,3.33,2.38,2.78,2.17,8.33,3.85,2.17,5.56,10,2.5,2.94,5,10,2.78,5,10,2.63,3.85,2.17,2.27,2,7.14,2.17,2.94,3.57,3.57,3.85,8.33,2.27,3.33,2.38,4.17,7.14,7.14,2.08,5.56,2.17,5,5.56,5.56,3.85,10,4.55,4.17,7.14,2.08,8.33,2.78,2.78,7.14,2,2,2.17,3.13,2.08,2.38,2.63,5.56,10,3.13,5.56,2.5,8.33,2.78,8.33,7.14,2.94,2.78,2.17,8.33,2.78,10,8.33,3.13,5.56,4.17,10,7.14,7.14,7.14,10,2.78,4.17,3.57,2.63,2.5,2.78,5.56,2.94,3.85,3.85,5,3.85,4.17,2.63,10,3.85,3.33,3.85,2.08,4.55,4.55,8.33,2.5,2.5,3.85,2.17,3.85,7.14,2.08,3.85,2.08,7.14,3.85,7.14,8.33,7.14,5.56,6.25,5,7.14,7.14,4.17,7.14,2.17,4.17,5,7.14,2.08,3.33,2.63,2.27,2.94,3.85,2.94,7.14,3.85,10,2.17,2.27,4.17,3.33,5.56,2.08,3.85,8.33,2.78,2.63,3.13,3.13,2.38,2.17,3.13,2.38,2.27,8.33,3.13,10,6.25,3.33,3.85,7.14,3.13,2.78,2.78,2.17,5,8.33,2.63,3.13,5.56,5.56,2,2.94,5.56,10,3.57,2.08,7.14,2.17,8.33,4.55,3.13,2.17,2.27,5,3.85,3.85,3.57,2.08,2.27,2.63,7.14,10,5,4.17,2.17,2.08,2.63,2.27,5.56,3.13,4.55,5,3.57,2.94,3.85,6.25,10,2.08,2.63,3.57,5,10,3.57,4.55,8.33,2.38,3.33,10,3.57,7.14,2.08,2,5,7.14,8.33,2.38,3.57,3.85,4.55,2,5.56,4.17,2.38,3.13,2.94,3.85,5,6.25,3.33,2.27,4.55,3.13,3.13,3.85,10,5,2.94,4.17,2.27,2.78,6.25,3.33,3.57,4.17,2.5,6.25,4.55,2.27,7.14,5,3.13,3.13,2.94,2.5,2.63,2.78,2.78,2.94,2.78,10,2.5,4.17,2.17,3.33,2.5,2.38,2.78,7.14,3.85,3.13,2.63,2.63,2.63,3.85,2.17,2,2.63,6.25,2.94,4.55,3.13,2.08,2.78,2.78,2.17,8.33,3.33,3.13,3.33,2.27,2,2,2,6.25,5,4.17,4.55,2.94,10,2.17,2.94,2.94,5,5,5.56,2.78,2.38,3.57,2.27,3.57,8.33,6.25,3.13,3.33,3.85,2.63,7.14,2.94,3.33,2.78,2.63,2.5,5.56,2.78,4.55,3.13,2.63,2.38,5.56,8.33,5,4.17,10,2.38,7.14,3.13,8.33,3.13,2.94,2.63,2.63,3.57,2.78,2,2.08,2.78,2.78,2.38,2.27,8.33,5.56,2,2.78,2.08,2.5,6.25,2.5,2.94,3.85,5,2.63,4.17,2.78,5,5.56,3.33,2.17,3.33,2.27,5,8.33,2.94,2.94,2.63,4.17,5,5,7.14,2.78,5,2.08,4.17,10,2.08,5
89,2.08,2,4.17,2.08,2.78,6.25,8.33,2.78,5.56,2,3.33,3.85,5,2.17,2.5,2,3.13,3.33,3.57,10,8.33,3.85,4.17,2.63,3.85,2.5,2.38,6.25,2.27,2.27,7.14,2.17,10,5,2.17,8.33,2.78,2,2.78,3.57,5,2.5,8.33,5,2.38,2.63,6.25,2.94,2.78,3.33,2.17,5,2.94,4.17,2,2.94,3.57,3.33,2.38,5,4.17,3.85,2.94,2.27,2.08,4.55,2.38,6.25,2,2.94,3.13,4.55,2.78,5,8.33,10,2.5,2.5,7.14,2,2.94,5,5.56,5,2.08,3.57,3.85,5,6.25,2.08,3.33,2.27,7.14,3.13,3.57,4.55,2.78,3.57,4.17,4.55,5.56,2.78,3.57,8.33,7.14,3.57,3.85,3.57,2.94,3.13,3.13,2.08,2.5,5.56,5.56,2.78,7.14,5.56,5.56,3.57,2.5,2.5,2.78,2.38,2.5,2.38,2.5,8.33,3.57,4.55,2.63,6.25,8.33,7.14,3.85,3.13,4.55,2.27,8.33,8.33,3.13,5,2.94,2,3.85,2.08,2.94,2.5,3.57,5.56,6.25,5.56,10,2.63,2,2.78,2.78,2.38,7.14,6.25,4.17,3.57,3.13,2,2.38,10,2,2.17,4.55,2.78,2.17,8.33,2,4.17,10,5.56,2.38,4.17,2,6.25,4.17,2.08,2,3.85,2.5,6.25,5,5,2.78,3.85,2.17,8.33,3.13,2.78,5.56,3.33,2.5,3.13,2.17,2.94,5.56,4.17,4.17,2.94,2.17,3.85,5,2.17,2.17,3.85,2.63,2.5,10,3.33,3.13,2.5,3.13,5,8.33,2.17,4.55,3.57,3.13,2.78,3.85,2.38,2.5,2.5,2.38,2.94,3.13,2,2.5,2,6.25,3.13,2.17,4.55,5,2,4.17,4.17,5,2.08,2.38,4.17,3.85,4.17,2.94,2.78,8.33,2.94,4.55,3.85,2.38,2.63,5.56,8.33,2.94,3.13,2.27,2.08,10,3.85,2.78,3.13,8.33,2.94,5.56,2.27,3.85,3.33,3.13,4.55,8.33,4.17,2,4.55,6.25,4.17,5.56,3.33,2.94,4.55,2.17,4.55,5,3.13,6.25,3.57,2.63,3.13,2.17,2.27,4.17,3.33,2.5,2.38,3.13,2.17,3.57,5,2.94,6.25,2.94,3.13,3.85,7.14,2.38,2.94,8.33,2.5,2.27,8.33,2.78,2.5,10,4.17,2.78,2.38,2.5,2.5,4.55,2.38,2,10,4.17,3.33,6.25,4.17,2.38,2.5,5.56,3.85,10,7.14,2,3.85,2.17,2.5,6.25,2.63,7.14,2.17,2.08,2,5.56,3.13,3.85,2.63,3.13,5.56,2.5,2.38,2,2.78,2.08,4.17,3.85,2.94,8.33,2.63,2.17,2.94,5,7.14,2.94,5,3.33,2.38,2.08,10,5.56,3.57,2.5,3.57,7.14,6.25,8.33,2.5,2.78,2,2.08,3.13,5.56,3.13,7.14,7.14,2.17,4.17,4.55,7.14,2.78,3.57,7.14,3.85,3.33,2.94,2.08,2.08,5,3.33,2.63,2.5,2.78,6.25,7.14,2.94,2.17,5.56,3.57,10,2.78,3.57,8.33,7.14,3.33,2.63,2.5,5,2,2.27,2.38,2.94,5,5,2.17,6.25,6.25,2.38,2,3.57,3.85,2.38,5,4.55,5,4.55,2.78,5.56,2.38,3.13,4.55,3.13,4.17,8.33,2.94,2.08,3.57,2,3.33,2.17,3.85,2.5,2,3.85,2.63,2,2.5,10,5,4.55,10,4.17,3.13,3.33,5,7.14,3.33,5.56,8.33,5,4.55,2.38,2.5,2.08,10,8.33,3.33,3.57,2.63,7.14,7.14,3.33,4.55,2.63,8.33,2.63,2.5,3.33,4.17,2.78,5,4.17,2.63,2,2.38,5,4.17,4.55
90,2.5,2.27,3.57,5,5.56,2,3.85,7.14,2.94,2.5,4.55,2.63,2,5.56,4.55,2,3.85,2,3.33,2.38,4.55,2.17,3.85,5,2.63,7.14,4.55,3.13,3.85,3.57,2.08,2.78,2.38,2.94,2.08,4.55,2.17,5,7.14,2.94,3.13,3.85,8.33,2.63,5.56,3.57,2.27,3.85,8.33,6.25,2.5,4.55,3.33,2.5,2.08,2,3.13,5,8.33,3.33,2.63,3.13,2,3.33,2.38,4.17,10,4.55,2.27,10,8.33,3.85,3.33,6.25,2.08,4.55,2.27,10,5,2.78,5.56,2.38,2.78,3.85,6.25,4.55,8.33,2.5,10,2.94,3.33,7.14,4.17,2.5,3.57,2.08,2.08,8.33,3.57,3.57,8.33,2.94,3.33,3.33,10,8.33,3.57,10,2,2.17,2,2,5.56,10,2.27,5,5,5,7.14,6.25,3.57,2.78,2.38,2.94,2.94,2.27,10,10,2.08,5,3.57,3.13,8.33,5,3.85,3.33,3.13,7.14,3.57,2.63,10,6.25,2.38,2.78,3.57,2.27,2.17,2.78,5,2,4.55,5,3.13,10,3.85,5.56,4.55,2.5,5.56,2.38,4.55,6.25,3.57,2.5,5,2.27,4.17,6.25,3.85,8.33,2.78,2.08,2.27,2,2.08,2.94,2.08,2.08,3.57,2.38,2.94,3.33,2.94,3.13,3.85,10,10,2.78,4.17,8.33,3.33,3.57,2.94,2.78,3.13,3.57,3.85,5.56,7.14,2,6.25,2.17,5,10,5.56,5.56,2.08,3.33,2.94,2.08,3.33,2.17,7.14,2,6.25,2.63,4.55,2.5,2.38,4.55,2,5,3.85,2.63,2.27,2.63,2.17,3.57,3.57,3.13,4.55,8.33,8.33,2.38,8.33,3.33,4.17,2.17,10,2.5,2.38,2.78,2.27,5,7.14,4.17,7.14,3.13,2.27,3.33,2.94,2.78,7.14,3.85,6.25,2.17,6.25,2.27,2,8.33,2.17,5.56,2.94,3.13,2.17,6.25,2.5,6.25,3.57,2.63,2.78,5.56,2.5,2.63,2,5.56,2.27,7.14,8.33,3.13,5.56,5.56,3.13,4.17,5.56,4.55,2.17,10,2.78,4.17,10,2.17,5.56,2.63,8.33,5.56,3.57,10,2.17,2.63,3.85,2.08,2.27,2.08,10,2.17,4.55,8.33,2.08,2.38,2.78,2.27,2.17,7.14,2.17,2.5,2,2.27,2.17,5.56,5,2.17,3.13,5.56,2.94,2.08,2.94,2.63,3.13,8.33,2.94,2,8.33,4.55,2.08,5,2.94,10,7.14,5,2.78,2.17,2.38,10,2.94,2.78,2.08,5.56,2.08,2.94,5.56,2.17,7.14,8.33,2.38,2.38,3.57,2.63,2.17,2,2.27,10,2.5,2.78,2.94,6.25,2.94,3.57,10,2,3.57,7.14,5.56,2.78,4.55,3.57,10,2.08,4.17,10,2.17,2.27,7.14,2.17,5,7.14,2,4.55,2.27,7.14,2.08,3.57,4.17,2.17,6.25,3.13,2,2.78,3.13,2.27,3.85,3.13,3.57,5.56,2.27,4.55,3.85,2.94,2.5,2.27,5,10,4.17,2.17,5,8.33,4.17,4.55,3.33,2.78,3.57,2.38,5.56,3.85,6.25,3.33,2.78,5.56,5.56,2.08,2.38,7.14,2.17,4.17,2.27,10,2.08,2.5,2.17,2.27,2.27,7.14,3.13,10,10,7.14,5,10,2,5,3.57,2.27,7.14,4.17,2.78,5,10,5.56,2.5,2.5,4.17,3.13,2.94,2,3.33,10,5,5.56,2.78,6.25,6.25,2.27,2.27,8.33,7.14,4.17,3.33,2.63,4.17,3.85,5.56,2.08,2.38,2.27,7.14,3.57,4.17,3.85,4.55,4.17,2.5,2,5,2.63,2.17,2.08,5.56,2.5,7.14,2.78
91,2.17,5,2.08,6.25,2.38,2.38,5,3.85,2.08,2.08,2.27,2.78,2.78,4.55,2.78,2.17,2.38,3.85,3.57,8.33,8.33,2.38,2.08,3.13,2.94,3.57,8.33,10,3.13,2,3.33,2.27,2.17,2.38,2.78,3.33,3.85,3.33,10,3.33,5,6.25,2.78,10,8.33,7.14,2.27,7.14,2.63,3.33,2.78,2.63,7.14,6.25,3.57,4.55,10,10,2.94,4.17,3.57,7.14,3.33,2.63,2.5,2.38,5.56,2.94,2.78,2,2.08,2.94,7.14,3.85,3.57,8.33,5,2.08,2.78,7.14,10,10,2.27,7.14,2.63,5.56,2.63,2.78,3.57,5,4.17,2,2,6.25,5,3.13,2.94,5,2,2.63,2.08,5.56,4.17,2.63,5,5,2,2.5,7.14,3.57,2.17,2.27,2.94,7.14,2.78,2.08,2.17,2.27,5,6.25,2.5,2.78,5,3.57,3.33,2.27,2.5,2.63,4.17,4.55,2.27,2.63,5.56,3.85,2.78,3.33,4.17,2.78,3.13,3.85,5.56,3.33,8.33,2.78,4.17,6.25,3.85,3.13,3.57,2.08,7.14,2.08,3.33,6.25,4.55,2.78,5,2.27,3.57,3.57,4.17,2.17,2.94,10,2.5,2.08,2.94,10,4.17,3.33,2.63,2.08,7.14,2.94,2.94,3.13,10,2.5,4.55,2.27,4.55,5.56,4.55,3.57,5.56,4.17,3.85,2.17,7.14,4.55,2.38,2.08,3.57,8.33,3.13,2.08,2.38,6.25,3.13,2.78,2.38,3.33,2.38,2.17,3.57,3.13,2.94,2.38,2,2.5,2.27,2.38,2,2.78,2.27,4.17,2.78,8.33,4.55,3.13,5,8.33,2.38,2,2.08,2.08,10,2.27,4.17,5.56,5.56,2.63,2.5,6.25,2,2.94,4.55,2.94,7.14,3.57,10,4.55,4.55,2.08,2.94,2.08,2.94,4.17,4.55,3.57,2,2.17,4.17,7.14,2.63,4.55,2.27,8.33,2.17,2.78,3.13,4.55,2.94,2,2,2,2.94,6.25,3.33,5,2.17,5,4.55,2.94,2.27,2.38,2.17,3.57,2.5,2.94,2.5,2.08,3.33,3.85,4.17,2.27,2,2.63,2.94,10,5,2.5,3.33,2.27,2.63,4.17,2.27,2.78,7.14,2.17,4.17,2.17,8.33,10,2.63,3.33,3.85,2.38,5,3.13,6.25,2.27,3.13,2.08,10,2.08,3.85,5,2.5,2.78,5,2.63,2.94,3.33,2.94,2.38,5.56,4.17,4.55,2.78,10,2.5,4.17,2.63,2.27,2.94,2,2.5,2.5,3.13,2.38,2.78,7.14,8.33,2.17,2.38,4.55,2.63,3.57,2.08,2.17,5.56,3.85,2.94,6.25,2.5,3.57,2.94,2.17,2.78,4.55,2.78,3.57,4.17,10,3.33,3.57,3.13,2.63,6.25,2.5,5,2.27,3.57,5.56,2.08,8.33,2.17,2.08,2,2.94,7.14,2.5,5,2.94,2,3.33,5,10,3.57,3.85,2.27,5.56,4.17,6.25,3.13,5,2,2.08,4.17,4.55,3.13,10,2,2.27,3.13,2.17,3.33,4.17,7.14,2.5,3.13,3.85,7.14,2.27,2.5,10,3.85,3.85,2.63,3.33,2.08,4.55,7.14,6.25,2.78,3.33,2,3.33,3.33,8.33,2.94,5,2.94,5,6.25,2.38,2.27,2.08,4.17,2.94,3.13,2.5,4.17,3.85,3.33,5.56,4.55,2.38,2.38,2,4.55,2.5,4.17,2.78,4.17,5.56,3.57,5,2,2.17,2.38,2.27,2.94,2.38,2.08,2.94,4.55,2.5,3.33,2.27,2,6.25,3.13,4.17,2.17,2.78,2.63,2.63,6.25,2.63,3.33,2.94,4.55,2.63,6.25,3.13,2.5,2.78,3.57,2.63,5.56,2.38,10,8.33,2.27,3.33,6.25,4.17,10
92,8.33,4.17,3.57,6.25,10,2.63,2,2.5,2.17,3.57,2.63,2.94,7.14,2.63,2.08,5.56,2.63,8.33,3.33,5.56,2.38,2.94,4.55,2.27,4.17,2.63,2.94,10,2,2.5,2.17,2.63,2.63,3.33,8.33,2.78,7.14,3.57,7.14,4.55,3.33,2.38,2.78,2.38,2.63,5.56,4.55,10,3.13,5.56,8.33,8.33,5,3.33,2.78,2,2.63,2.38,4.17,2.27,2.5,3.57,8.33,2.5,4.17,7.14,2,2.38,2.17,5,6.25,5,2.78,10,5.56,2.08,3.85,2.27,2.94,2.78,4.17,8.33,4.55,6.25,3.85,2.27,2.17,2.27,6.25,3.13,2.08,3.13,2.08,2.78,3.33,2.94,4.55,2,5,2.27,2.17,6.25,2.38,2,5,3.85,2.38,10,2.5,8.33,7.14,2.27,10,6.25,7.14,2,5.56,2.78,10,3.33,2.08,3.85,2.94,2,2.08,8.33,2.63,3.33,2.27,8.33,3.13,2.17,3.13,2.78,2.5,2,4.17,6.25,4.17,2.78,10,7.14,2.27,4.55,2,7.14,2.63,8.33,8.33,4.17,2.17,4.17,2.78,2.27,2.94,2.08,3.13,5,3.33,3.57,2.08,4.17,2.78,6.25,3.57,2.94,10,2.17,2,10,7.14,2.5,2.38,5,5.56,2,3.85,3.13,2,4.17,2.17,4.17,3.57,10,2.63,2.38,6.25,3.33,2.08,3.57,4.55,7.14,2.17,3.13,2.08,2.08,4.55,2.27,3.13,2.38,2.63,5.56,2.38,3.85,2.17,4.55,2.17,8.33,3.57,6.25,3.13,3.57,10,4.55,6.25,2.08,3.33,2.5,4.55,2.38,2.17,2.78,3.57,2.38,2.94,2.63,6.25,10,3.13,2.94,2.08,3.33,2.63,7.14,2.78,2.27,2.5,2.27,4.17,3.85,6.25,2.63,2.27,4.55,2.5,2.5,6.25,4.17,2.78,3.33,4.17,2.27,2.63,2.08,2.17,8.33,2.38,2.5,2.17,5.56,4.55,2.08,4.17,6.25,5.56,2.5,3.33,3.13,5,3.85,2.5,7.14,2.17,2.27,5,5.56,3.33,2.38,2.94,2.94,3.33,3.85,5,2.17,5,4.55,2.08,7.14,6.25,2.78,2.94,2.08,5.56,4.55,2.17,5,2.38,2.08,4.55,5.56,3.13,3.13,2.08,10,2.94,10,7.14,6.25,10,6.25,2.17,2.63,2.5,7.14,2.63,3.57,2.63,5,2,8.33,2.63,2.78,3.33,3.57,2,3.33,2.17,2.63,2.94,2.78,2,4.55,4.17,2.38,10,6.25,2,2.08,2.5,2.5,7.14,2.63,5,2.17,3.57,2.27,6.25,2.5,4.17,3.85,2.27,5,8.33,5.56,2,3.33,4.17,2,2,5.56,2.94,10,7.14,2.17,5.56,8.33,3.85,2.27,3.13,2.5,2.94,2.94,2.5,2.5,2.94,3.85,3.85,3.57,6.25,3.85,10,3.33,5,2.17,2.27,4.55,4.17,2.17,3.85,7.14,4.17,2.38,5,4.55,2.17,8.33,5.56,2.5,2,2.5,7.14,2.5,5.56,2.27,2,2.63,4.55,7.14,7.14,4.17,2.38,2,8.33,2.17,2.17,5.56,2.08,4.55,2.78,2.63,2.5,2.17,2.17,2,4.55,3.13,4.17,4.55,2.08,5.56,2.63,6.25,2.94,2.27,8.33,3.57,2.78,2.08,3.85,7.14,2.78,2.38,5,7.14,2.38,2.17,3.57,2.17,7.14,2.08,2,6.25,2.94,3.33,2.5,2.5,3.85,2.94,5.56,8.33,3.33,5,2.5,2.17,2.63,2.38,2.17,4.55,4.17,4.17,7.14,6.25,2,2.17,5.56,4.17,2.63,2.17,5.56,2.17,5.56,5.56,2.27,4.17,2.94,6.25,2.27,3.13,2.94,10,2.38,2.38,3.33,2.63,3.85,3.33,2.94,3.33,2.94,6.25
93,2.38,3.85,10,3.57,3.57,7.14,4.17,2.17,2.63,2.27,5,10,10,7.14,2.5,2.78,2.5,2.38,5.56,3.85,2.27,3.85,3.33,5,2.38,2.5,3.33,8.33,10,2.63,4.55,2.38,5,2.63,2,5.56,5.56,2,2.5,2.94,2.27,2.63,4.17,3.85,3.85,2.94,3.85,10,6.25,5,5,5.56,5,2,6.25,2.38,8.33,8.33,8.33,5.56,2.94,2.78,10,3.57,2.5,10,2.78,2.78,3.13,2.94,2.27,10,2.38,3.33,5,2.5,4.55,5.56,3.57,6.25,2.08,7.14,4.17,2.5,2.5,2.17,5.56,5,3.33,2,2,5,3.33,3.13,2.63,3.33,2.27,5,2.94,10,2.94,8.33,2.94,2.63,2.78,2,4.17,5.56,2.63,3.57,2.27,2.78,4.55,3.13,5,2,4.17,3.33,10,2.38,2,4.55,6.25,2.5,4.17,2.08,2,2.17,2.63,2.27,2.94,2,3.85,3.85,3.57,3.57,3.85,3.13,2.94,2.38,2.5,2.27,2.5,3.85,3.33,10,2.5,6.25,2.63,5.56,2.08,4.17,2.17,5,2.08,5,3.33,3.85,8.33,5,2.38,2.08,7.14,2.78,3.33,6.25,2.08,2.38,2.78,7.14,3.85,10,3.57,3.13,5.56,5,2.78,3.57,3.85,4.17,3.57,3.57,6.25,7.14,2.78,4.17,2.63,5.56,2,2.08,5.56,3.13,2.5,3.33,3.33,7.14,3.13,8.33,2.94,10,8.33,10,4.55,10,2.63,5,3.33,2.27,2.38,3.85,10,3.57,2.17,2.38,6.25,2.38,2.94,2.38,2.17,2,3.13,3.13,3.33,3.13,4.17,3.85,3.85,3.13,2.5,5,2.78,3.85,7.14,2.17,3.13,6.25,2.94,2.17,3.33,10,4.55,5,3.13,2,8.33,2.38,2.94,2.94,3.13,7.14,3.13,4.55,2.27,2.08,2.5,3.33,2,3.85,4.17,2.17,2.38,2.17,6.25,2.17,7.14,3.13,3.85,2.08,2.27,2.78,3.57,3.85,4.55,2.63,7.14,8.33,8.33,5.56,5,7.14,5,2,2.78,3.13,2.17,4.55,3.13,3.13,10,2.63,8.33,4.55,2.5,2.27,2.17,2.17,7.14,2.78,2.78,10,2.17,8.33,3.13,3.85,2.78,6.25,2,6.25,5,2.94,3.33,3.33,6.25,2.63,3.33,2.78,3.85,2.38,3.33,5.56,2.08,3.85,3.57,2.08,2.17,3.13,2.5,5.56,2.38,8.33,3.57,10,2.78,3.85,5,10,4.55,3.33,3.85,3.33,5.56,5,2.94,3.57,2.17,4.55,2.17,3.85,2.5,2.17,5,2.38,3.57,3.13,5,2.94,6.25,2.27,7.14,8.33,2,2.78,2.17,3.13,2.17,2.63,2.78,4.17,5,3.13,4.17,2,3.57,2.94,2.17,2.5,3.57,2,3.33,3.13,2.5,2.5,2.08,2.78,7.14,3.13,2.94,6.25,8.33,4.55,4.17,2.63,8.33,3.57,3.85,7.14,8.33,3.57,7.14,10,3.57,3.33,2.78,2.63,2.5,2.5,2.5,2.78,2.17,2.08,2,4.17,2.38,8.33,4.55,3.57,2.63,5,2.5,8.33,2.63,2.78,5.56,7.14,10,2.08,3.85,3.33,6.25,2.27,5,5,2.5,4.17,3.13,10,4.17,4.55,4.55,5,8.33,8.33,2.08,3.13,3.33,2.78,3.85,2.27,4.17,7.14,3.57,2.38,8.33,3.33,10,10,4.17,2.78,3.13,4.55,3.33,7.14,4.17,2.38,3.57,3.13,2.27,5.56,2.94,5,8.33,3.57,6.25,2.38,8.33,2.27,3.13,3.57,7.14,3.57,2,2.17,10,2.38,5.56,3.85,3.33,2.38,2.38,2,10,3.57,3.13,3.57,4.55,2.63,3.33,2.38,3.13,5
94,2.5,4.55,2.08,2,3.57,3.13,3.57,2.38,2.5,4.17,4.17,2.78,2.94,2.27,6.25,6.25,4.55,3.57,5,2.78,5.56,2.08,2.5,3.57,2.63,2.94,2.38,2.5,10,2.78,3.85,2.63,6.25,3.13,5.56,3.13,3.13,5,2.08,7.14,10,2.94,2.5,3.13,7.14,3.13,4.55,2.38,6.25,2.94,6.25,4.17,2.38,2.08,3.85,2,4.55,2.78,7.14,3.57,2.78,2.78,2,2.38,2.5,6.25,5.56,3.57,5,10,8.33,3.33,2.94,4.17,3.13,3.57,3.13,5,2.94,8.33,2.5,2.94,2.27,3.13,3.57,2.5,5.56,3.85,2.94,8.33,2.94,4.17,2.27,2.94,3.33,2.08,2.78,2.5,6.25,3.85,3.13,4.55,2.08,2.63,7.14,3.13,5.56,2.63,5,5.56,2.78,2.94,2.27,2.94,2.78,5,2.63,2.78,3.33,2.78,2.5,2.38,7.14,10,6.25,2.63,2.38,2.78,3.13,2.27,2.38,4.55,2.94,3.33,3.85,10,6.25,2.27,2,2.08,10,5.56,8.33,2.5,3.33,2.5,2.78,2.63,5,4.55,5.56,3.13,2.08,5,10,2.94,6.25,2.94,3.33,7.14,3.13,5,2.94,10,2.78,2.27,4.55,2.08,3.85,2.08,5,2.5,2.38,2,3.85,8.33,2,5,2,4.55,3.57,5.56,2.17,4.55,2.63,3.13,3.57,3.57,2.5,4.55,2.38,2.78,2.94,3.85,3.85,2.94,3.13,2.94,2.78,3.13,2.17,6.25,5,7.14,5.56,2.17,2.27,8.33,2.63,6.25,8.33,2.17,2.5,2.94,2.27,2.38,2.17,5.56,2.5,2.17,3.85,8.33,5,4.17,3.57,2.08,2.5,5.56,4.55,2.27,10,8.33,5.56,2,4.17,2.63,2.78,7.14,2.08,7.14,6.25,2.78,2.38,2.63,2.27,2.17,2.5,2.17,5,2.5,2.78,2.08,5,3.85,6.25,2,8.33,4.55,4.17,2.5,2.5,2.63,3.13,4.55,2.08,3.33,2.78,4.55,7.14,2.17,2,5,2.27,4.55,8.33,10,5.56,2.27,2.08,5.56,8.33,4.55,3.57,4.17,2.5,4.55,3.85,3.85,5,3.13,4.17,2.5,5.56,6.25,2.63,2.27,5,4.55,2.17,2.94,2.5,2.27,2.08,3.33,3.13,10,2.38,2.17,4.17,10,7.14,5,2.17,3.33,2.5,2.27,6.25,8.33,4.55,2.63,4.55,7.14,7.14,2.17,2.38,8.33,4.17,5,2.08,2.94,3.33,7.14,2.5,2,2.17,10,2.38,3.57,2.17,2.38,8.33,2.17,2.5,2.08,3.33,2.94,3.57,5.56,2.94,5,4.55,5,2.63,2.63,2.38,2.17,4.55,2.94,2.78,2.94,7.14,2.08,2.27,5,4.55,3.33,5,10,2.27,2.78,5,7.14,2.78,2.08,2.08,10,10,2.38,2.94,2.38,2.5,3.13,4.55,3.85,4.55,5,4.55,3.57,2.94,4.55,3.13,2,3.57,2.38,4.17,2.63,2.78,4.55,2.63,5.56,3.33,2.94,10,5.56,2,7.14,2.27,4.17,2.78,3.33,2.63,2,5,2.27,4.55,5,3.85,4.17,10,3.57,3.85,5.56,5,10,7.14,6.25,2.63,7.14,3.13,8.33,5,2.5,3.33,3.57,2.5,2.27,2.08,2.17,10,2.78,7.14,10,3.85,4.55,3.13,2.63,3.33,3.13,2.27,2.17,2.38,2,3.85,4.17,2.63,3.85,4.17,5,7.14,3.13,5,3.13,2,2.94,2.5,4.55,5,3.85,2.27,5,4.55,10,6.25,10,3.57,10,2.38,7.14,2.5,7.14,2.94,3.13,2.17,3.85,2.5,2.27,2.63,8.33,4.17,7.14,2.38,2.78,4.17,4.17,2.78,2,6.25,3.33,5.56,8.33
95,8.33,3.13,4.17,2.94,3.33,10,3.85,8.33,2.38,3.13,5.56,8.33,3.33,3.85,2.17,2.38,4.55,2.94,5.56,2.63,5.56,2.17,2.27,2.78,2.17,3.57,4.55,7.14,2.5,3.33,3.13,5,5.56,4.17,2,4.55,2.27,2.38,2.08,2.94,5,3.85,4.55,2.27,2.63,3.85,4.17,5.56,10,4.17,4.55,4.17,3.13,2.27,8.33,2.78,4.17,3.33,3.57,2.17,4.55,2.5,2.63,2.17,2.78,2.38,2.63,2.17,3.33,2.38,2.78,2.38,2.63,8.33,2.17,2.78,3.33,3.85,4.55,2.38,4.17,2.38,2.27,5.56,2.5,2.38,2.38,3.33,5,2.78,3.57,8.33,5,4.55,4.55,2.27,6.25,2,6.25,4.55,5,8.33,4.55,4.17,3.85,2.08,2.17,3.85,2.17,7.14,4.55,2.27,3.33,8.33,7.14,4.17,2.08,7.14,2.17,2.94,6.25,2.08,2.63,3.85,4.17,7.14,4.55,2,6.25,2.94,3.13,6.25,2.5,5,2.94,7.14,2.27,5,3.85,7.14,3.33,6.25,3.13,5,2,5.56,2.17,3.13,2.5,2,2,2.63,10,2.38,7.14,2.27,2.38,2.08,4.55,2,3.57,2.78,3.33,6.25,10,7.14,5,4.17,4.17,2.38,3.57,4.17,6.25,3.33,2.17,3.85,3.33,2.17,3.33,4.55,2.5,2.63,5,3.33,2.78,2.38,2.08,2.38,2.08,4.55,3.57,3.13,3.13,3.57,2.08,5,2.78,2.08,10,6.25,5.56,2.27,2.78,5.56,2.63,2.63,2.63,4.17,8.33,2.5,2.38,2,2.5,2.63,5,2.27,2.63,5,10,8.33,2.17,2.78,5,2.78,2.78,10,3.57,3.57,2.17,2.5,3.33,3.57,4.55,4.55,2,7.14,2.94,2.17,3.13,3.85,7.14,7.14,7.14,2.78,3.57,2.08,2.27,2.94,2.94,3.85,2.94,3.33,2.63,3.13,5,7.14,4.17,7.14,2.5,6.25,8.33,7.14,2.5,3.13,2.78,2.94,2.17,8.33,2.5,3.33,3.57,2.94,10,3.33,5.56,2.27,3.13,3.57,2.5,2.94,2.08,7.14,5,2.17,2.38,6.25,6.25,4.55,4.17,4.55,5,4.55,5.56,8.33,5,10,2.63,2.5,2.5,2.63,2.5,3.57,3.33,4.17,8.33,2.5,10,2.5,4.55,5.56,2.94,6.25,3.13,2.78,6.25,2,5,2.08,2.78,2.27,5.56,2.17,2.94,3.13,6.25,7.14,2.63,6.25,7.14,8.33,4.17,2.63,8.33,3.13,2.27,2.38,2.08,4.17,2.38,2.94,10,6.25,3.33,2.63,5.56,3.57,2.27,7.14,2,4.17,2.27,3.13,2.5,2.5,2.5,2.63,2.17,2.17,5.56,2.94,10,2.17,2.63,4.55,3.13,2.63,3.85,10,2.78,8.33,2.63,2.27,2.5,5,2.27,2.38,4.55,4.55,6.25,3.57,8.33,2.94,3.33,6.25,6.25,2.63,3.57,2.27,2.17,2.78,2.38,6.25,3.13,3.85,4.17,2.5,5.56,2.94,3.13,4.55,2.78,2.27,3.33,3.57,2.38,2.38,2,3.13,2.17,3.85,2.08,2.78,3.13,2.27,2,2.08,7.14,2,2,2.17,7.14,3.57,5.56,4.55,5.56,6.25,5.56,2.08,2.78,4.55,2.78,7.14,2.63,2.38,2.63,4.55,5,3.33,6.25,5.56,3.85,3.57,7.14,2.94,3.33,3.85,3.33,2.94,2.38,2.63,6.25,2.63,2.17,2.17,2.27,4.17,6.25,2.63,2.63,2.08,10,2.94,6.25,5,10,3.33,4.17,6.25,5,3.57,3.57,2.38,2.38,2.5,5.56,2.63,2,3.57,7.14,5,3.85,8.33,2.5,2.17,2.08,2.27,2.94,2.38,7.14,2.5,2.78,4.17,3.33,2,5.56,4.55,3.85,3.85,2.78,8.33
96,5,2.5,5,3.57,2.27,2.17,3.85,2.38,2.5,4.17,8.33,3.57,10,10,7.14,8.33,3.85,3.33,3.13,2.27,5,2.78,3.85,2.94,8.33,2.63,2.27,2,8.33,7.14,10,2.63,2.5,5,4.17,6.25,7.14,3.57,3.57,4.17,3.33,2.5,5,10,4.17,2.17,2.63,2.17,10,2.38,2.38,3.85,3.57,2.78,3.57,2.08,3.13,2.38,2.78,2.5,2,5.56,3.57,3.13,2.94,2.27,5.56,2.78,2.17,2.78,2.5,4.17,7.14,3.57,3.33,2.38,5,3.13,8.33,2.5,2.94,2.63,3.13,2.94,4.55,6.25,2,10,2.08,2.78,8.33,2.94,5,2.38,3.85,4.17,6.25,3.85,2.27,7.14,2.5,3.85,2.27,5,7.14,4.17,2.08,2,6.25,5,3.33,10,3.13,4.55,3.85,2,5,2.27,2.27,7.14,2.78,10,3.85,2.78,2.38,2,2.63,3.13,3.33,2,2.5,2.17,2.5,2.78,4.17,3.85,2.38,7.14,2.38,3.57,2.78,2.38,5.56,2.08,2.27,2.78,10,5,2.5,4.17,5,3.13,3.57,2,2.27,2.94,2.63,7.14,2.78,2.78,3.57,10,7.14,2.27,10,3.57,2,2.27,8.33,2.94,2.08,2.08,7.14,8.33,2.38,7.14,6.25,2.17,3.33,2.5,2.5,2.38,3.13,2.78,2.08,2.17,2.38,2.5,2.27,3.33,2,7.14,10,4.55,2.78,5,4.55,2.17,7.14,2.78,4.17,4.55,10,2.38,3.13,2.17,2.5,10,10,2.5,3.33,4.17,6.25,3.57,8.33,5.56,2.08,3.85,8.33,3.57,10,4.17,10,5.56,4.17,3.13,10,2.63,4.55,2.08,3.13,5,7.14,2,3.57,3.57,5,2.27,2.17,5,8.33,8.33,2.94,10,2.63,2.63,4.17,6.25,10,4.55,7.14,2.38,10,3.13,3.57,2.08,2,2.27,4.55,8.33,2.17,3.33,2.5,2.08,2.63,4.55,8.33,8.33,2.17,5,2.08,3.85,2.63,5.56,8.33,2.27,2.08,2.08,8.33,2.38,2.27,5.56,2.27,2.5,2,2.38,2,10,7.14,2.27,10,2.78,2.17,6.25,5.56,4.55,2.78,2,5.56,3.57,8.33,5,3.85,2.78,2.38,2.17,3.33,2.38,2,2.78,2.17,2.17,3.13,2.27,5.56,7.14,2.08,5.56,2.38,10,3.13,10,2.27,2.78,10,2.63,2.78,4.55,2.63,3.13,4.17,2.17,3.13,2.78,4.17,2.63,2.63,2,3.57,2.94,4.17,8.33,2.38,2.63,5,2.38,2.94,2.27,5.56,6.25,2.63,2.78,2.38,2.17,3.13,2.78,8.33,3.57,2.08,3.85,2.17,5,3.57,5,2.08,2.63,2.27,4.17,8.33,2.94,2.78,4.17,2.94,3.85,2.78,2.08,3.13,2.63,10,3.13,3.13,2.08,3.85,2,3.85,5,4.55,5,7.14,8.33,5.56,5,4.17,2.5,3.85,5,8.33,2.08,4.55,2.27,5.56,5.56,2.94,2.08,3.13,10,4.55,2.78,2.63,3.85,3.13,2,3.33,3.85,7.14,3.13,3.85,2.08,2.78,2.78,3.13,5.56,2.38,6.25,2.5,2.27,8.33,2.08,3.85,5,4.55,2.27,2.38,2.08,2.5,2.5,7.14,3.85,2,3.13,4.55,2.63,5.56,2.17,2.27,8.33,2,4.17,2.08,2.38,2.63,2.17,2.38,2.27,2.08,2.5,2.08,4.55,3.13,5.56,3.13,2.08,10,2.27,2.17,10,5.56,2.08,6.25,3.85,6.25,4.17,5.56,2,5.56,5,2.27,6.25,2.63,10,2.27,2.5,3.85,8.33,3.85,10,2.94,2.17,2.38,2.17,3.85,3.85,3.85,2.08,3.13,2.94,4.55,2.5,3.33,2.63
97,3.33,3.13,4.55,2.63,2,3.13,7.14,7.14,3.57,2.78,3.85,8.33,2.08,5.56,2.78,8.33,4.55,3.33,2.27,3.33,5,5,6.25,2.08,5.56,2.63,4.17,5,5,2.94,5.56,2.08,4.55,2.78,2.63,10,3.85,2.17,3.13,3.85,7.14,4.17,6.25,4.17,2.63,2.63,2.5,2.08,8.33,2.94,2.08,2.17,4.55,7.14,8.33,2.08,7.14,2.5,3.13,2.5,2.17,2.63,2.08,3.57,5.56,6.25,2.94,2.27,8.33,4.17,3.33,8.33,2,2.78,5,4.55,2.63,2.63,2.94,5,2.27,7.14,2.17,2.38,2.08,7.14,3.33,6.25,2.63,2.5,2,8.33,6.25,3.33,3.85,2,8.33,8.33,2,3.57,4.17,2.78,2.63,8.33,2.38,2.63,2.08,3.13,5,2,2.5,3.13,2.63,2.94,3.13,2.63,5.56,5,2,2.5,2.27,8.33,2.5,7.14,4.55,2.94,4.55,3.13,7.14,3.85,4.17,3.13,10,2.5,8.33,2.63,6.25,2.17,6.25,10,2.63,3.85,3.13,2.17,5.56,2.38,2.63,2.94,3.57,7.14,2.78,8.33,2,3.85,10,4.55,8.33,5,2.38,5,2.63,6.25,2.38,2.5,6.25,2.63,8.33,2.94,2.94,2.38,2.08,5,2.27,5.56,3.57,2.17,2.78,3.57,3.57,2.63,5,6.25,3.33,6.25,2.5,2.08,2.17,3.85,2.5,2.94,3.13,10,2.08,3.33,2,3.85,2.17,5,3.33,8.33,2,2.27,10,2.94,2.63,7.14,2.38,7.14,2.63,5,2,8.33,2.27,5.56,4.17,2.08,5.56,7.14,2.17,4.17,5.56,2.38,2,2.08,2.5,2.63,6.25,3.57,2.5,3.85,2.5,2.27,2.17,10,2.27,5,5,7.14,4.17,3.13,5.56,2.38,2.08,2.27,4.17,3.85,2.63,2.63,2.08,4.55,2.5,5,2.78,2.38,10,3.33,7.14,3.57,2.08,4.17,2.08,2.78,3.13,3.13,3.13,4.17,3.57,2.38,2.27,5.56,2.38,2.78,2.5,3.57,3.13,2.63,3.33,4.55,2.17,2.38,2.78,3.13,5.56,2,2.38,3.33,4.17,4.55,6.25,3.13,2.38,2.94,3.57,2.38,2.63,2.17,4.17,5.56,2.94,3.13,2.78,2.27,2.63,2.94,3.33,2.17,7.14,3.85,6.25,5.56,5.56,2.94,2.08,2.27,2.17,2.17,8.33,2.63,2.38,3.13,2.5,2.63,3.13,10,2.94,2.27,2.63,2.38,2.08,2.94,2.08,3.33,3.13,3.33,2.5,2.08,10,2.17,8.33,2.78,2.17,2.38,4.55,10,2.08,2.38,2.63,3.85,2.08,2.94,2.78,3.85,2.94,2.94,2.78,3.57,2.27,10,6.25,3.33,2,3.57,3.13,2.5,3.57,8.33,2.94,2.17,7.14,8.33,3.33,10,6.25,6.25,2.17,3.57,3.85,3.85,2.94,2.94,2.08,2.38,10,5.56,3.57,2.63,2.17,5.56,5,4.17,8.33,2.94,3.13,5,2,6.25,2.38,2.78,2.5,5.56,2.94,5,2.17,2,2.78,5.56,2.63,5.56,2.94,2,3.13,2.63,7.14,3.33,2.5,2.63,2.78,2.38,7.14,3.33,2.5,5,2.78,2,3.13,2.78,2.17,7.14,2.17,3.57,2.78,2.27,7.14,4.55,2.27,2.27,2.17,8.33,2,2.17,8.33,2.5,2,2,3.85,2.63,2.78,3.33,10,5.56,2,5.56,2.38,3.85,6.25,2.5,2,2.5,2.08,2.94,2.38,2,5.56,2.78,3.57,2.78,4.55,8.33,3.33,4.17,2.08,4.55,2.17,3.57,2.27,3.13,2.08,2.78,2.17,3.85,7.14,3.85,2.38,4.17,4.55,10,3.13,2.27,5.56,2,2,2.94,2.63,2.5,5,3.57,3.13,3.13,2.17,2.94
98,2.94,2.94,4.55,2,2.08,10,2.08,7.14,8.33,2.63,5.56,2.63,5,8.33,5,3.33,3.13,6.25,10,5,2.17,10,5,5,6.25,2.17,3.85,2,6.25,5,10,2.27,6.25,4.17,2.17,4.17,5,3.85,7.14,2.27,2.27,2,2.08,2.08,2,2,3.13,4.17,2.63,5,7.14,2.38,2.5,4.55,5.56,4.17,5,2.17,2.08,8.33,3.57,2.63,2.78,2.17,5,2.38,2.78,2.63,2.5,4.17,3.13,10,8.33,6.25,2.78,7.14,4.55,7.14,4.55,6.25,4.55,2.17,8.33,4.55,3.13,2.5,3.85,6.25,2.94,7.14,2.63,2.94,2.5,4.17,7.14,4.55,2.63,3.85,3.85,5,4.17,8.33,3.13,2.63,2.94,2.27,2.38,2.94,3.57,3.33,2.08,4.55,8.33,3.85,8.33,2.94,3.57,2.17,2.38,5.56,2.94,4.55,2.94,6.25,5.56,2.08,10,7.14,2.63,5.56,2,5.56,4.17,10,5.56,5.56,2,2.94,3.57,5.56,5,2.38,3.33,2.94,2.5,6.25,2.27,5.56,2.94,10,2.17,2.94,2.27,6.25,10,2.08,5.56,2,7.14,10,3.85,2.94,2.78,3.33,10,3.33,7.14,5,2.08,3.13,2.08,2.5,3.33,3.33,2,4.17,2.63,4.17,10,2.78,2.94,5.56,6.25,3.33,3.13,2.78,2.17,4.17,8.33,8.33,3.85,2.5,2.17,5,2.27,2.78,2.63,7.14,2.38,3.85,2.78,2.63,10,2.08,2.08,5.56,2.38,10,2.17,10,7.14,3.13,2.63,2.78,2.5,2.63,2,2.78,10,3.33,2,2.27,3.57,3.57,5,3.13,2.08,2.17,3.85,4.17,2.5,2.94,2.78,3.57,3.33,5.56,2,10,3.33,3.85,10,8.33,3.57,2.94,2.94,5.56,3.33,2.63,4.55,2.38,2.17,2.63,5.56,2.5,3.13,2.5,8.33,3.85,5.56,2.78,2.63,2.78,2.63,3.85,5,5,5,4.17,2.63,3.13,6.25,2.38,2.17,2.38,2.94,6.25,4.55,3.57,3.33,2.94,2.63,8.33,10,2,6.25,3.13,4.55,7.14,2.5,2.5,2.38,3.13,7.14,2.94,6.25,2.63,2.08,3.85,2.94,5.56,8.33,3.13,3.57,5,2.08,4.55,2,5,2.5,2.63,5.56,6.25,6.25,2.78,2.08,2.78,4.55,3.13,2.27,5.56,2.38,4.55,2.17,10,4.55,5.56,3.33,2,10,4.17,4.55,2.27,2.17,3.33,10,2.27,2.27,6.25,2.38,2.94,3.85,3.57,4.17,5,7.14,8.33,2.17,2.17,5.56,7.14,2.17,3.57,2.94,2.38,2.08,3.85,2,4.55,7.14,2,3.85,2.08,2.63,7.14,2.78,5.56,10,2.5,5,3.57,2.08,2.63,2.63,3.85,8.33,2.38,2.08,3.33,2.94,2.63,2.08,4.55,5,6.25,2.38,2.78,2.38,2.17,10,4.55,10,3.13,4.17,2.94,7.14,3.33,3.13,2.17,4.17,3.13,2.94,2.38,4.55,10,3.57,2.08,3.13,3.57,5.56,2.08,2.63,2.78,2,7.14,4.55,3.13,3.57,2.5,2.78,4.17,2.08,3.57,4.17,5,3.33,2.94,7.14,2.38,2.63,3.13,3.13,3.57,4.55,2,5.56,2.78,2.78,5,2.08,8.33,3.57,2.63,2.78,2.94,5,10,6.25,5.56,5.56,4.17,2.78,2.08,2.17,3.33,3.85,2.5,4.55,2.17,3.13,4.55,3.57,3.13,2.17,5,2.27,2,7.14,3.57,2.27,2.63,4.17,2.38,2,2.38,7.14,2.08,2.17,6.25,2.5,2.5,2.08,2,3.85,2.63,3.33,10,4.55,6.25,2.17,5,2.94,2.78,3.13,3.33,7.14,2.38,5.56,2.63,8.33,2.94
99,2.27,2.5,3.85,2.63,3.13,2.08,5.56,3.13,2.94,2.27,6.25,3.57,3.33,2.38,3.13,5,8.33,6.25,8.33,4.17,10,2.38,2.17,3.57,2.94,6.25,6.25,2.38,2.38,7.14,2.08,4.55,5.56,2.27,5,8.33,2.08,5,3.85,2.38,3.13,2.63,3.57,4.17,3.13,2.63,3.57,5.56,2.94,7.14,2.27,6.25,2.63,2.27,4.17,5.56,3.13,2.5,2.63,7.14,6.25,8.33,2,2.38,7.14,5,2.78,5.56,5,3.33,10,2.17,2.78,3.85,2.94,3.57,2.27,2.27,3.85,2.27,2.78,2.63,2.38,3.57,2.38,8.33,10,2.17,10,5.56,2.27,6.25,3.85,2.38,3.57,2.63,4.17,4.17,3.57,3.57,4.17,5.56,6.25,2.17,4.17,2.08,4.17,7.14,8.33,2.94,4.55,6.25,3.57,2.94,2.63,6.25,5.56,2.27,5,2.78,5,2.17,2.63,3.13,3.33,2.38,4.17,4.55,3.33,4.17,6.25,5.56,6.25,2.94,5,2,2.63,2.78,2.78,8.33,4.55,2.27,6.25,4.55,4.55,6.25,3.85,2.78,5,4.55,2.5,2.78,6.25,3.13,8.33,2.08,3.85,2.08,2,2.78,2.38,2.94,2.5,2.38,3.13,4.17,10,2.5,3.85,2,2.94,2.38,2.17,2.27,2.08,4.17,5,2,2.17,2.94,2.27,2.08,3.33,3.33,3.57,2.08,6.25,6.25,3.85,2.38,10,2.08,2.94,10,3.57,4.55,4.17,2.38,7.14,2.08,4.55,2.63,3.33,2.08,2.38,4.55,10,6.25,5.56,2.38,2.08,4.55,2.27,2.27,3.33,5,3.13,2.78,2,2.78,6.25,2.17,10,5,2.94,2.27,2,3.57,2.38,3.85,2.27,2.17,6.25,2.94,2,3.85,7.14,2,2.17,2.17,2.38,2,3.57,2.38,7.14,6.25,2.38,2.08,2.5,2.94,3.13,4.17,10,2.63,2.63,5,3.57,2.27,2.5,3.57,2.5,10,3.85,4.17,5.56,10,3.85,4.17,3.33,5.56,5,2.5,2.63,2.63,3.85,2.27,2.38,2.27,3.13,5,2,3.33,2.27,10,3.85,4.55,6.25,3.33,10,4.55,2,6.25,4.17,2.5,4.55,4.17,2.08,5.56,3.13,2.27,2,6.25,7.14,2.63,4.55,3.57,2.17,2.5,3.85,2.5,2.38,2.5,3.57,10,4.55,7.14,2.38,2.63,2.27,3.13,5.56,2.08,2,5.56,2.78,7.14,2.63,2.78,2.5,3.13,5,10,2.63,4.55,2.17,5,2.08,3.85,4.55,2.78,2.78,2.27,3.57,2.63,10,2.17,3.13,4.55,2.63,2.38,10,3.33,2.5,2.27,2,2.78,2.27,2.5,2.5,3.33,2.38,2.78,4.17,3.57,3.85,2,5,4.55,2.63,2.38,2.38,2.94,4.17,6.25,2.94,3.33,6.25,2,8.33,8.33,5,3.57,5.56,2.17,3.13,10,8.33,2.78,4.55,2.94,3.57,4.17,6.25,10,5.56,8.33,4.17,2.38,2.38,2.5,4.17,3.13,5,3.85,2.38,4.55,3.85,8.33,10,8.33,5.56,8.33,2,7.14,2,2.78,2.63,2.94,4.17,6.25,2.27,8.33,7.14,2.38,5,2.08,2.08,5.56,2.94,3.57,7.14,2.63,5,6.25,3.85,4.17,3.85,4.17,2.78,2,3.85,10,10,4.17,2.17,10,3.85,7.14,2.63,8.33,10,8.33,3.85,2.38,3.85,3.33,2.94,4.55,5.56,6.25,6.25,6.25,6.25,10,10,2,3.57,3.85,3.57,2.63,6.25,5.56,3.85,2.17,3.57,3.13,7.14,2.38,4.17,2,2.78,2.5,3.57,2.38,3.13,8.33,3.85,2.27,5,7.14,3.85,2.38,2.08,2.17,5.56,4.17,5.56,8.33,4.17,3.57
100,5.56,2.17,6.25,3.57,2.17,2.08,2.08,2.94,3.85,5.56,4.17,2.5,2,2.5,2.17,5,2,2.94,7.14,2.38,2.5,8.33,2.08,2.38,2.08,3.33,8.33,6.25,4.17,3.85,2.78,3.13,3.57,8.33,4.17,3.13,8.33,2.63,4.17,4.17,10,2.63,2.38,6.25,5,3.13,2.17,6.25,2.08,5.56,2.27,2.27,2.78,6.25,5.56,8.33,3.85,2.5,3.57,6.25,5.56,2.08,2.27,5,2.5,2.5,4.17,3.13,2.5,10,5.56,4.55,6.25,8.33,3.13,2.63,5.56,10,4.55,2.17,2.94,2.63,2.63,2.78,2.78,8.33,3.85,2.38,5,4.55,2.38,3.85,2.5,10,2.38,2,7.14,2.63,2.27,2.78,2.94,2.5,5,3.33,10,2.78,2,3.33,4.55,2.78,3.33,2.94,2,5.56,2.17,4.55,5.56,2.94,2,4.17,2.08,8.33,6.25,10,3.85,2.5,3.57,2.5,2.17,3.13,4.55,2,4.55,2.78,2.17,8.33,2.38,3.33,6.25,2.78,3.33,5,2.94,2,2.78,3.85,2.27,10,8.33,2.94,4.17,3.57,7.14,3.85,2.78,2.38,4.55,2.38,2.38,3.13,3.33,3.13,3.13,2.5,3.13,3.33,2,8.33,2.17,6.25,2,8.33,2.94,2.08,2.17,6.25,7.14,2.5,2.63,2.78,4.17,2.63,2.63,2,4.17,2,2.27,3.57,5,3.85,3.85,2.38,2.63,2.5,2.5,4.55,5.56,4.17,3.13,4.55,2.78,3.57,2.94,2.63,2.17,3.13,2.08,2.38,2.17,2.5,2.08,2.94,4.55,10,2.5,8.33,3.57,3.33,10,7.14,2.17,5.56,7.14,5.56,2.08,3.13,2.08,6.25,7.14,6.25,8.33,3.13,2.27,7.14,2.5,3.57,8.33,2.08,2.5,5.56,4.55,2.94,2.63,2.78,2.94,2.94,5,5,2.08,5.56,2.78,2.63,2.08,2.17,2.38,2.38,2,2.27,5,5.56,7.14,8.33,10,7.14,2.78,6.25,6.25,5.56,7.14,2.08,2.5,2,10,6.25,5,2.38,2.27,2.78,2.08,2.63,5,2.5,10,3.13,2,2.08,5,3.13,6.25,2.38,5.56,4.55,7.14,2.17,2.08,8.33,4.55,2.08,2.63,3.85,2.17,3.13,2.78,5,3.57,4.17,3.85,2.17,5.56,2.5,6.25,3.33,2.27,5,3.57,7.14,2.63,2,3.57,2.17,3.13,3.57,3.33,2,2.78,2,5.56,3.85,2.5,2.78,2.63,3.85,6.25,5.56,3.85,2.63,3.13,2.63,2.63,2.94,4.55,4.55,10,2.63,5,2.27,3.13,3.13,3.33,2.63,3.57,10,2.63,2.78,10,4.17,3.85,2.38,7.14,2.78,2.27,4.17,2.38,2.5,8.33,3.33,2.17,2.08,2.78,2.63,3.13,8.33,2.17,2.17,7.14,2,2.17,5.56,2.94,8.33,2.5,5.56,2.94,3.57,2.78,2.94,2.17,2.08,5,2,2.27,2.63,3.13,10,2.63,2.94,4.17,3.13,10,8.33,3.85,2.63,4.55,4.55,2.27,4.17,2.38,2.63,2,4.17,3.57,7.14,8.33,2.63,10,2.38,2.08,2,4.17,2.94,3.57,3.13,2.5,3.33,3.13,3.13,2.63,3.57,3.13,2.5,5,2,4.17,2.27,2.08,8.33,8.33,2.94,3.33,8.33,2.27,7.14,10,10,8.33,8.33,3.33,8.33,2.27,2.08,2.5,2.78,3.33,2.78,3.33,2.5,2.17,2.27,2.63,2.78,2.08,4.55,2.27,3.13,2.08,2.27,7.14,4.55,2.08,2,5,2.38,2.17,4.17,10,7.14,8.33,2.38,2.63,2.17,2.5,3.85,2.63,2.17,3.33,10,8.33,5,2.5,6.25,5.56,4.55,2.38,6.25,3.57,3.33,2.94,2.63,2.08,7.14
