plant,market,cost
1,1,6.25
1,2,2.94
1,3,2.17
1,4,6.25
1,5,2.63
1,6,6.25
1,7,3.33
1,8,2.94
1,9,5
1,10,2.63
1,11,2
1,12,2
1,13,2.78
1,14,8.33
1,15,2.94
1,16,2.38
1,17,3.13
1,18,5.56
1,19,5.56
1,20,2.17
1,21,2.5
1,22,2.94
1,23,5.56
1,24,8.33
1,25,3.57
1,26,3.13
1,27,2
1,28,2.94
1,29,6.25
1,30,4.17
1,31,10
1,32,2.27
1,33,5.56
1,34,3.85
1,35,2.17
1,36,6.25
1,37,2
1,38,8.33
1,39,7.14
1,40,4.17
1,41,2.08
1,42,4.55
1,43,2.5
1,44,3.57
1,45,5.56
1,46,2.78
1,47,2.27
1,48,5.56
1,49,4.55
1,50,2.17
1,51,2.27
1,52,6.25
1,53,3.33
1,54,4.17
1,55,5
1,56,3.33
1,57,3.13
1,58,5
1,59,3.85
1,60,2.5
1,61,4.55
1,62,2.94
1,63,4.17
1,64,2.38
1,65,7.14
1,66,2.08
1,67,2.17
1,68,2.27
1,69,2
1,70,2.5
1,71,6.25
1,72,3.33
1,73,4.17
1,74,2.17
1,75,4.55
1,76,3.13
1,77,6.25
1,78,4.55
1,79,5
1,80,2.63
1,81,2.63
1,82,2.63
1,83,2.08
1,84,8.33
1,85,10
1,86,3.85
1,87,4.17
1,88,2.94
1,89,3.13
1,90,3.13
1,91,3.57
1,92,2.38
1,93,2
1,94,2.5
1,95,4.55
1,96,2.27
1,97,3.85
1,98,2.94
1,99,5.56
1,100,10
1,101,3.13
1,102,3.33
1,103,8.33
1,104,5
1,105,2.5
1,106,3.33
1,107,2.94
1,108,4.55
1,109,5
1,110,2.17
1,111,6.25
1,112,3.13
1,113,2.5
1,114,3.57
1,115,2.08
1,116,5.56
1,117,2.08
1,118,4.55
1,119,2.94
1,120,3.33
1,121,2
1,122,10
1,123,2.5
1,124,2.08
1,125,2.38
1,126,4.17
1,127,5
1,128,8.33
1,129,4.17
1,130,2
1,131,2.17
1,132,2.63
1,133,3.57
1,134,2.63
1,135,3.33
1,136,2.94
1,137,2.78
1,138,10
1,139,2.38
1,140,5.56
1,141,3.13
1,142,6.25
1,143,2.08
1,144,4.17
1,145,6.25
1,146,5
1,147,2.27
1,148,2
1,149,6.25
1,150,2.63
1,151,2.63
1,152,2.27
1,153,3.33
1,154,5.56
1,155,4.55
1,156,2.27
1,157,3.85
1,158,7.14
1,159,2.38
1,160,5
1,161,10
1,162,3.33
1,163,2
1,164,5.56
1,165,3.13
1,166,2.78
1,167,2.38
1,168,5.56
1,169,2.08
1,170,5.56
1,171,2.5
1,172,4.55
1,173,4.55
1,174,3.85
1,175,4.55
1,176,2.5
1,177,5
1,178,2.08
1,179,2.5
1,180,2.17
1,181,5
1,182,10
1,183,2.94
1,184,3.85
1,185,4.55
1,186,3.13
1,187,2.08
1,188,2.17
1,189,6.25
1,190,8.33
1,191,2.63
1,192,2.08
1,193,3.33
1,194,2.17
1,195,10
1,196,4.55
1,197,2.5
1,198,4.17
1,199,6.25
1,200,2.94
1,201,2.27
1,202,3.85
1,203,2.08
1,204,6.25
1,205,2.17
1,206,3.85
1,207,4.55
1,208,3.13
1,209,6.25
1,210,4.55
1,211,2.38
1,212,3.33
1,213,3.13
1,214,3.57
1,215,2.63
1,216,2.08
1,217,3.33
1,218,2.94
1,219,8.33
1,220,3.85
1,221,2.94
1,222,2
1,223,3.33
1,224,5.56
1,225,3.57
1,226,2.5
1,227,2.27
1,228,2.17
1,229,2.38
1,230,7.14
1,231,7.14
1,232,2.38
1,233,10
1,234,2.94
1,235,10
1,236,3.33
1,237,3.57
1,238,7.14
1,239,7.14
1,240,2.5
1,241,5.56
1,242,2.08
1,243,3.33
1,244,3.57
1,245,3.57
1,246,2.63
1,247,2.17
1,248,7.14
1,249,5
1,250,8.33
1,251,4.17
1,252,8.33
1,253,4.17
1,254,2.78
1,255,2.94
1,256,3.57
1,257,5.56
1,258,2
1,259,2.5
1,260,2.38
1,261,7.14
1,262,3.13
1,263,3.33
1,264,3.13
1,265,5
1,266,4.17
1,267,7.14
1,268,2.27
1,269,5.56
1,270,3.85
1,271,5.56
1,272,2.08
1,273,2.5
1,274,2.78
1,275,8.33
1,276,6.25
1,277,10
1,278,2.08
1,279,7.14
1,280,3.13
1,281,8.33
1,282,3.33
1,283,4.55
1,284,2.27
1,285,2.78
1,286,8.33
1,287,4.17
1,288,5
1,289,3.33
1,290,4.55
1,291,6.25
1,292,2.63
1,293,2.17
1,294,2.27
1,295,2
1,296,2.63
1,297,6.25
1,298,2.08
1,299,10
1,300,3.57
1,301,2.08
1,302,2.5
1,303,3.13
1,304,3.33
1,305,3.57
1,306,8.33
1,307,2.78
1,308,4.17
1,309,2.38
1,310,2.17
1,311,2.63
1,312,3.57
1,313,3.33
1,314,8.33
1,315,2.08
1,316,2.08
1,317,2.63
1,318,2.63
1,319,2.94
1,320,2.38
1,321,8.33
1,322,2.08
1,323,2.08
1,324,2.38
1,325,2.5
1,326,2.27
1,327,2.94
1,328,2
1,329,3.85
1,330,5
1,331,7.14
1,332,7.14
1,333,4.17
1,334,2.08
1,335,2
1,336,3.85
1,337,4.17
1,338,7.14
1,339,3.85
1,340,2.08
1,341,3.33
1,342,3.57
1,343,3.13
1,344,10
1,345,4.55
1,346,3.33
1,347,6.25
1,348,2.38
1,349,7.14
1,350,4.55
1,351,2.08
1,352,6.25
1,353,2.94
1,354,2.08
1,355,4.55
1,356,2.38
1,357,2
1,358,3.85
1,359,2.94
1,360,4.17
1,361,2.5
1,362,4.17
1,363,2
1,364,2.5
1,365,6.25
1,366,4.17
1,367,8.33
1,368,2.94
1,369,2.94
1,370,2.08
1,371,3.85
1,372,2.08
1,373,4.17
1,374,5
1,375,3.57
1,376,5
1,377,4.55
1,378,6.25
1,379,3.13
1,380,2.78
1,381,2.38
1,382,2.78
1,383,5.56
1,384,3.13
1,385,2.94
1,386,4.17
1,387,3.85
1,388,2.78
1,389,4.55
1,390,7.14
1,391,2.08
1,392,3.85
1,393,5.56
1,394,2.08
1,395,2.63
1,396,3.57
1,397,3.57
1,398,7.14
1,399,2.63
1,400,2.5
1,401,2.94
1,402,5.56
1,403,5.56
1,404,2.94
1,405,3.85
1,406,4.55
1,407,3.13
1,408,3.13
1,409,2.78
1,410,3.85
1,411,4.55
1,412,5.56
1,413,2.63
1,414,2.94
1,415,4.17
1,416,4.55
1,417,5
1,418,7.14
1,419,2.94
1,420,2.08
1,421,2.38
1,422,3.85
1,423,2.38
1,424,2.94
1,425,4.17
1,426,2.17
1,427,2.08
1,428,5
1,429,2.94
1,430,7.14
1,431,3.85
1,432,2
1,433,2.63
1,434,7.14
1,435,2
1,436,5.56
1,437,2.27
1,438,7.14
1,439,2.27
1,440,4.55
1,441,4.55
1,442,4.17
1,443,3.13
1,444,4.55
1,445,2.27
1,446,2.94
1,447,2.5
1,448,3.33
1,449,2.08
1,450,2.78
1,451,2.5
1,452,3.85
1,453,3.33
1,454,2.27
1,455,3.57
1,456,2.27
1,457,2.63
1,458,2.94
1,459,3.33
1,460,5.56
1,461,5.56
1,462,3.13
1,463,3.33
1,464,3.85
1,465,6.25
1,466,2.5
1,467,2
1,468,2.17
1,469,6.25
1,470,2.94
1,471,3.33
1,472,2.08
1,473,2.08
1,474,2
1,475,4.55
1,476,2.63
1,477,3.85
1,478,4.55
1,479,2.5
1,480,6.25
1,481,4.17
1,482,7.14
1,483,3.57
1,484,2.17
1,485,2.5
1,486,2.5
1,487,3.33
1,488,2.08
1,489,5
1,490,3.57
1,491,10
1,492,5
1,493,3.33
1,494,2.78
1,495,3.33
1,496,4.55
1,497,7.14
1,498,2.94
1,499,2.5
1,500,2.38
2,1,2.78
2,2,2.08
2,3,6.25
2,4,4.17
2,5,10
2,6,2.17
2,7,4.55
2,8,2.63
2,9,2.08
2,10,6.25
2,11,7.14
2,12,2.63
2,13,3.13
2,14,5.56
2,15,4.17
2,16,2.08
2,17,2.63
2,18,6.25
2,19,10
2,20,6.25
2,21,2.08
2,22,7.14
2,23,2.63
2,24,4.55
2,25,8.33
2,26,5
2,27,2.78
2,28,3.57
2,29,2.94
2,30,2.38
2,31,2.38
2,32,5
2,33,2.5
2,34,2.94
2,35,10
2,36,3.57
2,37,3.33
2,38,3.33
2,39,4.17
2,40,2.78
2,41,4.55
2,42,6.25
2,43,2
2,44,3.57
2,45,10
2,46,2.17
2,47,2
2,48,2.17
2,49,6.25
2,50,5.56
2,51,3.85
2,52,3.33
2,53,3.33
2,54,2.78
2,55,2
2,56,5.56
2,57,4.17
2,58,8.33
2,59,2.78
2,60,2.27
2,61,4.55
2,62,3.33
2,63,2.94
2,64,8.33
2,65,2.38
2,66,8.33
2,67,3.85
2,68,2.78
2,69,2.38
2,70,2.17
2,71,2.5
2,72,5
2,73,2
2,74,2.5
2,75,2.94
2,76,2.08
2,77,3.57
2,78,6.25
2,79,2
2,80,2.08
2,81,2.38
2,82,4.55
2,83,2.5
2,84,2.94
2,85,5.56
2,86,4.17
2,87,5.56
2,88,3.85
2,89,4.55
2,90,2.17
2,91,2.78
2,92,2.63
2,93,2.78
2,94,4.55
2,95,2.17
2,96,4.55
2,97,3.57
2,98,10
2,99,2
2,100,3.33
2,101,2.27
2,102,6.25
2,103,8.33
2,104,3.13
2,105,3.33
2,106,5
2,107,8.33
2,108,3.13
2,109,2.38
2,110,5
2,111,3.85
2,112,4.55
2,113,2.5
2,114,8.33
2,115,2.78
2,116,10
2,117,4.55
2,118,6.25
2,119,5.56
2,120,5
2,121,2.17
2,122,4.17
2,123,4.55
2,124,2.78
2,125,2.17
2,126,4.17
2,127,6.25
2,128,10
2,129,2.27
2,130,10
2,131,2.08
2,132,2.27
2,133,3.57
2,134,4.17
2,135,3.13
2,136,3.85
2,137,4.55
2,138,4.55
2,139,2.63
2,140,2.5
2,141,5
2,142,2.5
2,143,2.38
2,144,3.85
2,145,3.85
2,146,2.94
2,147,4.55
2,148,3.13
2,149,3.57
2,150,5.56
2,151,2.63
2,152,5.56
2,153,5.56
2,154,10
2,155,5
2,156,6.25
2,157,6.25
2,158,3.33
2,159,10
2,160,3.85
2,161,4.17
2,162,5.56
2,163,5.56
2,164,4.55
2,165,3.57
2,166,2.38
2,167,5.56
2,168,2.63
2,169,2.17
2,170,5.56
2,171,7.14
2,172,2.78
2,173,3.85
2,174,2.5
2,175,2.08
2,176,4.55
2,177,4.55
2,178,2.08
2,179,2.38
2,180,2.78
2,181,3.33
2,182,5.56
2,183,10
2,184,2.5
2,185,3.57
2,186,7.14
2,187,3.33
2,188,3.85
2,189,3.57
2,190,2.38
2,191,2
2,192,2.08
2,193,2.08
2,194,4.17
2,195,2
2,196,2.63
2,197,2.27
2,198,4.55
2,199,3.33
2,200,10
2,201,2.27
2,202,5
2,203,7.14
2,204,6.25
2,205,5.56
2,206,2.08
2,207,8.33
2,208,3.57
2,209,4.55
2,210,2.63
2,211,2.17
2,212,8.33
2,213,3.33
2,214,6.25
2,215,10
2,216,2.17
2,217,7.14
2,218,3.85
2,219,3.57
2,220,6.25
2,221,3.57
2,222,2
2,223,2.5
2,224,3.33
2,225,3.33
2,226,4.17
2,227,2
2,228,2.38
2,229,2.17
2,230,2.94
2,231,4.55
2,232,2.38
2,233,2.08
2,234,2.17
2,235,4.17
2,236,2
2,237,2.27
2,238,2
2,239,2.17
2,240,2.94
2,241,5
2,242,2.38
2,243,3.85
2,244,3.13
2,245,3.33
2,246,5.56
2,247,2
2,248,4.55
2,249,2.78
2,250,2.27
2,251,2.08
2,252,4.17
2,253,2.17
2,254,6.25
2,255,2.27
2,256,5
2,257,5
2,258,2.94
2,259,6.25
2,260,2.78
2,261,5.56
2,262,3.13
2,263,2.08
2,264,2.5
2,265,2.94
2,266,3.13
2,267,2.5
2,268,2.5
2,269,2.78
2,270,2.94
2,271,2.27
2,272,2.5
2,273,2
2,274,2.94
2,275,4.17
2,276,5
2,277,2.08
2,278,10
2,279,2
2,280,2.08
2,281,8.33
2,282,2.08
2,283,5.56
2,284,3.33
2,285,2.5
2,286,5.56
2,287,3.13
2,288,3.57
2,289,7.14
2,290,3.57
2,291,2.63
2,292,4.55
2,293,2.27
2,294,3.13
2,295,10
2,296,2.38
2,297,2.27
2,298,2.94
2,299,2
2,300,8.33
2,301,2.17
2,302,3.33
2,303,3.33
2,304,4.55
2,305,2.27
2,306,8.33
2,307,3.13
2,308,2.08
2,309,3.85
2,310,8.33
2,311,10
2,312,2.94
2,313,2.08
2,314,6.25
2,315,8.33
2,316,4.17
2,317,2.94
2,318,3.57
2,319,3.33
2,320,2.08
2,321,2.17
2,322,3.33
2,323,3.13
2,324,8.33
2,325,4.55
2,326,7.14
2,327,5
2,328,6.25
2,329,2.78
2,330,2
2,331,2.94
2,332,3.85
2,333,2.78
2,334,2.38
2,335,10
2,336,2.38
2,337,5
2,338,2.94
2,339,3.13
2,340,2
2,341,7.14
2,342,3.33
2,343,2.17
2,344,2.17
2,345,3.33
2,346,5
2,347,8.33
2,348,2.27
2,349,2.5
2,350,2.08
2,351,3.33
2,352,5.56
2,353,2.17
2,354,4.17
2,355,2.78
2,356,2.38
2,357,2.27
2,358,5
2,359,3.33
2,360,6.25
2,361,10
2,362,2.27
2,363,10
2,364,2
2,365,2.27
2,366,2.27
2,367,2.94
2,368,3.57
2,369,2.63
2,370,2.94
2,371,7.14
2,372,2.63
2,373,2.08
2,374,7.14
2,375,2.94
2,376,2.27
2,377,8.33
2,378,2.63
2,379,2
2,380,4.55
2,381,2
2,382,2
2,383,5.56
2,384,3.57
2,385,3.57
2,386,3.57
2,387,6.25
2,388,2.78
2,389,7.14
2,390,3.85
2,391,5
2,392,5.56
2,393,2.78
2,394,8.33
2,395,2.94
2,396,4.55
2,397,5.56
2,398,3.33
2,399,4.55
2,400,7.14
2,401,6.25
2,402,3.13
2,403,3.13
2,404,4.55
2,405,5.56
2,406,2
2,407,3.57
2,408,4.55
2,409,3.57
2,410,8.33
2,411,6.25
2,412,3.33
2,413,2.27
2,414,2.17
2,415,2.78
2,416,6.25
2,417,3.57
2,418,2.27
2,419,3.13
2,420,8.33
2,421,5.56
2,422,2.17
2,423,5
2,424,4.17
2,425,3.13
2,426,2.78
2,427,5.56
2,428,6.25
2,429,6.25
2,430,2.63
2,431,2.94
2,432,2.63
2,433,8.33
2,434,5
2,435,2.5
2,436,3.33
2,437,4.55
2,438,6.25
2,439,2.63
2,440,3.33
2,441,2.08
2,442,5
2,443,2.17
2,444,3.33
2,445,5.56
2,446,2.63
2,447,2.5
2,448,5.56
2,449,2.5
2,450,2.63
2,451,5
2,452,3.85
2,453,5
2,454,3.33
2,455,2.63
2,456,2.94
2,457,3.13
2,458,5.56
2,459,2.38
2,460,3.85
2,461,10
2,462,10
2,463,8.33
2,464,5
2,465,2
2,466,2.63
2,467,4.55
2,468,2.38
2,469,7.14
2,470,3.13
2,471,2.08
2,472,5.56
2,473,2.08
2,474,2.08
2,475,6.25
2,476,5.56
2,477,2.5
2,478,10
2,479,8.33
2,480,6.25
2,481,3.57
2,482,2.17
2,483,7.14
2,484,2.08
2,485,2.27
2,486,2.63
2,487,3.85
2,488,2.27
2,489,2.17
2,490,4.55
2,491,4.55
2,492,10
2,493,7.14
2,494,2.38
2,495,4.17
2,496,5
2,497,2.5
2,498,3.13
2,499,2.78
2,500,2.78
3,1,8.33
3,2,2.94
3,3,2.63
3,4,2.63
3,5,3.13
3,6,7.14
3,7,7.14
3,8,2.78
3,9,2.63
3,10,5
3,11,2.17
3,12,2.08
3,13,6.25
3,14,5.56
3,15,4.55
3,16,8.33
3,17,2
3,18,4.17
3,19,3.85
3,20,5.56
3,21,2
3,22,7.14
3,23,4.55
3,24,3.57
3,25,2.5
3,26,3.85
3,27,2.38
3,28,2
3,29,2.17
3,30,4.17
3,31,4.17
3,32,4.55
3,33,10
3,34,3.85
3,35,2.17
3,36,10
3,37,4.55
3,38,2.17
3,39,2.38
3,40,2.17
3,41,6.25
3,42,8.33
3,43,3.85
3,44,8.33
3,45,2.94
3,46,2.08
3,47,4.55
3,48,7.14
3,49,8.33
3,50,7.14
3,51,2.63
3,52,7.14
3,53,2.63
3,54,2.78
3,55,2.17
3,56,3.33
3,57,2.5
3,58,2.63
3,59,6.25
3,60,7.14
3,61,2.38
3,62,8.33
3,63,2
3,64,3.33
3,65,3.85
3,66,2.08
3,67,3.85
3,68,4.17
3,69,4.55
3,70,2.78
3,71,4.17
3,72,2.08
3,73,3.85
3,74,2.94
3,75,4.17
3,76,3.57
3,77,3.33
3,78,2.27
3,79,4.55
3,80,5
3,81,7.14
3,82,2.5
3,83,4.17
3,84,2.94
3,85,5
3,86,2.08
3,87,3.57
3,88,3.57
3,89,5.56
3,90,3.85
3,91,5
3,92,2.38
3,93,2.17
3,94,6.25
3,95,4.55
3,96,2.63
3,97,4.17
3,98,2.08
3,99,2.38
3,100,2.38
3,101,2
3,102,2
3,103,3.57
3,104,8.33
3,105,4.17
3,106,2.78
3,107,2.5
3,108,10
3,109,7.14
3,110,4.55
3,111,2.27
3,112,6.25
3,113,3.85
3,114,3.13
3,115,4.17
3,116,4.17
3,117,3.57
3,118,2.08
3,119,4.55
3,120,3.33
3,121,4.55
3,122,3.33
3,123,5
3,124,2.5
3,125,2.27
3,126,10
3,127,3.13
3,128,8.33
3,129,10
3,130,4.17
3,131,2.38
3,132,2.78
3,133,2.94
3,134,6.25
3,135,2.94
3,136,3.85
3,137,4.55
3,138,2.5
3,139,4.17
3,140,2
3,141,2.5
3,142,2.5
3,143,3.57
3,144,2.38
3,145,2.27
3,146,2.27
3,147,3.57
3,148,3.85
3,149,2
3,150,4.55
3,151,2.94
3,152,4.55
3,153,2.17
3,154,2.63
3,155,2
3,156,8.33
3,157,2
3,158,4.55
3,159,2.17
3,160,3.33
3,161,3.85
3,162,2.78
3,163,2.78
3,164,3.85
3,165,2.38
3,166,4.17
3,167,6.25
3,168,4.17
3,169,8.33
3,170,2.27
3,171,4.17
3,172,3.85
3,173,6.25
3,174,10
3,175,10
3,176,2.5
3,177,5
3,178,4.55
3,179,3.57
3,180,2.08
3,181,5
3,182,6.25
3,183,3.33
3,184,6.25
3,185,2.17
3,186,4.55
3,187,3.85
3,188,2.94
3,189,2.17
3,190,3.33
3,191,2.63
3,192,6.25
3,193,7.14
3,194,5.56
3,195,2.63
3,196,5.56
3,197,2.08
3,198,2.78
3,199,3.13
3,200,2.17
3,201,2.08
3,202,5
3,203,3.33
3,204,8.33
3,205,2.94
3,206,2.63
3,207,10
3,208,4.55
3,209,5.56
3,210,7.14
3,211,3.85
3,212,2.08
3,213,2.78
3,214,3.13
3,215,3.13
3,216,3.57
3,217,2.63
3,218,2.38
3,219,8.33
3,220,4.55
3,221,6.25
3,222,4.55
3,223,3.33
3,224,5.56
3,225,2.78
3,226,3.13
3,227,5.56
3,228,2.08
3,229,5.56
3,230,2.94
3,231,2
3,232,8.33
3,233,5.56
3,234,3.57
3,235,2.94
3,236,5.56
3,237,5.56
3,238,4.55
3,239,2.78
3,240,2.08
3,241,3.85
3,242,8.33
3,243,4.17
3,244,2.27
3,245,10
3,246,3.57
3,247,2.38
3,248,6.25
3,249,10
3,250,2
3,251,2.27
3,252,2.38
3,253,2
3,254,2.78
3,255,5.56
3,256,2.78
3,257,2
3,258,3.85
3,259,3.33
3,260,2.38
3,261,6.25
3,262,2.94
3,263,2.63
3,264,5
3,265,2.27
3,266,2.27
3,267,2.94
3,268,3.33
3,269,6.25
3,270,2.17
3,271,2.5
3,272,2.08
3,273,3.57
3,274,4.17
3,275,4.55
3,276,10
3,277,2
3,278,2.27
3,279,2.78
3,280,2.63
3,281,4.55
3,282,2.38
3,283,5
3,284,2.78
3,285,6.25
3,286,5.56
3,287,2.17
3,288,4.55
3,289,2
3,290,2.78
3,291,2.38
3,292,2.63
3,293,4.55
3,294,2.5
3,295,2.27
3,296,2.5
3,297,2.94
3,298,2
3,299,8.33
3,300,10
3,301,8.33
3,302,2.94
3,303,3.85
3,304,4.17
3,305,2.5
3,306,5.56
3,307,3.13
3,308,6.25
3,309,2.78
3,310,2.38
3,311,3.57
3,312,8.33
3,313,7.14
3,314,2.78
3,315,4.55
3,316,4.55
3,317,7.14
3,318,8.33
3,319,4.17
3,320,2.08
3,321,2.17
3,322,2.78
3,323,3.33
3,324,3.33
3,325,2.17
3,326,8.33
3,327,2.08
3,328,2.27
3,329,3.13
3,330,2.17
3,331,3.13
3,332,4.55
3,333,3.85
3,334,2.78
3,335,2.27
3,336,6.25
3,337,2.27
3,338,4.17
3,339,3.57
3,340,2
3,341,2.94
3,342,2.5
3,343,5.56
3,344,6.25
3,345,4.55
3,346,2.78
3,347,5.56
3,348,2.08
3,349,2.08
3,350,2.94
3,351,3.85
3,352,6.25
3,353,3.85
3,354,6.25
3,355,3.33
3,356,4.55
3,357,2.17
3,358,5.56
3,359,8.33
3,360,10
3,361,3.85
3,362,5.56
3,363,2.27
3,364,7.14
3,365,4.17
3,366,2
3,367,3.57
3,368,2.08
3,369,2.17
3,370,5
3,371,2
3,372,3.57
3,373,2.27
3,374,4.55
3,375,3.33
3,376,2.94
3,377,2.38
3,378,8.33
3,379,2.17
3,380,5.56
3,381,8.33
3,382,2.63
3,383,2.27
3,384,2.63
3,385,5.56
3,386,2.5
3,387,2
3,388,2.27
3,389,10
3,390,5
3,391,4.17
3,392,2.38
3,393,3.13
3,394,2.27
3,395,2.27
3,396,2.38
3,397,4.55
3,398,3.85
3,399,4.17
3,400,2
3,401,2.38
3,402,2.94
3,403,2.5
3,404,2.27
3,405,2.38
3,406,2.38
3,407,5
3,408,2.08
3,409,6.25
3,410,10
3,411,2.17
3,412,2.5
3,413,3.57
3,414,3.85
3,415,2.38
3,416,3.85
3,417,3.13
3,418,3.13
3,419,4.55
3,420,7.14
3,421,5.56
3,422,2.38
3,423,2.5
3,424,2.5
3,425,7.14
3,426,3.13
3,427,2.08
3,428,4.55
3,429,3.13
3,430,2.78
3,431,2.38
3,432,2.08
3,433,3.57
3,434,3.85
3,435,2.63
3,436,8.33
3,437,2.38
3,438,4.17
3,439,5.56
3,440,6.25
3,441,10
3,442,2.38
3,443,3.57
3,444,2.17
3,445,2.08
3,446,2.78
3,447,2.78
3,448,4.17
3,449,2.38
3,450,6.25
3,451,2.78
3,452,7.14
3,453,2.78
3,454,3.33
3,455,7.14
3,456,10
3,457,3.57
3,458,4.17
3,459,3.13
3,460,3.85
3,461,2.94
3,462,2.27
3,463,2.38
3,464,3.13
3,465,3.85
3,466,6.25
3,467,4.17
3,468,2.17
3,469,4.55
3,470,5
3,471,2.08
3,472,2
3,473,2.5
3,474,3.57
3,475,2.63
3,476,3.85
3,477,8.33
3,478,5
3,479,7.14
3,480,2.63
3,481,3.85
3,482,3.33
3,483,3.33
3,484,4.55
3,485,7.14
3,486,8.33
3,487,3.85
3,488,2.63
3,489,3.85
3,490,2.38
3,491,3.85
3,492,3.33
3,493,2.63
3,494,5
3,495,7.14
3,496,5.56
3,497,6.25
3,498,2
3,499,2.27
3,500,7.14
4,1,3.85
4,2,4.55
4,3,2
4,4,3.57
4,5,4.17
4,6,5
4,7,4.55
4,8,2.78
4,9,2.5
4,10,10
4,11,2.27
4,12,2.94
4,13,2.78
4,14,2.63
4,15,2.08
4,16,3.33
4,17,4.17
4,18,5.56
4,19,2.5
4,20,2.38
4,21,2.5
4,22,4.55
4,23,2.78
4,24,2.78
4,25,4.17
4,26,2.78
4,27,2.5
4,28,7.14
4,29,4.55
4,30,3.33
4,31,2.63
4,32,4.55
4,33,2.5
4,34,2.94
4,35,2.5
4,36,3.85
4,37,2.08
4,38,4.17
4,39,2.78
4,40,2.38
4,41,2.63
4,42,2.78
4,43,2.63
4,44,5
4,45,10
4,46,4.17
4,47,2
4,48,10
4,49,2.17
4,50,2.94
4,51,2.5
4,52,6.25
4,53,4.17
4,54,3.33
4,55,2.27
4,56,2
4,57,2.08
4,58,2.27
4,59,3.85
4,60,5
4,61,2.78
4,62,2.63
4,63,2.27
4,64,4.55
4,65,2.08
4,66,10
4,67,2.38
4,68,7.14
4,69,6.25
4,70,4.55
4,71,4.17
4,72,2.38
4,73,2.08
4,74,5.56
4,75,2.63
4,76,2.38
4,77,4.55
4,78,7.14
4,79,2.17
4,80,2.63
4,81,2.38
4,82,2.08
4,83,2.78
4,84,5
4,85,2.63
4,86,5
4,87,5
4,88,3.57
4,89,5.56
4,90,10
4,91,2.63
4,92,4.17
4,93,2.08
4,94,3.13
4,95,3.57
4,96,4.55
4,97,5.56
4,98,2.17
4,99,2.94
4,100,6.25
4,101,7.14
4,102,2.38
4,103,4.17
4,104,3.13
4,105,2.08
4,106,10
4,107,2.27
4,108,2.17
4,109,2.17
4,110,7.14
4,111,4.55
4,112,3.85
4,113,2.27
4,114,3.57
4,115,5.56
4,116,2.78
4,117,2.63
4,118,2.08
4,119,5
4,120,2.17
4,121,2
4,122,2.38
4,123,3.33
4,124,2.17
4,125,2.08
4,126,5
4,127,2.78
4,128,2.08
4,129,6.25
4,130,6.25
4,131,2
4,132,3.33
4,133,8.33
4,134,5.56
4,135,2
4,136,2.5
4,137,3.33
4,138,2.78
4,139,2
4,140,5
4,141,3.57
4,142,2.38
4,143,8.33
4,144,5.56
4,145,5.56
4,146,2.5
4,147,2.08
4,148,2.78
4,149,6.25
4,150,2
4,151,3.13
4,152,7.14
4,153,2.17
4,154,3.33
4,155,2.94
4,156,2.94
4,157,10
4,158,2.94
4,159,3.13
4,160,5.56
4,161,2.78
4,162,4.55
4,163,5
4,164,5.56
4,165,2.5
4,166,6.25
4,167,6.25
4,168,7.14
4,169,2.5
4,170,3.33
4,171,3.33
4,172,3.33
4,173,10
4,174,7.14
4,175,2.17
4,176,3.57
4,177,3.57
4,178,8.33
4,179,2.38
4,180,5
4,181,2.5
4,182,2.38
4,183,6.25
4,184,4.17
4,185,5.56
4,186,2.08
4,187,3.33
4,188,5.56
4,189,3.85
4,190,3.33
4,191,4.55
4,192,7.14
4,193,3.13
4,194,2.38
4,195,3.85
4,196,5
4,197,3.57
4,198,2.38
4,199,2.08
4,200,2.08
4,201,2.27
4,202,2.5
4,203,7.14
4,204,8.33
4,205,2.27
4,206,6.25
4,207,6.25
4,208,4.55
4,209,2.08
4,210,2.38
4,211,6.25
4,212,2.94
4,213,2.38
4,214,2.63
4,215,10
4,216,2.78
4,217,5.56
4,218,2.78
4,219,2.78
4,220,5.56
4,221,8.33
4,222,5
4,223,2
4,224,2.27
4,225,3.85
4,226,10
4,227,4.17
4,228,2
4,229,3.33
4,230,2.17
4,231,10
4,232,5.56
4,233,2.27
4,234,4.17
4,235,2
4,236,3.57
4,237,7.14
4,238,3.57
4,239,5
4,240,10
4,241,2.63
4,242,8.33
4,243,2.38
4,244,3.85
4,245,2.27
4,246,2.5
4,247,2.08
4,248,2.63
4,249,3.13
4,250,2.08
4,251,7.14
4,252,2.78
4,253,2.78
4,254,4.55
4,255,2.17
4,256,3.33
4,257,3.33
4,258,2.5
4,259,2
4,260,2.5
4,261,6.25
4,262,2
4,263,2.5
4,264,5.56
4,265,2.5
4,266,2.78
4,267,5
4,268,2.78
4,269,2.17
4,270,5.56
4,271,2.08
4,272,5
4,273,3.13
4,274,2.08
4,275,2
4,276,2.78
4,277,7.14
4,278,10
4,279,3.33
4,280,2.08
4,281,2.78
4,282,8.33
4,283,6.25
4,284,2.94
4,285,3.33
4,286,3.33
4,287,3.85
4,288,6.25
4,289,2.78
4,290,3.33
4,291,4.55
4,292,4.17
4,293,4.17
4,294,4.55
4,295,4.55
4,296,3.57
4,297,2.63
4,298,2.63
4,299,5
4,300,6.25
4,301,3.13
4,302,2.17
4,303,2.08
4,304,4.17
4,305,8.33
4,306,6.25
4,307,3.13
4,308,2.38
4,309,2
4,310,5
4,311,2.17
4,312,5.56
4,313,2.63
4,314,2.08
4,315,4.55
4,316,2.78
4,317,8.33
4,318,7.14
4,319,4.55
4,320,2.63
4,321,2.08
4,322,7.14
4,323,2.08
4,324,2
4,325,2.94
4,326,2
4,327,5.56
4,328,2.94
4,329,2.17
4,330,3.85
4,331,3.57
4,332,7.14
4,333,5
4,334,5.56
4,335,4.55
4,336,2.63
4,337,7.14
4,338,2.78
4,339,10
4,340,5
4,341,3.13
4,342,5.56
4,343,5.56
4,344,10
4,345,2.27
4,346,2.63
4,347,2.08
4,348,2.78
4,349,5.56
4,350,6.25
4,351,3.13
4,352,2.78
4,353,7.14
4,354,10
4,355,2.08
4,356,7.14
4,357,7.14
4,358,10
4,359,2.5
4,360,2.5
4,361,2.63
4,362,4.17
4,363,2.5
4,364,2
4,365,5
4,366,3.85
4,367,4.17
4,368,10
4,369,3.57
4,370,3.33
4,371,7.14
4,372,3.33
4,373,5.56
4,374,2.27
4,375,2.08
4,376,2.08
4,377,2.38
4,378,2.27
4,379,3.57
4,380,2.63
4,381,4.55
4,382,2
4,383,6.25
4,384,3.85
4,385,2
4,386,4.55
4,387,3.85
4,388,2.08
4,389,2.38
4,390,2.78
4,391,2.17
4,392,2.78
4,393,2
4,394,3.33
4,395,5
4,396,5.56
4,397,2.38
4,398,5.56
4,399,2.94
4,400,3.33
4,401,4.55
4,402,4.17
4,403,2.27
4,404,2.08
4,405,3.57
4,406,2.27
4,407,2.63
4,408,4.55
4,409,4.17
4,410,3.57
4,411,2.27
4,412,10
4,413,8.33
4,414,2.5
4,415,2.27
4,416,4.55
4,417,2.5
4,418,2.78
4,419,5.56
4,420,2.94
4,421,3.13
4,422,3.57
4,423,3.57
4,424,2.5
4,425,3.85
4,426,6.25
4,427,3.85
4,428,3.13
4,429,4.17
4,430,6.25
4,431,3.33
4,432,2.08
4,433,4.17
4,434,3.33
4,435,2.08
4,436,3.57
4,437,3.57
4,438,2.5
4,439,5
4,440,4.55
4,441,3.85
4,442,2.27
4,443,3.85
4,444,2.17
4,445,4.17
4,446,6.25
4,447,3.85
4,448,5.56
4,449,2.17
4,450,2.63
4,451,2.94
4,452,5.56
4,453,5.56
4,454,2.08
4,455,5.56
4,456,8.33
4,457,3.85
4,458,10
4,459,2.08
4,460,4.55
4,461,6.25
4,462,2.78
4,463,2.78
4,464,10
4,465,3.57
4,466,2.08
4,467,3.13
4,468,10
4,469,8.33
4,470,2.38
4,471,2.38
4,472,8.33
4,473,5
4,474,2
4,475,2.94
4,476,4.55
4,477,6.25
4,478,2.94
4,479,2.17
4,480,8.33
4,481,7.14
4,482,2
4,483,2.78
4,484,2.17
4,485,8.33
4,486,2.27
4,487,2.78
4,488,2.08
4,489,4.17
4,490,3.85
4,491,7.14
4,492,5.56
4,493,2.27
4,494,2.63
4,495,2.5
4,496,2.08
4,497,2.38
4,498,4.55
4,499,2.78
4,500,2.27
5,1,2.08
5,2,2.08
5,3,3.57
5,4,2.17
5,5,2.78
5,6,2.27
5,7,3.85
5,8,3.85
5,9,5
5,10,2
5,11,2.63
5,12,3.33
5,13,4.17
5,14,7.14
5,15,2
5,16,3.57
5,17,5
5,18,2.08
5,19,2.08
5,20,2.5
5,21,8.33
5,22,2.17
5,23,2.08
5,24,2.08
5,25,7.14
5,26,3.85
5,27,10
5,28,7.14
5,29,2.5
5,30,4.17
5,31,5
5,32,3.13
5,33,2.38
5,34,8.33
5,35,2.27
5,36,2.08
5,37,3.85
5,38,4.55
5,39,3.57
5,40,2.94
5,41,2.5
5,42,4.55
5,43,6.25
5,44,2.17
5,45,2.08
5,46,3.33
5,47,2.38
5,48,3.85
5,49,4.17
5,50,2.08
5,51,2.08
5,52,10
5,53,4.55
5,54,2.94
5,55,2.38
5,56,10
5,57,6.25
5,58,2.5
5,59,3.85
5,60,10
5,61,3.85
5,62,10
5,63,4.17
5,64,3.57
5,65,3.33
5,66,5
5,67,10
5,68,4.17
5,69,10
5,70,2.94
5,71,4.17
5,72,2.78
5,73,2.27
5,74,8.33
5,75,4.17
5,76,2.27
5,77,2.38
5,78,2.5
5,79,3.33
5,80,2
5,81,2.78
5,82,4.17
5,83,6.25
5,84,3.33
5,85,8.33
5,86,2.17
5,87,2.94
5,88,3.13
5,89,2.94
5,90,3.85
5,91,2.17
5,92,3.57
5,93,3.33
5,94,3.85
5,95,3.57
5,96,4.17
5,97,3.33
5,98,6.25
5,99,2.38
5,100,10
5,101,2.17
5,102,2.94
5,103,5
5,104,2.38
5,105,5.56
5,106,3.33
5,107,10
5,108,6.25
5,109,4.55
5,110,2.63
5,111,2.94
5,112,3.33
5,113,2.63
5,114,4.55
5,115,3.33
5,116,10
5,117,2.78
5,118,2.5
5,119,8.33
5,120,2.38
5,121,2.08
5,122,2.63
5,123,3.33
5,124,2.5
5,125,2.78
5,126,5.56
5,127,2.27
5,128,2.17
5,129,2.08
5,130,7.14
5,131,2.63
5,132,3.33
5,133,8.33
5,134,2.78
5,135,2.94
5,136,4.17
5,137,2.94
5,138,3.13
5,139,2.94
5,140,4.55
5,141,2.17
5,142,2.94
5,143,2.17
5,144,2.27
5,145,3.33
5,146,8.33
5,147,8.33
5,148,6.25
5,149,3.57
5,150,6.25
5,151,2.38
5,152,2.08
5,153,6.25
5,154,2.38
5,155,6.25
5,156,5
5,157,8.33
5,158,2.63
5,159,2.78
5,160,3.13
5,161,4.17
5,162,3.13
5,163,2.27
5,164,3.13
5,165,2.27
5,166,5
5,167,2
5,168,4.17
5,169,2.17
5,170,6.25
5,171,2.63
5,172,2.08
5,173,5.56
5,174,6.25
5,175,2.38
5,176,3.33
5,177,2.63
5,178,5.56
5,179,5.56
5,180,6.25
5,181,2.5
5,182,2.63
5,183,2.94
5,184,2.08
5,185,2
5,186,6.25
5,187,2.63
5,188,2.5
5,189,2.63
5,190,2
5,191,10
5,192,2.38
5,193,5.56
5,194,3.85
5,195,6.25
5,196,7.14
5,197,2.94
5,198,2.38
5,199,7.14
5,200,2.63
5,201,7.14
5,202,2.08
5,203,2.94
5,204,2.78
5,205,2.63
5,206,2.17
5,207,6.25
5,208,2.08
5,209,4.17
5,210,10
5,211,4.17
5,212,5.56
5,213,6.25
5,214,3.57
5,215,2.38
5,216,2.08
5,217,2.17
5,218,3.85
5,219,2
5,220,3.57
5,221,6.25
5,222,2.94
5,223,4.55
5,224,2.08
5,225,2.94
5,226,10
5,227,2.63
5,228,2.94
5,229,2.5
5,230,2.63
5,231,4.17
5,232,4.17
5,233,10
5,234,10
5,235,2.63
5,236,5.56
5,237,4.17
5,238,8.33
5,239,2.94
5,240,3.57
5,241,2
5,242,10
5,243,2.38
5,244,8.33
5,245,2.08
5,246,2.5
5,247,3.13
5,248,2.63
5,249,4.17
5,250,4.55
5,251,5
5,252,2.17
5,253,5
5,254,10
5,255,10
5,256,10
5,257,3.13
5,258,2.5
5,259,7.14
5,260,3.13
5,261,10
5,262,2.27
5,263,6.25
5,264,7.14
5,265,3.57
5,266,3.85
5,267,2.17
5,268,4.17
5,269,5.56
5,270,4.55
5,271,4.55
5,272,3.13
5,273,2.08
5,274,8.33
5,275,7.14
5,276,2.17
5,277,2.38
5,278,6.25
5,279,2.27
5,280,10
5,281,6.25
5,282,2.78
5,283,2
5,284,2.5
5,285,8.33
5,286,6.25
5,287,2.5
5,288,5.56
5,289,2.78
5,290,8.33
5,291,5.56
5,292,2.94
5,293,5.56
5,294,6.25
5,295,8.33
5,296,3.57
5,297,3.33
5,298,10
5,299,3.13
5,300,2.08
5,301,2.94
5,302,4.55
5,303,2.27
5,304,4.17
5,305,4.17
5,306,10
5,307,2.63
5,308,3.57
5,309,2.94
5,310,3.57
5,311,2
5,312,5
5,313,2.78
5,314,4.55
5,315,2.94
5,316,2.94
5,317,2.27
5,318,8.33
5,319,8.33
5,320,2.27
5,321,3.33
5,322,3.13
5,323,2.63
5,324,7.14
5,325,5.56
5,326,3.13
5,327,5.56
5,328,2.5
5,329,2
5,330,4.17
5,331,2.94
5,332,7.14
5,333,2.08
5,334,7.14
5,335,8.33
5,336,4.55
5,337,10
5,338,6.25
5,339,2.63
5,340,3.85
5,341,2.5
5,342,3.57
5,343,2.17
5,344,2.38
5,345,2.5
5,346,2.63
5,347,2.08
5,348,2.08
5,349,5
5,350,2.94
5,351,2.27
5,352,3.13
5,353,3.33
5,354,10
5,355,2.94
5,356,3.33
5,357,10
5,358,3.13
5,359,2.17
5,360,2.27
5,361,7.14
5,362,5
5,363,5
5,364,2.78
5,365,10
5,366,2.38
5,367,2.27
5,368,2.78
5,369,2.94
5,370,2.17
5,371,3.85
5,372,3.33
5,373,2.08
5,374,3.13
5,375,5.56
5,376,4.17
5,377,2.78
5,378,2.38
5,379,2.38
5,380,2
5,381,8.33
5,382,3.57
5,383,10
5,384,6.25
5,385,3.85
5,386,2
5,387,2.78
5,388,6.25
5,389,3.85
5,390,3.33
5,391,7.14
5,392,2.63
5,393,2.78
5,394,3.33
5,395,5
5,396,2.94
5,397,3.57
5,398,2.78
5,399,3.13
5,400,2.17
5,401,2.17
5,402,4.55
5,403,8.33
5,404,2.78
5,405,2.08
5,406,5.56
5,407,2.17
5,408,2.38
5,409,4.17
5,410,2.94
5,411,7.14
5,412,5.56
5,413,2.38
5,414,3.57
5,415,4.55
5,416,5.56
5,417,2.5
5,418,8.33
5,419,2
5,420,10
5,421,2.17
5,422,2.78
5,423,2
5,424,5.56
5,425,10
5,426,4.55
5,427,6.25
5,428,5
5,429,2.5
5,430,4.17
5,431,5
5,432,3.85
5,433,8.33
5,434,4.17
5,435,2.27
5,436,2.38
5,437,5
5,438,6.25
5,439,2.08
5,440,10
5,441,4.55
5,442,5.56
5,443,2
5,444,3.85
5,445,4.17
5,446,5
5,447,8.33
5,448,2.08
5,449,2.63
5,450,2
5,451,10
5,452,7.14
5,453,4.17
5,454,2.5
5,455,7.14
5,456,3.33
5,457,3.13
5,458,3.33
5,459,8.33
5,460,4.55
5,461,2.38
5,462,2.63
5,463,5.56
5,464,2.08
5,465,2.17
5,466,3.33
5,467,6.25
5,468,5.56
5,469,5
5,470,3.33
5,471,2.17
5,472,2.5
5,473,2.08
5,474,5.56
5,475,2.17
5,476,2.17
5,477,8.33
5,478,2.5
5,479,2.94
5,480,2.17
5,481,2.5
5,482,8.33
5,483,3.33
5,484,5
5,485,2.78
5,486,8.33
5,487,4.55
5,488,3.33
5,489,2.27
5,490,3.85
5,491,10
5,492,2.08
5,493,2.08
5,494,2.17
5,495,2.63
5,496,3.33
5,497,2.08
5,498,7.14
5,499,2
5,500,5
6,1,2.17
6,2,2.38
6,3,3.85
6,4,3.57
6,5,2.63
6,6,2.08
6,7,2.94
6,8,2
6,9,5.56
6,10,2.17
6,11,2.38
6,12,6.25
6,13,4.17
6,14,3.13
6,15,7.14
6,16,3.85
6,17,4.17
6,18,2.38
6,19,2.78
6,20,3.33
6,21,5.56
6,22,3.33
6,23,2.78
6,24,7.14
6,25,2.08
6,26,2.27
6,27,7.14
6,28,2.27
6,29,4.55
6,30,6.25
6,31,2.63
6,32,4.55
6,33,5
6,34,3.33
6,35,3.13
6,36,3.85
6,37,5
6,38,3.57
6,39,2.08
6,40,2.38
6,41,6.25
6,42,3.33
6,43,3.33
6,44,2.27
6,45,4.55
6,46,2.94
6,47,5.56
6,48,5
6,49,2.17
6,50,8.33
6,51,6.25
6,52,10
6,53,2.38
6,54,2.38
6,55,3.13
6,56,5
6,57,10
6,58,3.85
6,59,3.13
6,60,6.25
6,61,2.08
6,62,5.56
6,63,3.33
6,64,5.56
6,65,2.38
6,66,3.85
6,67,2.78
6,68,4.17
6,69,4.55
6,70,5.56
6,71,4.17
6,72,4.55
6,73,8.33
6,74,2
6,75,2.27
6,76,5.56
6,77,5
6,78,5.56
6,79,5.56
6,80,5
6,81,3.57
6,82,4.17
6,83,3.85
6,84,8.33
6,85,7.14
6,86,5
6,87,2.38
6,88,6.25
6,89,3.57
6,90,4.55
6,91,3.13
6,92,3.85
6,93,2.17
6,94,2.78
6,95,7.14
6,96,5.56
6,97,2.08
6,98,8.33
6,99,2.78
6,100,2.38
6,101,4.17
6,102,2.63
6,103,2.27
6,104,8.33
6,105,2.08
6,106,2
6,107,5
6,108,2.08
6,109,7.14
6,110,7.14
6,111,3.85
6,112,2.63
6,113,3.85
6,114,10
6,115,7.14
6,116,7.14
6,117,3.85
6,118,8.33
6,119,4.55
6,120,3.33
6,121,2.94
6,122,3.57
6,123,2.63
6,124,3.13
6,125,4.55
6,126,6.25
6,127,2.78
6,128,2.63
6,129,7.14
6,130,4.17
6,131,8.33
6,132,6.25
6,133,2.38
6,134,10
6,135,5.56
6,136,2
6,137,10
6,138,3.13
6,139,3.85
6,140,3.33
6,141,3.85
6,142,3.33
6,143,2.5
6,144,2.5
6,145,10
6,146,3.33
6,147,3.57
6,148,3.85
6,149,4.17
6,150,3.33
6,151,2
6,152,2.38
6,153,2.5
6,154,8.33
6,155,2.08
6,156,3.13
6,157,4.55
6,158,2.78
6,159,2.38
6,160,2.78
6,161,7.14
6,162,4.55
6,163,3.57
6,164,3.13
6,165,4.17
6,166,3.13
6,167,2.08
6,168,5
6,169,5
6,170,2.38
6,171,5
6,172,2.27
6,173,4.55
6,174,10
6,175,6.25
6,176,2.63
6,177,2.63
6,178,3.13
6,179,2.63
6,180,8.33
6,181,5
6,182,5.56
6,183,2.5
6,184,8.33
6,185,6.25
6,186,6.25
6,187,3.57
6,188,2.94
6,189,5.56
6,190,2.63
6,191,3.85
6,192,3.85
6,193,2
6,194,2.38
6,195,2.78
6,196,3.33
6,197,10
6,198,3.13
6,199,2.38
6,200,2.94
6,201,3.57
6,202,3.33
6,203,3.33
6,204,10
6,205,2.63
6,206,4.55
6,207,5
6,208,6.25
6,209,2.17
6,210,10
6,211,3.13
6,212,2.78
6,213,8.33
6,214,3.85
6,215,3.33
6,216,3.33
6,217,8.33
6,218,5.56
6,219,2.63
6,220,3.13
6,221,10
6,222,2.38
6,223,3.13
6,224,4.55
6,225,10
6,226,3.57
6,227,8.33
6,228,2.78
6,229,5
6,230,2.78
6,231,2.38
6,232,2.63
6,233,3.13
6,234,2.08
6,235,4.55
6,236,10
6,237,3.33
6,238,7.14
6,239,2.38
6,240,7.14
6,241,2.38
6,242,2.08
6,243,2.38
6,244,5.56
6,245,4.17
6,246,5.56
6,247,2
6,248,6.25
6,249,4.17
6,250,5.56
6,251,2.27
6,252,2.94
6,253,2.38
6,254,2.78
6,255,2.94
6,256,2.63
6,257,2.63
6,258,4.55
6,259,5
6,260,6.25
6,261,3.13
6,262,4.55
6,263,3.13
6,264,2.08
6,265,6.25
6,266,2
6,267,2.08
6,268,6.25
6,269,5
6,270,2.08
6,271,2.78
6,272,10
6,273,2.38
6,274,8.33
6,275,2.38
6,276,2.17
6,277,2
6,278,2
6,279,2.38
6,280,2.08
6,281,3.57
6,282,6.25
6,283,2.63
6,284,3.85
6,285,2.17
6,286,2.27
6,287,4.17
6,288,2.94
6,289,2.38
6,290,5.56
6,291,2.78
6,292,2.27
6,293,2.38
6,294,2
6,295,2.38
6,296,2.94
6,297,2.5
6,298,2.94
6,299,3.57
6,300,2.94
6,301,10
6,302,2.78
6,303,3.33
6,304,2.17
6,305,4.17
6,306,5.56
6,307,4.17
6,308,8.33
6,309,10
6,310,4.55
6,311,2.63
6,312,7.14
6,313,2.78
6,314,2.08
6,315,2
6,316,8.33
6,317,3.13
6,318,8.33
6,319,3.85
6,320,2.17
6,321,3.33
6,322,8.33
6,323,7.14
6,324,3.57
6,325,4.17
6,326,6.25
6,327,3.33
6,328,2.78
6,329,2.17
6,330,5
6,331,2.94
6,332,10
6,333,2.63
6,334,2.08
6,335,3.33
6,336,10
6,337,8.33
6,338,2.78
6,339,3.57
6,340,5.56
6,341,3.57
6,342,7.14
6,343,2.5
6,344,10
6,345,3.57
6,346,2.17
6,347,6.25
6,348,3.13
6,349,6.25
6,350,4.17
6,351,3.85
6,352,2.17
6,353,5.56
6,354,3.85
6,355,7.14
6,356,5
6,357,2.27
6,358,10
6,359,4.17
6,360,2.5
6,361,2.38
6,362,2.94
6,363,2.78
6,364,2.17
6,365,3.57
6,366,2.38
6,367,2.5
6,368,5.56
6,369,10
6,370,7.14
6,371,3.33
6,372,2.17
6,373,8.33
6,374,5
6,375,5
6,376,7.14
6,377,2.38
6,378,2.63
6,379,3.57
6,380,5
6,381,5
6,382,2.5
6,383,3.13
6,384,2.27
6,385,3.33
6,386,6.25
6,387,3.13
6,388,5.56
6,389,2.27
6,390,3.33
6,391,2
6,392,3.13
6,393,3.57
6,394,2.94
6,395,2.38
6,396,8.33
6,397,8.33
6,398,2.17
6,399,2.38
6,400,7.14
6,401,2.78
6,402,2.17
6,403,10
6,404,2.5
6,405,2
6,406,5.56
6,407,2
6,408,2.17
6,409,2.27
6,410,6.25
6,411,5.56
6,412,2.38
6,413,2.17
6,414,2.38
6,415,2.78
6,416,4.17
6,417,2.63
6,418,3.85
6,419,6.25
6,420,5.56
6,421,2.63
6,422,2.5
6,423,6.25
6,424,2.38
6,425,3.85
6,426,7.14
6,427,2.27
6,428,5.56
6,429,3.57
6,430,2.5
6,431,2.78
6,432,10
6,433,3.13
6,434,3.13
6,435,2.38
6,436,7.14
6,437,2
6,438,8.33
6,439,4.17
6,440,6.25
6,441,2.38
6,442,4.17
6,443,2.94
6,444,8.33
6,445,8.33
6,446,7.14
6,447,2.5
6,448,4.17
6,449,2.5
6,450,2.78
6,451,3.57
6,452,2.63
6,453,6.25
6,454,4.17
6,455,3.57
6,456,10
6,457,4.55
6,458,3.57
6,459,2
6,460,4.17
6,461,2.94
6,462,3.13
6,463,6.25
6,464,5
6,465,4.55
6,466,7.14
6,467,3.57
6,468,6.25
6,469,4.55
6,470,3.57
6,471,3.57
6,472,5
6,473,2.5
6,474,2.38
6,475,8.33
6,476,2.94
6,477,3.33
6,478,2.5
6,479,2.17
6,480,2.08
6,481,8.33
6,482,2
6,483,4.55
6,484,2.38
6,485,10
6,486,7.14
6,487,5
6,488,4.55
6,489,10
6,490,2.63
6,491,3.57
6,492,10
6,493,8.33
6,494,8.33
6,495,3.57
6,496,5
6,497,2.78
6,498,3.85
6,499,5
6,500,5.56
7,1,2.08
7,2,2.5
7,3,2.38
7,4,2.38
7,5,5.56
7,6,3.57
7,7,10
7,8,5
7,9,5.56
7,10,2
7,11,3.85
7,12,4.17
7,13,2.78
7,14,2
7,15,2.17
7,16,2.17
7,17,3.13
7,18,4.55
7,19,3.85
7,20,2.94
7,21,10
7,22,4.55
7,23,8.33
7,24,2.08
7,25,3.13
7,26,2.08
7,27,2.38
7,28,7.14
7,29,2.17
7,30,2.63
7,31,4.17
7,32,6.25
7,33,5
7,34,10
7,35,3.33
7,36,5
7,37,4.55
7,38,5.56
7,39,3.57
7,40,2.17
7,41,5
7,42,2.94
7,43,2.38
7,44,2.78
7,45,2.5
7,46,2.08
7,47,5
7,48,2.27
7,49,4.17
7,50,3.33
7,51,2
7,52,3.33
7,53,3.13
7,54,2.5
7,55,7.14
7,56,4.17
7,57,3.85
7,58,5
7,59,5
7,60,4.17
7,61,10
7,62,3.33
7,63,3.33
7,64,2.94
7,65,4.55
7,66,2.38
7,67,4.17
7,68,7.14
7,69,6.25
7,70,2.17
7,71,2.78
7,72,3.33
7,73,2.63
7,74,5.56
7,75,10
7,76,2.27
7,77,7.14
7,78,2.78
7,79,4.17
7,80,4.55
7,81,4.55
7,82,2.63
7,83,2.38
7,84,5.56
7,85,7.14
7,86,2.27
7,87,4.55
7,88,3.33
7,89,4.55
7,90,2.63
7,91,2.27
7,92,3.57
7,93,2
7,94,2.17
7,95,3.57
7,96,2
7,97,2.63
7,98,2.5
7,99,2.38
7,100,10
7,101,3.13
7,102,6.25
7,103,4.55
7,104,5.56
7,105,5.56
7,106,2.63
7,107,2.08
7,108,8.33
7,109,2.94
7,110,3.33
7,111,3.33
7,112,3.13
7,113,5.56
7,114,5.56
7,115,7.14
7,116,2.08
7,117,2.78
7,118,2.27
7,119,2.63
7,120,8.33
7,121,3.33
7,122,10
7,123,8.33
7,124,2.5
7,125,2.63
7,126,4.55
7,127,10
7,128,5.56
7,129,6.25
7,130,2
7,131,2.38
7,132,8.33
7,133,8.33
7,134,3.85
7,135,3.13
7,136,2.5
7,137,7.14
7,138,2.08
7,139,5.56
7,140,5.56
7,141,5.56
7,142,3.33
7,143,2.08
7,144,2.08
7,145,3.13
7,146,2.94
7,147,7.14
7,148,3.33
7,149,2.27
7,150,3.57
7,151,3.13
7,152,3.33
7,153,6.25
7,154,7.14
7,155,3.57
7,156,2.78
7,157,2.63
7,158,2.5
7,159,2.08
7,160,5.56
7,161,8.33
7,162,4.55
7,163,4.17
7,164,2.38
7,165,2.78
7,166,3.85
7,167,3.57
7,168,2.08
7,169,8.33
7,170,2.38
7,171,8.33
7,172,2.5
7,173,2.78
7,174,4.55
7,175,10
7,176,2
7,177,2.17
7,178,3.57
7,179,4.55
7,180,5.56
7,181,3.57
7,182,2.17
7,183,2.08
7,184,5
7,185,5
7,186,5
7,187,10
7,188,5
7,189,2.17
7,190,4.55
7,191,8.33
7,192,7.14
7,193,6.25
7,194,2.94
7,195,8.33
7,196,2.08
7,197,2.94
7,198,2
7,199,3.13
7,200,2.94
7,201,2.17
7,202,2.38
7,203,2.38
7,204,2.27
7,205,3.33
7,206,2.38
7,207,3.85
7,208,2.78
7,209,4.17
7,210,5
7,211,2.27
7,212,3.33
7,213,2.08
7,214,2.08
7,215,4.17
7,216,2.78
7,217,4.55
7,218,2.08
7,219,2.27
7,220,4.17
7,221,2.38
7,222,2.27
7,223,3.33
7,224,3.33
7,225,2.17
7,226,2.63
7,227,2.38
7,228,2.38
7,229,2.5
7,230,6.25
7,231,2.5
7,232,4.17
7,233,4.17
7,234,2.94
7,235,5.56
7,236,4.55
7,237,2.17
7,238,5
7,239,3.13
7,240,2.78
7,241,5.56
7,242,2.94
7,243,6.25
7,244,2
7,245,6.25
7,246,2.63
7,247,2.94
7,248,2.27
7,249,3.13
7,250,5
7,251,2.17
7,252,2.94
7,253,10
7,254,4.55
7,255,4.17
7,256,2.27
7,257,8.33
7,258,2.17
7,259,4.55
7,260,2.38
7,261,3.85
7,262,2.63
7,263,3.85
7,264,2.63
7,265,2.08
7,266,3.85
7,267,2
7,268,2.78
7,269,2.78
7,270,4.17
7,271,7.14
7,272,2.27
7,273,2.08
7,274,3.57
7,275,2.5
7,276,8.33
7,277,2.78
7,278,2.94
7,279,2
7,280,3.33
7,281,2.17
7,282,4.17
7,283,2.27
7,284,2.63
7,285,2.63
7,286,2
7,287,3.13
7,288,10
7,289,2.63
7,290,2
7,291,10
7,292,2.5
7,293,2.78
7,294,2.78
7,295,2.08
7,296,3.57
7,297,7.14
7,298,6.25
7,299,3.85
7,300,10
7,301,3.85
7,302,5
7,303,3.13
7,304,5
7,305,7.14
7,306,7.14
7,307,7.14
7,308,2.94
7,309,5
7,310,2.27
7,311,5.56
7,312,6.25
7,313,10
7,314,2.94
7,315,4.55
7,316,2.08
7,317,2.94
7,318,2.27
7,319,7.14
7,320,3.85
7,321,2.78
7,322,5.56
7,323,2.17
7,324,5.56
7,325,10
7,326,6.25
7,327,2.78
7,328,3.13
7,329,3.33
7,330,3.13
7,331,8.33
7,332,2.5
7,333,4.55
7,334,8.33
7,335,2
7,336,5.56
7,337,2.78
7,338,2.38
7,339,10
7,340,2.17
7,341,4.17
7,342,2.78
7,343,4.17
7,344,2.38
7,345,3.33
7,346,2.78
7,347,4.55
7,348,3.33
7,349,4.17
7,350,4.55
7,351,8.33
7,352,2.63
7,353,8.33
7,354,2
7,355,2.94
7,356,3.57
7,357,4.17
7,358,2.17
7,359,2.63
7,360,2
7,361,2.27
7,362,2.17
7,363,6.25
7,364,2.27
7,365,8.33
7,366,2.63
7,367,5.56
7,368,2.63
7,369,3.33
7,370,2.27
7,371,2.17
7,372,3.57
7,373,2.94
7,374,2.27
7,375,10
7,376,2.94
7,377,2.38
7,378,4.17
7,379,4.55
7,380,10
7,381,5.56
7,382,2.63
7,383,2.08
7,384,2.94
7,385,7.14
7,386,2.27
7,387,3.13
7,388,2.08
7,389,3.57
7,390,2.5
7,391,3.33
7,392,2.94
7,393,2.63
7,394,2.27
7,395,6.25
7,396,2.94
7,397,3.33
7,398,3.57
7,399,2.08
7,400,10
7,401,2.63
7,402,2.08
7,403,8.33
7,404,5.56
7,405,3.33
7,406,3.57
7,407,2.27
7,408,2.63
7,409,2.17
7,410,3.85
7,411,4.17
7,412,10
7,413,4.55
7,414,2.27
7,415,10
7,416,3.33
7,417,3.13
7,418,8.33
7,419,10
7,420,10
7,421,3.13
7,422,2.94
7,423,10
7,424,3.33
7,425,3.33
7,426,3.57
7,427,2.27
7,428,3.57
7,429,6.25
7,430,4.55
7,431,2.17
7,432,8.33
7,433,10
7,434,7.14
7,435,5.56
7,436,4.17
7,437,2.27
7,438,3.85
7,439,8.33
7,440,2
7,441,6.25
7,442,2.38
7,443,6.25
7,444,2.63
7,445,2.94
7,446,7.14
7,447,7.14
7,448,2.78
7,449,2.94
7,450,5
7,451,2.17
7,452,5
7,453,7.14
7,454,2.38
7,455,2.08
7,456,2
7,457,3.13
7,458,7.14
7,459,2
7,460,2.27
7,461,2
7,462,2.08
7,463,2.78
7,464,8.33
7,465,6.25
7,466,2
7,467,6.25
7,468,2.94
7,469,2.27
7,470,10
7,471,5.56
7,472,5
7,473,2.08
7,474,3.85
7,475,7.14
7,476,3.85
7,477,2.27
7,478,3.33
7,479,5.56
7,480,2.5
7,481,3.33
7,482,8.33
7,483,4.17
7,484,3.57
7,485,5.56
7,486,4.55
7,487,3.85
7,488,4.17
7,489,2.94
7,490,4.17
7,491,3.33
7,492,4.55
7,493,10
7,494,2.94
7,495,2.63
7,496,5.56
7,497,3.33
7,498,2
7,499,2
7,500,8.33
8,1,2.38
8,2,2.38
8,3,2.17
8,4,7.14
8,5,2
8,6,2.63
8,7,2.08
8,8,3.13
8,9,2.94
8,10,3.13
8,11,2.27
8,12,7.14
8,13,2.17
8,14,4.17
8,15,3.33
8,16,5.56
8,17,3.85
8,18,2.78
8,19,2.63
8,20,10
8,21,2.94
8,22,6.25
8,23,2.63
8,24,4.55
8,25,2.17
8,26,2.17
8,27,3.13
8,28,2.17
8,29,5
8,30,2.78
8,31,2.78
8,32,2.78
8,33,3.33
8,34,2.94
8,35,2.27
8,36,2.38
8,37,3.57
8,38,5.56
8,39,2.63
8,40,4.17
8,41,4.17
8,42,2.5
8,43,3.57
8,44,2.5
8,45,2.78
8,46,2.63
8,47,2.78
8,48,8.33
8,49,2.5
8,50,2.38
8,51,2.94
8,52,2.08
8,53,2.17
8,54,2.08
8,55,4.17
8,56,4.17
8,57,3.85
8,58,4.17
8,59,2
8,60,2.27
8,61,2.17
8,62,4.17
8,63,4.17
8,64,3.13
8,65,3.85
8,66,10
8,67,7.14
8,68,2.17
8,69,5.56
8,70,2.63
8,71,2.94
8,72,2.94
8,73,2.27
8,74,3.33
8,75,8.33
8,76,2.94
8,77,2.78
8,78,3.85
8,79,2.78
8,80,2
8,81,2.78
8,82,3.57
8,83,3.85
8,84,2
8,85,6.25
8,86,8.33
8,87,2.78
8,88,5
8,89,2.27
8,90,2.78
8,91,2
8,92,2.17
8,93,10
8,94,7.14
8,95,2.38
8,96,7.14
8,97,10
8,98,2.63
8,99,4.55
8,100,2.17
8,101,4.55
8,102,2.08
8,103,8.33
8,104,5
8,105,2.27
8,106,8.33
8,107,2.63
8,108,2
8,109,4.55
8,110,3.57
8,111,5.56
8,112,3.33
8,113,2.17
8,114,3.33
8,115,2.5
8,116,3.85
8,117,3.33
8,118,2
8,119,3.33
8,120,2.08
8,121,8.33
8,122,2.78
8,123,2.5
8,124,2.38
8,125,2.78
8,126,2.27
8,127,4.17
8,128,2.78
8,129,2.78
8,130,6.25
8,131,3.13
8,132,6.25
8,133,7.14
8,134,10
8,135,3.57
8,136,2
8,137,7.14
8,138,2.38
8,139,2.08
8,140,2.63
8,141,2.94
8,142,7.14
8,143,6.25
8,144,2.27
8,145,2.94
8,146,2.63
8,147,8.33
8,148,5
8,149,8.33
8,150,6.25
8,151,2.27
8,152,3.57
8,153,4.17
8,154,2
8,155,4.17
8,156,2.17
8,157,2.38
8,158,2.5
8,159,2
8,160,4.17
8,161,3.57
8,162,2.38
8,163,2.94
8,164,2.63
8,165,2.63
8,166,4.55
8,167,4.17
8,168,2.94
8,169,2.27
8,170,3.57
8,171,7.14
8,172,2.08
8,173,2.94
8,174,7.14
8,175,6.25
8,176,2.17
8,177,2.17
8,178,4.55
8,179,4.55
8,180,2.78
8,181,4.17
8,182,2
8,183,3.85
8,184,2.94
8,185,2.5
8,186,2.78
8,187,2.27
8,188,2.27
8,189,2.94
8,190,5.56
8,191,6.25
8,192,2.5
8,193,2
8,194,2.17
8,195,2.78
8,196,7.14
8,197,3.33
8,198,3.33
8,199,2.08
8,200,2.63
8,201,2.5
8,202,2.63
8,203,5.56
8,204,5.56
8,205,2.78
8,206,4.55
8,207,4.17
8,208,3.33
8,209,3.13
8,210,2.38
8,211,2.17
8,212,7.14
8,213,3.57
8,214,8.33
8,215,2.17
8,216,7.14
8,217,3.13
8,218,10
8,219,2.08
8,220,2.38
8,221,2.17
8,222,10
8,223,2.94
8,224,2.94
8,225,2
8,226,2.63
8,227,2.17
8,228,2.38
8,229,2.94
8,230,2.63
8,231,3.85
8,232,2.78
8,233,7.14
8,234,2.17
8,235,8.33
8,236,2.27
8,237,3.85
8,238,5.56
8,239,2.08
8,240,2.5
8,241,10
8,242,2.27
8,243,3.57
8,244,4.55
8,245,2
8,246,5
8,247,8.33
8,248,2.17
8,249,5
8,250,3.57
8,251,2.17
8,252,7.14
8,253,2.38
8,254,2.78
8,255,10
8,256,3.33
8,257,4.17
8,258,3.33
8,259,2.78
8,260,5
8,261,2.27
8,262,2.63
8,263,7.14
8,264,4.17
8,265,2.5
8,266,4.17
8,267,2.38
8,268,5.56
8,269,3.85
8,270,2.38
8,271,4.55
8,272,2.94
8,273,5.56
8,274,3.33
8,275,2.27
8,276,2.08
8,277,2.78
8,278,4.55
8,279,3.13
8,280,2.08
8,281,2.78
8,282,2.78
8,283,3.13
8,284,2.27
8,285,8.33
8,286,2.27
8,287,5.56
8,288,2.38
8,289,6.25
8,290,2.78
8,291,2
8,292,3.33
8,293,2.63
8,294,10
8,295,2.63
8,296,2.5
8,297,2.17
8,298,10
8,299,10
8,300,3.85
8,301,3.13
8,302,3.85
8,303,2.17
8,304,4.17
8,305,2.94
8,306,4.17
8,307,3.13
8,308,5.56
8,309,5
8,310,2.27
8,311,8.33
8,312,2.5
8,313,2.38
8,314,5.56
8,315,2.63
8,316,7.14
8,317,2.17
8,318,2.94
8,319,4.55
8,320,2.38
8,321,4.17
8,322,6.25
8,323,5.56
8,324,8.33
8,325,5
8,326,10
8,327,3.85
8,328,8.33
8,329,2.63
8,330,10
8,331,2.94
8,332,5
8,333,2.94
8,334,2.94
8,335,5
8,336,2.08
8,337,8.33
8,338,3.57
8,339,7.14
8,340,2.94
8,341,2.5
8,342,2.78
8,343,2.78
8,344,2.94
8,345,6.25
8,346,8.33
8,347,2.63
8,348,2.78
8,349,3.13
8,350,2.94
8,351,2.94
8,352,7.14
8,353,5.56
8,354,2
8,355,4.55
8,356,5.56
8,357,2.38
8,358,8.33
8,359,2.38
8,360,2.38
8,361,5
8,362,2.78
8,363,2.78
8,364,2.5
8,365,7.14
8,366,4.17
8,367,7.14
8,368,2.17
8,369,2.27
8,370,2.38
8,371,2.17
8,372,6.25
8,373,2.17
8,374,5.56
8,375,2.27
8,376,5
8,377,2.27
8,378,8.33
8,379,5
8,380,4.17
8,381,3.57
8,382,8.33
8,383,8.33
8,384,3.85
8,385,2.78
8,386,4.55
8,387,2.08
8,388,4.55
8,389,3.13
8,390,2.08
8,391,2.17
8,392,7.14
8,393,2.27
8,394,2.08
8,395,5
8,396,2.63
8,397,5.56
8,398,3.85
8,399,8.33
8,400,4.17
8,401,3.13
8,402,2.5
8,403,8.33
8,404,5
8,405,3.13
8,406,2
8,407,6.25
8,408,2.78
8,409,2.08
8,410,10
8,411,2.38
8,412,3.85
8,413,2.63
8,414,4.17
8,415,4.55
8,416,2.27
8,417,2.63
8,418,3.13
8,419,8.33
8,420,6.25
8,421,3.13
8,422,5.56
8,423,3.33
8,424,2
8,425,3.33
8,426,6.25
8,427,2.94
8,428,8.33
8,429,10
8,430,5
8,431,7.14
8,432,10
8,433,2.38
8,434,4.17
8,435,4.17
8,436,7.14
8,437,5
8,438,6.25
8,439,2
8,440,5
8,441,3.85
8,442,5
8,443,2.5
8,444,5
8,445,4.17
8,446,2.38
8,447,3.33
8,448,10
8,449,3.85
8,450,2
8,451,3.57
8,452,2.5
8,453,4.17
8,454,2
8,455,7.14
8,456,4.55
8,457,2
8,458,5.56
8,459,6.25
8,460,2.38
8,461,2.63
8,462,3.13
8,463,8.33
8,464,10
8,465,5
8,466,2.27
8,467,2.17
8,468,10
8,469,5
8,470,2
8,471,5.56
8,472,5
8,473,3.57
8,474,5
8,475,3.13
8,476,2.63
8,477,3.33
8,478,2
8,479,2
8,480,7.14
8,481,3.85
8,482,10
8,483,4.17
8,484,10
8,485,3.57
8,486,3.13
8,487,5.56
8,488,3.13
8,489,2.63
8,490,2.38
8,491,2.27
8,492,3.85
8,493,3.13
8,494,4.17
8,495,2.78
8,496,2.5
8,497,2.08
8,498,2.78
8,499,5.56
8,500,2.63
9,1,3.85
9,2,7.14
9,3,3.85
9,4,3.85
9,5,7.14
9,6,2.5
9,7,2
9,8,2.27
9,9,8.33
9,10,4.55
9,11,10
9,12,2.63
9,13,2.63
9,14,2
9,15,2.94
9,16,2.27
9,17,4.17
9,18,5
9,19,7.14
9,20,2.08
9,21,10
9,22,4.55
9,23,3.13
9,24,3.33
9,25,6.25
9,26,2.94
9,27,2.78
9,28,2.08
9,29,2.5
9,30,6.25
9,31,5
9,32,2.38
9,33,2.5
9,34,8.33
9,35,2.78
9,36,2.78
9,37,5
9,38,6.25
9,39,7.14
9,40,2.78
9,41,3.13
9,42,5.56
9,43,2.38
9,44,2.78
9,45,2.5
9,46,7.14
9,47,4.55
9,48,2.94
9,49,5.56
9,50,2.5
9,51,2.63
9,52,5
9,53,8.33
9,54,2
9,55,2.17
9,56,8.33
9,57,2.78
9,58,3.57
9,59,2.78
9,60,4.17
9,61,5.56
9,62,4.17
9,63,2.17
9,64,7.14
9,65,2.38
9,66,7.14
9,67,4.55
9,68,2
9,69,8.33
9,70,7.14
9,71,2.63
9,72,10
9,73,2.27
9,74,2.38
9,75,4.17
9,76,3.85
9,77,3.13
9,78,2.78
9,79,8.33
9,80,4.55
9,81,7.14
9,82,7.14
9,83,4.55
9,84,4.55
9,85,2.08
9,86,2.94
9,87,2.78
9,88,2
9,89,3.85
9,90,5.56
9,91,2.5
9,92,3.57
9,93,2.17
9,94,6.25
9,95,7.14
9,96,2.5
9,97,4.17
9,98,5.56
9,99,2.38
9,100,4.17
9,101,3.57
9,102,3.33
9,103,2.63
9,104,2.38
9,105,2.17
9,106,2.94
9,107,3.85
9,108,5.56
9,109,2.5
9,110,2.5
9,111,5.56
9,112,2
9,113,2.38
9,114,2.78
9,115,7.14
9,116,3.13
9,117,7.14
9,118,4.17
9,119,3.57
9,120,2.63
9,121,4.55
9,122,2.17
9,123,2.17
9,124,7.14
9,125,4.55
9,126,3.57
9,127,8.33
9,128,2.38
9,129,3.13
9,130,2.08
9,131,10
9,132,6.25
9,133,8.33
9,134,2.08
9,135,10
9,136,2.78
9,137,4.55
9,138,3.33
9,139,8.33
9,140,10
9,141,2.38
9,142,2.08
9,143,3.57
9,144,3.85
9,145,2.5
9,146,3.13
9,147,4.17
9,148,2.63
9,149,2.17
9,150,2.17
9,151,3.85
9,152,2.78
9,153,2.38
9,154,2.17
9,155,2.5
9,156,3.85
9,157,10
9,158,2.27
9,159,2.17
9,160,3.33
9,161,2.17
9,162,3.85
9,163,2.78
9,164,5.56
9,165,2.27
9,166,2.94
9,167,7.14
9,168,2.94
9,169,10
9,170,4.17
9,171,5
9,172,2.38
9,173,5.56
9,174,3.85
9,175,4.17
9,176,4.55
9,177,2.78
9,178,2.78
9,179,2
9,180,4.17
9,181,10
9,182,3.85
9,183,7.14
9,184,2
9,185,3.57
9,186,2.78
9,187,5
9,188,2.08
9,189,3.13
9,190,3.33
9,191,2.94
9,192,4.55
9,193,8.33
9,194,7.14
9,195,10
9,196,2.78
9,197,2.5
9,198,2.27
9,199,2.27
9,200,2.08
9,201,3.57
9,202,6.25
9,203,2.17
9,204,3.85
9,205,4.55
9,206,3.85
9,207,2.94
9,208,5
9,209,2.5
9,210,2.94
9,211,5.56
9,212,10
9,213,2
9,214,4.17
9,215,5
9,216,2.5
9,217,4.17
9,218,4.17
9,219,2.08
9,220,2.27
9,221,5.56
9,222,10
9,223,8.33
9,224,2.38
9,225,8.33
9,226,2.38
9,227,2.27
9,228,2.27
9,229,5
9,230,10
9,231,4.17
9,232,2.5
9,233,2.08
9,234,2.78
9,235,7.14
9,236,5.56
9,237,3.33
9,238,4.17
9,239,2
9,240,2.5
9,241,2.94
9,242,2
9,243,4.55
9,244,4.55
9,245,5
9,246,3.13
9,247,3.57
9,248,3.85
9,249,2.27
9,250,2.17
9,251,6.25
9,252,3.57
9,253,2.78
9,254,2.08
9,255,2.94
9,256,6.25
9,257,4.55
9,258,6.25
9,259,2
9,260,7.14
9,261,3.85
9,262,8.33
9,263,5
9,264,2.78
9,265,8.33
9,266,2.38
9,267,2.63
9,268,2.08
9,269,2.63
9,270,2.94
9,271,8.33
9,272,2.08
9,273,2.5
9,274,2.38
9,275,3.33
9,276,2.08
9,277,2.5
9,278,3.13
9,279,7.14
9,280,3.33
9,281,3.33
9,282,5.56
9,283,7.14
9,284,2
9,285,5.56
9,286,2.17
9,287,3.13
9,288,2.5
9,289,4.55
9,290,2.94
9,291,3.13
9,292,2.38
9,293,2.5
9,294,10
9,295,3.13
9,296,2.5
9,297,2.17
9,298,2
9,299,2.5
9,300,5
9,301,3.13
9,302,7.14
9,303,2.5
9,304,6.25
9,305,2.78
9,306,5
9,307,3.13
9,308,5
9,309,8.33
9,310,5
9,311,3.33
9,312,4.55
9,313,2.63
9,314,2.17
9,315,2.17
9,316,10
9,317,5.56
9,318,6.25
9,319,3.85
9,320,2.94
9,321,2.94
9,322,7.14
9,323,2.94
9,324,2
9,325,5
9,326,2.78
9,327,2.08
9,328,2.08
9,329,2
9,330,2.78
9,331,3.33
9,332,3.57
9,333,2.94
9,334,2.08
9,335,2.5
9,336,5
9,337,2.27
9,338,2.94
9,339,3.57
9,340,4.17
9,341,4.17
9,342,3.33
9,343,3.33
9,344,3.33
9,345,6.25
9,346,3.57
9,347,2.38
9,348,5
9,349,2.63
9,350,3.33
9,351,10
9,352,3.85
9,353,2.78
9,354,6.25
9,355,4.17
9,356,4.17
9,357,6.25
9,358,2.27
9,359,2.38
9,360,3.13
9,361,3.33
9,362,5
9,363,2.17
9,364,2.17
9,365,5
9,366,3.85
9,367,2.38
9,368,4.55
9,369,5
9,370,2.63
9,371,2.17
9,372,3.13
9,373,10
9,374,2.08
9,375,3.57
9,376,2.63
9,377,2.94
9,378,2
9,379,7.14
9,380,2.78
9,381,7.14
9,382,4.17
9,383,5
9,384,2.5
9,385,2
9,386,3.57
9,387,7.14
9,388,2
9,389,2.63
9,390,3.13
9,391,2.78
9,392,6.25
9,393,2.78
9,394,3.85
9,395,7.14
9,396,8.33
9,397,2
9,398,3.85
9,399,3.33
9,400,3.85
9,401,8.33
9,402,3.13
9,403,2.17
9,404,8.33
9,405,2
9,406,6.25
9,407,7.14
9,408,5
9,409,3.57
9,410,8.33
9,411,2.08
9,412,2.5
9,413,5
9,414,3.13
9,415,3.85
9,416,4.17
9,417,2.17
9,418,3.57
9,419,6.25
9,420,2.94
9,421,3.57
9,422,7.14
9,423,2.63
9,424,2.08
9,425,7.14
9,426,2.78
9,427,8.33
9,428,3.13
9,429,2.08
9,430,2.63
9,431,10
9,432,2.63
9,433,10
9,434,3.33
9,435,2.94
9,436,4.55
9,437,7.14
9,438,2.17
9,439,4.55
9,440,2.38
9,441,2.27
9,442,2
9,443,2.08
9,444,4.55
9,445,3.57
9,446,3.57
9,447,4.55
9,448,2.38
9,449,3.85
9,450,3.13
9,451,8.33
9,452,3.57
9,453,2.63
9,454,2.38
9,455,4.55
9,456,6.25
9,457,2.27
9,458,2
9,459,3.13
9,460,3.57
9,461,2.27
9,462,2.78
9,463,8.33
9,464,2.63
9,465,2.08
9,466,2.08
9,467,2.94
9,468,2
9,469,10
9,470,2.63
9,471,2.17
9,472,2
9,473,4.17
9,474,7.14
9,475,2.17
9,476,7.14
9,477,4.17
9,478,2.27
9,479,5.56
9,480,5
9,481,6.25
9,482,2
9,483,2.94
9,484,3.33
9,485,2.17
9,486,4.17
9,487,10
9,488,6.25
9,489,4.17
9,490,2.63
9,491,5
9,492,2.5
9,493,3.57
9,494,2.17
9,495,6.25
9,496,2.38
9,497,10
9,498,2.63
9,499,2.17
9,500,5
10,1,3.85
10,2,2
10,3,8.33
10,4,2.78
10,5,4.17
10,6,2.17
10,7,5
10,8,2.38
10,9,10
10,10,2.17
10,11,2.63
10,12,2.08
10,13,5.56
10,14,7.14
10,15,2.38
10,16,10
10,17,2.78
10,18,4.17
10,19,10
10,20,6.25
10,21,3.13
10,22,2.94
10,23,3.13
10,24,8.33
10,25,8.33
10,26,8.33
10,27,3.85
10,28,2.17
10,29,6.25
10,30,6.25
10,31,2.17
10,32,3.33
10,33,2.08
10,34,2.78
10,35,3.13
10,36,2.63
10,37,2.94
10,38,5.56
10,39,4.17
10,40,2
10,41,3.57
10,42,2.38
10,43,5
10,44,2.38
10,45,2.38
10,46,2.94
10,47,2
10,48,8.33
10,49,3.33
10,50,2.27
10,51,5.56
10,52,6.25
10,53,2.27
10,54,2.08
10,55,2.5
10,56,2.38
10,57,2
10,58,7.14
10,59,4.55
10,60,3.33
10,61,2.27
10,62,3.85
10,63,5.56
10,64,8.33
10,65,6.25
10,66,8.33
10,67,2.17
10,68,4.17
10,69,2.5
10,70,3.13
10,71,2.94
10,72,2.08
10,73,2.5
10,74,3.57
10,75,4.17
10,76,3.33
10,77,3.57
10,78,2
10,79,3.57
10,80,2.27
10,81,5
10,82,2.63
10,83,2
10,84,2.17
10,85,2.5
10,86,2.78
10,87,5
10,88,7.14
10,89,4.55
10,90,2
10,91,2.38
10,92,2.17
10,93,2
10,94,3.13
10,95,2.38
10,96,6.25
10,97,8.33
10,98,3.33
10,99,2.17
10,100,2.17
10,101,2.78
10,102,3.13
10,103,2.27
10,104,2
10,105,8.33
10,106,2.94
10,107,2.08
10,108,7.14
10,109,8.33
10,110,2.5
10,111,2.5
10,112,3.13
10,113,10
10,114,2.27
10,115,10
10,116,2
10,117,10
10,118,2.63
10,119,3.57
10,120,7.14
10,121,4.55
10,122,2.5
10,123,4.55
10,124,5.56
10,125,2.5
10,126,4.55
10,127,2.17
10,128,2.78
10,129,3.33
10,130,2.94
10,131,10
10,132,4.17
10,133,5.56
10,134,3.33
10,135,2.17
10,136,5.56
10,137,8.33
10,138,4.17
10,139,10
10,140,2.94
10,141,3.85
10,142,3.57
10,143,3.57
10,144,2.08
10,145,3.13
10,146,5.56
10,147,6.25
10,148,2.27
10,149,4.55
10,150,2.5
10,151,2.27
10,152,5.56
10,153,2.63
10,154,2.27
10,155,2.94
10,156,3.33
10,157,3.57
10,158,8.33
10,159,2.63
10,160,10
10,161,2.78
10,162,3.13
10,163,2.78
10,164,3.13
10,165,7.14
10,166,2.94
10,167,2.63
10,168,2.08
10,169,8.33
10,170,6.25
10,171,3.57
10,172,2
10,173,3.13
10,174,2
10,175,4.55
10,176,5
10,177,2.63
10,178,2
10,179,2.5
10,180,10
10,181,2
10,182,4.17
10,183,2.38
10,184,3.13
10,185,2.94
10,186,2.38
10,187,3.33
10,188,4.55
10,189,5
10,190,2.94
10,191,2
10,192,2.38
10,193,2.94
10,194,10
10,195,2.27
10,196,5
10,197,3.33
10,198,3.57
10,199,2.63
10,200,2.17
10,201,5
10,202,2
10,203,3.57
10,204,5
10,205,4.17
10,206,2.27
10,207,2.08
10,208,2.5
10,209,5
10,210,7.14
10,211,8.33
10,212,6.25
10,213,2
10,214,2.17
10,215,2.94
10,216,6.25
10,217,2.5
10,218,6.25
10,219,2.78
10,220,5
10,221,2.38
10,222,6.25
10,223,6.25
10,224,2.63
10,225,2.38
10,226,2.08
10,227,2.94
10,228,2.78
10,229,2.17
10,230,10
10,231,5
10,232,2.63
10,233,2.38
10,234,7.14
10,235,4.55
10,236,3.13
10,237,2.17
10,238,8.33
10,239,2.17
10,240,7.14
10,241,6.25
10,242,4.17
10,243,2.5
10,244,2.08
10,245,3.57
10,246,2.78
10,247,7.14
10,248,2.27
10,249,3.33
10,250,6.25
10,251,4.55
10,252,8.33
10,253,6.25
10,254,8.33
10,255,2.5
10,256,2
10,257,3.85
10,258,2.27
10,259,2.27
10,260,3.85
10,261,2.78
10,262,4.55
10,263,2.08
10,264,2
10,265,3.33
10,266,3.33
10,267,6.25
10,268,2.17
10,269,5
10,270,2
10,271,5
10,272,5
10,273,3.33
10,274,2
10,275,3.33
10,276,2.38
10,277,3.33
10,278,2.38
10,279,6.25
10,280,4.17
10,281,2.17
10,282,3.85
10,283,2.5
10,284,5.56
10,285,7.14
10,286,3.57
10,287,2.27
10,288,2.27
10,289,5
10,290,8.33
10,291,3.85
10,292,4.55
10,293,2.94
10,294,8.33
10,295,2
10,296,2.38
10,297,7.14
10,298,5.56
10,299,3.13
10,300,2.17
10,301,2.5
10,302,3.85
10,303,3.57
10,304,2.78
10,305,5
10,306,5.56
10,307,3.85
10,308,3.33
10,309,2
10,310,2.78
10,311,5.56
10,312,5.56
10,313,4.17
10,314,3.13
10,315,7.14
10,316,2.38
10,317,2.38
10,318,10
10,319,4.55
10,320,6.25
10,321,2.63
10,322,3.57
10,323,2.78
10,324,2.27
10,325,2.08
10,326,4.17
10,327,2.38
10,328,2.78
10,329,5
10,330,5
10,331,2.08
10,332,2.27
10,333,5
10,334,3.33
10,335,2.5
10,336,7.14
10,337,2.08
10,338,2.17
10,339,2.17
10,340,2.5
10,341,5.56
10,342,4.17
10,343,2
10,344,3.13
10,345,2.78
10,346,2.08
10,347,2.94
10,348,5
10,349,3.13
10,350,2
10,351,8.33
10,352,3.33
10,353,2.63
10,354,2.38
10,355,3.13
10,356,3.33
10,357,5
10,358,3.85
10,359,3.13
10,360,2.63
10,361,5.56
10,362,2.63
10,363,3.57
10,364,2
10,365,5
10,366,2.63
10,367,3.33
10,368,2.27
10,369,8.33
10,370,3.13
10,371,8.33
10,372,2.94
10,373,10
10,374,5
10,375,3.33
10,376,3.13
10,377,2.94
10,378,5.56
10,379,8.33
10,380,5
10,381,3.33
10,382,3.13
10,383,4.55
10,384,7.14
10,385,4.55
10,386,4.55
10,387,2
10,388,10
10,389,10
10,390,2.94
10,391,2.17
10,392,5
10,393,2.17
10,394,5
10,395,3.13
10,396,2.94
10,397,5.56
10,398,2.08
10,399,4.55
10,400,6.25
10,401,2.94
10,402,2.27
10,403,5.56
10,404,5.56
10,405,5
10,406,7.14
10,407,6.25
10,408,3.13
10,409,4.17
10,410,4.17
10,411,2.78
10,412,3.57
10,413,2.27
10,414,2
10,415,2.5
10,416,2.63
10,417,2.78
10,418,2.38
10,419,3.85
10,420,5
10,421,3.85
10,422,2.38
10,423,2.5
10,424,2.5
10,425,2.5
10,426,3.57
10,427,2.63
10,428,2.78
10,429,3.33
10,430,2.38
10,431,4.17
10,432,2.63
10,433,6.25
10,434,3.85
10,435,2.63
10,436,3.85
10,437,2.27
10,438,3.33
10,439,3.57
10,440,3.13
10,441,4.55
10,442,2.5
10,443,10
10,444,2.17
10,445,3.13
10,446,2
10,447,4.17
10,448,5.56
10,449,2
10,450,4.17
10,451,3.57
10,452,2.08
10,453,5
10,454,2.63
10,455,4.17
10,456,3.57
10,457,2.63
10,458,10
10,459,2.27
10,460,2.38
10,461,2.17
10,462,2.78
10,463,5.56
10,464,4.17
10,465,2.63
10,466,2
10,467,4.55
10,468,10
10,469,3.33
10,470,5.56
10,471,3.85
10,472,8.33
10,473,4.17
10,474,7.14
10,475,2.27
10,476,2.78
10,477,2.5
10,478,2
10,479,2.17
10,480,8.33
10,481,7.14
10,482,10
10,483,2.94
10,484,5.56
10,485,2.5
10,486,7.14
10,487,7.14
10,488,3.57
10,489,5.56
10,490,2.17
10,491,2.17
10,492,4.55
10,493,2.27
10,494,2.94
10,495,2.27
10,496,7.14
10,497,6.25
10,498,2.63
10,499,3.33
10,500,4.17
11,1,2.5
11,2,2
11,3,5.56
11,4,2.94
11,5,6.25
11,6,2
11,7,4.17
11,8,2.5
11,9,5.56
11,10,5.56
11,11,3.85
11,12,2.94
11,13,2.27
11,14,10
11,15,2.38
11,16,2.63
11,17,5.56
11,18,4.17
11,19,2.38
11,20,2.17
11,21,5
11,22,2.27
11,23,7.14
11,24,2
11,25,3.13
11,26,6.25
11,27,5
11,28,3.85
11,29,2.27
11,30,10
11,31,2.94
11,32,10
11,33,3.57
11,34,2.17
11,35,7.14
11,36,4.17
11,37,4.55
11,38,6.25
11,39,7.14
11,40,3.85
11,41,2.63
11,42,2.38
11,43,5.56
11,44,4.55
11,45,2
11,46,5
11,47,2.94
11,48,3.57
11,49,2
11,50,4.17
11,51,4.55
11,52,2.5
11,53,2.78
11,54,2.94
11,55,3.33
11,56,7.14
11,57,3.85
11,58,8.33
11,59,3.33
11,60,2.08
11,61,2.08
11,62,2.17
11,63,4.55
11,64,6.25
11,65,2.78
11,66,2.17
11,67,3.57
11,68,4.55
11,69,2.17
11,70,3.33
11,71,2.94
11,72,2.78
11,73,3.33
11,74,2.78
11,75,3.57
11,76,8.33
11,77,4.17
11,78,2.5
11,79,3.33
11,80,7.14
11,81,7.14
11,82,2.27
11,83,3.33
11,84,2
11,85,3.33
11,86,2.78
11,87,7.14
11,88,4.17
11,89,5
11,90,2.94
11,91,3.13
11,92,3.85
11,93,3.13
11,94,6.25
11,95,5
11,96,5
11,97,3.13
11,98,6.25
11,99,3.85
11,100,2.94
11,101,6.25
11,102,6.25
11,103,2.63
11,104,2.38
11,105,2.17
11,106,7.14
11,107,7.14
11,108,2.27
11,109,3.13
11,110,3.85
11,111,5
11,112,8.33
11,113,5.56
11,114,3.57
11,115,2.63
11,116,3.13
11,117,3.33
11,118,2.5
11,119,2.5
11,120,3.57
11,121,8.33
11,122,10
11,123,2.63
11,124,6.25
11,125,2.08
11,126,5
11,127,3.33
11,128,2.63
11,129,3.13
11,130,2.94
11,131,2.17
11,132,2.38
11,133,2.63
11,134,6.25
11,135,3.33
11,136,8.33
11,137,3.13
11,138,2.38
11,139,4.17
11,140,2.78
11,141,10
11,142,2
11,143,3.33
11,144,3.33
11,145,7.14
11,146,2.38
11,147,2.94
11,148,5.56
11,149,3.33
11,150,5
11,151,2.63
11,152,7.14
11,153,5
11,154,2.78
11,155,3.85
11,156,3.13
11,157,3.33
11,158,2.27
11,159,2.08
11,160,3.33
11,161,2.94
11,162,2.78
11,163,7.14
11,164,3.13
11,165,3.33
11,166,2.08
11,167,4.17
11,168,5
11,169,2.17
11,170,2.63
11,171,4.55
11,172,6.25
11,173,2.94
11,174,6.25
11,175,2.94
11,176,2.27
11,177,3.85
11,178,10
11,179,5.56
11,180,2
11,181,5.56
11,182,6.25
11,183,2.17
11,184,2.63
11,185,2.63
11,186,2.27
11,187,10
11,188,3.13
11,189,4.17
11,190,2.08
11,191,3.57
11,192,3.13
11,193,2.78
11,194,4.17
11,195,2
11,196,2.63
11,197,3.57
11,198,3.85
11,199,3.13
11,200,3.33
11,201,2.63
11,202,5.56
11,203,4.17
11,204,6.25
11,205,4.55
11,206,2.78
11,207,2.08
11,208,7.14
11,209,4.17
11,210,2.63
11,211,2
11,212,7.14
11,213,4.55
11,214,5
11,215,2.27
11,216,2.5
11,217,5
11,218,5
11,219,3.33
11,220,8.33
11,221,2.78
11,222,7.14
11,223,3.33
11,224,2.08
11,225,2
11,226,3.85
11,227,3.33
11,228,2.27
11,229,3.57
11,230,5
11,231,3.33
11,232,5.56
11,233,8.33
11,234,2.27
11,235,3.13
11,236,10
11,237,4.17
11,238,2
11,239,2.63
11,240,2
11,241,2.08
11,242,2
11,243,3.57
11,244,2.78
11,245,2.27
11,246,7.14
11,247,2.94
11,248,2.17
11,249,2.27
11,250,2
11,251,3.33
11,252,5
11,253,2
11,254,4.55
11,255,2.78
11,256,8.33
11,257,5
11,258,4.17
11,259,4.55
11,260,2.5
11,261,2.38
11,262,5
11,263,2.63
11,264,2
11,265,7.14
11,266,7.14
11,267,7.14
11,268,7.14
11,269,2.27
11,270,3.13
11,271,3.13
11,272,2.63
11,273,8.33
11,274,8.33
11,275,3.33
11,276,2.94
11,277,2.27
11,278,4.17
11,279,4.17
11,280,2.17
11,281,2.94
11,282,2.27
11,283,3.85
11,284,8.33
11,285,5
11,286,7.14
11,287,2.5
11,288,6.25
11,289,7.14
11,290,2.5
11,291,3.33
11,292,4.17
11,293,2.5
11,294,3.85
11,295,4.55
11,296,2.94
11,297,5
11,298,8.33
11,299,2
11,300,5.56
11,301,6.25
11,302,5
11,303,2.63
11,304,8.33
11,305,7.14
11,306,2.63
11,307,2.17
11,308,10
11,309,4.55
11,310,10
11,311,10
11,312,3.13
11,313,2.78
11,314,3.57
11,315,5.56
11,316,2.78
11,317,2.63
11,318,2.38
11,319,2.78
11,320,3.57
11,321,7.14
11,322,3.33
11,323,4.55
11,324,2.17
11,325,3.13
11,326,2.38
11,327,2.5
11,328,5.56
11,329,2.94
11,330,2.63
11,331,2
11,332,5
11,333,7.14
11,334,3.57
11,335,2.08
11,336,3.57
11,337,7.14
11,338,2.08
11,339,3.57
11,340,4.55
11,341,2.5
11,342,2.78
11,343,2.27
11,344,5.56
11,345,2.08
11,346,3.85
11,347,4.17
11,348,4.55
11,349,8.33
11,350,2.17
11,351,6.25
11,352,8.33
11,353,6.25
11,354,3.33
11,355,2
11,356,4.17
11,357,3.85
11,358,6.25
11,359,10
11,360,10
11,361,7.14
11,362,5.56
11,363,7.14
11,364,4.17
11,365,4.17
11,366,3.13
11,367,4.17
11,368,2.17
11,369,3.85
11,370,2.94
11,371,5.56
11,372,4.55
11,373,2
11,374,2.08
11,375,2.27
11,376,3.33
11,377,2.5
11,378,2.27
11,379,2.17
11,380,4.17
11,381,4.17
11,382,3.57
11,383,2.78
11,384,3.33
11,385,5
11,386,4.17
11,387,2.5
11,388,2.27
11,389,6.25
11,390,2.08
11,391,2.17
11,392,2.78
11,393,2.27
11,394,2.08
11,395,4.17
11,396,2.5
11,397,2.63
11,398,2.78
11,399,4.17
11,400,4.17
11,401,2
11,402,2.38
11,403,2.08
11,404,2.5
11,405,5
11,406,3.33
11,407,2
11,408,3.85
11,409,5
11,410,3.57
11,411,2.5
11,412,4.55
11,413,10
11,414,2.63
11,415,7.14
11,416,7.14
11,417,3.57
11,418,2.17
11,419,2.94
11,420,2.63
11,421,2.08
11,422,2.38
11,423,5
11,424,3.33
11,425,6.25
11,426,2.38
11,427,2
11,428,7.14
11,429,5.56
11,430,2.94
11,431,5.56
11,432,7.14
11,433,10
11,434,4.17
11,435,2.27
11,436,2.5
11,437,4.17
11,438,10
11,439,2
11,440,6.25
11,441,5
11,442,2.78
11,443,2.38
11,444,8.33
11,445,2.27
11,446,2.5
11,447,6.25
11,448,2.63
11,449,2.08
11,450,2
11,451,5.56
11,452,3.85
11,453,2
11,454,3.57
11,455,2.5
11,456,2
11,457,3.57
11,458,3.85
11,459,2.38
11,460,2.5
11,461,2.38
11,462,3.85
11,463,2
11,464,8.33
11,465,3.33
11,466,6.25
11,467,2
11,468,3.13
11,469,2.08
11,470,8.33
11,471,4.55
11,472,7.14
11,473,2.63
11,474,3.57
11,475,2.5
11,476,3.13
11,477,2.38
11,478,4.17
11,479,2
11,480,3.57
11,481,2.63
11,482,4.17
11,483,2.78
11,484,2.94
11,485,3.57
11,486,2.78
11,487,2.38
11,488,3.85
11,489,2.08
11,490,10
11,491,5
11,492,3.57
11,493,2.78
11,494,3.33
11,495,4.55
11,496,10
11,497,3.57
11,498,2.17
11,499,2
11,500,2.5
12,1,7.14
12,2,2.5
12,3,5
12,4,2.08
12,5,2.94
12,6,7.14
12,7,8.33
12,8,10
12,9,2.17
12,10,2.5
12,11,2
12,12,10
12,13,7.14
12,14,2.08
12,15,2.38
12,16,2.94
12,17,8.33
12,18,8.33
12,19,2.27
12,20,5.56
12,21,10
12,22,5
12,23,8.33
12,24,2.38
12,25,2.38
12,26,4.55
12,27,3.13
12,28,2.27
12,29,2.94
12,30,2.94
12,31,3.85
12,32,2.63
12,33,2
12,34,7.14
12,35,5.56
12,36,7.14
12,37,5.56
12,38,3.85
12,39,2.94
12,40,3.13
12,41,3.85
12,42,6.25
12,43,2.27
12,44,5.56
12,45,2.08
12,46,2
12,47,6.25
12,48,5
12,49,10
12,50,6.25
12,51,4.55
12,52,2.38
12,53,3.57
12,54,4.17
12,55,3.57
12,56,4.55
12,57,3.85
12,58,8.33
12,59,5
12,60,2
12,61,4.55
12,62,3.85
12,63,8.33
12,64,2.08
12,65,7.14
12,66,4.55
12,67,2.17
12,68,10
12,69,4.17
12,70,5
12,71,2.17
12,72,4.55
12,73,7.14
12,74,2.27
12,75,3.57
12,76,2.38
12,77,2.08
12,78,3.85
12,79,2
12,80,3.13
12,81,4.55
12,82,3.85
12,83,8.33
12,84,3.57
12,85,4.17
12,86,4.17
12,87,2.78
12,88,10
12,89,8.33
12,90,6.25
12,91,7.14
12,92,2.94
12,93,4.17
12,94,2.08
12,95,2.08
12,96,3.57
12,97,5
12,98,4.55
12,99,8.33
12,100,2.27
12,101,8.33
12,102,2.78
12,103,8.33
12,104,10
12,105,2.94
12,106,2.5
12,107,2.38
12,108,3.57
12,109,8.33
12,110,3.57
12,111,2.27
12,112,2.63
12,113,2.78
12,114,7.14
12,115,2.08
12,116,2
12,117,2.17
12,118,2.08
12,119,2.78
12,120,5.56
12,121,3.57
12,122,3.13
12,123,5
12,124,6.25
12,125,6.25
12,126,4.17
12,127,2.94
12,128,2.38
12,129,3.57
12,130,7.14
12,131,2.08
12,132,8.33
12,133,7.14
12,134,3.33
12,135,3.85
12,136,5
12,137,2.08
12,138,5
12,139,5.56
12,140,6.25
12,141,5
12,142,2.17
12,143,2.5
12,144,2.94
12,145,10
12,146,2.63
12,147,3.33
12,148,2.5
12,149,2.63
12,150,8.33
12,151,2.38
12,152,10
12,153,8.33
12,154,2.38
12,155,2
12,156,2.5
12,157,2.78
12,158,5
12,159,2.5
12,160,2.5
12,161,3.13
12,162,2
12,163,6.25
12,164,4.55
12,165,5.56
12,166,10
12,167,5.56
12,168,2
12,169,2.78
12,170,10
12,171,2.78
12,172,3.13
12,173,6.25
12,174,4.17
12,175,3.85
12,176,3.85
12,177,2.27
12,178,8.33
12,179,10
12,180,2.27
12,181,8.33
12,182,3.85
12,183,2.27
12,184,3.85
12,185,2.94
12,186,7.14
12,187,4.17
12,188,7.14
12,189,2
12,190,2.27
12,191,3.85
12,192,5
12,193,8.33
12,194,4.17
12,195,3.13
12,196,2.17
12,197,4.17
12,198,5
12,199,3.13
12,200,2.5
12,201,2
12,202,2.27
12,203,6.25
12,204,3.85
12,205,5
12,206,7.14
12,207,2.08
12,208,2
12,209,3.85
12,210,4.17
12,211,7.14
12,212,5
12,213,2.38
12,214,5
12,215,2.94
12,216,3.85
12,217,4.55
12,218,2.38
12,219,2
12,220,2
12,221,2.5
12,222,2.08
12,223,6.25
12,224,2.27
12,225,5.56
12,226,2.63
12,227,2.17
12,228,10
12,229,5.56
12,230,2.27
12,231,3.33
12,232,7.14
12,233,2.17
12,234,5.56
12,235,2.08
12,236,4.17
12,237,4.55
12,238,5
12,239,3.13
12,240,2.63
12,241,6.25
12,242,2.27
12,243,2.38
12,244,4.17
12,245,2.78
12,246,10
12,247,2.5
12,248,2.78
12,249,10
12,250,5.56
12,251,2.94
12,252,2.78
12,253,2.17
12,254,2
12,255,10
12,256,10
12,257,2.5
12,258,4.55
12,259,2.78
12,260,7.14
12,261,8.33
12,262,2.5
12,263,3.57
12,264,2.94
12,265,2.78
12,266,3.85
12,267,2.08
12,268,2.94
12,269,2.78
12,270,3.85
12,271,2
12,272,2.94
12,273,2.94
12,274,4.17
12,275,2
12,276,2.27
12,277,3.33
12,278,3.33
12,279,2.17
12,280,2.5
12,281,3.57
12,282,2.78
12,283,3.85
12,284,7.14
12,285,10
12,286,3.57
12,287,2.38
12,288,6.25
12,289,4.17
12,290,2.08
12,291,7.14
12,292,7.14
12,293,2
12,294,5.56
12,295,2.27
12,296,3.85
12,297,2.38
12,298,5
12,299,2.94
12,300,2.27
12,301,2.27
12,302,3.33
12,303,2.17
12,304,7.14
12,305,2.94
12,306,2.63
12,307,2.17
12,308,6.25
12,309,2.17
12,310,3.57
12,311,2.17
12,312,3.13
12,313,5
12,314,5
12,315,3.85
12,316,2.08
12,317,3.57
12,318,3.85
12,319,2.78
12,320,2.78
12,321,2.38
12,322,2.78
12,323,2.17
12,324,2.5
12,325,5.56
12,326,2.94
12,327,2.94
12,328,4.55
12,329,10
12,330,4.17
12,331,3.13
12,332,7.14
12,333,8.33
12,334,2
12,335,2.78
12,336,2.17
12,337,4.17
12,338,2.17
12,339,7.14
12,340,4.17
12,341,3.57
12,342,2.78
12,343,3.33
12,344,4.17
12,345,3.33
12,346,8.33
12,347,5.56
12,348,3.85
12,349,3.57
12,350,2.5
12,351,4.55
12,352,2.08
12,353,3.33
12,354,2
12,355,2.27
12,356,2.17
12,357,3.13
12,358,4.55
12,359,3.33
12,360,2.78
12,361,6.25
12,362,2.17
12,363,3.13
12,364,3.33
12,365,2
12,366,2.63
12,367,2.78
12,368,2
12,369,2.63
12,370,3.57
12,371,5
12,372,7.14
12,373,2.27
12,374,3.85
12,375,2.27
12,376,2.38
12,377,2.94
12,378,4.17
12,379,10
12,380,2.94
12,381,3.33
12,382,2.78
12,383,2.08
12,384,2.78
12,385,2.94
12,386,2.94
12,387,3.33
12,388,2.5
12,389,2.78
12,390,3.13
12,391,4.17
12,392,2
12,393,5
12,394,6.25
12,395,2.63
12,396,3.85
12,397,10
12,398,2
12,399,10
12,400,4.55
12,401,4.55
12,402,10
12,403,2.27
12,404,3.13
12,405,2.63
12,406,3.85
12,407,2.63
12,408,4.17
12,409,7.14
12,410,2.08
12,411,2.63
12,412,2.08
12,413,2.78
12,414,2
12,415,2.08
12,416,4.55
12,417,10
12,418,3.33
12,419,2.27
12,420,2.38
12,421,2.27
12,422,6.25
12,423,2.08
12,424,3.33
12,425,2.17
12,426,4.55
12,427,2.17
12,428,2.17
12,429,2.94
12,430,5
12,431,2.17
12,432,2
12,433,2.27
12,434,2.94
12,435,2.63
12,436,2.38
12,437,2.5
12,438,10
12,439,2
12,440,2.27
12,441,3.33
12,442,2.78
12,443,5.56
12,444,3.57
12,445,7.14
12,446,10
12,447,3.85
12,448,5.56
12,449,2
12,450,5.56
12,451,2.17
12,452,3.57
12,453,3.85
12,454,10
12,455,6.25
12,456,3.33
12,457,3.13
12,458,5
12,459,2.63
12,460,8.33
12,461,10
12,462,2.78
12,463,2.17
12,464,5
12,465,3.85
12,466,2.63
12,467,2.17
12,468,7.14
12,469,5
12,470,2.38
12,471,2.78
12,472,3.13
12,473,8.33
12,474,7.14
12,475,3.57
12,476,4.17
12,477,2.63
12,478,5
12,479,3.57
12,480,5.56
12,481,8.33
12,482,3.13
12,483,2.08
12,484,2.5
12,485,7.14
12,486,8.33
12,487,2.27
12,488,4.55
12,489,7.14
12,490,10
12,491,5
12,492,8.33
12,493,4.55
12,494,4.17
12,495,4.17
12,496,3.13
12,497,4.55
12,498,4.55
12,499,8.33
12,500,3.33
13,1,2.78
13,2,5.56
13,3,4.17
13,4,4.17
13,5,2.08
13,6,2.5
13,7,3.33
13,8,2.08
13,9,2.94
13,10,2.94
13,11,2
13,12,2.27
13,13,5
13,14,2.08
13,15,4.17
13,16,2.08
13,17,2.38
13,18,2.5
13,19,3.13
13,20,7.14
13,21,3.33
13,22,2.27
13,23,2.94
13,24,8.33
13,25,4.55
13,26,3.13
13,27,2.78
13,28,2.63
13,29,2.63
13,30,2
13,31,2.17
13,32,2.94
13,33,2.38
13,34,2.17
13,35,5.56
13,36,3.85
13,37,4.55
13,38,4.17
13,39,2.78
13,40,2.5
13,41,2.94
13,42,4.17
13,43,2.63
13,44,7.14
13,45,10
13,46,3.57
13,47,2.5
13,48,2.63
13,49,4.55
13,50,7.14
13,51,3.33
13,52,6.25
13,53,3.33
13,54,8.33
13,55,5.56
13,56,7.14
13,57,2.17
13,58,8.33
13,59,3.85
13,60,4.55
13,61,3.13
13,62,10
13,63,3.33
13,64,5.56
13,65,2.5
13,66,10
13,67,2
13,68,4.17
13,69,2.78
13,70,7.14
13,71,5.56
13,72,3.57
13,73,6.25
13,74,5.56
13,75,6.25
13,76,2.5
13,77,2.38
13,78,2.63
13,79,5
13,80,4.17
13,81,2.38
13,82,6.25
13,83,5.56
13,84,5
13,85,3.13
13,86,2.17
13,87,2.63
13,88,3.57
13,89,5.56
13,90,3.33
13,91,2.27
13,92,5.56
13,93,2.27
13,94,2
13,95,2.08
13,96,2.5
13,97,2.5
13,98,4.17
13,99,2.38
13,100,2.38
13,101,5
13,102,2.78
13,103,2.08
13,104,2.94
13,105,3.33
13,106,7.14
13,107,5
13,108,2.94
13,109,2
13,110,4.17
13,111,2.17
13,112,6.25
13,113,2.17
13,114,6.25
13,115,2.27
13,116,2.17
13,117,2.27
13,118,2.5
13,119,2.38
13,120,7.14
13,121,7.14
13,122,10
13,123,4.55
13,124,2.63
13,125,3.57
13,126,10
13,127,3.85
13,128,2.08
13,129,2.63
13,130,2.17
13,131,4.55
13,132,10
13,133,2.5
13,134,5.56
13,135,5
13,136,8.33
13,137,2.5
13,138,6.25
13,139,2.5
13,140,4.55
13,141,6.25
13,142,5.56
13,143,8.33
13,144,2.78
13,145,3.85
13,146,5.56
13,147,5.56
13,148,2
13,149,5
13,150,5
13,151,6.25
13,152,4.17
13,153,4.17
13,154,2.5
13,155,8.33
13,156,7.14
13,157,10
13,158,2.27
13,159,5.56
13,160,2.17
13,161,5
13,162,3.13
13,163,4.55
13,164,2.78
13,165,5
13,166,4.17
13,167,3.85
13,168,2.17
13,169,7.14
13,170,8.33
13,171,10
13,172,2.27
13,173,7.14
13,174,2.08
13,175,5
13,176,4.55
13,177,2.78
13,178,2.08
13,179,8.33
13,180,2.78
13,181,3.33
13,182,7.14
13,183,5.56
13,184,7.14
13,185,3.57
13,186,2.27
13,187,2.08
13,188,3.85
13,189,5
13,190,3.57
13,191,5.56
13,192,2.17
13,193,2
13,194,2.63
13,195,3.57
13,196,2
13,197,3.85
13,198,2.94
13,199,2.27
13,200,2.27
13,201,2
13,202,6.25
13,203,5
13,204,4.17
13,205,2.38
13,206,4.55
13,207,8.33
13,208,2.08
13,209,5.56
13,210,3.33
13,211,3.33
13,212,3.33
13,213,2.63
13,214,10
13,215,2
13,216,2.5
13,217,3.57
13,218,2.94
13,219,5.56
13,220,3.33
13,221,10
13,222,2
13,223,2.78
13,224,3.13
13,225,8.33
13,226,5.56
13,227,2.38
13,228,5.56
13,229,10
13,230,7.14
13,231,2.17
13,232,6.25
13,233,7.14
13,234,2.17
13,235,8.33
13,236,2.38
13,237,2.08
13,238,2.08
13,239,8.33
13,240,8.33
13,241,4.55
13,242,3.85
13,243,3.13
13,244,2.5
13,245,8.33
13,246,4.17
13,247,4.17
13,248,5.56
13,249,2.08
13,250,3.33
13,251,5.56
13,252,2.94
13,253,2.38
13,254,2
13,255,4.17
13,256,6.25
13,257,7.14
13,258,2.27
13,259,5.56
13,260,5
13,261,3.13
13,262,5.56
13,263,2.08
13,264,3.85
13,265,2.17
13,266,3.33
13,267,2.17
13,268,2.63
13,269,5
13,270,2.38
13,271,4.55
13,272,5.56
13,273,6.25
13,274,3.57
13,275,4.17
13,276,4.55
13,277,3.33
13,278,8.33
13,279,2.08
13,280,6.25
13,281,3.13
13,282,3.13
13,283,4.55
13,284,10
13,285,5.56
13,286,2.38
13,287,3.57
13,288,2.94
13,289,2.08
13,290,3.57
13,291,2.38
13,292,10
13,293,7.14
13,294,6.25
13,295,2.38
13,296,2.78
13,297,4.17
13,298,3.85
13,299,2.94
13,300,3.85
13,301,3.85
13,302,2.94
13,303,3.33
13,304,4.55
13,305,2.5
13,306,2.17
13,307,2.27
13,308,2.78
13,309,2
13,310,2.27
13,311,2.94
13,312,4.17
13,313,3.85
13,314,2.27
13,315,5
13,316,7.14
13,317,4.55
13,318,2.38
13,319,2.63
13,320,3.85
13,321,2.17
13,322,5
13,323,2.78
13,324,3.57
13,325,4.17
13,326,2.78
13,327,3.57
13,328,2.5
13,329,3.33
13,330,4.55
13,331,3.57
13,332,2.94
13,333,2.78
13,334,5
13,335,8.33
13,336,2.27
13,337,3.85
13,338,2.17
13,339,2.08
13,340,8.33
13,341,4.17
13,342,3.13
13,343,2
13,344,4.17
13,345,2.5
13,346,2.5
13,347,2.5
13,348,3.13
13,349,3.85
13,350,2.27
13,351,2.27
13,352,2.17
13,353,2.63
13,354,3.57
13,355,2
13,356,5
13,357,4.55
13,358,2.08
13,359,2.08
13,360,4.55
13,361,3.85
13,362,2.94
13,363,2.78
13,364,10
13,365,7.14
13,366,2.08
13,367,2.08
13,368,6.25
13,369,7.14
13,370,4.17
13,371,2.94
13,372,2.78
13,373,2.94
13,374,2.94
13,375,8.33
13,376,3.33
13,377,2.63
13,378,2.94
13,379,3.57
13,380,4.55
13,381,4.55
13,382,3.13
13,383,2.27
13,384,5.56
13,385,2.78
13,386,4.17
13,387,4.55
13,388,4.55
13,389,2.5
13,390,2.5
13,391,7.14
13,392,2.94
13,393,3.57
13,394,3.57
13,395,2.94
13,396,2.5
13,397,2.5
13,398,2.63
13,399,5.56
13,400,2.63
13,401,5.56
13,402,2.78
13,403,4.17
13,404,2.78
13,405,2.27
13,406,2.38
13,407,3.57
13,408,3.85
13,409,3.57
13,410,2.78
13,411,3.33
13,412,4.55
13,413,2.63
13,414,3.13
13,415,3.57
13,416,10
13,417,5
13,418,2.78
13,419,3.85
13,420,7.14
13,421,2
13,422,8.33
13,423,2.17
13,424,2.17
13,425,3.85
13,426,5
13,427,2.63
13,428,3.33
13,429,3.85
13,430,2.5
13,431,2.17
13,432,3.57
13,433,6.25
13,434,2.78
13,435,8.33
13,436,2
13,437,2.38
13,438,8.33
13,439,2.17
13,440,2.78
13,441,3.33
13,442,5
13,443,2.08
13,444,2.78
13,445,6.25
13,446,7.14
13,447,2.94
13,448,8.33
13,449,2.08
13,450,2.38
13,451,10
13,452,2.78
13,453,3.33
13,454,3.57
13,455,3.13
13,456,8.33
13,457,2.63
13,458,2.08
13,459,3.57
13,460,3.33
13,461,8.33
13,462,10
13,463,2.63
13,464,2.17
13,465,7.14
13,466,3.85
13,467,3.85
13,468,4.55
13,469,2.78
13,470,2.5
13,471,2.17
13,472,4.55
13,473,5
13,474,3.13
13,475,2.5
13,476,5.56
13,477,8.33
13,478,2.94
13,479,2.78
13,480,2.38
13,481,4.17
13,482,2
13,483,2.78
13,484,2.17
13,485,2.63
13,486,3.85
13,487,2.17
13,488,3.85
13,489,5.56
13,490,2.78
13,491,2.94
13,492,5
13,493,8.33
13,494,4.55
13,495,6.25
13,496,2.08
13,497,3.57
13,498,2.63
13,499,2
13,500,3.85
14,1,2.78
14,2,5
14,3,4.17
14,4,2.17
14,5,3.13
14,6,2.78
14,7,2.94
14,8,3.85
14,9,2.27
14,10,8.33
14,11,6.25
14,12,2.5
14,13,4.55
14,14,6.25
14,15,3.13
14,16,7.14
14,17,3.33
14,18,2.78
14,19,7.14
14,20,3.57
14,21,5
14,22,10
14,23,7.14
14,24,2.27
14,25,2.38
14,26,3.33
14,27,5.56
14,28,5
14,29,2
14,30,8.33
14,31,8.33
14,32,4.17
14,33,2.5
14,34,2.94
14,35,2.17
14,36,7.14
14,37,2.5
14,38,2.78
14,39,5
14,40,3.85
14,41,5
14,42,10
14,43,3.13
14,44,2.78
14,45,4.55
14,46,5
14,47,2.5
14,48,6.25
14,49,2.63
14,50,2.78
14,51,2.94
14,52,4.17
14,53,2.38
14,54,5
14,55,8.33
14,56,3.13
14,57,5.56
14,58,4.55
14,59,5
14,60,2.08
14,61,8.33
14,62,2.94
14,63,2.27
14,64,4.17
14,65,5
14,66,2.27
14,67,10
14,68,2.27
14,69,5
14,70,2
14,71,2.63
14,72,2
14,73,2.08
14,74,3.85
14,75,3.57
14,76,3.57
14,77,3.57
14,78,5.56
14,79,2
14,80,2.17
14,81,4.55
14,82,2.17
14,83,3.57
14,84,8.33
14,85,2.5
14,86,2.63
14,87,3.33
14,88,8.33
14,89,2.5
14,90,7.14
14,91,3.33
14,92,6.25
14,93,5.56
14,94,4.55
14,95,2.27
14,96,10
14,97,2.27
14,98,2.94
14,99,2.17
14,100,5
14,101,2.94
14,102,2.27
14,103,3.57
14,104,6.25
14,105,2
14,106,2.38
14,107,4.55
14,108,2.63
14,109,2.08
14,110,10
14,111,7.14
14,112,2.63
14,113,3.85
14,114,2.27
14,115,2.63
14,116,2.78
14,117,2.08
14,118,10
14,119,3.33
14,120,5
14,121,2.5
14,122,4.17
14,123,6.25
14,124,3.13
14,125,2
14,126,5.56
14,127,2.38
14,128,2.78
14,129,7.14
14,130,8.33
14,131,5.56
14,132,2.5
14,133,2.94
14,134,3.57
14,135,7.14
14,136,2.78
14,137,5.56
14,138,2.38
14,139,3.57
14,140,6.25
14,141,2.78
14,142,2.17
14,143,3.57
14,144,4.55
14,145,2.78
14,146,5.56
14,147,8.33
14,148,2
14,149,4.55
14,150,4.55
14,151,5
14,152,4.17
14,153,5
14,154,6.25
14,155,2.27
14,156,2.94
14,157,6.25
14,158,2.63
14,159,3.13
14,160,2
14,161,2.08
14,162,6.25
14,163,3.85
14,164,2.94
14,165,8.33
14,166,2.08
14,167,8.33
14,168,2
14,169,4.55
14,170,2.94
14,171,2.63
14,172,4.17
14,173,4.55
14,174,2.17
14,175,5
14,176,3.57
14,177,3.85
14,178,2.17
14,179,2.63
14,180,2.78
14,181,2.08
14,182,6.25
14,183,3.85
14,184,4.17
14,185,2
14,186,5
14,187,10
14,188,2.17
14,189,3.13
14,190,2.94
14,191,5.56
14,192,4.55
14,193,4.17
14,194,4.17
14,195,6.25
14,196,5.56
14,197,3.85
14,198,2.94
14,199,7.14
14,200,2.08
14,201,3.85
14,202,3.57
14,203,2.78
14,204,2.17
14,205,4.17
14,206,5.56
14,207,8.33
14,208,2.17
14,209,2.5
14,210,6.25
14,211,3.57
14,212,5.56
14,213,2.27
14,214,2.5
14,215,5
14,216,8.33
14,217,3.33
14,218,6.25
14,219,3.33
14,220,2
14,221,4.55
14,222,7.14
14,223,5.56
14,224,3.85
14,225,2.78
14,226,4.17
14,227,7.14
14,228,2.63
14,229,2.27
14,230,2.17
14,231,2.17
14,232,3.33
14,233,3.57
14,234,3.85
14,235,7.14
14,236,2.17
14,237,2
14,238,5
14,239,3.33
14,240,3.33
14,241,4.55
14,242,5.56
14,243,5.56
14,244,6.25
14,245,8.33
14,246,5.56
14,247,2.38
14,248,2.63
14,249,5.56
14,250,6.25
14,251,3.13
14,252,3.85
14,253,4.17
14,254,5
14,255,2.78
14,256,2.94
14,257,4.55
14,258,5.56
14,259,5
14,260,3.13
14,261,3.57
14,262,3.57
14,263,3.57
14,264,5
14,265,2.78
14,266,4.55
14,267,10
14,268,8.33
14,269,7.14
14,270,3.13
14,271,3.85
14,272,2.63
14,273,6.25
14,274,3.85
14,275,6.25
14,276,2.63
14,277,2.94
14,278,4.17
14,279,2.94
14,280,3.85
14,281,5
14,282,2.78
14,283,2.94
14,284,2.08
14,285,4.17
14,286,3.13
14,287,2
14,288,3.85
14,289,3.85
14,290,2.08
14,291,2.17
14,292,6.25
14,293,2.38
14,294,3.33
14,295,3.13
14,296,2.08
14,297,6.25
14,298,8.33
14,299,7.14
14,300,2.5
14,301,10
14,302,5
14,303,3.57
14,304,2.08
14,305,7.14
14,306,2.08
14,307,2.38
14,308,2.78
14,309,2.08
14,310,5.56
14,311,5.56
14,312,3.57
14,313,4.55
14,314,2.27
14,315,3.33
14,316,5
14,317,3.85
14,318,2.17
14,319,2.78
14,320,7.14
14,321,3.57
14,322,2.5
14,323,2.94
14,324,2.5
14,325,5.56
14,326,2.27
14,327,7.14
14,328,2.27
14,329,5
14,330,4.55
14,331,2.08
14,332,4.17
14,333,10
14,334,10
14,335,2.38
14,336,6.25
14,337,3.85
14,338,2
14,339,4.55
14,340,2.94
14,341,8.33
14,342,5
14,343,3.85
14,344,5.56
14,345,4.17
14,346,10
14,347,3.13
14,348,10
14,349,2.17
14,350,2.94
14,351,2.78
14,352,10
14,353,4.55
14,354,2.94
14,355,4.55
14,356,3.85
14,357,2.5
14,358,2.08
14,359,3.85
14,360,10
14,361,10
14,362,3.85
14,363,4.55
14,364,2.94
14,365,8.33
14,366,2.94
14,367,8.33
14,368,2.78
14,369,3.13
14,370,5
14,371,2.17
14,372,2
14,373,4.17
14,374,3.57
14,375,5.56
14,376,2.08
14,377,2
14,378,2.38
14,379,2
14,380,7.14
14,381,5.56
14,382,3.57
14,383,2.5
14,384,3.57
14,385,2.08
14,386,2.5
14,387,8.33
14,388,2.78
14,389,2.27
14,390,2.94
14,391,10
14,392,8.33
14,393,2.27
14,394,3.85
14,395,2.08
14,396,2
14,397,8.33
14,398,10
14,399,2.94
14,400,4.55
14,401,2.78
14,402,6.25
14,403,2.63
14,404,5
14,405,8.33
14,406,8.33
14,407,2.08
14,408,6.25
14,409,2.78
14,410,8.33
14,411,6.25
14,412,2.27
14,413,4.17
14,414,5.56
14,415,2.94
14,416,2.78
14,417,2.27
14,418,5
14,419,2.5
14,420,5.56
14,421,3.85
14,422,2.63
14,423,5
14,424,2.27
14,425,6.25
14,426,2.5
14,427,3.57
14,428,2.38
14,429,4.55
14,430,3.57
14,431,2.38
14,432,3.57
14,433,2.5
14,434,2.78
14,435,2.78
14,436,2.94
14,437,2.38
14,438,5.56
14,439,2.27
14,440,2.5
14,441,2.5
14,442,2
14,443,4.55
14,444,2.38
14,445,3.57
14,446,3.57
14,447,2
14,448,2.08
14,449,8.33
14,450,2.38
14,451,10
14,452,2.17
14,453,2.17
14,454,6.25
14,455,3.33
14,456,2.5
14,457,3.33
14,458,10
14,459,2.94
14,460,2.78
14,461,5
14,462,2.38
14,463,2.5
14,464,2.78
14,465,4.55
14,466,2.08
14,467,5
14,468,3.85
14,469,8.33
14,470,2.78
14,471,3.13
14,472,3.57
14,473,2.78
14,474,4.17
14,475,3.13
14,476,2.08
14,477,2.63
14,478,2.78
14,479,3.85
14,480,2.94
14,481,2.27
14,482,3.57
14,483,3.57
14,484,4.17
14,485,7.14
14,486,2.63
14,487,4.17
14,488,2.78
14,489,2.94
14,490,5
14,491,3.85
14,492,5.56
14,493,2
14,494,7.14
14,495,3.33
14,496,10
14,497,2.17
14,498,2.5
14,499,2.17
14,500,3.57
15,1,2.08
15,2,4.17
15,3,2.94
15,4,2.78
15,5,2.5
15,6,2
15,7,4.55
15,8,2.78
15,9,2
15,10,3.13
15,11,2.5
15,12,3.57
15,13,4.17
15,14,3.57
15,15,4.55
15,16,5
15,17,3.13
15,18,2.08
15,19,2.63
15,20,4.17
15,21,10
15,22,5
15,23,2.08
15,24,5
15,25,2.5
15,26,3.13
15,27,2.94
15,28,8.33
15,29,8.33
15,30,2.17
15,31,3.85
15,32,4.17
15,33,2.27
15,34,8.33
15,35,4.55
15,36,2.17
15,37,3.85
15,38,3.85
15,39,4.55
15,40,10
15,41,5.56
15,42,2
15,43,3.85
15,44,5.56
15,45,3.57
15,46,2.94
15,47,7.14
15,48,4.17
15,49,2.17
15,50,7.14
15,51,3.13
15,52,4.55
15,53,3.57
15,54,3.13
15,55,2.17
15,56,3.57
15,57,3.57
15,58,2.17
15,59,2
15,60,7.14
15,61,2.5
15,62,4.55
15,63,4.55
15,64,6.25
15,65,8.33
15,66,5
15,67,8.33
15,68,4.17
15,69,2.17
15,70,2.17
15,71,7.14
15,72,3.57
15,73,3.57
15,74,10
15,75,3.85
15,76,2.63
15,77,2.94
15,78,2.5
15,79,2.27
15,80,5.56
15,81,2.27
15,82,4.55
15,83,5
15,84,2.08
15,85,2.63
15,86,7.14
15,87,3.13
15,88,5
15,89,2.27
15,90,2.08
15,91,2.78
15,92,2.38
15,93,2.94
15,94,10
15,95,2.63
15,96,2.27
15,97,2.63
15,98,2.17
15,99,10
15,100,2
15,101,5
15,102,3.13
15,103,5.56
15,104,10
15,105,8.33
15,106,8.33
15,107,3.85
15,108,2.78
15,109,3.13
15,110,7.14
15,111,2.94
15,112,10
15,113,8.33
15,114,6.25
15,115,3.13
15,116,2
15,117,2.17
15,118,2.78
15,119,6.25
15,120,7.14
15,121,2.63
15,122,2.17
15,123,2.17
15,124,3.57
15,125,5
15,126,5.56
15,127,7.14
15,128,2.38
15,129,2.78
15,130,4.55
15,131,2.94
15,132,2.78
15,133,2
15,134,2.78
15,135,3.57
15,136,2.08
15,137,2.38
15,138,2.08
15,139,2.78
15,140,5
15,141,2.27
15,142,3.57
15,143,2.27
15,144,2.17
15,145,3.33
15,146,2.17
15,147,3.33
15,148,3.57
15,149,2.08
15,150,8.33
15,151,5.56
15,152,3.85
15,153,2.5
15,154,2.08
15,155,2.38
15,156,3.13
15,157,4.55
15,158,3.85
15,159,8.33
15,160,2.38
15,161,3.57
15,162,5.56
15,163,3.13
15,164,3.33
15,165,7.14
15,166,2.27
15,167,3.85
15,168,5
15,169,6.25
15,170,2
15,171,2.63
15,172,2.63
15,173,5.56
15,174,2.38
15,175,5
15,176,4.55
15,177,3.33
15,178,2
15,179,2.08
15,180,5
15,181,3.13
15,182,2.94
15,183,2.17
15,184,10
15,185,8.33
15,186,3.85
15,187,2.17
15,188,3.13
15,189,10
15,190,2.27
15,191,4.17
15,192,5.56
15,193,2.94
15,194,2.27
15,195,2.78
15,196,2.38
15,197,3.33
15,198,4.17
15,199,8.33
15,200,3.85
15,201,3.57
15,202,2.94
15,203,5.56
15,204,2.38
15,205,3.57
15,206,4.55
15,207,3.13
15,208,2.94
15,209,5
15,210,10
15,211,2.63
15,212,10
15,213,4.55
15,214,5.56
15,215,3.13
15,216,2.94
15,217,5.56
15,218,5
15,219,2.17
15,220,5
15,221,2.94
15,222,2.17
15,223,8.33
15,224,2.5
15,225,4.55
15,226,5.56
15,227,2.38
15,228,5.56
15,229,2.5
15,230,2.38
15,231,6.25
15,232,2.27
15,233,8.33
15,234,3.13
15,235,3.33
15,236,8.33
15,237,3.85
15,238,7.14
15,239,2.5
15,240,3.85
15,241,2.27
15,242,3.85
15,243,5
15,244,10
15,245,3.33
15,246,2.17
15,247,5
15,248,2
15,249,4.55
15,250,3.85
15,251,2.94
15,252,3.85
15,253,2.27
15,254,3.33
15,255,5
15,256,2.94
15,257,2
15,258,2.78
15,259,2.38
15,260,4.17
15,261,2.63
15,262,2.38
15,263,6.25
15,264,2
15,265,2.17
15,266,2.78
15,267,4.55
15,268,2.94
15,269,3.85
15,270,3.85
15,271,4.55
15,272,3.85
15,273,3.85
15,274,5
15,275,4.55
15,276,5
15,277,5.56
15,278,2.08
15,279,6.25
15,280,4.55
15,281,6.25
15,282,8.33
15,283,2.38
15,284,2
15,285,10
15,286,5
15,287,2.38
15,288,3.13
15,289,7.14
15,290,3.85
15,291,3.57
15,292,3.85
15,293,3.33
15,294,2.08
15,295,3.85
15,296,3.85
15,297,6.25
15,298,2.78
15,299,6.25
15,300,6.25
15,301,10
15,302,2.63
15,303,4.17
15,304,4.17
15,305,3.33
15,306,2.78
15,307,2.38
15,308,2.38
15,309,2.17
15,310,3.57
15,311,8.33
15,312,2.5
15,313,2.38
15,314,5.56
15,315,2.5
15,316,2.94
15,317,2.27
15,318,3.33
15,319,8.33
15,320,4.17
15,321,10
15,322,2.27
15,323,2.08
15,324,7.14
15,325,2.08
15,326,3.13
15,327,2.17
15,328,5.56
15,329,5
15,330,3.85
15,331,7.14
15,332,4.55
15,333,4.55
15,334,5
15,335,2
15,336,2.17
15,337,2.63
15,338,2.5
15,339,5
15,340,7.14
15,341,4.17
15,342,6.25
15,343,3.85
15,344,2.38
15,345,2.94
15,346,2.17
15,347,3.57
15,348,2.17
15,349,2.63
15,350,7.14
15,351,4.17
15,352,3.57
15,353,6.25
15,354,2.08
15,355,2.17
15,356,2
15,357,4.17
15,358,2.08
15,359,3.57
15,360,2.17
15,361,5.56
15,362,3.85
15,363,2.5
15,364,2.63
15,365,4.55
15,366,5
15,367,10
15,368,3.33
15,369,2.63
15,370,5
15,371,10
15,372,2
15,373,2
15,374,2.78
15,375,2.5
15,376,2.08
15,377,2.94
15,378,2.78
15,379,4.17
15,380,2.5
15,381,2.38
15,382,2.17
15,383,2.38
15,384,8.33
15,385,2
15,386,8.33
15,387,2.17
15,388,3.57
15,389,2.38
15,390,5
15,391,5
15,392,8.33
15,393,10
15,394,2.17
15,395,2.5
15,396,6.25
15,397,3.57
15,398,3.33
15,399,2.08
15,400,5
15,401,8.33
15,402,2.38
15,403,3.13
15,404,4.55
15,405,3.33
15,406,4.55
15,407,2.78
15,408,5.56
15,409,2.27
15,410,2.94
15,411,6.25
15,412,8.33
15,413,2.78
15,414,7.14
15,415,5.56
15,416,2.17
15,417,3.85
15,418,7.14
15,419,3.85
15,420,10
15,421,3.85
15,422,7.14
15,423,4.55
15,424,3.33
15,425,6.25
15,426,8.33
15,427,2.94
15,428,8.33
15,429,2.63
15,430,6.25
15,431,2.38
15,432,8.33
15,433,3.33
15,434,2.27
15,435,4.17
15,436,4.55
15,437,2.63
15,438,2.08
15,439,3.13
15,440,7.14
15,441,2.63
15,442,3.57
15,443,5.56
15,444,2.17
15,445,2.78
15,446,2.63
15,447,2.08
15,448,2
15,449,5.56
15,450,2.78
15,451,2.5
15,452,2.38
15,453,7.14
15,454,3.57
15,455,3.85
15,456,5.56
15,457,4.17
15,458,2.78
15,459,3.33
15,460,2.78
15,461,5.56
15,462,2.08
15,463,5.56
15,464,2.5
15,465,2.27
15,466,3.85
15,467,4.17
15,468,2.27
15,469,6.25
15,470,8.33
15,471,2.63
15,472,2.63
15,473,3.85
15,474,3.57
15,475,5
15,476,7.14
15,477,3.57
15,478,2.5
15,479,2
15,480,2.27
15,481,3.85
15,482,3.85
15,483,2.94
15,484,8.33
15,485,3.57
15,486,2.63
15,487,7.14
15,488,2.63
15,489,3.13
15,490,2.63
15,491,10
15,492,5
15,493,2.08
15,494,3.85
15,495,4.17
15,496,4.55
15,497,2.94
15,498,2.78
15,499,2.17
15,500,2
16,1,5.56
16,2,3.33
16,3,8.33
16,4,2.38
16,5,2.17
16,6,3.57
16,7,4.17
16,8,2.5
16,9,4.55
16,10,4.17
16,11,4.17
16,12,2
16,13,2.38
16,14,2.5
16,15,3.57
16,16,3.33
16,17,2.78
16,18,6.25
16,19,2
16,20,3.13
16,21,2.08
16,22,2.63
16,23,4.55
16,24,2
16,25,3.85
16,26,2.17
16,27,8.33
16,28,2.63
16,29,2.27
16,30,2.94
16,31,3.33
16,32,10
16,33,8.33
16,34,2.63
16,35,4.55
16,36,2.5
16,37,2.78
16,38,4.17
16,39,4.17
16,40,8.33
16,41,2.27
16,42,8.33
16,43,10
16,44,4.17
16,45,2.5
16,46,5
16,47,2.78
16,48,2.78
16,49,2.5
16,50,7.14
16,51,5.56
16,52,3.33
16,53,4.55
16,54,8.33
16,55,5
16,56,2.94
16,57,2.5
16,58,4.55
16,59,2.17
16,60,3.57
16,61,2.08
16,62,3.13
16,63,2.63
16,64,2.17
16,65,2.5
16,66,2.5
16,67,2
16,68,10
16,69,10
16,70,5
16,71,2.17
16,72,3.13
16,73,2.63
16,74,2.5
16,75,5
16,76,2.5
16,77,2.08
16,78,3.13
16,79,2.38
16,80,6.25
16,81,8.33
16,82,2.08
16,83,2.78
16,84,2.63
16,85,2
16,86,6.25
16,87,2.94
16,88,4.17
16,89,2.78
16,90,2
16,91,2.63
16,92,3.85
16,93,2.94
16,94,2.78
16,95,6.25
16,96,2.94
16,97,4.55
16,98,3.13
16,99,8.33
16,100,2.38
16,101,2.17
16,102,3.85
16,103,2.78
16,104,5
16,105,2
16,106,2.08
16,107,6.25
16,108,2.5
16,109,7.14
16,110,2
16,111,2.17
16,112,6.25
16,113,2.5
16,114,6.25
16,115,5.56
16,116,2.78
16,117,3.13
16,118,2.63
16,119,7.14
16,120,2.08
16,121,6.25
16,122,3.57
16,123,4.17
16,124,2
16,125,2.27
16,126,2.17
16,127,3.33
16,128,2.63
16,129,2.27
16,130,2
16,131,2.38
16,132,6.25
16,133,6.25
16,134,2
16,135,2.17
16,136,2.63
16,137,3.85
16,138,2.63
16,139,2.08
16,140,2.63
16,141,8.33
16,142,8.33
16,143,2.94
16,144,5.56
16,145,2.63
16,146,6.25
16,147,3.85
16,148,2.5
16,149,5
16,150,7.14
16,151,7.14
16,152,2.17
16,153,3.13
16,154,3.13
16,155,3.33
16,156,2
16,157,2.27
16,158,3.33
16,159,2.17
16,160,5
16,161,2.27
16,162,5
16,163,2.27
16,164,7.14
16,165,4.17
16,166,2.27
16,167,2.78
16,168,2.08
16,169,2.08
16,170,2.17
16,171,2.17
16,172,3.57
16,173,3.57
16,174,10
16,175,2.27
16,176,3.85
16,177,4.17
16,178,8.33
16,179,2
16,180,3.33
16,181,10
16,182,4.55
16,183,5
16,184,6.25
16,185,8.33
16,186,2.27
16,187,3.13
16,188,10
16,189,2.78
16,190,3.57
16,191,2.38
16,192,4.17
16,193,2.27
16,194,2.78
16,195,5.56
16,196,3.33
16,197,3.13
16,198,2.17
16,199,4.17
16,200,2.08
16,201,5
16,202,2.94
16,203,2.5
16,204,2.63
16,205,3.57
16,206,2
16,207,3.33
16,208,2.17
16,209,6.25
16,210,2.38
16,211,3.85
16,212,5.56
16,213,2
16,214,4.55
16,215,2.78
16,216,2.27
16,217,3.13
16,218,2.94
16,219,4.55
16,220,3.57
16,221,3.33
16,222,5
16,223,2.5
16,224,5.56
16,225,3.85
16,226,2
16,227,2.38
16,228,7.14
16,229,8.33
16,230,4.55
16,231,2.94
16,232,2
16,233,5.56
16,234,5.56
16,235,7.14
16,236,2
16,237,2.5
16,238,5
16,239,3.85
16,240,10
16,241,2.63
16,242,3.85
16,243,5.56
16,244,3.57
16,245,3.85
16,246,2.38
16,247,3.85
16,248,5
16,249,2.63
16,250,8.33
16,251,2.08
16,252,2.08
16,253,2.5
16,254,2.38
16,255,2.63
16,256,3.13
16,257,3.13
16,258,10
16,259,2.08
16,260,5
16,261,4.55
16,262,10
16,263,4.17
16,264,2.5
16,265,5.56
16,266,4.17
16,267,4.55
16,268,2.78
16,269,4.17
16,270,3.57
16,271,6.25
16,272,2.94
16,273,3.57
16,274,3.57
16,275,2.27
16,276,3.33
16,277,3.85
16,278,2.17
16,279,4.55
16,280,3.85
16,281,8.33
16,282,2.63
16,283,10
16,284,5
16,285,2
16,286,2.27
16,287,3.13
16,288,2.63
16,289,2.38
16,290,5
16,291,2.78
16,292,7.14
16,293,7.14
16,294,3.13
16,295,3.85
16,296,2.27
16,297,2.5
16,298,2.38
16,299,3.13
16,300,2.17
16,301,2.94
16,302,4.17
16,303,2.38
16,304,2.38
16,305,7.14
16,306,2.78
16,307,2.27
16,308,3.33
16,309,2
16,310,2.63
16,311,2.27
16,312,5.56
16,313,7.14
16,314,6.25
16,315,4.17
16,316,2
16,317,2.27
16,318,4.17
16,319,3.57
16,320,4.55
16,321,2
16,322,5.56
16,323,5
16,324,4.17
16,325,5.56
16,326,2
16,327,3.57
16,328,3.85
16,329,4.17
16,330,5
16,331,3.85
16,332,2.38
16,333,2
16,334,7.14
16,335,7.14
16,336,3.57
16,337,5.56
16,338,3.33
16,339,2.17
16,340,2.63
16,341,2.38
16,342,5
16,343,3.85
16,344,5
16,345,2.27
16,346,4.17
16,347,2.08
16,348,4.17
16,349,7.14
16,350,3.57
16,351,2.5
16,352,5
16,353,3.85
16,354,5
16,355,3.85
16,356,7.14
16,357,2.38
16,358,3.57
16,359,5.56
16,360,2.38
16,361,8.33
16,362,5.56
16,363,3.13
16,364,4.17
16,365,2.38
16,366,4.55
16,367,2.27
16,368,2.63
16,369,5
16,370,3.13
16,371,3.85
16,372,2.38
16,373,7.14
16,374,2.94
16,375,10
16,376,7.14
16,377,10
16,378,4.17
16,379,2.17
16,380,2.94
16,381,3.13
16,382,6.25
16,383,7.14
16,384,7.14
16,385,3.33
16,386,3.33
16,387,5
16,388,2
16,389,2.78
16,390,7.14
16,391,10
16,392,2.5
16,393,7.14
16,394,3.13
16,395,2.5
16,396,3.57
16,397,5
16,398,3.33
16,399,7.14
16,400,5
16,401,2.38
16,402,2.38
16,403,2.27
16,404,5.56
16,405,6.25
16,406,2.63
16,407,2.38
16,408,4.17
16,409,2
16,410,2.38
16,411,4.55
16,412,7.14
16,413,4.17
16,414,2
16,415,2.63
16,416,6.25
16,417,2.78
16,418,2.63
16,419,2.94
16,420,3.57
16,421,10
16,422,2.5
16,423,5
16,424,2.38
16,425,3.33
16,426,3.13
16,427,10
16,428,3.33
16,429,3.13
16,430,3.33
16,431,3.33
16,432,4.55
16,433,5
16,434,3.13
16,435,4.55
16,436,7.14
16,437,2
16,438,10
16,439,2.63
16,440,2.63
16,441,2.27
16,442,2.38
16,443,3.57
16,444,2.17
16,445,8.33
16,446,2.78
16,447,6.25
16,448,6.25
16,449,4.55
16,450,5.56
16,451,2.63
16,452,3.33
16,453,3.85
16,454,3.33
16,455,2.08
16,456,2.78
16,457,3.57
16,458,6.25
16,459,5.56
16,460,8.33
16,461,2.63
16,462,6.25
16,463,3.13
16,464,2
16,465,2.63
16,466,3.57
16,467,2.27
16,468,3.85
16,469,2.94
16,470,2.78
16,471,2.78
16,472,2.63
16,473,2.5
16,474,2.94
16,475,5
16,476,6.25
16,477,2
16,478,2.94
16,479,4.55
16,480,2.08
16,481,2
16,482,2.5
16,483,3.33
16,484,3.57
16,485,2
16,486,2.63
16,487,3.13
16,488,2
16,489,8.33
16,490,2.63
16,491,4.17
16,492,2.78
16,493,2
16,494,10
16,495,4.17
16,496,7.14
16,497,2.5
16,498,2
16,499,2.27
16,500,2
17,1,6.25
17,2,3.13
17,3,2.63
17,4,2.38
17,5,4.17
17,6,2.27
17,7,2.5
17,8,2.5
17,9,2.78
17,10,3.13
17,11,5
17,12,3.13
17,13,2.08
17,14,2.5
17,15,2.5
17,16,2
17,17,2.27
17,18,7.14
17,19,3.33
17,20,2.5
17,21,3.57
17,22,7.14
17,23,3.13
17,24,4.17
17,25,2.38
17,26,2.38
17,27,10
17,28,10
17,29,3.33
17,30,7.14
17,31,6.25
17,32,2.08
17,33,8.33
17,34,3.33
17,35,3.57
17,36,2.17
17,37,3.85
17,38,2.78
17,39,2.38
17,40,8.33
17,41,3.57
17,42,2.38
17,43,6.25
17,44,2.27
17,45,5.56
17,46,4.17
17,47,3.85
17,48,8.33
17,49,2.38
17,50,8.33
17,51,3.13
17,52,3.13
17,53,5
17,54,3.85
17,55,2.5
17,56,3.33
17,57,4.17
17,58,5
17,59,2.5
17,60,5.56
17,61,2.5
17,62,4.17
17,63,4.55
17,64,3.33
17,65,6.25
17,66,2
17,67,2.38
17,68,3.13
17,69,3.57
17,70,3.85
17,71,2.78
17,72,2.94
17,73,3.13
17,74,2
17,75,7.14
17,76,3.13
17,77,2.27
17,78,7.14
17,79,3.85
17,80,2
17,81,3.33
17,82,2.17
17,83,2.5
17,84,2.27
17,85,2.94
17,86,8.33
17,87,10
17,88,3.13
17,89,3.33
17,90,2.94
17,91,7.14
17,92,4.55
17,93,4.17
17,94,3.33
17,95,5.56
17,96,5
17,97,2.38
17,98,3.57
17,99,3.13
17,100,3.33
17,101,2.5
17,102,3.13
17,103,2.17
17,104,3.85
17,105,2.38
17,106,6.25
17,107,2.27
17,108,3.33
17,109,2
17,110,3.13
17,111,3.33
17,112,6.25
17,113,4.17
17,114,4.17
17,115,3.85
17,116,3.85
17,117,2.38
17,118,7.14
17,119,3.57
17,120,3.57
17,121,10
17,122,3.33
17,123,2
17,124,2.27
17,125,3.33
17,126,2.63
17,127,5
17,128,2.17
17,129,2.08
17,130,3.85
17,131,2.5
17,132,2
17,133,2.17
17,134,2.27
17,135,2.08
17,136,3.13
17,137,4.17
17,138,2.5
17,139,3.13
17,140,2.08
17,141,3.13
17,142,6.25
17,143,5.56
17,144,10
17,145,2.63
17,146,3.57
17,147,10
17,148,2.5
17,149,2.5
17,150,2.27
17,151,10
17,152,7.14
17,153,4.17
17,154,5.56
17,155,2.5
17,156,3.85
17,157,5.56
17,158,6.25
17,159,2.5
17,160,2
17,161,10
17,162,2.5
17,163,4.55
17,164,3.57
17,165,8.33
17,166,3.57
17,167,2.94
17,168,6.25
17,169,5
17,170,5.56
17,171,3.57
17,172,6.25
17,173,3.33
17,174,3.57
17,175,4.17
17,176,2.94
17,177,3.85
17,178,2.5
17,179,4.17
17,180,2.63
17,181,7.14
17,182,3.57
17,183,2.17
17,184,2.94
17,185,2.27
17,186,5.56
17,187,2.5
17,188,2.38
17,189,2.63
17,190,2.27
17,191,3.33
17,192,3.85
17,193,5.56
17,194,6.25
17,195,10
17,196,2.63
17,197,2.5
17,198,3.85
17,199,3.13
17,200,2.38
17,201,2.78
17,202,10
17,203,2.17
17,204,8.33
17,205,5
17,206,5
17,207,2.17
17,208,2.5
17,209,2.17
17,210,2.27
17,211,8.33
17,212,3.57
17,213,3.33
17,214,3.13
17,215,2.94
17,216,7.14
17,217,2.17
17,218,3.13
17,219,2.08
17,220,8.33
17,221,3.13
17,222,3.85
17,223,2.78
17,224,7.14
17,225,10
17,226,2.5
17,227,4.55
17,228,3.13
17,229,5.56
17,230,6.25
17,231,3.85
17,232,2.17
17,233,2
17,234,2.94
17,235,3.13
17,236,4.17
17,237,3.85
17,238,3.33
17,239,10
17,240,2.27
17,241,2.5
17,242,3.13
17,243,2.78
17,244,10
17,245,3.57
17,246,2.08
17,247,2.63
17,248,2
17,249,2.78
17,250,2.38
17,251,2.5
17,252,2.38
17,253,8.33
17,254,2.27
17,255,3.13
17,256,3.33
17,257,2.63
17,258,2
17,259,2.94
17,260,10
17,261,2.94
17,262,10
17,263,2.17
17,264,2.38
17,265,3.33
17,266,2.17
17,267,2.17
17,268,5
17,269,2.17
17,270,2
17,271,4.17
17,272,8.33
17,273,2.27
17,274,5
17,275,2.5
17,276,3.13
17,277,3.85
17,278,2.94
17,279,2.63
17,280,2.5
17,281,3.57
17,282,7.14
17,283,5
17,284,2.17
17,285,2
17,286,2.63
17,287,3.85
17,288,5
17,289,3.33
17,290,5
17,291,2.08
17,292,2.17
17,293,10
17,294,4.55
17,295,4.55
17,296,10
17,297,2.94
17,298,3.57
17,299,4.55
17,300,4.55
17,301,5.56
17,302,2.38
17,303,5
17,304,3.85
17,305,2.08
17,306,3.33
17,307,7.14
17,308,2.27
17,309,3.33
17,310,3.57
17,311,8.33
17,312,10
17,313,5
17,314,2.63
17,315,2.27
17,316,2.38
17,317,7.14
17,318,4.17
17,319,3.57
17,320,2.78
17,321,10
17,322,2.63
17,323,4.17
17,324,2.63
17,325,2.63
17,326,4.17
17,327,2.63
17,328,6.25
17,329,2.94
17,330,2.27
17,331,10
17,332,5
17,333,4.55
17,334,2.27
17,335,5.56
17,336,2.5
17,337,2.78
17,338,3.13
17,339,3.57
17,340,2.5
17,341,6.25
17,342,2
17,343,4.17
17,344,8.33
17,345,3.85
17,346,2.5
17,347,2
17,348,2.17
17,349,6.25
17,350,6.25
17,351,4.17
17,352,7.14
17,353,4.17
17,354,2.78
17,355,2.38
17,356,5
17,357,2.17
17,358,2.78
17,359,8.33
17,360,7.14
17,361,2.38
17,362,6.25
17,363,5.56
17,364,2.08
17,365,2.78
17,366,5.56
17,367,3.33
17,368,4.17
17,369,8.33
17,370,2.17
17,371,2.63
17,372,2
17,373,2.38
17,374,2.94
17,375,6.25
17,376,2.5
17,377,2.38
17,378,2.08
17,379,6.25
17,380,3.33
17,381,5
17,382,2.78
17,383,3.33
17,384,3.33
17,385,5
17,386,2.17
17,387,10
17,388,8.33
17,389,2
17,390,3.13
17,391,5.56
17,392,10
17,393,3.57
17,394,5
17,395,8.33
17,396,2.38
17,397,3.13
17,398,8.33
17,399,3.57
17,400,5
17,401,2
17,402,3.85
17,403,2
17,404,3.13
17,405,2.27
17,406,5.56
17,407,2.63
17,408,7.14
17,409,2.08
17,410,3.13
17,411,4.55
17,412,4.55
17,413,2
17,414,2.38
17,415,2
17,416,2.17
17,417,8.33
17,418,5.56
17,419,3.33
17,420,2.5
17,421,3.57
17,422,2.63
17,423,2.38
17,424,2.27
17,425,5.56
17,426,2.27
17,427,2.78
17,428,4.17
17,429,5
17,430,2.27
17,431,4.17
17,432,3.85
17,433,4.17
17,434,3.85
17,435,3.85
17,436,3.13
17,437,10
17,438,2.94
17,439,3.33
17,440,2.27
17,441,2.27
17,442,4.17
17,443,2.63
17,444,6.25
17,445,5
17,446,6.25
17,447,8.33
17,448,2.08
17,449,3.85
17,450,3.33
17,451,2
17,452,2.27
17,453,4.55
17,454,2.27
17,455,2.5
17,456,4.55
17,457,5.56
17,458,8.33
17,459,2.78
17,460,2.5
17,461,3.13
17,462,3.85
17,463,2.94
17,464,3.13
17,465,3.33
17,466,3.33
17,467,2.27
17,468,4.55
17,469,2.17
17,470,2
17,471,5.56
17,472,2.17
17,473,3.33
17,474,2.94
17,475,3.13
17,476,2.27
17,477,4.55
17,478,2.78
17,479,2
17,480,2.63
17,481,6.25
17,482,2.94
17,483,2.5
17,484,4.55
17,485,3.33
17,486,3.85
17,487,2.17
17,488,2.78
17,489,7.14
17,490,3.33
17,491,2
17,492,2.5
17,493,5
17,494,3.85
17,495,10
17,496,4.17
17,497,2.17
17,498,2.5
17,499,3.33
17,500,2.63
18,1,2.08
18,2,5
18,3,4.17
18,4,3.33
18,5,2.08
18,6,8.33
18,7,2.38
18,8,2.17
18,9,2.78
18,10,2.94
18,11,7.14
18,12,3.57
18,13,3.57
18,14,2
18,15,5.56
18,16,2.27
18,17,6.25
18,18,2.17
18,19,5.56
18,20,2.63
18,21,2.08
18,22,2.78
18,23,3.85
18,24,5.56
18,25,3.85
18,26,10
18,27,2.38
18,28,5
18,29,2.63
18,30,2.38
18,31,10
18,32,2.63
18,33,3.85
18,34,10
18,35,2.78
18,36,2.5
18,37,2
18,38,8.33
18,39,3.85
18,40,7.14
18,41,3.13
18,42,2.08
18,43,2
18,44,2.5
18,45,2.08
18,46,2.5
18,47,8.33
18,48,2.63
18,49,2.17
18,50,7.14
18,51,6.25
18,52,2
18,53,2.5
18,54,2.17
18,55,7.14
18,56,3.57
18,57,5.56
18,58,4.17
18,59,5
18,60,5
18,61,2.78
18,62,2.78
18,63,2
18,64,2.27
18,65,2.5
18,66,2.17
18,67,2.27
18,68,5.56
18,69,10
18,70,3.13
18,71,4.55
18,72,2.94
18,73,4.17
18,74,2.78
18,75,7.14
18,76,8.33
18,77,7.14
18,78,2.94
18,79,2.5
18,80,2.08
18,81,6.25
18,82,5
18,83,2.08
18,84,2.63
18,85,2.38
18,86,2
18,87,3.13
18,88,2.17
18,89,7.14
18,90,7.14
18,91,2
18,92,3.33
18,93,2.27
18,94,2.17
18,95,7.14
18,96,2.38
18,97,2.78
18,98,4.17
18,99,4.17
18,100,8.33
18,101,2
18,102,2
18,103,10
18,104,2.94
18,105,2.17
18,106,5
18,107,7.14
18,108,7.14
18,109,2.5
18,110,5.56
18,111,3.57
18,112,7.14
18,113,4.17
18,114,3.57
18,115,4.17
18,116,2.17
18,117,3.33
18,118,2.17
18,119,2.17
18,120,10
18,121,5
18,122,2.94
18,123,7.14
18,124,2.78
18,125,3.85
18,126,2.94
18,127,10
18,128,8.33
18,129,3.57
18,130,6.25
18,131,7.14
18,132,2.08
18,133,2.27
18,134,4.17
18,135,10
18,136,2.94
18,137,4.17
18,138,2.78
18,139,3.33
18,140,3.33
18,141,3.57
18,142,5.56
18,143,2.08
18,144,2.38
18,145,3.13
18,146,3.33
18,147,2
18,148,5.56
18,149,4.17
18,150,4.55
18,151,4.55
18,152,2
18,153,7.14
18,154,2.63
18,155,2.38
18,156,2.27
18,157,7.14
18,158,2.08
18,159,10
18,160,2.63
18,161,3.13
18,162,2.63
18,163,2.38
18,164,2.5
18,165,5
18,166,3.33
18,167,4.17
18,168,2.08
18,169,2.38
18,170,7.14
18,171,4.55
18,172,2.5
18,173,5
18,174,2.38
18,175,4.17
18,176,5
18,177,3.33
18,178,3.85
18,179,5
18,180,10
18,181,4.17
18,182,6.25
18,183,8.33
18,184,2.27
18,185,2.78
18,186,10
18,187,2.08
18,188,2.94
18,189,3.57
18,190,2.78
18,191,6.25
18,192,5
18,193,2.27
18,194,2.78
18,195,2.94
18,196,5.56
18,197,2.38
18,198,2.94
18,199,4.17
18,200,5
18,201,3.13
18,202,4.55
18,203,2.63
18,204,5.56
18,205,5.56
18,206,6.25
18,207,3.85
18,208,2.78
18,209,2.38
18,210,3.85
18,211,2.63
18,212,2
18,213,3.13
18,214,2.38
18,215,2.08
18,216,4.55
18,217,2.5
18,218,2.08
18,219,3.13
18,220,2.78
18,221,2.08
18,222,2.78
18,223,2.27
18,224,2.38
18,225,2.78
18,226,2.38
18,227,3.57
18,228,2.63
18,229,2.17
18,230,2.5
18,231,3.85
18,232,2.78
18,233,2.63
18,234,7.14
18,235,2.27
18,236,2.38
18,237,8.33
18,238,2.63
18,239,5.56
18,240,2.08
18,241,2.5
18,242,2.38
18,243,7.14
18,244,7.14
18,245,3.57
18,246,8.33
18,247,10
18,248,2.27
18,249,4.17
18,250,3.33
18,251,3.33
18,252,3.57
18,253,2.94
18,254,3.33
18,255,5
18,256,2.94
18,257,3.13
18,258,8.33
18,259,5.56
18,260,3.85
18,261,3.85
18,262,2.38
18,263,2.5
18,264,5
18,265,6.25
18,266,3.85
18,267,6.25
18,268,2.5
18,269,3.57
18,270,2.94
18,271,2
18,272,2
18,273,2.94
18,274,10
18,275,8.33
18,276,3.85
18,277,3.85
18,278,3.13
18,279,2.17
18,280,3.85
18,281,6.25
18,282,8.33
18,283,4.55
18,284,2.27
18,285,2.63
18,286,2.5
18,287,10
18,288,2.38
18,289,2.38
18,290,2.5
18,291,5
18,292,2.78
18,293,2.08
18,294,2.78
18,295,3.85
18,296,2.08
18,297,5.56
18,298,2.08
18,299,3.13
18,300,8.33
18,301,2.27
18,302,3.57
18,303,2.94
18,304,2.08
18,305,3.57
18,306,3.57
18,307,3.57
18,308,3.85
18,309,3.13
18,310,3.33
18,311,2
18,312,3.57
18,313,4.55
18,314,3.57
18,315,7.14
18,316,8.33
18,317,5
18,318,2.5
18,319,7.14
18,320,2.17
18,321,8.33
18,322,3.57
18,323,4.55
18,324,2
18,325,6.25
18,326,2.38
18,327,10
18,328,2.5
18,329,2.38
18,330,2.5
18,331,2
18,332,4.55
18,333,7.14
18,334,3.13
18,335,3.13
18,336,6.25
18,337,3.33
18,338,5.56
18,339,10
18,340,5
18,341,2
18,342,2.08
18,343,5.56
18,344,10
18,345,4.17
18,346,2.63
18,347,3.13
18,348,3.13
18,349,6.25
18,350,7.14
18,351,2.94
18,352,2
18,353,10
18,354,7.14
18,355,4.17
18,356,2.78
18,357,2.5
18,358,6.25
18,359,3.13
18,360,4.55
18,361,3.85
18,362,5.56
18,363,2.38
18,364,3.85
18,365,3.33
18,366,5
18,367,3.13
18,368,7.14
18,369,2
18,370,10
18,371,7.14
18,372,2.08
18,373,3.13
18,374,3.13
18,375,2.63
18,376,6.25
18,377,2.27
18,378,4.55
18,379,2.63
18,380,8.33
18,381,2.27
18,382,5.56
18,383,2
18,384,5
18,385,2
18,386,2.17
18,387,5.56
18,388,3.33
18,389,4.55
18,390,4.55
18,391,2
18,392,6.25
18,393,3.57
18,394,2.94
18,395,2.78
18,396,2.94
18,397,3.85
18,398,2
18,399,2.08
18,400,7.14
18,401,5
18,402,2.08
18,403,2.63
18,404,2.63
18,405,2.38
18,406,2.63
18,407,5.56
18,408,2.08
18,409,2.63
18,410,2.38
18,411,2.27
18,412,5
18,413,3.33
18,414,3.85
18,415,7.14
18,416,3.13
18,417,5
18,418,7.14
18,419,4.17
18,420,3.13
18,421,4.17
18,422,3.13
18,423,4.17
18,424,2.27
18,425,10
18,426,4.55
18,427,3.57
18,428,3.85
18,429,2.94
18,430,3.85
18,431,2.63
18,432,2.5
18,433,2.78
18,434,8.33
18,435,2.5
18,436,3.33
18,437,3.33
18,438,8.33
18,439,10
18,440,8.33
18,441,4.17
18,442,8.33
18,443,4.17
18,444,2.78
18,445,2
18,446,2.38
18,447,2.5
18,448,4.55
18,449,2.94
18,450,2.27
18,451,2.5
18,452,2.17
18,453,5.56
18,454,2.08
18,455,2.08
18,456,2.78
18,457,3.85
18,458,3.33
18,459,10
18,460,2.17
18,461,2.78
18,462,5.56
18,463,4.17
18,464,3.57
18,465,4.55
18,466,3.85
18,467,4.55
18,468,2.17
18,469,4.17
18,470,3.33
18,471,2.94
18,472,6.25
18,473,3.33
18,474,4.55
18,475,2.08
18,476,2.94
18,477,2.78
18,478,2.38
18,479,3.33
18,480,4.55
18,481,3.57
18,482,2.94
18,483,4.17
18,484,2.5
18,485,3.33
18,486,2.38
18,487,3.57
18,488,5
18,489,5
18,490,3.13
18,491,2.63
18,492,2.94
18,493,4.17
18,494,5
18,495,2.27
18,496,10
18,497,2.5
18,498,2
18,499,5
18,500,2.94
19,1,3.33
19,2,2.94
19,3,4.55
19,4,2.5
19,5,5.56
19,6,3.85
19,7,2
19,8,4.17
19,9,2.5
19,10,2.08
19,11,3.57
19,12,2.78
19,13,2.38
19,14,3.33
19,15,8.33
19,16,3.57
19,17,2.08
19,18,3.85
19,19,6.25
19,20,2.78
19,21,3.57
19,22,2
19,23,10
19,24,4.55
19,25,3.13
19,26,4.55
19,27,4.55
19,28,2.27
19,29,5
19,30,2.38
19,31,2.63
19,32,4.55
19,33,2.94
19,34,3.33
19,35,2.5
19,36,4.17
19,37,2.63
19,38,2.27
19,39,3.57
19,40,4.55
19,41,2.5
19,42,6.25
19,43,2.94
19,44,8.33
19,45,4.55
19,46,5.56
19,47,5
19,48,2.08
19,49,2.5
19,50,2.27
19,51,5
19,52,3.33
19,53,2.94
19,54,2.17
19,55,2.78
19,56,7.14
19,57,6.25
19,58,2.38
19,59,3.33
19,60,3.85
19,61,6.25
19,62,2.5
19,63,3.57
19,64,3.57
19,65,4.17
19,66,5.56
19,67,3.85
19,68,2.17
19,69,4.55
19,70,2.63
19,71,6.25
19,72,8.33
19,73,2.63
19,74,4.55
19,75,2.5
19,76,2.27
19,77,5
19,78,3.57
19,79,3.85
19,80,3.13
19,81,2.94
19,82,2
19,83,4.17
19,84,8.33
19,85,2.5
19,86,3.57
19,87,2.94
19,88,2
19,89,5
19,90,2.08
19,91,4.17
19,92,2.94
19,93,7.14
19,94,3.85
19,95,10
19,96,2.94
19,97,2
19,98,5
19,99,2.27
19,100,4.17
19,101,8.33
19,102,3.13
19,103,2.78
19,104,3.33
19,105,2.5
19,106,4.55
19,107,3.57
19,108,3.57
19,109,8.33
19,110,3.57
19,111,5.56
19,112,2.27
19,113,2.5
19,114,3.33
19,115,2.38
19,116,8.33
19,117,3.57
19,118,7.14
19,119,7.14
19,120,2.27
19,121,2.5
19,122,8.33
19,123,3.57
19,124,2
19,125,8.33
19,126,2
19,127,2.38
19,128,2.94
19,129,3.33
19,130,4.17
19,131,2.27
19,132,2.17
19,133,3.85
19,134,2.63
19,135,2.17
19,136,10
19,137,2.63
19,138,2.5
19,139,2.38
19,140,2.63
19,141,3.85
19,142,5
19,143,2.94
19,144,8.33
19,145,4.17
19,146,3.57
19,147,3.33
19,148,2.5
19,149,2.5
19,150,2.17
19,151,8.33
19,152,6.25
19,153,7.14
19,154,3.13
19,155,3.33
19,156,2.63
19,157,2.17
19,158,2
19,159,7.14
19,160,7.14
19,161,2.94
19,162,10
19,163,3.13
19,164,5
19,165,3.33
19,166,3.13
19,167,3.85
19,168,3.57
19,169,2.17
19,170,3.33
19,171,3.85
19,172,7.14
19,173,2.63
19,174,2.08
19,175,3.57
19,176,3.57
19,177,2.63
19,178,2.63
19,179,2.17
19,180,3.85
19,181,3.57
19,182,2.27
19,183,3.13
19,184,2.5
19,185,2.78
19,186,6.25
19,187,2.5
19,188,3.57
19,189,2.63
19,190,3.57
19,191,10
19,192,2.38
19,193,3.13
19,194,3.13
19,195,4.55
19,196,10
19,197,2.94
19,198,3.13
19,199,6.25
19,200,2.38
19,201,5
19,202,2
19,203,2.63
19,204,2.63
19,205,2.08
19,206,2
19,207,3.57
19,208,2.78
19,209,3.85
19,210,3.33
19,211,4.55
19,212,7.14
19,213,2.78
19,214,8.33
19,215,3.13
19,216,2.94
19,217,2.63
19,218,8.33
19,219,3.57
19,220,2.27
19,221,10
19,222,4.17
19,223,2
19,224,4.55
19,225,4.17
19,226,2.78
19,227,5
19,228,7.14
19,229,3.57
19,230,2
19,231,2.38
19,232,4.55
19,233,2.63
19,234,4.55
19,235,3.33
19,236,3.13
19,237,3.85
19,238,2.17
19,239,6.25
19,240,2.94
19,241,5.56
19,242,3.85
19,243,5
19,244,2.94
19,245,3.33
19,246,2.5
19,247,2.5
19,248,4.17
19,249,3.13
19,250,2.08
19,251,4.55
19,252,2.78
19,253,4.55
19,254,8.33
19,255,7.14
19,256,2.5
19,257,3.13
19,258,4.55
19,259,4.17
19,260,2.38
19,261,2.63
19,262,5
19,263,2.27
19,264,2.78
19,265,3.57
19,266,2.5
19,267,3.33
19,268,6.25
19,269,8.33
19,270,3.57
19,271,2.5
19,272,8.33
19,273,3.57
19,274,2.94
19,275,2.63
19,276,4.55
19,277,2.38
19,278,2.5
19,279,4.55
19,280,2.94
19,281,6.25
19,282,3.85
19,283,2.08
19,284,4.17
19,285,10
19,286,6.25
19,287,2.63
19,288,3.13
19,289,3.85
19,290,7.14
19,291,5
19,292,2.38
19,293,2.94
19,294,10
19,295,4.55
19,296,3.85
19,297,2.94
19,298,6.25
19,299,2.27
19,300,6.25
19,301,3.85
19,302,3.85
19,303,2.5
19,304,3.33
19,305,2.38
19,306,2.63
19,307,3.57
19,308,3.57
19,309,7.14
19,310,10
19,311,2.5
19,312,2.78
19,313,3.13
19,314,3.57
19,315,5.56
19,316,4.17
19,317,4.17
19,318,2.38
19,319,3.57
19,320,4.17
19,321,3.57
19,322,3.13
19,323,2.27
19,324,3.13
19,325,3.85
19,326,3.33
19,327,10
19,328,2.78
19,329,3.13
19,330,3.85
19,331,3.13
19,332,2.94
19,333,2.63
19,334,2.27
19,335,4.17
19,336,3.33
19,337,2
19,338,5
19,339,3.85
19,340,4.55
19,341,3.57
19,342,7.14
19,343,3.85
19,344,2.94
19,345,5
19,346,2.17
19,347,4.55
19,348,3.13
19,349,6.25
19,350,6.25
19,351,2.63
19,352,2.94
19,353,2.17
19,354,2.94
19,355,6.25
19,356,2.38
19,357,10
19,358,2
19,359,4.55
19,360,10
19,361,2.94
19,362,5.56
19,363,4.17
19,364,3.57
19,365,4.55
19,366,2.38
19,367,4.17
19,368,2.94
19,369,6.25
19,370,2.63
19,371,2.94
19,372,2.17
19,373,2.08
19,374,2.27
19,375,2.5
19,376,2.38
19,377,2.5
19,378,2.17
19,379,2.38
19,380,3.33
19,381,2.08
19,382,2.38
19,383,3.13
19,384,2.38
19,385,5.56
19,386,2.63
19,387,3.57
19,388,5
19,389,2.63
19,390,10
19,391,2.94
19,392,2.78
19,393,2.94
19,394,4.55
19,395,3.33
19,396,2
19,397,5
19,398,2.08
19,399,2.17
19,400,2
19,401,2.5
19,402,4.55
19,403,2
19,404,2.94
19,405,2.38
19,406,6.25
19,407,2.08
19,408,3.85
19,409,4.55
19,410,7.14
19,411,2.78
19,412,5
19,413,2.17
19,414,8.33
19,415,3.13
19,416,6.25
19,417,3.13
19,418,2.94
19,419,4.55
19,420,2.63
19,421,2.94
19,422,2.27
19,423,4.17
19,424,8.33
19,425,8.33
19,426,2.5
19,427,8.33
19,428,2.38
19,429,2.94
19,430,4.55
19,431,2.94
19,432,3.85
19,433,8.33
19,434,5.56
19,435,2.17
19,436,2.17
19,437,2.94
19,438,2.38
19,439,7.14
19,440,10
19,441,8.33
19,442,5
19,443,2.5
19,444,4.17
19,445,2.27
19,446,4.17
19,447,2.63
19,448,10
19,449,2.63
19,450,2.38
19,451,3.57
19,452,5
19,453,3.57
19,454,4.55
19,455,2.17
19,456,7.14
19,457,2
19,458,6.25
19,459,3.33
19,460,2.27
19,461,2.78
19,462,5.56
19,463,2.94
19,464,2.27
19,465,3.13
19,466,10
19,467,2.78
19,468,3.57
19,469,2.5
19,470,3.33
19,471,10
19,472,3.33
19,473,5
19,474,8.33
19,475,6.25
19,476,8.33
19,477,4.17
19,478,2.08
19,479,2.17
19,480,2.17
19,481,2.27
19,482,2.08
19,483,2.08
19,484,3.13
19,485,3.13
19,486,5
19,487,2.5
19,488,8.33
19,489,2.94
19,490,5.56
19,491,3.57
19,492,2.63
19,493,10
19,494,4.17
19,495,3.85
19,496,2.78
19,497,3.33
19,498,3.57
19,499,2
19,500,6.25
20,1,4.55
20,2,2.27
20,3,2.08
20,4,4.55
20,5,10
20,6,7.14
20,7,8.33
20,8,3.33
20,9,7.14
20,10,7.14
20,11,2.78
20,12,5.56
20,13,3.85
20,14,2.78
20,15,2.17
20,16,2.38
20,17,3.85
20,18,5
20,19,4.17
20,20,3.33
20,21,2.5
20,22,2.94
20,23,3.57
20,24,5.56
20,25,2.27
20,26,2.78
20,27,2.27
20,28,2.27
20,29,2.17
20,30,3.33
20,31,3.57
20,32,2.38
20,33,2.38
20,34,3.33
20,35,2.17
20,36,6.25
20,37,3.33
20,38,3.13
20,39,2.17
20,40,3.57
20,41,3.57
20,42,2.38
20,43,3.85
20,44,2.27
20,45,3.85
20,46,4.55
20,47,5
20,48,2.78
20,49,2.17
20,50,5
20,51,2
20,52,2.94
20,53,2.94
20,54,2.63
20,55,2
20,56,7.14
20,57,3.33
20,58,7.14
20,59,5.56
20,60,2.94
20,61,7.14
20,62,2
20,63,2.17
20,64,10
20,65,4.55
20,66,2.27
20,67,2
20,68,2.78
20,69,2
20,70,3.33
20,71,5
20,72,2.38
20,73,2.17
20,74,2
20,75,4.17
20,76,2
20,77,3.85
20,78,2.94
20,79,2.94
20,80,8.33
20,81,2.27
20,82,4.17
20,83,2.08
20,84,2
20,85,2.27
20,86,2.38
20,87,5
20,88,6.25
20,89,3.57
20,90,4.55
20,91,3.57
20,92,6.25
20,93,2.08
20,94,5
20,95,6.25
20,96,8.33
20,97,2.38
20,98,2.08
20,99,5.56
20,100,3.13
20,101,2.94
20,102,2.27
20,103,3.57
20,104,4.55
20,105,4.17
20,106,2.08
20,107,5
20,108,10
20,109,3.13
20,110,2.17
20,111,2
20,112,2.17
20,113,3.57
20,114,2.63
20,115,5
20,116,2.17
20,117,4.55
20,118,6.25
20,119,8.33
20,120,2.38
20,121,10
20,122,4.55
20,123,4.55
20,124,5
20,125,10
20,126,5
20,127,2.94
20,128,2
20,129,8.33
20,130,5
20,131,8.33
20,132,5
20,133,5
20,134,2
20,135,7.14
20,136,3.13
20,137,2.5
20,138,3.57
20,139,10
20,140,2.08
20,141,3.33
20,142,3.13
20,143,2.63
20,144,2.08
20,145,2.94
20,146,4.55
20,147,10
20,148,8.33
20,149,4.55
20,150,6.25
20,151,3.85
20,152,3.13
20,153,2.78
20,154,2.5
20,155,2.17
20,156,3.85
20,157,3.13
20,158,2
20,159,2.08
20,160,3.13
20,161,4.55
20,162,2.17
20,163,2.38
20,164,2.38
20,165,2.78
20,166,2.94
20,167,2.17
20,168,2.5
20,169,2.5
20,170,10
20,171,3.13
20,172,3.57
20,173,2.94
20,174,3.13
20,175,2.38
20,176,4.55
20,177,2.78
20,178,3.13
20,179,2.38
20,180,5.56
20,181,2.5
20,182,3.85
20,183,10
20,184,10
20,185,4.17
20,186,2.08
20,187,10
20,188,5.56
20,189,2.38
20,190,2.94
20,191,8.33
20,192,10
20,193,4.55
20,194,4.17
20,195,2.78
20,196,2.5
20,197,3.57
20,198,5.56
20,199,4.17
20,200,4.55
20,201,2.38
20,202,8.33
20,203,2.17
20,204,2.17
20,205,2.78
20,206,3.85
20,207,5
20,208,3.85
20,209,2.08
20,210,4.17
20,211,2.27
20,212,3.13
20,213,7.14
20,214,8.33
20,215,2.08
20,216,2.78
20,217,5.56
20,218,5
20,219,2.17
20,220,2.38
20,221,2.94
20,222,5
20,223,4.17
20,224,2.08
20,225,8.33
20,226,2.63
20,227,3.33
20,228,4.17
20,229,8.33
20,230,5
20,231,3.57
20,232,5
20,233,6.25
20,234,8.33
20,235,4.17
20,236,2.5
20,237,2.17
20,238,2.94
20,239,2.38
20,240,7.14
20,241,2
20,242,3.85
20,243,2.38
20,244,6.25
20,245,2.27
20,246,2.27
20,247,3.33
20,248,7.14
20,249,3.13
20,250,2
20,251,5
20,252,5.56
20,253,2.5
20,254,3.13
20,255,4.17
20,256,3.13
20,257,10
20,258,2.63
20,259,2.78
20,260,2.08
20,261,2.38
20,262,2.63
20,263,7.14
20,264,4.17
20,265,3.85
20,266,2.38
20,267,4.55
20,268,2.63
20,269,4.55
20,270,3.85
20,271,2.5
20,272,5.56
20,273,3.33
20,274,2.5
20,275,2.17
20,276,2.38
20,277,2.5
20,278,5
20,279,2.08
20,280,2.17
20,281,2.38
20,282,3.33
20,283,2.94
20,284,2.94
20,285,2.78
20,286,6.25
20,287,2.38
20,288,2.78
20,289,7.14
20,290,3.13
20,291,6.25
20,292,2
20,293,2.27
20,294,2.17
20,295,2.94
20,296,5
20,297,6.25
20,298,2.94
20,299,2.27
20,300,3.57
20,301,2.63
20,302,4.17
20,303,8.33
20,304,5.56
20,305,2
20,306,2.17
20,307,2.5
20,308,2.78
20,309,3.57
20,310,3.33
20,311,7.14
20,312,2.78
20,313,2.27
20,314,2
20,315,8.33
20,316,4.17
20,317,2.27
20,318,3.13
20,319,3.57
20,320,2.38
20,321,3.13
20,322,4.17
20,323,3.33
20,324,3.13
20,325,7.14
20,326,2.17
20,327,2.63
20,328,3.33
20,329,4.17
20,330,2.94
20,331,4.17
20,332,2.08
20,333,7.14
20,334,2
20,335,2.17
20,336,7.14
20,337,7.14
20,338,3.85
20,339,8.33
20,340,3.57
20,341,7.14
20,342,4.55
20,343,2.38
20,344,2.17
20,345,3.33
20,346,6.25
20,347,10
20,348,2.78
20,349,3.13
20,350,4.17
20,351,2.38
20,352,2.27
20,353,6.25
20,354,3.13
20,355,6.25
20,356,3.33
20,357,3.33
20,358,2.94
20,359,5
20,360,10
20,361,2.5
20,362,10
20,363,2.63
20,364,2.5
20,365,2.08
20,366,3.85
20,367,4.55
20,368,2
20,369,5
20,370,3.85
20,371,3.13
20,372,2.27
20,373,2.78
20,374,6.25
20,375,7.14
20,376,2.17
20,377,3.13
20,378,2.08
20,379,2.08
20,380,2
20,381,3.13
20,382,2.27
20,383,7.14
20,384,2.38
20,385,2.5
20,386,3.85
20,387,2.08
20,388,2.63
20,389,5.56
20,390,2.17
20,391,7.14
20,392,2.08
20,393,2.38
20,394,2.94
20,395,3.13
20,396,2.27
20,397,3.85
20,398,2.78
20,399,2.63
20,400,2.08
20,401,2.63
20,402,5.56
20,403,2.63
20,404,3.33
20,405,2.78
20,406,2.38
20,407,2.78
20,408,2
20,409,2
20,410,3.33
20,411,4.55
20,412,2.78
20,413,2.38
20,414,10
20,415,2.94
20,416,5
20,417,3.33
20,418,3.85
20,419,3.13
20,420,2.08
20,421,5
20,422,2.38
20,423,5
20,424,5
20,425,3.33
20,426,7.14
20,427,2.08
20,428,3.33
20,429,2.08
20,430,3.57
20,431,2.08
20,432,2.94
20,433,2
20,434,2.08
20,435,10
20,436,3.33
20,437,2.5
20,438,6.25
20,439,2.27
20,440,2
20,441,2.08
20,442,2.27
20,443,4.17
20,444,2.94
20,445,2.27
20,446,3.13
20,447,5.56
20,448,6.25
20,449,5
20,450,2.38
20,451,4.55
20,452,2.08
20,453,2.5
20,454,2.94
20,455,8.33
20,456,2.38
20,457,5.56
20,458,2.38
20,459,3.85
20,460,2.38
20,461,4.55
20,462,5.56
20,463,2.5
20,464,5
20,465,2.94
20,466,6.25
20,467,5
20,468,2.38
20,469,3.85
20,470,2.08
20,471,2.78
20,472,3.33
20,473,3.85
20,474,2.5
20,475,2
20,476,5
20,477,2
20,478,4.55
20,479,3.57
20,480,2.78
20,481,2.08
20,482,6.25
20,483,3.57
20,484,4.17
20,485,7.14
20,486,5.56
20,487,2.5
20,488,2.17
20,489,2.63
20,490,2.38
20,491,4.55
20,492,5.56
20,493,3.57
20,494,2.08
20,495,7.14
20,496,10
20,497,2.63
20,498,2.5
20,499,2.94
20,500,6.25
21,1,2.5
21,2,2.38
21,3,4.17
21,4,5
21,5,8.33
21,6,3.33
21,7,4.55
21,8,4.55
21,9,2
21,10,8.33
21,11,2.17
21,12,2.63
21,13,3.57
21,14,3.85
21,15,2.63
21,16,2.63
21,17,4.17
21,18,6.25
21,19,10
21,20,5.56
21,21,2.63
21,22,3.13
21,23,2.27
21,24,2.94
21,25,3.57
21,26,2.78
21,27,4.17
21,28,6.25
21,29,2.08
21,30,7.14
21,31,6.25
21,32,6.25
21,33,5
21,34,2.78
21,35,4.55
21,36,3.85
21,37,6.25
21,38,3.57
21,39,2.17
21,40,2.5
21,41,2.17
21,42,4.55
21,43,3.57
21,44,4.55
21,45,4.55
21,46,2
21,47,2.5
21,48,4.55
21,49,3.13
21,50,2.17
21,51,4.17
21,52,2.17
21,53,10
21,54,2.63
21,55,3.33
21,56,5
21,57,3.13
21,58,3.33
21,59,4.55
21,60,2.38
21,61,3.85
21,62,3.33
21,63,2.27
21,64,6.25
21,65,2.08
21,66,4.55
21,67,10
21,68,2
21,69,2.38
21,70,2.94
21,71,7.14
21,72,2.17
21,73,6.25
21,74,2.38
21,75,2.38
21,76,2.94
21,77,4.17
21,78,2.5
21,79,2.63
21,80,2.78
21,81,3.85
21,82,2.08
21,83,2.17
21,84,3.13
21,85,3.57
21,86,4.17
21,87,2.17
21,88,2.17
21,89,2.94
21,90,8.33
21,91,4.17
21,92,4.17
21,93,2
21,94,2.08
21,95,3.13
21,96,2.5
21,97,2.27
21,98,3.33
21,99,8.33
21,100,2.5
21,101,2.63
21,102,4.17
21,103,3.33
21,104,2.38
21,105,3.57
21,106,3.57
21,107,8.33
21,108,2.63
21,109,6.25
21,110,2.78
21,111,2.78
21,112,4.17
21,113,2.27
21,114,2.63
21,115,3.33
21,116,3.13
21,117,5
21,118,10
21,119,2.17
21,120,3.85
21,121,3.33
21,122,2.08
21,123,4.17
21,124,2.08
21,125,2.38
21,126,2.38
21,127,7.14
21,128,4.55
21,129,10
21,130,2.5
21,131,2.63
21,132,7.14
21,133,2.94
21,134,2.63
21,135,5.56
21,136,2.38
21,137,3.13
21,138,2.63
21,139,2.08
21,140,7.14
21,141,8.33
21,142,10
21,143,6.25
21,144,2.17
21,145,6.25
21,146,2.94
21,147,2.78
21,148,6.25
21,149,2.38
21,150,3.57
21,151,2.08
21,152,5
21,153,3.85
21,154,3.33
21,155,5.56
21,156,5
21,157,2
21,158,8.33
21,159,3.13
21,160,10
21,161,6.25
21,162,3.13
21,163,10
21,164,2.08
21,165,10
21,166,2.63
21,167,2.5
21,168,4.17
21,169,3.13
21,170,4.55
21,171,2.5
21,172,2.38
21,173,7.14
21,174,5.56
21,175,6.25
21,176,8.33
21,177,2
21,178,2.5
21,179,2.08
21,180,7.14
21,181,3.33
21,182,3.33
21,183,5.56
21,184,2.78
21,185,2.38
21,186,6.25
21,187,2.63
21,188,8.33
21,189,4.55
21,190,3.85
21,191,2.5
21,192,2.63
21,193,10
21,194,2.63
21,195,4.55
21,196,2.17
21,197,6.25
21,198,3.57
21,199,3.85
21,200,3.13
21,201,2.78
21,202,2.38
21,203,2.63
21,204,8.33
21,205,4.55
21,206,4.17
21,207,8.33
21,208,3.13
21,209,3.33
21,210,10
21,211,2.27
21,212,5
21,213,5
21,214,5
21,215,2.17
21,216,7.14
21,217,2.27
21,218,2.94
21,219,4.55
21,220,3.85
21,221,2.08
21,222,3.57
21,223,4.17
21,224,7.14
21,225,3.33
21,226,7.14
21,227,6.25
21,228,7.14
21,229,4.17
21,230,2.17
21,231,4.55
21,232,5
21,233,4.17
21,234,4.55
21,235,7.14
21,236,4.17
21,237,5
21,238,2.27
21,239,2.27
21,240,2.08
21,241,2.17
21,242,2.38
21,243,2
21,244,3.85
21,245,2.38
21,246,3.33
21,247,5
21,248,5.56
21,249,4.55
21,250,3.33
21,251,2.38
21,252,3.13
21,253,3.33
21,254,2.94
21,255,2.08
21,256,2.63
21,257,4.17
21,258,3.13
21,259,3.13
21,260,2.27
21,261,3.57
21,262,8.33
21,263,6.25
21,264,2
21,265,5.56
21,266,5.56
21,267,3.85
21,268,3.57
21,269,3.13
21,270,5
21,271,7.14
21,272,8.33
21,273,5.56
21,274,2.5
21,275,6.25
21,276,4.17
21,277,10
21,278,3.57
21,279,8.33
21,280,2.08
21,281,2.63
21,282,8.33
21,283,3.57
21,284,2.08
21,285,2
21,286,4.55
21,287,2.94
21,288,5
21,289,2.78
21,290,2.17
21,291,2.78
21,292,3.85
21,293,2.17
21,294,2.17
21,295,3.57
21,296,8.33
21,297,4.55
21,298,7.14
21,299,6.25
21,300,2.78
21,301,2.78
21,302,2.78
21,303,2.78
21,304,2.08
21,305,5.56
21,306,5.56
21,307,4.17
21,308,5
21,309,4.55
21,310,2.5
21,311,2.08
21,312,6.25
21,313,3.13
21,314,10
21,315,2.5
21,316,7.14
21,317,4.55
21,318,3.13
21,319,2.17
21,320,5
21,321,2.78
21,322,2.27
21,323,2.63
21,324,5
21,325,2.08
21,326,3.33
21,327,3.85
21,328,5
21,329,4.17
21,330,2.5
21,331,6.25
21,332,10
21,333,3.57
21,334,6.25
21,335,3.33
21,336,2.5
21,337,2.27
21,338,3.33
21,339,2
21,340,8.33
21,341,5
21,342,5.56
21,343,3.85
21,344,2.5
21,345,2.17
21,346,2.94
21,347,3.57
21,348,2.27
21,349,2.27
21,350,3.85
21,351,3.85
21,352,5
21,353,2.78
21,354,7.14
21,355,4.17
21,356,2.17
21,357,3.85
21,358,3.57
21,359,7.14
21,360,7.14
21,361,5.56
21,362,3.85
21,363,5.56
21,364,4.17
21,365,2.38
21,366,2.27
21,367,4.55
21,368,5.56
21,369,7.14
21,370,5
21,371,5
21,372,8.33
21,373,10
21,374,2.08
21,375,2.27
21,376,2.17
21,377,2.94
21,378,2.17
21,379,3.85
21,380,2.08
21,381,2.38
21,382,2.27
21,383,5
21,384,2
21,385,2.17
21,386,2.17
21,387,2.63
21,388,4.55
21,389,2.27
21,390,2.78
21,391,2.63
21,392,2
21,393,2.94
21,394,3.13
21,395,3.57
21,396,10
21,397,3.33
21,398,10
21,399,2
21,400,2.63
21,401,2.63
21,402,2.78
21,403,2.5
21,404,2.63
21,405,6.25
21,406,3.33
21,407,2.63
21,408,2
21,409,2.08
21,410,2.94
21,411,2.63
21,412,2.5
21,413,2.38
21,414,2.5
21,415,4.55
21,416,2.63
21,417,2
21,418,10
21,419,5
21,420,7.14
21,421,8.33
21,422,3.13
21,423,6.25
21,424,8.33
21,425,5
21,426,2.38
21,427,7.14
21,428,2.08
21,429,5
21,430,3.85
21,431,8.33
21,432,7.14
21,433,3.13
21,434,2.63
21,435,4.55
21,436,2.08
21,437,3.13
21,438,4.55
21,439,10
21,440,2.38
21,441,5
21,442,2
21,443,2.27
21,444,2.5
21,445,2.08
21,446,2.38
21,447,4.17
21,448,7.14
21,449,2
21,450,2.78
21,451,5
21,452,2.94
21,453,4.55
21,454,5.56
21,455,5
21,456,2.17
21,457,3.33
21,458,2.27
21,459,7.14
21,460,3.57
21,461,2.27
21,462,3.57
21,463,4.17
21,464,2.17
21,465,2.38
21,466,4.55
21,467,2.17
21,468,7.14
21,469,5.56
21,470,3.85
21,471,10
21,472,2.27
21,473,2.38
21,474,5
21,475,3.13
21,476,3.13
21,477,8.33
21,478,3.33
21,479,7.14
21,480,8.33
21,481,2
21,482,4.17
21,483,2.17
21,484,5.56
21,485,2
21,486,8.33
21,487,2.94
21,488,6.25
21,489,10
21,490,5.56
21,491,2.08
21,492,2.08
21,493,4.17
21,494,2.17
21,495,2
21,496,2.94
21,497,2.94
21,498,2
21,499,2.27
21,500,4.17
22,1,2.63
22,2,4.17
22,3,2.94
22,4,3.85
22,5,3.33
22,6,3.13
22,7,5
22,8,2.38
22,9,3.13
22,10,2.27
22,11,2.94
22,12,4.17
22,13,2.27
22,14,2.08
22,15,2
22,16,7.14
22,17,2.94
22,18,5
22,19,2.78
22,20,4.17
22,21,3.57
22,22,3.13
22,23,6.25
22,24,2.63
22,25,2
22,26,5.56
22,27,4.55
22,28,3.85
22,29,8.33
22,30,2.78
22,31,8.33
22,32,8.33
22,33,2.27
22,34,2.17
22,35,2.17
22,36,2.27
22,37,10
22,38,2.63
22,39,2.78
22,40,2.17
22,41,3.13
22,42,2
22,43,3.33
22,44,4.17
22,45,2.78
22,46,2
22,47,8.33
22,48,10
22,49,2.78
22,50,2.17
22,51,7.14
22,52,2.08
22,53,3.13
22,54,2.5
22,55,8.33
22,56,3.85
22,57,2
22,58,4.55
22,59,2.78
22,60,2.5
22,61,6.25
22,62,2.17
22,63,2.94
22,64,3.33
22,65,6.25
22,66,2.17
22,67,3.13
22,68,7.14
22,69,3.85
22,70,4.55
22,71,2.38
22,72,2.5
22,73,5.56
22,74,8.33
22,75,2.63
22,76,5
22,77,2.78
22,78,4.17
22,79,2.38
22,80,2.78
22,81,2
22,82,7.14
22,83,2.78
22,84,2.38
22,85,6.25
22,86,5.56
22,87,3.57
22,88,4.17
22,89,3.13
22,90,2.17
22,91,2.94
22,92,7.14
22,93,3.57
22,94,2.38
22,95,3.13
22,96,2.08
22,97,2.78
22,98,5.56
22,99,2.94
22,100,2.63
22,101,4.55
22,102,2.78
22,103,2.17
22,104,2
22,105,3.85
22,106,5
22,107,8.33
22,108,4.55
22,109,4.17
22,110,4.55
22,111,3.57
22,112,3.85
22,113,4.17
22,114,3.85
22,115,10
22,116,10
22,117,7.14
22,118,7.14
22,119,2.94
22,120,2.5
22,121,2.38
22,122,3.57
22,123,3.85
22,124,6.25
22,125,2.08
22,126,3.13
22,127,5.56
22,128,2
22,129,3.33
22,130,2.17
22,131,10
22,132,4.17
22,133,4.55
22,134,3.85
22,135,4.55
22,136,2.08
22,137,10
22,138,7.14
22,139,2.17
22,140,5.56
22,141,4.17
22,142,2.08
22,143,2.63
22,144,2.38
22,145,5.56
22,146,5.56
22,147,2.17
22,148,3.57
22,149,5
22,150,3.33
22,151,7.14
22,152,2.17
22,153,5
22,154,2.27
22,155,3.13
22,156,4.17
22,157,4.55
22,158,2.38
22,159,5
22,160,4.17
22,161,4.55
22,162,3.57
22,163,7.14
22,164,3.85
22,165,8.33
22,166,2.17
22,167,2.94
22,168,5.56
22,169,3.57
22,170,6.25
22,171,2.63
22,172,3.13
22,173,3.13
22,174,7.14
22,175,2.38
22,176,2.17
22,177,2.08
22,178,3.33
22,179,2.08
22,180,6.25
22,181,2.38
22,182,5
22,183,3.33
22,184,6.25
22,185,3.33
22,186,8.33
22,187,2.38
22,188,2.5
22,189,2.5
22,190,8.33
22,191,2.38
22,192,2.5
22,193,2.94
22,194,3.85
22,195,4.55
22,196,2.27
22,197,2.94
22,198,2.94
22,199,3.57
22,200,2.63
22,201,2.08
22,202,3.85
22,203,5
22,204,3.85
22,205,2.27
22,206,7.14
22,207,2.63
22,208,10
22,209,2.94
22,210,3.85
22,211,2.27
22,212,2.78
22,213,8.33
22,214,2.5
22,215,2.38
22,216,2.08
22,217,7.14
22,218,2.78
22,219,3.85
22,220,2.08
22,221,6.25
22,222,2.17
22,223,3.57
22,224,4.17
22,225,2.5
22,226,3.13
22,227,3.57
22,228,2.5
22,229,8.33
22,230,2.27
22,231,3.57
22,232,3.85
22,233,4.17
22,234,7.14
22,235,4.17
22,236,4.17
22,237,2
22,238,2.17
22,239,3.33
22,240,3.85
22,241,8.33
22,242,2.17
22,243,5.56
22,244,6.25
22,245,2.38
22,246,2
22,247,2.63
22,248,2
22,249,3.85
22,250,3.33
22,251,2.08
22,252,3.57
22,253,2.27
22,254,3.85
22,255,2.5
22,256,4.17
22,257,3.33
22,258,7.14
22,259,3.57
22,260,2.63
22,261,2.63
22,262,2.5
22,263,6.25
22,264,2.5
22,265,3.13
22,266,3.85
22,267,2.94
22,268,2.78
22,269,6.25
22,270,2.17
22,271,2.38
22,272,2.5
22,273,2.38
22,274,10
22,275,2.78
22,276,5.56
22,277,2.5
22,278,3.57
22,279,3.85
22,280,2.5
22,281,7.14
22,282,7.14
22,283,2.78
22,284,5.56
22,285,2.08
22,286,2.08
22,287,10
22,288,4.17
22,289,8.33
22,290,2.38
22,291,5.56
22,292,4.55
22,293,2.63
22,294,10
22,295,3.57
22,296,2.08
22,297,10
22,298,7.14
22,299,4.17
22,300,2
22,301,8.33
22,302,3.13
22,303,8.33
22,304,3.33
22,305,2.08
22,306,2.17
22,307,3.57
22,308,3.13
22,309,2.94
22,310,2.94
22,311,3.57
22,312,4.55
22,313,10
22,314,2.5
22,315,7.14
22,316,4.17
22,317,2.63
22,318,2.5
22,319,2
22,320,8.33
22,321,5
22,322,3.57
22,323,4.17
22,324,7.14
22,325,2.27
22,326,4.17
22,327,2.38
22,328,3.85
22,329,2.27
22,330,5.56
22,331,6.25
22,332,2
22,333,7.14
22,334,2.17
22,335,4.17
22,336,2.08
22,337,2.63
22,338,2.5
22,339,3.33
22,340,7.14
22,341,4.55
22,342,4.55
22,343,2.63
22,344,6.25
22,345,2
22,346,4.17
22,347,7.14
22,348,3.57
22,349,4.17
22,350,2.78
22,351,7.14
22,352,2.63
22,353,8.33
22,354,3.13
22,355,8.33
22,356,7.14
22,357,3.13
22,358,2.17
22,359,5
22,360,2
22,361,2.94
22,362,3.57
22,363,2.08
22,364,2.78
22,365,3.13
22,366,2.38
22,367,7.14
22,368,3.85
22,369,2.5
22,370,4.17
22,371,4.17
22,372,2
22,373,2.63
22,374,2.63
22,375,2.63
22,376,7.14
22,377,2.38
22,378,3.13
22,379,4.55
22,380,2.78
22,381,5
22,382,4.55
22,383,6.25
22,384,6.25
22,385,2.94
22,386,2.38
22,387,2.63
22,388,6.25
22,389,2.27
22,390,8.33
22,391,2.94
22,392,3.85
22,393,4.17
22,394,5
22,395,3.85
22,396,3.33
22,397,2.08
22,398,5.56
22,399,6.25
22,400,2.63
22,401,3.33
22,402,2.63
22,403,8.33
22,404,6.25
22,405,2.08
22,406,10
22,407,10
22,408,3.13
22,409,7.14
22,410,2.63
22,411,4.55
22,412,3.33
22,413,2.63
22,414,3.13
22,415,10
22,416,2.17
22,417,2.94
22,418,2.08
22,419,3.13
22,420,2.78
22,421,3.85
22,422,2.94
22,423,3.13
22,424,2
22,425,5.56
22,426,6.25
22,427,4.17
22,428,10
22,429,4.17
22,430,2.27
22,431,2.78
22,432,7.14
22,433,2.78
22,434,2.63
22,435,2.17
22,436,2.08
22,437,2
22,438,2.08
22,439,3.13
22,440,2.27
22,441,4.17
22,442,2.94
22,443,2.08
22,444,2
22,445,2.08
22,446,2.08
22,447,2.17
22,448,5.56
22,449,2.38
22,450,5.56
22,451,2.27
22,452,2
22,453,2.5
22,454,2.38
22,455,2.78
22,456,2.63
22,457,2.17
22,458,4.55
22,459,2.63
22,460,3.13
22,461,3.33
22,462,2.5
22,463,2.27
22,464,3.85
22,465,2.94
22,466,2
22,467,3.33
22,468,2.27
22,469,3.57
22,470,5
22,471,5
22,472,2.63
22,473,3.33
22,474,3.33
22,475,2
22,476,10
22,477,2.27
22,478,2.78
22,479,2
22,480,3.57
22,481,5
22,482,3.57
22,483,7.14
22,484,2.08
22,485,5.56
22,486,6.25
22,487,4.55
22,488,2.94
22,489,5
22,490,3.13
22,491,3.33
22,492,2.27
22,493,2.08
22,494,2
22,495,3.33
22,496,2.27
22,497,8.33
22,498,3.57
22,499,2.38
22,500,2.78
23,1,2.5
23,2,2.5
23,3,2.63
23,4,6.25
23,5,5
23,6,3.13
23,7,2.5
23,8,4.17
23,9,3.57
23,10,2.17
23,11,2.17
23,12,6.25
23,13,7.14
23,14,8.33
23,15,3.85
23,16,2
23,17,3.33
23,18,3.13
23,19,2.78
23,20,7.14
23,21,3.85
23,22,4.17
23,23,2.63
23,24,8.33
23,25,4.55
23,26,2.38
23,27,2
23,28,2.5
23,29,2.17
23,30,8.33
23,31,3.57
23,32,5
23,33,3.85
23,34,8.33
23,35,4.17
23,36,5
23,37,5
23,38,4.55
23,39,10
23,40,3.57
23,41,2.94
23,42,5.56
23,43,3.85
23,44,10
23,45,3.13
23,46,3.13
23,47,4.55
23,48,2.27
23,49,3.13
23,50,2.38
23,51,2.27
23,52,7.14
23,53,5.56
23,54,2.78
23,55,6.25
23,56,4.17
23,57,2.94
23,58,3.33
23,59,2.63
23,60,3.57
23,61,7.14
23,62,4.55
23,63,7.14
23,64,4.55
23,65,2.94
23,66,2.17
23,67,3.85
23,68,3.57
23,69,4.55
23,70,3.85
23,71,2.78
23,72,3.13
23,73,6.25
23,74,2.38
23,75,2.63
23,76,2.08
23,77,3.33
23,78,10
23,79,2.63
23,80,5
23,81,8.33
23,82,3.85
23,83,2.78
23,84,4.55
23,85,2.94
23,86,7.14
23,87,2.5
23,88,8.33
23,89,4.55
23,90,2.78
23,91,5.56
23,92,2
23,93,2.38
23,94,4.55
23,95,10
23,96,2.63
23,97,5.56
23,98,5.56
23,99,6.25
23,100,5.56
23,101,10
23,102,2.38
23,103,2.17
23,104,3.85
23,105,2.94
23,106,2.63
23,107,4.17
23,108,2.63
23,109,2.38
23,110,2.63
23,111,3.85
23,112,2.94
23,113,2.08
23,114,4.17
23,115,8.33
23,116,2.27
23,117,2.08
23,118,2.5
23,119,2.38
23,120,5
23,121,2.27
23,122,3.85
23,123,5
23,124,4.55
23,125,5.56
23,126,4.17
23,127,5.56
23,128,3.85
23,129,5.56
23,130,3.85
23,131,4.17
23,132,5
23,133,4.55
23,134,2.38
23,135,4.17
23,136,10
23,137,2.27
23,138,2.63
23,139,5
23,140,2
23,141,4.55
23,142,8.33
23,143,2.63
23,144,4.55
23,145,2.63
23,146,6.25
23,147,5.56
23,148,2
23,149,3.13
23,150,3.85
23,151,3.85
23,152,2.5
23,153,7.14
23,154,2
23,155,2
23,156,2.17
23,157,3.13
23,158,2.27
23,159,10
23,160,10
23,161,2.94
23,162,2.27
23,163,2.78
23,164,7.14
23,165,3.33
23,166,5.56
23,167,2.08
23,168,3.13
23,169,2.94
23,170,3.57
23,171,2.38
23,172,2.17
23,173,2.38
23,174,3.33
23,175,8.33
23,176,10
23,177,2
23,178,10
23,179,2.78
23,180,2.63
23,181,6.25
23,182,3.33
23,183,6.25
23,184,4.17
23,185,2.27
23,186,10
23,187,2.78
23,188,2.94
23,189,7.14
23,190,2
23,191,8.33
23,192,7.14
23,193,2.78
23,194,5
23,195,5.56
23,196,2.63
23,197,4.55
23,198,5.56
23,199,2.5
23,200,2.5
23,201,5
23,202,6.25
23,203,4.17
23,204,2.5
23,205,7.14
23,206,3.33
23,207,4.17
23,208,10
23,209,3.33
23,210,3.33
23,211,2.08
23,212,3.57
23,213,5
23,214,5.56
23,215,7.14
23,216,2
23,217,2
23,218,3.57
23,219,2.38
23,220,4.17
23,221,2.27
23,222,3.13
23,223,3.33
23,224,2.5
23,225,4.55
23,226,3.33
23,227,6.25
23,228,2
23,229,3.57
23,230,2.63
23,231,4.17
23,232,3.13
23,233,2.08
23,234,2.38
23,235,7.14
23,236,2.5
23,237,3.33
23,238,4.55
23,239,6.25
23,240,4.17
23,241,10
23,242,2.17
23,243,3.85
23,244,4.55
23,245,5.56
23,246,10
23,247,2.08
23,248,2.63
23,249,3.33
23,250,2.5
23,251,3.13
23,252,5
23,253,6.25
23,254,2.27
23,255,3.57
23,256,4.55
23,257,2.5
23,258,3.33
23,259,3.57
23,260,2.17
23,261,3.13
23,262,7.14
23,263,2.78
23,264,2.78
23,265,3.33
23,266,4.55
23,267,10
23,268,3.33
23,269,5.56
23,270,5.56
23,271,2.27
23,272,3.13
23,273,5
23,274,2.38
23,275,8.33
23,276,2.27
23,277,2.27
23,278,2.08
23,279,2.27
23,280,2.08
23,281,6.25
23,282,10
23,283,2.63
23,284,3.57
23,285,4.55
23,286,2
23,287,10
23,288,2.63
23,289,5.56
23,290,3.57
23,291,2.08
23,292,3.33
23,293,10
23,294,3.57
23,295,2.38
23,296,2.17
23,297,3.33
23,298,8.33
23,299,3.85
23,300,2.38
23,301,2.27
23,302,2.27
23,303,8.33
23,304,2.94
23,305,2.63
23,306,4.55
23,307,3.57
23,308,3.85
23,309,4.17
23,310,2.17
23,311,2.17
23,312,4.17
23,313,2.5
23,314,5
23,315,8.33
23,316,2.17
23,317,5.56
23,318,2.08
23,319,10
23,320,2.94
23,321,10
23,322,5.56
23,323,2.94
23,324,2.78
23,325,2.63
23,326,3.13
23,327,4.17
23,328,6.25
23,329,2.63
23,330,2.38
23,331,4.55
23,332,2.38
23,333,2.17
23,334,4.55
23,335,6.25
23,336,2.27
23,337,2.38
23,338,3.57
23,339,3.85
23,340,7.14
23,341,10
23,342,2.27
23,343,2.78
23,344,3.57
23,345,2.63
23,346,2.27
23,347,10
23,348,5.56
23,349,10
23,350,2.08
23,351,2
23,352,3.13
23,353,3.57
23,354,2.08
23,355,3.33
23,356,7.14
23,357,3.13
23,358,3.33
23,359,4.55
23,360,2.27
23,361,5
23,362,3.33
23,363,2.5
23,364,5.56
23,365,6.25
23,366,3.33
23,367,3.57
23,368,4.55
23,369,2.63
23,370,2
23,371,2.63
23,372,2.5
23,373,2.38
23,374,2.17
23,375,7.14
23,376,2.08
23,377,3.57
23,378,2.94
23,379,2.27
23,380,3.85
23,381,4.55
23,382,5
23,383,2.63
23,384,2.94
23,385,10
23,386,6.25
23,387,4.17
23,388,3.13
23,389,2
23,390,2.38
23,391,2.94
23,392,2.94
23,393,8.33
23,394,2.94
23,395,2.27
23,396,3.33
23,397,3.13
23,398,7.14
23,399,6.25
23,400,2.17
23,401,3.85
23,402,4.55
23,403,6.25
23,404,4.55
23,405,3.57
23,406,2.63
23,407,6.25
23,408,4.17
23,409,2.78
23,410,3.33
23,411,3.85
23,412,5.56
23,413,5.56
23,414,2.08
23,415,4.55
23,416,7.14
23,417,2
23,418,6.25
23,419,2.63
23,420,2.38
23,421,3.13
23,422,3.57
23,423,2.08
23,424,2.78
23,425,2
23,426,2.94
23,427,3.57
23,428,2
23,429,2.38
23,430,6.25
23,431,2.5
23,432,4.55
23,433,2
23,434,6.25
23,435,2.08
23,436,5
23,437,6.25
23,438,3.57
23,439,3.85
23,440,4.55
23,441,3.33
23,442,2.94
23,443,3.85
23,444,5
23,445,4.17
23,446,2.5
23,447,3.33
23,448,10
23,449,2.08
23,450,5
23,451,6.25
23,452,2.38
23,453,3.13
23,454,2.63
23,455,2.08
23,456,3.13
23,457,10
23,458,4.55
23,459,2.38
23,460,3.33
23,461,2.17
23,462,2.38
23,463,5.56
23,464,6.25
23,465,2.27
23,466,2.38
23,467,10
23,468,4.55
23,469,8.33
23,470,2.38
23,471,3.33
23,472,2.38
23,473,8.33
23,474,2.5
23,475,2
23,476,5
23,477,4.17
23,478,3.57
23,479,2.38
23,480,3.85
23,481,2.08
23,482,8.33
23,483,6.25
23,484,10
23,485,5
23,486,10
23,487,5.56
23,488,2.5
23,489,4.17
23,490,3.57
23,491,4.17
23,492,3.57
23,493,2.5
23,494,4.55
23,495,4.55
23,496,4.55
23,497,6.25
23,498,2.17
23,499,4.55
23,500,2
24,1,3.13
24,2,8.33
24,3,2.17
24,4,2.27
24,5,5
24,6,2.38
24,7,2.27
24,8,8.33
24,9,2.63
24,10,2
24,11,2.38
24,12,2.5
24,13,6.25
24,14,10
24,15,3.57
24,16,2.17
24,17,10
24,18,2.78
24,19,2.5
24,20,2.27
24,21,5.56
24,22,2.5
24,23,2.08
24,24,3.85
24,25,2.38
24,26,6.25
24,27,2.94
24,28,2.63
24,29,2.08
24,30,10
24,31,5.56
24,32,3.33
24,33,5
24,34,2.5
24,35,8.33
24,36,2.38
24,37,5
24,38,6.25
24,39,5.56
24,40,2.17
24,41,3.33
24,42,4.17
24,43,2.27
24,44,10
24,45,5
24,46,4.17
24,47,2.08
24,48,4.55
24,49,3.57
24,50,2.94
24,51,2.38
24,52,3.13
24,53,4.17
24,54,10
24,55,4.55
24,56,2.63
24,57,2.94
24,58,4.17
24,59,10
24,60,2.94
24,61,2.63
24,62,5
24,63,3.13
24,64,3.13
24,65,2.38
24,66,3.13
24,67,2.5
24,68,10
24,69,8.33
24,70,2.38
24,71,2.08
24,72,2.5
24,73,2.08
24,74,2.17
24,75,6.25
24,76,2.63
24,77,2.63
24,78,2.17
24,79,6.25
24,80,2
24,81,2
24,82,6.25
24,83,3.33
24,84,4.55
24,85,2.5
24,86,3.85
24,87,8.33
24,88,2.94
24,89,2.5
24,90,8.33
24,91,2
24,92,4.17
24,93,4.55
24,94,2.17
24,95,7.14
24,96,3.85
24,97,4.17
24,98,2.5
24,99,5.56
24,100,3.57
24,101,2.08
24,102,6.25
24,103,7.14
24,104,7.14
24,105,2.94
24,106,5
24,107,2.27
24,108,2.38
24,109,2.38
24,110,10
24,111,2.94
24,112,7.14
24,113,5
24,114,4.55
24,115,10
24,116,7.14
24,117,2.5
24,118,4.55
24,119,3.13
24,120,2
24,121,2.17
24,122,3.57
24,123,3.33
24,124,5.56
24,125,2.38
24,126,3.85
24,127,5.56
24,128,5.56
24,129,2.38
24,130,3.33
24,131,2.38
24,132,2.94
24,133,5
24,134,2.78
24,135,2.63
24,136,4.55
24,137,2.5
24,138,2.17
24,139,5.56
24,140,5
24,141,2.78
24,142,2.5
24,143,2.94
24,144,7.14
24,145,4.55
24,146,2.78
24,147,8.33
24,148,2.38
24,149,2.78
24,150,2.63
24,151,5.56
24,152,6.25
24,153,2.17
24,154,2.27
24,155,3.85
24,156,3.85
24,157,2.17
24,158,8.33
24,159,2.94
24,160,5.56
24,161,4.55
24,162,10
24,163,3.85
24,164,6.25
24,165,2.94
24,166,2.38
24,167,2.08
24,168,2.08
24,169,4.55
24,170,3.85
24,171,8.33
24,172,2.27
24,173,3.57
24,174,2.5
24,175,3.13
24,176,2.08
24,177,10
24,178,2.94
24,179,7.14
24,180,5.56
24,181,7.14
24,182,2.63
24,183,2.38
24,184,2.78
24,185,2.78
24,186,2.27
24,187,2
24,188,2
24,189,2.27
24,190,4.17
24,191,4.55
24,192,10
24,193,2
24,194,3.33
24,195,2.38
24,196,4.17
24,197,4.55
24,198,5.56
24,199,5.56
24,200,2.08
24,201,2.08
24,202,8.33
24,203,6.25
24,204,2.17
24,205,2.63
24,206,2.27
24,207,4.55
24,208,5
24,209,4.55
24,210,3.13
24,211,4.17
24,212,3.85
24,213,2.63
24,214,2.5
24,215,5
24,216,2.94
24,217,5.56
24,218,2.94
24,219,2.5
24,220,3.85
24,221,5.56
24,222,7.14
24,223,2.38
24,224,2.63
24,225,4.55
24,226,2.5
24,227,7.14
24,228,3.33
24,229,2.38
24,230,6.25
24,231,2.94
24,232,2.17
24,233,8.33
24,234,2
24,235,8.33
24,236,4.17
24,237,2.27
24,238,6.25
24,239,3.85
24,240,2
24,241,2.78
24,242,5
24,243,8.33
24,244,6.25
24,245,2
24,246,2.78
24,247,2.08
24,248,4.55
24,249,2.94
24,250,7.14
24,251,3.85
24,252,2.17
24,253,4.55
24,254,10
24,255,2.27
24,256,2.27
24,257,2.08
24,258,5
24,259,2.63
24,260,10
24,261,5
24,262,3.33
24,263,4.55
24,264,3.85
24,265,2.17
24,266,2.63
24,267,4.55
24,268,2.63
24,269,2.27
24,270,2.38
24,271,2.78
24,272,4.55
24,273,2.17
24,274,4.55
24,275,2.5
24,276,7.14
24,277,4.17
24,278,3.85
24,279,2.17
24,280,3.13
24,281,2.94
24,282,10
24,283,10
24,284,3.13
24,285,2.38
24,286,7.14
24,287,2
24,288,3.13
24,289,3.13
24,290,4.55
24,291,5.56
24,292,3.33
24,293,2
24,294,8.33
24,295,5.56
24,296,5.56
24,297,7.14
24,298,5
24,299,7.14
24,300,7.14
24,301,5.56
24,302,10
24,303,2.38
24,304,2.17
24,305,2.27
24,306,3.33
24,307,3.57
24,308,3.33
24,309,10
24,310,2.5
24,311,7.14
24,312,2.38
24,313,2.78
24,314,3.57
24,315,4.17
24,316,3.57
24,317,2.94
24,318,2.94
24,319,5.56
24,320,4.55
24,321,4.55
24,322,2.27
24,323,4.17
24,324,10
24,325,10
24,326,8.33
24,327,2.08
24,328,6.25
24,329,3.13
24,330,6.25
24,331,10
24,332,2
24,333,5.56
24,334,7.14
24,335,2.94
24,336,2.78
24,337,5
24,338,3.85
24,339,2.5
24,340,3.33
24,341,2.63
24,342,2
24,343,2.94
24,344,8.33
24,345,4.55
24,346,8.33
24,347,10
24,348,2.78
24,349,2.78
24,350,2.17
24,351,4.17
24,352,5.56
24,353,8.33
24,354,4.55
24,355,3.85
24,356,3.57
24,357,2.63
24,358,7.14
24,359,3.85
24,360,2.17
24,361,2
24,362,2.94
24,363,3.33
24,364,3.13
24,365,2.5
24,366,3.57
24,367,10
24,368,6.25
24,369,2.38
24,370,7.14
24,371,5.56
24,372,5
24,373,3.57
24,374,8.33
24,375,3.33
24,376,8.33
24,377,3.13
24,378,2.94
24,379,2.17
24,380,10
24,381,2.63
24,382,5
24,383,2.5
24,384,2.5
24,385,8.33
24,386,2.78
24,387,3.13
24,388,2.5
24,389,2.17
24,390,2.94
24,391,3.33
24,392,7.14
24,393,4.17
24,394,2.94
24,395,7.14
24,396,4.55
24,397,6.25
24,398,8.33
24,399,7.14
24,400,8.33
24,401,2.5
24,402,2.5
24,403,4.55
24,404,2.63
24,405,4.55
24,406,8.33
24,407,5
24,408,2.5
24,409,7.14
24,410,2.63
24,411,3.85
24,412,2.5
24,413,6.25
24,414,8.33
24,415,2.27
24,416,2.08
24,417,2.78
24,418,5.56
24,419,3.57
24,420,2.38
24,421,3.33
24,422,2.5
24,423,10
24,424,7.14
24,425,3.85
24,426,2
24,427,8.33
24,428,5.56
24,429,10
24,430,3.85
24,431,6.25
24,432,5.56
24,433,3.33
24,434,8.33
24,435,2.78
24,436,2.5
24,437,7.14
24,438,5.56
24,439,2.27
24,440,3.57
24,441,2.94
24,442,2.08
24,443,3.85
24,444,7.14
24,445,8.33
24,446,2.63
24,447,2.63
24,448,6.25
24,449,3.33
24,450,7.14
24,451,2.63
24,452,4.55
24,453,2.78
24,454,2.27
24,455,3.13
24,456,3.57
24,457,10
24,458,4.55
24,459,3.33
24,460,3.33
24,461,2.63
24,462,2.63
24,463,4.55
24,464,10
24,465,4.55
24,466,2.17
24,467,8.33
24,468,2.94
24,469,3.85
24,470,5
24,471,4.55
24,472,2.17
24,473,2.78
24,474,2
24,475,8.33
24,476,2.08
24,477,2.17
24,478,2.78
24,479,3.13
24,480,3.57
24,481,4.55
24,482,4.17
24,483,3.33
24,484,8.33
24,485,6.25
24,486,5.56
24,487,2.27
24,488,2.94
24,489,3.33
24,490,4.55
24,491,5
24,492,8.33
24,493,3.57
24,494,3.85
24,495,3.13
24,496,5
24,497,4.17
24,498,2
24,499,2.78
24,500,3.33
25,1,2.38
25,2,4.55
25,3,2.08
25,4,3.57
25,5,2.38
25,6,4.17
25,7,2.17
25,8,2.38
25,9,7.14
25,10,5
25,11,2.78
25,12,2.08
25,13,2.08
25,14,2.94
25,15,2.5
25,16,2.08
25,17,7.14
25,18,2.63
25,19,4.55
25,20,8.33
25,21,3.13
25,22,2.94
25,23,3.85
25,24,2.5
25,25,3.57
25,26,3.13
25,27,2.94
25,28,2.5
25,29,2.38
25,30,5.56
25,31,8.33
25,32,2.27
25,33,2.27
25,34,5.56
25,35,5.56
25,36,6.25
25,37,5.56
25,38,2.94
25,39,5
25,40,2.5
25,41,2.78
25,42,5.56
25,43,2.94
25,44,2.78
25,45,7.14
25,46,2.5
25,47,2.78
25,48,3.33
25,49,2.63
25,50,2.63
25,51,5.56
25,52,2.94
25,53,7.14
25,54,4.17
25,55,2.27
25,56,3.13
25,57,2.27
25,58,2.38
25,59,2.38
25,60,2.78
25,61,2.63
25,62,2.63
25,63,2.5
25,64,3.13
25,65,3.85
25,66,5
25,67,3.57
25,68,2.38
25,69,2.38
25,70,2.5
25,71,4.17
25,72,4.17
25,73,5
25,74,10
25,75,6.25
25,76,4.55
25,77,3.85
25,78,4.17
25,79,5.56
25,80,3.13
25,81,2.17
25,82,2
25,83,2.78
25,84,2.27
25,85,7.14
25,86,2.17
25,87,5.56
25,88,6.25
25,89,2.17
25,90,2.94
25,91,2
25,92,2.08
25,93,5.56
25,94,2
25,95,10
25,96,2.94
25,97,2.27
25,98,2.63
25,99,3.33
25,100,5.56
25,101,10
25,102,2.17
25,103,2.94
25,104,2.78
25,105,4.17
25,106,4.17
25,107,7.14
25,108,3.85
25,109,3.57
25,110,4.17
25,111,2.63
25,112,6.25
25,113,2.17
25,114,4.17
25,115,10
25,116,3.85
25,117,2.94
25,118,2
25,119,2.27
25,120,2.08
25,121,4.17
25,122,6.25
25,123,3.13
25,124,4.17
25,125,10
25,126,5.56
25,127,3.57
25,128,3.33
25,129,2.5
25,130,4.55
25,131,3.57
25,132,3.85
25,133,2.38
25,134,2.38
25,135,5
25,136,3.33
25,137,7.14
25,138,2.5
25,139,7.14
25,140,2.94
25,141,10
25,142,4.17
25,143,4.17
25,144,4.17
25,145,5.56
25,146,5
25,147,5
25,148,2.78
25,149,2.17
25,150,7.14
25,151,3.85
25,152,7.14
25,153,2.63
25,154,4.17
25,155,3.33
25,156,3.85
25,157,4.17
25,158,2.27
25,159,2.17
25,160,3.33
25,161,5.56
25,162,3.57
25,163,2.17
25,164,2.5
25,165,5
25,166,5.56
25,167,4.17
25,168,2.08
25,169,2.78
25,170,4.55
25,171,6.25
25,172,2.63
25,173,3.33
25,174,3.85
25,175,5
25,176,3.13
25,177,2.94
25,178,2.94
25,179,4.55
25,180,2.94
25,181,2.38
25,182,3.33
25,183,2.94
25,184,7.14
25,185,2.17
25,186,2.38
25,187,6.25
25,188,6.25
25,189,2
25,190,2.78
25,191,2.38
25,192,2.5
25,193,2.08
25,194,6.25
25,195,2.27
25,196,3.57
25,197,3.33
25,198,2.17
25,199,5
25,200,2.08
25,201,2.38
25,202,5
25,203,7.14
25,204,5
25,205,2.38
25,206,2.27
25,207,2.17
25,208,8.33
25,209,2.27
25,210,5
25,211,5.56
25,212,5
25,213,3.57
25,214,2.17
25,215,2
25,216,3.85
25,217,2.17
25,218,3.33
25,219,3.13
25,220,2
25,221,2.63
25,222,2.38
25,223,5
25,224,2.38
25,225,8.33
25,226,10
25,227,8.33
25,228,3.13
25,229,4.17
25,230,2.38
25,231,2.08
25,232,2.08
25,233,4.55
25,234,2.17
25,235,3.85
25,236,2.63
25,237,2.5
25,238,4.17
25,239,4.55
25,240,2.94
25,241,2.63
25,242,3.85
25,243,7.14
25,244,3.33
25,245,8.33
25,246,2.78
25,247,6.25
25,248,2.63
25,249,5.56
25,250,10
25,251,5
25,252,4.55
25,253,8.33
25,254,2.17
25,255,6.25
25,256,2.5
25,257,7.14
25,258,3.85
25,259,10
25,260,5.56
25,261,3.33
25,262,2.08
25,263,5.56
25,264,6.25
25,265,3.57
25,266,2.08
25,267,2.94
25,268,6.25
25,269,8.33
25,270,5
25,271,3.33
25,272,2.5
25,273,3.33
25,274,2.38
25,275,2.94
25,276,3.85
25,277,6.25
25,278,6.25
25,279,3.85
25,280,2.38
25,281,4.55
25,282,3.33
25,283,3.33
25,284,2.78
25,285,2
25,286,7.14
25,287,2
25,288,2.38
25,289,4.17
25,290,2.17
25,291,3.13
25,292,2.08
25,293,3.57
25,294,4.17
25,295,2.5
25,296,10
25,297,3.33
25,298,2.94
25,299,3.33
25,300,3.85
25,301,4.17
25,302,3.57
25,303,2.38
25,304,2.08
25,305,7.14
25,306,2.38
25,307,2.38
25,308,2.94
25,309,2.27
25,310,4.17
25,311,4.17
25,312,2
25,313,3.33
25,314,2.5
25,315,3.85
25,316,10
25,317,8.33
25,318,2.17
25,319,7.14
25,320,2.94
25,321,3.57
25,322,2
25,323,2.17
25,324,6.25
25,325,5
25,326,4.17
25,327,7.14
25,328,2.78
25,329,3.57
25,330,2.38
25,331,3.57
25,332,3.57
25,333,3.85
25,334,2.5
25,335,6.25
25,336,3.33
25,337,8.33
25,338,3.85
25,339,2.94
25,340,2.63
25,341,5.56
25,342,3.13
25,343,3.57
25,344,2.08
25,345,3.13
25,346,8.33
25,347,3.57
25,348,2.63
25,349,2.63
25,350,4.55
25,351,6.25
25,352,3.13
25,353,2.94
25,354,2.5
25,355,3.85
25,356,2.5
25,357,6.25
25,358,10
25,359,2.08
25,360,2.94
25,361,4.17
25,362,2.08
25,363,2
25,364,2.08
25,365,8.33
25,366,2.38
25,367,5.56
25,368,10
25,369,6.25
25,370,2.5
25,371,10
25,372,2.94
25,373,2.78
25,374,5.56
25,375,5.56
25,376,3.33
25,377,2.17
25,378,2.17
25,379,6.25
25,380,10
25,381,6.25
25,382,6.25
25,383,7.14
25,384,3.13
25,385,10
25,386,3.13
25,387,7.14
25,388,5
25,389,2.17
25,390,3.33
25,391,5
25,392,8.33
25,393,2
25,394,3.85
25,395,2.27
25,396,5.56
25,397,5
25,398,2
25,399,2.08
25,400,5
25,401,2.27
25,402,10
25,403,7.14
25,404,2.94
25,405,2.5
25,406,5.56
25,407,2.38
25,408,3.33
25,409,3.57
25,410,3.57
25,411,3.85
25,412,2.5
25,413,2.27
25,414,5.56
25,415,5
25,416,2.38
25,417,2.38
25,418,3.57
25,419,3.33
25,420,4.55
25,421,3.13
25,422,3.85
25,423,3.33
25,424,2.94
25,425,3.13
25,426,2.08
25,427,6.25
25,428,3.13
25,429,2.94
25,430,2.63
25,431,2.17
25,432,2.17
25,433,3.85
25,434,2.5
25,435,8.33
25,436,2.17
25,437,2.5
25,438,4.55
25,439,2.38
25,440,2
25,441,2.63
25,442,2.94
25,443,2.38
25,444,10
25,445,2.78
25,446,2.94
25,447,6.25
25,448,5.56
25,449,4.55
25,450,3.13
25,451,7.14
25,452,7.14
25,453,8.33
25,454,2
25,455,3.13
25,456,2.08
25,457,10
25,458,4.55
25,459,2.78
25,460,3.57
25,461,8.33
25,462,2.08
25,463,5
25,464,2.5
25,465,4.17
25,466,3.85
25,467,3.57
25,468,2.17
25,469,2.08
25,470,2.94
25,471,2.63
25,472,3.33
25,473,7.14
25,474,2.78
25,475,7.14
25,476,2.38
25,477,5
25,478,2
25,479,2.63
25,480,6.25
25,481,10
25,482,4.17
25,483,6.25
25,484,6.25
25,485,10
25,486,6.25
25,487,4.17
25,488,2.08
25,489,3.13
25,490,4.55
25,491,10
25,492,2
25,493,10
25,494,10
25,495,3.57
25,496,3.13
25,497,2.94
25,498,7.14
25,499,5
25,500,3.33
26,1,2.63
26,2,2.27
26,3,3.33
26,4,6.25
26,5,2.17
26,6,10
26,7,2.08
26,8,4.17
26,9,4.55
26,10,2.5
26,11,5
26,12,3.33
26,13,3.57
26,14,2.27
26,15,4.17
26,16,7.14
26,17,2.38
26,18,2
26,19,7.14
26,20,5.56
26,21,2.08
26,22,3.13
26,23,5
26,24,2.94
26,25,5.56
26,26,3.85
26,27,2.17
26,28,2.78
26,29,2.08
26,30,2.5
26,31,2.17
26,32,2.94
26,33,4.17
26,34,2.63
26,35,4.17
26,36,4.55
26,37,8.33
26,38,5.56
26,39,2.63
26,40,2.27
26,41,2.17
26,42,3.57
26,43,6.25
26,44,3.57
26,45,2.94
26,46,3.85
26,47,2.27
26,48,2.27
26,49,2
26,50,2.5
26,51,3.85
26,52,2.27
26,53,8.33
26,54,8.33
26,55,10
26,56,10
26,57,2.17
26,58,2.78
26,59,2.08
26,60,5
26,61,2.08
26,62,7.14
26,63,2.5
26,64,4.55
26,65,2.27
26,66,2.5
26,67,2.08
26,68,2.27
26,69,2.17
26,70,2.17
26,71,5.56
26,72,4.17
26,73,8.33
26,74,3.13
26,75,2.78
26,76,2.5
26,77,2.38
26,78,2.78
26,79,2.17
26,80,2
26,81,3.33
26,82,3.13
26,83,10
26,84,2
26,85,8.33
26,86,4.17
26,87,2.38
26,88,2.78
26,89,2.5
26,90,2.63
26,91,2.08
26,92,6.25
26,93,4.17
26,94,3.33
26,95,2.78
26,96,3.85
26,97,4.55
26,98,5
26,99,2.27
26,100,2.5
26,101,5.56
26,102,5.56
26,103,2.27
26,104,2.5
26,105,5.56
26,106,2.94
26,107,5
26,108,7.14
26,109,4.17
26,110,2.63
26,111,3.13
26,112,3.13
26,113,8.33
26,114,8.33
26,115,2.94
26,116,3.57
26,117,2.94
26,118,4.17
26,119,7.14
26,120,2.08
26,121,2.38
26,122,2.08
26,123,3.33
26,124,2.5
26,125,2
26,126,7.14
26,127,2.78
26,128,3.33
26,129,3.85
26,130,3.57
26,131,2.94
26,132,6.25
26,133,4.55
26,134,4.17
26,135,2.5
26,136,3.13
26,137,2.08
26,138,10
26,139,5
26,140,3.85
26,141,6.25
26,142,4.17
26,143,6.25
26,144,3.33
26,145,2.38
26,146,3.33
26,147,3.13
26,148,4.17
26,149,2.78
26,150,5.56
26,151,4.17
26,152,10
26,153,2.5
26,154,2.17
26,155,2.17
26,156,5.56
26,157,3.85
26,158,2.94
26,159,4.55
26,160,2.38
26,161,2.27
26,162,3.85
26,163,4.17
26,164,6.25
26,165,2.5
26,166,2.94
26,167,2.94
26,168,2
26,169,3.33
26,170,6.25
26,171,2.5
26,172,10
26,173,2.17
26,174,3.33
26,175,2.17
26,176,2.5
26,177,2.78
26,178,8.33
26,179,2.08
26,180,2.38
26,181,2.78
26,182,2
26,183,2
26,184,2.78
26,185,3.85
26,186,3.13
26,187,6.25
26,188,3.33
26,189,5.56
26,190,2.38
26,191,2.27
26,192,2.08
26,193,5
26,194,10
26,195,5.56
26,196,2.38
26,197,2.38
26,198,5.56
26,199,2.63
26,200,7.14
26,201,3.13
26,202,2.38
26,203,8.33
26,204,3.33
26,205,3.85
26,206,5.56
26,207,4.55
26,208,4.17
26,209,4.55
26,210,4.55
26,211,2.08
26,212,3.13
26,213,5.56
26,214,3.57
26,215,3.85
26,216,5
26,217,3.85
26,218,2.27
26,219,2.08
26,220,2.94
26,221,2.08
26,222,3.13
26,223,2.78
26,224,3.13
26,225,6.25
26,226,4.17
26,227,2.94
26,228,2.17
26,229,7.14
26,230,8.33
26,231,2
26,232,3.57
26,233,2.94
26,234,2.08
26,235,2.38
26,236,2.17
26,237,2.27
26,238,3.57
26,239,2.5
26,240,2.94
26,241,2.27
26,242,3.33
26,243,10
26,244,2.27
26,245,2.17
26,246,2.78
26,247,2.94
26,248,2
26,249,2.38
26,250,4.55
26,251,2.27
26,252,3.85
26,253,5.56
26,254,2.17
26,255,2
26,256,3.33
26,257,3.33
26,258,2.08
26,259,8.33
26,260,2.08
26,261,2.38
26,262,2.5
26,263,6.25
26,264,6.25
26,265,3.33
26,266,2.78
26,267,2.63
26,268,7.14
26,269,3.57
26,270,3.57
26,271,10
26,272,2
26,273,2.94
26,274,2.08
26,275,4.17
26,276,3.85
26,277,3.57
26,278,7.14
26,279,5
26,280,2.27
26,281,8.33
26,282,4.17
26,283,2.38
26,284,2.63
26,285,5
26,286,2.17
26,287,2.08
26,288,2.5
26,289,4.55
26,290,4.55
26,291,2.38
26,292,2.08
26,293,2
26,294,3.33
26,295,3.33
26,296,2.63
26,297,3.85
26,298,2.27
26,299,3.85
26,300,3.57
26,301,10
26,302,2.08
26,303,4.55
26,304,3.33
26,305,2.94
26,306,6.25
26,307,8.33
26,308,2.5
26,309,2.78
26,310,3.85
26,311,4.17
26,312,2.08
26,313,3.13
26,314,2.63
26,315,2.38
26,316,2.17
26,317,2.94
26,318,3.85
26,319,8.33
26,320,2.17
26,321,2.5
26,322,5.56
26,323,2.94
26,324,2.5
26,325,3.57
26,326,3.57
26,327,2.17
26,328,2.5
26,329,3.85
26,330,6.25
26,331,7.14
26,332,2.94
26,333,2.27
26,334,2.17
26,335,6.25
26,336,2.08
26,337,3.57
26,338,3.13
26,339,8.33
26,340,8.33
26,341,2.08
26,342,2.27
26,343,5.56
26,344,2.27
26,345,4.55
26,346,3.33
26,347,2.38
26,348,10
26,349,5
26,350,3.57
26,351,3.85
26,352,6.25
26,353,2.5
26,354,6.25
26,355,2.63
26,356,3.57
26,357,2.38
26,358,2.94
26,359,7.14
26,360,5
26,361,4.17
26,362,2.17
26,363,8.33
26,364,8.33
26,365,2.5
26,366,3.57
26,367,2.38
26,368,2.08
26,369,6.25
26,370,2.94
26,371,3.85
26,372,2.08
26,373,2.17
26,374,3.33
26,375,10
26,376,2.5
26,377,2.94
26,378,3.33
26,379,5
26,380,8.33
26,381,2.38
26,382,4.55
26,383,3.57
26,384,5.56
26,385,2.63
26,386,6.25
26,387,5.56
26,388,3.33
26,389,3.13
26,390,10
26,391,2.94
26,392,2
26,393,2.17
26,394,10
26,395,2.78
26,396,5.56
26,397,2.17
26,398,3.13
26,399,4.17
26,400,2.78
26,401,2.78
26,402,3.13
26,403,3.85
26,404,5
26,405,3.57
26,406,6.25
26,407,3.57
26,408,5
26,409,2.63
26,410,8.33
26,411,6.25
26,412,3.13
26,413,8.33
26,414,2.78
26,415,2.17
26,416,2.38
26,417,2.5
26,418,2.08
26,419,2.78
26,420,6.25
26,421,10
26,422,7.14
26,423,6.25
26,424,3.33
26,425,2.94
26,426,3.57
26,427,4.17
26,428,2.38
26,429,7.14
26,430,10
26,431,8.33
26,432,2.08
26,433,8.33
26,434,4.55
26,435,2.08
26,436,10
26,437,8.33
26,438,2.17
26,439,5.56
26,440,8.33
26,441,5
26,442,8.33
26,443,3.13
26,444,3.13
26,445,5.56
26,446,2.78
26,447,2.94
26,448,2.94
26,449,2.5
26,450,5.56
26,451,10
26,452,3.57
26,453,6.25
26,454,2.63
26,455,2.08
26,456,3.33
26,457,2.27
26,458,2.27
26,459,2.78
26,460,2.63
26,461,4.17
26,462,2.27
26,463,2.17
26,464,3.33
26,465,2.78
26,466,2.38
26,467,2.27
26,468,2.78
26,469,4.17
26,470,2
26,471,10
26,472,4.17
26,473,5
26,474,4.55
26,475,4.55
26,476,2.27
26,477,5
26,478,2
26,479,3.57
26,480,2.27
26,481,2.5
26,482,5.56
26,483,2.78
26,484,2.94
26,485,3.85
26,486,6.25
26,487,2.63
26,488,3.85
26,489,2.27
26,490,3.57
26,491,4.17
26,492,5
26,493,4.55
26,494,2.63
26,495,4.17
26,496,2.17
26,497,3.33
26,498,3.13
26,499,6.25
26,500,5
27,1,4.17
27,2,2.5
27,3,10
27,4,2.78
27,5,2.78
27,6,2.17
27,7,10
27,8,2.94
27,9,2.5
27,10,2.5
27,11,2.08
27,12,3.13
27,13,3.85
27,14,10
27,15,8.33
27,16,4.55
27,17,5.56
27,18,3.13
27,19,2.94
27,20,3.57
27,21,2.17
27,22,5.56
27,23,2.08
27,24,3.33
27,25,2.78
27,26,6.25
27,27,2.63
27,28,5
27,29,2.78
27,30,3.57
27,31,6.25
27,32,2.08
27,33,3.33
27,34,2.63
27,35,7.14
27,36,2.78
27,37,2.17
27,38,7.14
27,39,2.38
27,40,2.38
27,41,2.08
27,42,4.17
27,43,2.08
27,44,2.94
27,45,4.55
27,46,2.27
27,47,2.38
27,48,8.33
27,49,2.17
27,50,3.33
27,51,2.27
27,52,4.17
27,53,5
27,54,4.17
27,55,5.56
27,56,3.33
27,57,3.57
27,58,2.78
27,59,3.33
27,60,8.33
27,61,3.57
27,62,2.63
27,63,4.55
27,64,3.85
27,65,2.94
27,66,2.27
27,67,3.57
27,68,2.78
27,69,8.33
27,70,2.78
27,71,2.27
27,72,6.25
27,73,2.27
27,74,10
27,75,4.55
27,76,2.08
27,77,8.33
27,78,2.63
27,79,10
27,80,2.27
27,81,3.57
27,82,7.14
27,83,2.78
27,84,2.38
27,85,2.94
27,86,4.17
27,87,10
27,88,3.85
27,89,2
27,90,5.56
27,91,2.63
27,92,7.14
27,93,3.57
27,94,5.56
27,95,2.5
27,96,6.25
27,97,10
27,98,3.85
27,99,10
27,100,10
27,101,3.33
27,102,7.14
27,103,5.56
27,104,2.78
27,105,5
27,106,7.14
27,107,5
27,108,3.57
27,109,2
27,110,2.17
27,111,5.56
27,112,2.94
27,113,8.33
27,114,3.85
27,115,2
27,116,2.5
27,117,7.14
27,118,10
27,119,5.56
27,120,2.94
27,121,6.25
27,122,3.33
27,123,6.25
27,124,2.38
27,125,7.14
27,126,10
27,127,4.55
27,128,2.78
27,129,10
27,130,4.55
27,131,3.85
27,132,5
27,133,10
27,134,2.17
27,135,3.33
27,136,3.85
27,137,2
27,138,4.55
27,139,2.63
27,140,2.63
27,141,3.85
27,142,2.63
27,143,5
27,144,2
27,145,3.13
27,146,8.33
27,147,2.17
27,148,2.27
27,149,2.27
27,150,8.33
27,151,5.56
27,152,2.27
27,153,2
27,154,8.33
27,155,4.17
27,156,2.5
27,157,2.17
27,158,7.14
27,159,4.55
27,160,2
27,161,2.94
27,162,3.13
27,163,2.5
27,164,3.13
27,165,3.85
27,166,6.25
27,167,6.25
27,168,2.17
27,169,3.85
27,170,10
27,171,3.33
27,172,2.27
27,173,2.27
27,174,2.5
27,175,3.33
27,176,3.13
27,177,5
27,178,3.33
27,179,2.17
27,180,3.85
27,181,2.38
27,182,2.38
27,183,3.13
27,184,3.13
27,185,2
27,186,3.13
27,187,8.33
27,188,4.55
27,189,2.17
27,190,3.33
27,191,2.94
27,192,3.85
27,193,2.38
27,194,2.08
27,195,4.55
27,196,5.56
27,197,2.08
27,198,6.25
27,199,4.55
27,200,3.33
27,201,3.33
27,202,2.38
27,203,3.57
27,204,3.13
27,205,3.33
27,206,2.5
27,207,2.17
27,208,10
27,209,2.27
27,210,3.85
27,211,3.33
27,212,8.33
27,213,5
27,214,5
27,215,2.5
27,216,3.57
27,217,10
27,218,2.78
27,219,3.13
27,220,7.14
27,221,6.25
27,222,2.63
27,223,5
27,224,2.38
27,225,2.08
27,226,2.38
27,227,2.94
27,228,10
27,229,2.78
27,230,4.17
27,231,2.5
27,232,8.33
27,233,3.57
27,234,3.57
27,235,7.14
27,236,5
27,237,6.25
27,238,3.57
27,239,2.08
27,240,3.13
27,241,4.55
27,242,3.57
27,243,5
27,244,2.63
27,245,4.17
27,246,2.5
27,247,2.27
27,248,2.08
27,249,5.56
27,250,8.33
27,251,10
27,252,3.57
27,253,3.85
27,254,2.63
27,255,3.13
27,256,5.56
27,257,2.78
27,258,2.78
27,259,2.5
27,260,2.08
27,261,2.63
27,262,4.17
27,263,8.33
27,264,7.14
27,265,2.63
27,266,3.33
27,267,4.55
27,268,2.08
27,269,2.5
27,270,10
27,271,3.85
27,272,8.33
27,273,3.33
27,274,2.78
27,275,8.33
27,276,3.33
27,277,2.27
27,278,10
27,279,3.57
27,280,6.25
27,281,5.56
27,282,2.5
27,283,2.5
27,284,2.5
27,285,3.13
27,286,2.78
27,287,3.85
27,288,5.56
27,289,3.57
27,290,7.14
27,291,2.78
27,292,5
27,293,3.85
27,294,2.27
27,295,3.57
27,296,5.56
27,297,8.33
27,298,2.38
27,299,6.25
27,300,10
27,301,10
27,302,4.17
27,303,3.57
27,304,6.25
27,305,4.17
27,306,2.78
27,307,10
27,308,2.5
27,309,6.25
27,310,3.85
27,311,2.08
27,312,2.63
27,313,10
27,314,6.25
27,315,3.57
27,316,3.33
27,317,2.63
27,318,2.08
27,319,6.25
27,320,2.17
27,321,5
27,322,2.63
27,323,2.63
27,324,2.5
27,325,6.25
27,326,10
27,327,3.57
27,328,2.94
27,329,2.63
27,330,5
27,331,6.25
27,332,2.38
27,333,3.13
27,334,3.57
27,335,3.85
27,336,4.17
27,337,8.33
27,338,7.14
27,339,2.5
27,340,2.38
27,341,10
27,342,5
27,343,2.94
27,344,2.27
27,345,7.14
27,346,2.27
27,347,2.78
27,348,3.33
27,349,8.33
27,350,2.08
27,351,6.25
27,352,5.56
27,353,4.55
27,354,2.63
27,355,2.63
27,356,2.94
27,357,8.33
27,358,2.5
27,359,8.33
27,360,5.56
27,361,8.33
27,362,3.13
27,363,2.78
27,364,6.25
27,365,2.5
27,366,2.94
27,367,3.33
27,368,2.5
27,369,10
27,370,2.38
27,371,10
27,372,2.63
27,373,2.63
27,374,2
27,375,6.25
27,376,8.33
27,377,2.38
27,378,10
27,379,4.55
27,380,2.17
27,381,2.27
27,382,5.56
27,383,2.27
27,384,10
27,385,2
27,386,4.55
27,387,3.57
27,388,3.57
27,389,8.33
27,390,2.5
27,391,7.14
27,392,10
27,393,2.63
27,394,3.33
27,395,6.25
27,396,5.56
27,397,8.33
27,398,3.85
27,399,2.08
27,400,2.78
27,401,8.33
27,402,2
27,403,2.27
27,404,4.17
27,405,2.5
27,406,3.33
27,407,6.25
27,408,5.56
27,409,3.57
27,410,3.13
27,411,2.17
27,412,5
27,413,4.17
27,414,3.13
27,415,4.17
27,416,7.14
27,417,8.33
27,418,8.33
27,419,5.56
27,420,2.38
27,421,2.5
27,422,3.57
27,423,2.5
27,424,2.17
27,425,4.55
27,426,2.63
27,427,4.55
27,428,2.08
27,429,4.55
27,430,4.17
27,431,4.55
27,432,5.56
27,433,2.38
27,434,3.33
27,435,3.85
27,436,10
27,437,5.56
27,438,2.08
27,439,5.56
27,440,8.33
27,441,6.25
27,442,4.17
27,443,4.55
27,444,3.57
27,445,2.08
27,446,2.27
27,447,2.38
27,448,7.14
27,449,8.33
27,450,5.56
27,451,2.38
27,452,3.57
27,453,2.38
27,454,4.17
27,455,2.27
27,456,2.63
27,457,3.57
27,458,3.33
27,459,2.94
27,460,4.17
27,461,10
27,462,2.5
27,463,3.57
27,464,2
27,465,5.56
27,466,2.27
27,467,2.27
27,468,2.38
27,469,3.85
27,470,6.25
27,471,2.94
27,472,3.33
27,473,5.56
27,474,10
27,475,4.55
27,476,3.85
27,477,3.85
27,478,2.5
27,479,3.33
27,480,6.25
27,481,2.5
27,482,2.94
27,483,2.17
27,484,3.57
27,485,2.63
27,486,5.56
27,487,10
27,488,2.94
27,489,6.25
27,490,3.85
27,491,5.56
27,492,3.57
27,493,10
27,494,2.08
27,495,2.78
27,496,2.63
27,497,8.33
27,498,7.14
27,499,10
27,500,2.5
28,1,2
28,2,2
28,3,3.33
28,4,7.14
28,5,2.27
28,6,2.5
28,7,2.78
28,8,2.94
28,9,6.25
28,10,6.25
28,11,7.14
28,12,5.56
28,13,7.14
28,14,2.5
28,15,6.25
28,16,3.13
28,17,2.78
28,18,3.33
28,19,4.17
28,20,3.85
28,21,6.25
28,22,3.33
28,23,6.25
28,24,2.38
28,25,2.27
28,26,3.13
28,27,2.08
28,28,2.63
28,29,3.33
28,30,2.78
28,31,2.94
28,32,3.13
28,33,5.56
28,34,2.27
28,35,3.33
28,36,2.38
28,37,2.38
28,38,2
28,39,2.94
28,40,3.85
28,41,4.17
28,42,4.17
28,43,3.13
28,44,2.94
28,45,2.38
28,46,2.17
28,47,2.08
28,48,8.33
28,49,3.57
28,50,2.63
28,51,4.17
28,52,2.5
28,53,2.08
28,54,4.17
28,55,4.17
28,56,7.14
28,57,7.14
28,58,2
28,59,3.85
28,60,3.85
28,61,5
28,62,8.33
28,63,3.13
28,64,5
28,65,2.38
28,66,5
28,67,3.85
28,68,3.57
28,69,2.5
28,70,2.78
28,71,10
28,72,2.08
28,73,2.94
28,74,7.14
28,75,5.56
28,76,2.78
28,77,2
28,78,2.27
28,79,6.25
28,80,2.63
28,81,2.38
28,82,2.63
28,83,10
28,84,2.38
28,85,2.94
28,86,6.25
28,87,4.17
28,88,3.13
28,89,2.08
28,90,5.56
28,91,2
28,92,3.33
28,93,3.13
28,94,10
28,95,10
28,96,2.08
28,97,3.57
28,98,2.38
28,99,2.17
28,100,3.33
28,101,7.14
28,102,2.94
28,103,2.63
28,104,2
28,105,2.08
28,106,3.57
28,107,2.63
28,108,2.63
28,109,7.14
28,110,2.17
28,111,5
28,112,4.55
28,113,2.78
28,114,2.38
28,115,2.08
28,116,3.85
28,117,2.38
28,118,2.63
28,119,10
28,120,3.13
28,121,2
28,122,10
28,123,2.17
28,124,4.55
28,125,2.94
28,126,4.17
28,127,3.13
28,128,2.78
28,129,2.78
28,130,6.25
28,131,2.63
28,132,2.94
28,133,3.33
28,134,5.56
28,135,2.27
28,136,2.78
28,137,2.5
28,138,2.27
28,139,2.78
28,140,2.94
28,141,2
28,142,6.25
28,143,2.08
28,144,3.13
28,145,2.27
28,146,2.63
28,147,10
28,148,3.57
28,149,3.85
28,150,3.57
28,151,2.08
28,152,3.57
28,153,2.78
28,154,2.38
28,155,2.38
28,156,4.17
28,157,2.27
28,158,2.5
28,159,5
28,160,4.55
28,161,2.08
28,162,5
28,163,3.57
28,164,2.63
28,165,2
28,166,5.56
28,167,2
28,168,2.63
28,169,2
28,170,2
28,171,5.56
28,172,2.38
28,173,3.33
28,174,7.14
28,175,2.5
28,176,3.57
28,177,2.38
28,178,8.33
28,179,10
28,180,2.38
28,181,6.25
28,182,2.27
28,183,3.13
28,184,6.25
28,185,5.56
28,186,2.5
28,187,3.57
28,188,8.33
28,189,4.17
28,190,2.08
28,191,3.85
28,192,2.5
28,193,2.63
28,194,5
28,195,2.78
28,196,2.38
28,197,2
28,198,2.94
28,199,8.33
28,200,2.63
28,201,2.17
28,202,5.56
28,203,4.17
28,204,3.57
28,205,8.33
28,206,2.5
28,207,7.14
28,208,3.13
28,209,4.17
28,210,8.33
28,211,3.85
28,212,7.14
28,213,4.17
28,214,4.55
28,215,4.17
28,216,2.63
28,217,5
28,218,2
28,219,4.55
28,220,3.57
28,221,7.14
28,222,7.14
28,223,4.17
28,224,10
28,225,2.5
28,226,5.56
28,227,6.25
28,228,2.94
28,229,5.56
28,230,5.56
28,231,5
28,232,2.5
28,233,3.85
28,234,2.94
28,235,4.55
28,236,2.94
28,237,3.13
28,238,4.55
28,239,2.5
28,240,3.33
28,241,8.33
28,242,8.33
28,243,6.25
28,244,2.38
28,245,2.38
28,246,4.55
28,247,3.85
28,248,4.17
28,249,3.13
28,250,6.25
28,251,6.25
28,252,8.33
28,253,8.33
28,254,2.08
28,255,4.55
28,256,2.63
28,257,5.56
28,258,3.13
28,259,5.56
28,260,2.08
28,261,4.17
28,262,8.33
28,263,7.14
28,264,2.27
28,265,2.5
28,266,2.38
28,267,2
28,268,3.85
28,269,3.13
28,270,4.55
28,271,6.25
28,272,5
28,273,2.27
28,274,2.38
28,275,2.17
28,276,3.33
28,277,2.63
28,278,3.13
28,279,3.33
28,280,10
28,281,2.63
28,282,2.94
28,283,5.56
28,284,2.5
28,285,2.38
28,286,4.17
28,287,7.14
28,288,2
28,289,6.25
28,290,2.38
28,291,2.63
28,292,2.78
28,293,5
28,294,10
28,295,5.56
28,296,4.55
28,297,2.94
28,298,2.78
28,299,2.5
28,300,2
28,301,2.5
28,302,2.27
28,303,2
28,304,3.85
28,305,8.33
28,306,4.55
28,307,2.94
28,308,8.33
28,309,2.38
28,310,2.17
28,311,2.27
28,312,3.85
28,313,2
28,314,2.17
28,315,2
28,316,2.38
28,317,2.27
28,318,7.14
28,319,2.27
28,320,2
28,321,2.27
28,322,2.38
28,323,2.08
28,324,5
28,325,5
28,326,8.33
28,327,5
28,328,2.94
28,329,5.56
28,330,5
28,331,2
28,332,3.33
28,333,3.13
28,334,7.14
28,335,3.85
28,336,7.14
28,337,4.17
28,338,4.55
28,339,5.56
28,340,6.25
28,341,4.17
28,342,2.17
28,343,6.25
28,344,3.33
28,345,5
28,346,2.38
28,347,3.13
28,348,2.08
28,349,10
28,350,2.63
28,351,8.33
28,352,2.5
28,353,3.85
28,354,2.78
28,355,2.27
28,356,2.38
28,357,3.13
28,358,2.63
28,359,2
28,360,2.17
28,361,2.27
28,362,5.56
28,363,10
28,364,2.17
28,365,2.5
28,366,5
28,367,3.13
28,368,10
28,369,3.13
28,370,6.25
28,371,2.5
28,372,2
28,373,2.5
28,374,2.63
28,375,7.14
28,376,4.55
28,377,2.38
28,378,2
28,379,10
28,380,5
28,381,2.5
28,382,10
28,383,2.5
28,384,2.63
28,385,2.5
28,386,5
28,387,8.33
28,388,4.17
28,389,5.56
28,390,4.55
28,391,2.5
28,392,3.13
28,393,2.63
28,394,8.33
28,395,2.17
28,396,2.78
28,397,7.14
28,398,10
28,399,6.25
28,400,6.25
28,401,2.5
28,402,8.33
28,403,2.17
28,404,3.33
28,405,2.5
28,406,3.33
28,407,3.57
28,408,2.63
28,409,4.55
28,410,5
28,411,5.56
28,412,6.25
28,413,10
28,414,5.56
28,415,2.08
28,416,2.78
28,417,2.38
28,418,2.5
28,419,3.33
28,420,3.57
28,421,2.63
28,422,4.17
28,423,8.33
28,424,5
28,425,10
28,426,2.27
28,427,10
28,428,5
28,429,5.56
28,430,3.85
28,431,5.56
28,432,2.17
28,433,5
28,434,6.25
28,435,3.13
28,436,10
28,437,7.14
28,438,5.56
28,439,2.08
28,440,6.25
28,441,2.94
28,442,5.56
28,443,2.27
28,444,3.85
28,445,2.38
28,446,3.33
28,447,2.94
28,448,5.56
28,449,7.14
28,450,4.17
28,451,2.5
28,452,2.17
28,453,7.14
28,454,5.56
28,455,2.38
28,456,3.33
28,457,3.33
28,458,5
28,459,2.08
28,460,10
28,461,2.63
28,462,7.14
28,463,6.25
28,464,4.55
28,465,4.17
28,466,2.38
28,467,2.17
28,468,3.33
28,469,10
28,470,2.17
28,471,2.38
28,472,3.33
28,473,8.33
28,474,2.63
28,475,2.94
28,476,2.63
28,477,8.33
28,478,2.5
28,479,2
28,480,2.38
28,481,3.13
28,482,5.56
28,483,3.33
28,484,2.5
28,485,2.94
28,486,3.57
28,487,4.17
28,488,4.17
28,489,2.27
28,490,2.38
28,491,2.17
28,492,10
28,493,6.25
28,494,7.14
28,495,4.17
28,496,8.33
28,497,2.5
28,498,4.55
28,499,2.63
28,500,3.57
29,1,3.33
29,2,2.27
29,3,7.14
29,4,2.17
29,5,2.78
29,6,2.63
29,7,2.38
29,8,2.78
29,9,7.14
29,10,8.33
29,11,3.13
29,12,7.14
29,13,8.33
29,14,3.85
29,15,2.08
29,16,4.55
29,17,4.17
29,18,3.57
29,19,3.13
29,20,4.55
29,21,5.56
29,22,10
29,23,8.33
29,24,2.17
29,25,3.33
29,26,3.85
29,27,3.33
29,28,4.55
29,29,5
29,30,8.33
29,31,10
29,32,2.78
29,33,2.78
29,34,2.08
29,35,2.94
29,36,3.33
29,37,8.33
29,38,2.94
29,39,4.17
29,40,3.57
29,41,2.27
29,42,8.33
29,43,8.33
29,44,3.85
29,45,3.85
29,46,2
29,47,3.85
29,48,2.27
29,49,2.94
29,50,2.78
29,51,3.57
29,52,8.33
29,53,6.25
29,54,8.33
29,55,2.08
29,56,2.08
29,57,2
29,58,6.25
29,59,3.33
29,60,3.57
29,61,2.38
29,62,2.94
29,63,7.14
29,64,4.17
29,65,3.57
29,66,5
29,67,2.78
29,68,7.14
29,69,2
29,70,4.17
29,71,7.14
29,72,2.78
29,73,10
29,74,7.14
29,75,2.63
29,76,2.63
29,77,4.55
29,78,2.27
29,79,6.25
29,80,2.17
29,81,2.17
29,82,7.14
29,83,3.33
29,84,2.5
29,85,2.27
29,86,8.33
29,87,3.33
29,88,3.13
29,89,2.38
29,90,2
29,91,8.33
29,92,2.78
29,93,7.14
29,94,5.56
29,95,3.13
29,96,2.38
29,97,8.33
29,98,2.08
29,99,3.13
29,100,3.33
29,101,5
29,102,4.17
29,103,2.63
29,104,2.27
29,105,6.25
29,106,2.5
29,107,2.27
29,108,8.33
29,109,2.08
29,110,2.63
29,111,2.08
29,112,2.17
29,113,2.38
29,114,3.13
29,115,4.55
29,116,3.57
29,117,2.94
29,118,3.85
29,119,10
29,120,2.94
29,121,5
29,122,8.33
29,123,5
29,124,3.57
29,125,4.17
29,126,3.13
29,127,6.25
29,128,3.13
29,129,7.14
29,130,10
29,131,3.57
29,132,2.08
29,133,2.78
29,134,2
29,135,2.63
29,136,2.38
29,137,3.57
29,138,2.5
29,139,2.08
29,140,2.08
29,141,5.56
29,142,2.94
29,143,7.14
29,144,2.78
29,145,4.55
29,146,2.08
29,147,10
29,148,2.17
29,149,2.38
29,150,5.56
29,151,7.14
29,152,5.56
29,153,4.55
29,154,4.17
29,155,2.38
29,156,6.25
29,157,8.33
29,158,2.38
29,159,8.33
29,160,7.14
29,161,2.17
29,162,3.85
29,163,2.5
29,164,2.5
29,165,3.57
29,166,3.33
29,167,2.38
29,168,2.5
29,169,2.63
29,170,3.33
29,171,2.27
29,172,2.94
29,173,4.55
29,174,4.55
29,175,8.33
29,176,3.13
29,177,2.5
29,178,10
29,179,2.63
29,180,3.85
29,181,3.57
29,182,4.55
29,183,8.33
29,184,2.5
29,185,2.17
29,186,2.5
29,187,5
29,188,4.17
29,189,2.78
29,190,7.14
29,191,2.94
29,192,2.38
29,193,2.17
29,194,2
29,195,2.78
29,196,10
29,197,2.63
29,198,3.85
29,199,4.17
29,200,4.55
29,201,10
29,202,2.17
29,203,10
29,204,3.33
29,205,2.08
29,206,3.33
29,207,2
29,208,10
29,209,3.85
29,210,3.13
29,211,3.33
29,212,2.08
29,213,3.85
29,214,8.33
29,215,3.13
29,216,2.63
29,217,2.38
29,218,4.55
29,219,3.13
29,220,2
29,221,3.13
29,222,2
29,223,2.5
29,224,2.5
29,225,4.55
29,226,2.17
29,227,2.38
29,228,2.08
29,229,4.55
29,230,2.17
29,231,2.94
29,232,2.08
29,233,3.57
29,234,10
29,235,10
29,236,8.33
29,237,2.08
29,238,2.63
29,239,2.94
29,240,2.5
29,241,8.33
29,242,8.33
29,243,2.78
29,244,3.57
29,245,3.57
29,246,4.17
29,247,10
29,248,3.33
29,249,2.27
29,250,7.14
29,251,7.14
29,252,7.14
29,253,2.38
29,254,2.63
29,255,3.13
29,256,2.08
29,257,3.85
29,258,2.38
29,259,2.17
29,260,4.17
29,261,6.25
29,262,2.5
29,263,8.33
29,264,2.78
29,265,3.33
29,266,2.78
29,267,2.27
29,268,3.85
29,269,2.5
29,270,2.63
29,271,2.94
29,272,7.14
29,273,7.14
29,274,3.85
29,275,3.85
29,276,4.17
29,277,2.94
29,278,3.33
29,279,7.14
29,280,10
29,281,3.57
29,282,2.17
29,283,7.14
29,284,8.33
29,285,8.33
29,286,3.57
29,287,3.13
29,288,2.27
29,289,3.85
29,290,4.17
29,291,3.57
29,292,7.14
29,293,3.33
29,294,3.57
29,295,3.57
29,296,3.33
29,297,3.13
29,298,2.38
29,299,2.08
29,300,10
29,301,2.63
29,302,7.14
29,303,5
29,304,2.5
29,305,3.57
29,306,5.56
29,307,3.33
29,308,2.27
29,309,4.55
29,310,4.55
29,311,2.63
29,312,2.63
29,313,5.56
29,314,2.17
29,315,10
29,316,6.25
29,317,3.85
29,318,3.13
29,319,2.78
29,320,2.63
29,321,2.63
29,322,7.14
29,323,5
29,324,2.08
29,325,3.85
29,326,6.25
29,327,2.78
29,328,3.85
29,329,2.94
29,330,2.27
29,331,2.38
29,332,10
29,333,6.25
29,334,2.17
29,335,5
29,336,3.57
29,337,3.57
29,338,3.57
29,339,2.63
29,340,2.08
29,341,7.14
29,342,3.85
29,343,2.78
29,344,3.85
29,345,3.13
29,346,8.33
29,347,2.5
29,348,2.38
29,349,4.17
29,350,2
29,351,2.08
29,352,8.33
29,353,2.27
29,354,8.33
29,355,3.33
29,356,2.78
29,357,8.33
29,358,5.56
29,359,3.13
29,360,4.17
29,361,2.27
29,362,5
29,363,2.5
29,364,3.33
29,365,2.08
29,366,3.85
29,367,10
29,368,2.27
29,369,5.56
29,370,2.38
29,371,4.17
29,372,6.25
29,373,3.57
29,374,10
29,375,4.55
29,376,8.33
29,377,2
29,378,2.63
29,379,3.57
29,380,2.27
29,381,6.25
29,382,5
29,383,4.17
29,384,2.27
29,385,2.08
29,386,3.57
29,387,8.33
29,388,5
29,389,5.56
29,390,3.13
29,391,2.94
29,392,6.25
29,393,5
29,394,2.27
29,395,2.78
29,396,2.5
29,397,7.14
29,398,4.17
29,399,4.17
29,400,4.55
29,401,2.94
29,402,4.55
29,403,2
29,404,7.14
29,405,2.38
29,406,3.57
29,407,2.27
29,408,7.14
29,409,4.55
29,410,5.56
29,411,2.38
29,412,2.63
29,413,2.17
29,414,3.13
29,415,3.85
29,416,3.33
29,417,6.25
29,418,2.78
29,419,3.33
29,420,8.33
29,421,2.17
29,422,4.55
29,423,2.27
29,424,6.25
29,425,2.5
29,426,4.17
29,427,10
29,428,2.63
29,429,7.14
29,430,2.5
29,431,3.57
29,432,2.5
29,433,2.94
29,434,8.33
29,435,5
29,436,5.56
29,437,2
29,438,3.33
29,439,5
29,440,5
29,441,2.38
29,442,7.14
29,443,3.33
29,444,5
29,445,5.56
29,446,2.38
29,447,3.33
29,448,2.5
29,449,5.56
29,450,4.55
29,451,6.25
29,452,2.5
29,453,2.17
29,454,3.85
29,455,4.17
29,456,2
29,457,2.63
29,458,3.85
29,459,3.85
29,460,2.78
29,461,3.13
29,462,6.25
29,463,3.13
29,464,5.56
29,465,3.33
29,466,2.63
29,467,10
29,468,6.25
29,469,2
29,470,2.17
29,471,2.63
29,472,5
29,473,2.94
29,474,3.57
29,475,2.5
29,476,6.25
29,477,10
29,478,2.08
29,479,5
29,480,10
29,481,2.78
29,482,6.25
29,483,10
29,484,2.38
29,485,2.63
29,486,3.33
29,487,2.08
29,488,4.55
29,489,2.08
29,490,2.08
29,491,5.56
29,492,5
29,493,3.57
29,494,2.08
29,495,8.33
29,496,3.57
29,497,10
29,498,2.63
29,499,3.57
29,500,3.13
30,1,2.17
30,2,2.08
30,3,4.55
30,4,7.14
30,5,4.55
30,6,2.5
30,7,3.13
30,8,3.33
30,9,2.63
30,10,2.5
30,11,4.17
30,12,2
30,13,6.25
30,14,4.55
30,15,2.17
30,16,3.85
30,17,2.27
30,18,2.63
30,19,5.56
30,20,5
30,21,5.56
30,22,10
30,23,6.25
30,24,2.27
30,25,2.38
30,26,3.57
30,27,3.85
30,28,2.78
30,29,4.17
30,30,4.17
30,31,2.63
30,32,2.38
30,33,2.17
30,34,5
30,35,2
30,36,2.5
30,37,10
30,38,2.08
30,39,2.27
30,40,7.14
30,41,2.08
30,42,2.08
30,43,2.94
30,44,2.5
30,45,2.38
30,46,10
30,47,2.63
30,48,2.38
30,49,4.17
30,50,2.17
30,51,2.5
30,52,4.17
30,53,2.08
30,54,2.27
30,55,2.94
30,56,3.33
30,57,5
30,58,4.17
30,59,10
30,60,2.38
30,61,2.94
30,62,7.14
30,63,5.56
30,64,4.17
30,65,3.13
30,66,2.17
30,67,2.94
30,68,4.55
30,69,2.08
30,70,7.14
30,71,10
30,72,2.94
30,73,2
30,74,5.56
30,75,3.13
30,76,2.63
30,77,3.13
30,78,2.63
30,79,3.85
30,80,2.08
30,81,3.13
30,82,2.63
30,83,2.63
30,84,3.85
30,85,2.5
30,86,3.13
30,87,7.14
30,88,2.78
30,89,6.25
30,90,3.85
30,91,7.14
30,92,2.17
30,93,2.5
30,94,2.38
30,95,4.55
30,96,8.33
30,97,4.17
30,98,4.55
30,99,2.5
30,100,3.33
30,101,2.27
30,102,5.56
30,103,3.57
30,104,2.17
30,105,6.25
30,106,3.85
30,107,2
30,108,10
30,109,5.56
30,110,7.14
30,111,3.13
30,112,8.33
30,113,3.57
30,114,2.94
30,115,3.33
30,116,3.33
30,117,10
30,118,3.13
30,119,7.14
30,120,2.78
30,121,2.38
30,122,2.94
30,123,8.33
30,124,2.63
30,125,10
30,126,2
30,127,7.14
30,128,2
30,129,3.33
30,130,4.55
30,131,3.57
30,132,2.78
30,133,4.17
30,134,3.57
30,135,2.78
30,136,6.25
30,137,2.63
30,138,2
30,139,2.27
30,140,5
30,141,3.57
30,142,2.27
30,143,5
30,144,5
30,145,2.38
30,146,6.25
30,147,2.94
30,148,2.5
30,149,5.56
30,150,4.55
30,151,10
30,152,2.08
30,153,4.55
30,154,3.85
30,155,7.14
30,156,2.78
30,157,5.56
30,158,10
30,159,2.17
30,160,3.57
30,161,4.55
30,162,10
30,163,3.85
30,164,2.94
30,165,2.38
30,166,3.57
30,167,5.56
30,168,4.17
30,169,5
30,170,2.17
30,171,5
30,172,3.13
30,173,3.33
30,174,7.14
30,175,7.14
30,176,4.17
30,177,3.13
30,178,2.08
30,179,4.55
30,180,4.55
30,181,4.55
30,182,6.25
30,183,3.85
30,184,4.55
30,185,2.17
30,186,10
30,187,2.27
30,188,2.27
30,189,2
30,190,10
30,191,3.13
30,192,2.27
30,193,5.56
30,194,4.17
30,195,2.38
30,196,10
30,197,2.17
30,198,2.63
30,199,3.33
30,200,2.17
30,201,2.94
30,202,6.25
30,203,3.13
30,204,4.17
30,205,6.25
30,206,2
30,207,8.33
30,208,3.13
30,209,6.25
30,210,8.33
30,211,2.5
30,212,10
30,213,2.08
30,214,2.17
30,215,2.78
30,216,8.33
30,217,2.08
30,218,2.78
30,219,8.33
30,220,10
30,221,2.63
30,222,3.85
30,223,4.17
30,224,7.14
30,225,2.17
30,226,2.17
30,227,2.17
30,228,8.33
30,229,5.56
30,230,2.5
30,231,2.08
30,232,2.17
30,233,2.27
30,234,2
30,235,4.17
30,236,7.14
30,237,10
30,238,4.55
30,239,2.17
30,240,2.78
30,241,2.27
30,242,2.38
30,243,2
30,244,2
30,245,2.27
30,246,7.14
30,247,2.78
30,248,2.38
30,249,4.17
30,250,2.38
30,251,3.13
30,252,8.33
30,253,3.85
30,254,5
30,255,2.63
30,256,10
30,257,4.55
30,258,8.33
30,259,8.33
30,260,2.78
30,261,2.5
30,262,10
30,263,3.57
30,264,6.25
30,265,3.57
30,266,2
30,267,2.63
30,268,2.94
30,269,3.13
30,270,6.25
30,271,8.33
30,272,2.78
30,273,8.33
30,274,2
30,275,10
30,276,5.56
30,277,2.63
30,278,10
30,279,6.25
30,280,4.55
30,281,5.56
30,282,8.33
30,283,7.14
30,284,3.85
30,285,4.17
30,286,3.57
30,287,8.33
30,288,2.94
30,289,2.17
30,290,7.14
30,291,4.55
30,292,7.14
30,293,7.14
30,294,2.78
30,295,10
30,296,6.25
30,297,6.25
30,298,4.55
30,299,6.25
30,300,5
30,301,7.14
30,302,3.57
30,303,4.55
30,304,2.5
30,305,3.13
30,306,3.13
30,307,4.55
30,308,3.85
30,309,8.33
30,310,8.33
30,311,2.78
30,312,2
30,313,3.13
30,314,10
30,315,3.13
30,316,4.55
30,317,10
30,318,3.13
30,319,10
30,320,2.27
30,321,2.38
30,322,2
30,323,2.38
30,324,2.08
30,325,5.56
30,326,7.14
30,327,5
30,328,3.57
30,329,3.57
30,330,8.33
30,331,5
30,332,2
30,333,4.17
30,334,2.94
30,335,3.33
30,336,3.13
30,337,2
30,338,4.55
30,339,2.27
30,340,6.25
30,341,2.17
30,342,3.57
30,343,10
30,344,3.85
30,345,2.08
30,346,3.57
30,347,3.33
30,348,3.33
30,349,3.13
30,350,6.25
30,351,2
30,352,4.17
30,353,10
30,354,6.25
30,355,8.33
30,356,3.13
30,357,2.08
30,358,2.63
30,359,8.33
30,360,5
30,361,2
30,362,5.56
30,363,3.57
30,364,3.57
30,365,2.08
30,366,2.78
30,367,2.17
30,368,2.17
30,369,3.57
30,370,4.17
30,371,3.13
30,372,5.56
30,373,2.17
30,374,2.94
30,375,2.38
30,376,3.33
30,377,5.56
30,378,3.13
30,379,2.38
30,380,6.25
30,381,2.17
30,382,7.14
30,383,2.27
30,384,6.25
30,385,3.85
30,386,2.78
30,387,2
30,388,2.08
30,389,8.33
30,390,2.38
30,391,5.56
30,392,4.17
30,393,2.78
30,394,2.78
30,395,2.27
30,396,2.63
30,397,2.63
30,398,4.17
30,399,4.17
30,400,8.33
30,401,5
30,402,4.55
30,403,5.56
30,404,7.14
30,405,3.33
30,406,5
30,407,2.08
30,408,3.33
30,409,3.33
30,410,3.13
30,411,7.14
30,412,2.27
30,413,6.25
30,414,2.08
30,415,2.5
30,416,2.17
30,417,4.55
30,418,2.63
30,419,8.33
30,420,5
30,421,3.33
30,422,2.94
30,423,3.33
30,424,4.17
30,425,8.33
30,426,2.78
30,427,5.56
30,428,7.14
30,429,2.27
30,430,3.57
30,431,2.38
30,432,4.55
30,433,2.5
30,434,2.63
30,435,5
30,436,2.5
30,437,5.56
30,438,3.57
30,439,5
30,440,2.27
30,441,6.25
30,442,3.13
30,443,2.78
30,444,4.55
30,445,8.33
30,446,2
30,447,4.17
30,448,2.5
30,449,4.17
30,450,2.27
30,451,6.25
30,452,2.08
30,453,2.63
30,454,2.17
30,455,7.14
30,456,6.25
30,457,4.55
30,458,2.78
30,459,3.33
30,460,4.55
30,461,6.25
30,462,2.38
30,463,8.33
30,464,5
30,465,3.57
30,466,5
30,467,4.55
30,468,2
30,469,2.78
30,470,10
30,471,5
30,472,7.14
30,473,5
30,474,4.55
30,475,2.78
30,476,3.13
30,477,2.38
30,478,2.27
30,479,2.94
30,480,5
30,481,2.78
30,482,2.38
30,483,2.27
30,484,2.17
30,485,4.55
30,486,4.17
30,487,2.63
30,488,2.17
30,489,2.78
30,490,2.94
30,491,2.5
30,492,5
30,493,2.78
30,494,5.56
30,495,2.08
30,496,4.55
30,497,4.55
30,498,5.56
30,499,2.94
30,500,2.94
31,1,4.55
31,2,3.57
31,3,5.56
31,4,10
31,5,3.33
31,6,2.08
31,7,4.55
31,8,2.38
31,9,5.56
31,10,2.08
31,11,2.5
31,12,5.56
31,13,2.63
31,14,2
31,15,2.38
31,16,3.57
31,17,3.13
31,18,2
31,19,3.85
31,20,5.56
31,21,2.27
31,22,2.08
31,23,3.85
31,24,2
31,25,5.56
31,26,5.56
31,27,6.25
31,28,2.94
31,29,2.08
31,30,3.33
31,31,2.38
31,32,8.33
31,33,2.38
31,34,2.94
31,35,3.57
31,36,10
31,37,5
31,38,2.08
31,39,5.56
31,40,2.94
31,41,5.56
31,42,2.63
31,43,8.33
31,44,2.94
31,45,2.17
31,46,4.55
31,47,10
31,48,3.13
31,49,2.63
31,50,2.63
31,51,7.14
31,52,3.57
31,53,2.94
31,54,2.38
31,55,2.94
31,56,8.33
31,57,2.27
31,58,3.33
31,59,3.85
31,60,3.13
31,61,2.17
31,62,2
31,63,7.14
31,64,5
31,65,6.25
31,66,2.38
31,67,10
31,68,4.55
31,69,2.94
31,70,2.27
31,71,2.5
31,72,2.38
31,73,5
31,74,7.14
31,75,10
31,76,4.17
31,77,3.85
31,78,3.57
31,79,2.27
31,80,8.33
31,81,2.08
31,82,2.38
31,83,3.13
31,84,5
31,85,2.78
31,86,2.17
31,87,3.13
31,88,2
31,89,5
31,90,3.33
31,91,2.78
31,92,6.25
31,93,5
31,94,3.85
31,95,2
31,96,4.55
31,97,2.38
31,98,3.57
31,99,6.25
31,100,3.33
31,101,2.08
31,102,10
31,103,7.14
31,104,2.08
31,105,3.57
31,106,3.13
31,107,4.17
31,108,3.13
31,109,10
31,110,2.08
31,111,2.94
31,112,2.63
31,113,8.33
31,114,3.33
31,115,2.38
31,116,2.17
31,117,6.25
31,118,3.85
31,119,2.5
31,120,3.85
31,121,2.08
31,122,10
31,123,7.14
31,124,3.57
31,125,2.94
31,126,2.63
31,127,10
31,128,2.08
31,129,2.94
31,130,4.17
31,131,2.94
31,132,2
31,133,3.57
31,134,2.27
31,135,4.17
31,136,4.55
31,137,3.33
31,138,3.85
31,139,5.56
31,140,2.63
31,141,3.57
31,142,4.17
31,143,5
31,144,10
31,145,3.33
31,146,3.33
31,147,6.25
31,148,4.55
31,149,6.25
31,150,2.08
31,151,2.78
31,152,2.27
31,153,6.25
31,154,2.17
31,155,2.38
31,156,3.85
31,157,4.55
31,158,3.33
31,159,2.38
31,160,2
31,161,5.56
31,162,8.33
31,163,3.13
31,164,8.33
31,165,2.38
31,166,3.13
31,167,3.85
31,168,2.63
31,169,10
31,170,3.13
31,171,3.13
31,172,8.33
31,173,2.17
31,174,2.63
31,175,7.14
31,176,2.17
31,177,3.57
31,178,2.17
31,179,2
31,180,4.17
31,181,3.33
31,182,2.08
31,183,2.5
31,184,2.27
31,185,10
31,186,3.57
31,187,3.13
31,188,10
31,189,7.14
31,190,3.13
31,191,2.63
31,192,3.57
31,193,3.13
31,194,3.33
31,195,8.33
31,196,2.5
31,197,2
31,198,3.57
31,199,2.17
31,200,3.13
31,201,2.5
31,202,7.14
31,203,2.08
31,204,5
31,205,2.27
31,206,3.33
31,207,2.78
31,208,6.25
31,209,2.17
31,210,3.13
31,211,2.63
31,212,2.94
31,213,2.5
31,214,2
31,215,3.85
31,216,3.85
31,217,3.33
31,218,5
31,219,2.08
31,220,5.56
31,221,3.57
31,222,2.63
31,223,2.27
31,224,4.55
31,225,2.5
31,226,2.78
31,227,4.17
31,228,4.17
31,229,2.38
31,230,2.5
31,231,4.17
31,232,2.27
31,233,5.56
31,234,2.17
31,235,2
31,236,3.33
31,237,6.25
31,238,3.85
31,239,3.57
31,240,2.27
31,241,3.13
31,242,2.63
31,243,5.56
31,244,2.5
31,245,3.33
31,246,2.38
31,247,2.17
31,248,10
31,249,7.14
31,250,2.27
31,251,2.94
31,252,4.17
31,253,8.33
31,254,5.56
31,255,2.27
31,256,8.33
31,257,2.5
31,258,2.63
31,259,5.56
31,260,5
31,261,5.56
31,262,3.33
31,263,3.13
31,264,4.17
31,265,3.33
31,266,4.17
31,267,2.5
31,268,3.33
31,269,4.17
31,270,2.38
31,271,2.78
31,272,4.55
31,273,5
31,274,6.25
31,275,3.57
31,276,10
31,277,7.14
31,278,2.5
31,279,4.55
31,280,2
31,281,2.17
31,282,2.17
31,283,10
31,284,6.25
31,285,5
31,286,3.13
31,287,10
31,288,2.94
31,289,2.63
31,290,2.08
31,291,2.63
31,292,10
31,293,2.63
31,294,5.56
31,295,2.5
31,296,5.56
31,297,2.63
31,298,2.38
31,299,3.57
31,300,2.94
31,301,8.33
31,302,2.94
31,303,2.17
31,304,5
31,305,5.56
31,306,5.56
31,307,2.5
31,308,2.63
31,309,10
31,310,2.94
31,311,2.94
31,312,8.33
31,313,10
31,314,2.27
31,315,2.5
31,316,3.85
31,317,2.78
31,318,2.78
31,319,3.13
31,320,2.08
31,321,3.85
31,322,2.08
31,323,5.56
31,324,4.55
31,325,7.14
31,326,2.63
31,327,3.57
31,328,3.33
31,329,4.55
31,330,8.33
31,331,2.17
31,332,4.17
31,333,3.13
31,334,2.17
31,335,4.55
31,336,3.13
31,337,8.33
31,338,4.17
31,339,10
31,340,2.94
31,341,5.56
31,342,4.17
31,343,2.27
31,344,2.5
31,345,2.63
31,346,8.33
31,347,4.55
31,348,2.08
31,349,6.25
31,350,2.5
31,351,2.78
31,352,2.08
31,353,2.38
31,354,3.57
31,355,6.25
31,356,3.13
31,357,7.14
31,358,5
31,359,3.57
31,360,3.33
31,361,2.08
31,362,3.57
31,363,2.63
31,364,2.5
31,365,4.17
31,366,2.5
31,367,2.63
31,368,6.25
31,369,7.14
31,370,2
31,371,2.08
31,372,3.13
31,373,4.17
31,374,7.14
31,375,5
31,376,2.27
31,377,2.5
31,378,5.56
31,379,6.25
31,380,2.08
31,381,2.17
31,382,2.27
31,383,2.08
31,384,2.5
31,385,3.85
31,386,2.94
31,387,7.14
31,388,3.57
31,389,2.27
31,390,4.17
31,391,4.17
31,392,2
31,393,2.08
31,394,8.33
31,395,2.63
31,396,2.94
31,397,2.63
31,398,3.33
31,399,2.94
31,400,8.33
31,401,3.85
31,402,4.55
31,403,3.85
31,404,5
31,405,5.56
31,406,2.17
31,407,2.38
31,408,2.78
31,409,3.13
31,410,5
31,411,3.33
31,412,3.33
31,413,2.78
31,414,2.5
31,415,4.17
31,416,2.17
31,417,2.08
31,418,4.17
31,419,3.33
31,420,4.17
31,421,2.17
31,422,5
31,423,2.5
31,424,5
31,425,6.25
31,426,8.33
31,427,2.5
31,428,2.78
31,429,2.17
31,430,3.57
31,431,10
31,432,7.14
31,433,7.14
31,434,5
31,435,3.33
31,436,8.33
31,437,2.78
31,438,7.14
31,439,3.85
31,440,3.13
31,441,3.85
31,442,2.63
31,443,2.63
31,444,3.57
31,445,5.56
31,446,7.14
31,447,2.08
31,448,2.38
31,449,8.33
31,450,2.78
31,451,2.38
31,452,2.08
31,453,3.85
31,454,2.5
31,455,2.5
31,456,2.17
31,457,3.33
31,458,6.25
31,459,2.78
31,460,10
31,461,4.17
31,462,2.63
31,463,4.17
31,464,2.38
31,465,4.55
31,466,6.25
31,467,2.94
31,468,2.5
31,469,2
31,470,3.57
31,471,5
31,472,3.33
31,473,2.5
31,474,2.94
31,475,3.33
31,476,3.57
31,477,3.33
31,478,5
31,479,2.17
31,480,10
31,481,8.33
31,482,7.14
31,483,2.08
31,484,2.5
31,485,2.38
31,486,4.55
31,487,2
31,488,2.38
31,489,2.78
31,490,8.33
31,491,2.38
31,492,2.27
31,493,3.85
31,494,2.63
31,495,2
31,496,2
31,497,2.17
31,498,6.25
31,499,3.85
31,500,2
32,1,4.55
32,2,2
32,3,2.17
32,4,5
32,5,2.38
32,6,8.33
32,7,5
32,8,2.08
32,9,2.17
32,10,4.55
32,11,2.94
32,12,2.38
32,13,10
32,14,3.57
32,15,2.27
32,16,2.5
32,17,6.25
32,18,5
32,19,4.17
32,20,4.17
32,21,5
32,22,3.57
32,23,7.14
32,24,3.13
32,25,7.14
32,26,6.25
32,27,2.27
32,28,4.55
32,29,8.33
32,30,2.78
32,31,2.08
32,32,2.78
32,33,6.25
32,34,10
32,35,2
32,36,2.17
32,37,2.27
32,38,2.38
32,39,10
32,40,2.63
32,41,2.94
32,42,2
32,43,4.17
32,44,10
32,45,2.94
32,46,2.63
32,47,10
32,48,2.5
32,49,2.5
32,50,2.08
32,51,2.94
32,52,2.08
32,53,3.57
32,54,5
32,55,5
32,56,4.17
32,57,2.5
32,58,3.13
32,59,2.94
32,60,3.33
32,61,3.13
32,62,3.33
32,63,3.13
32,64,2.17
32,65,5
32,66,2.27
32,67,2.94
32,68,3.33
32,69,2.78
32,70,6.25
32,71,2.94
32,72,3.33
32,73,2.63
32,74,3.13
32,75,3.57
32,76,3.57
32,77,2.27
32,78,10
32,79,5.56
32,80,2.94
32,81,2.08
32,82,2.17
32,83,5
32,84,2.38
32,85,2.63
32,86,3.33
32,87,2.78
32,88,7.14
32,89,2.63
32,90,4.17
32,91,2.63
32,92,3.33
32,93,5
32,94,5.56
32,95,3.33
32,96,2
32,97,5.56
32,98,3.85
32,99,2.38
32,100,3.85
32,101,2.94
32,102,2.27
32,103,6.25
32,104,4.55
32,105,2.08
32,106,6.25
32,107,10
32,108,2.5
32,109,3.57
32,110,6.25
32,111,2.38
32,112,2
32,113,3.13
32,114,2.27
32,115,3.57
32,116,7.14
32,117,7.14
32,118,2.17
32,119,2.63
32,120,2.38
32,121,4.17
32,122,3.57
32,123,4.55
32,124,2
32,125,3.13
32,126,2.38
32,127,2.94
32,128,6.25
32,129,4.55
32,130,5
32,131,5.56
32,132,2.94
32,133,2.38
32,134,4.17
32,135,7.14
32,136,8.33
32,137,3.13
32,138,3.33
32,139,2.27
32,140,4.55
32,141,4.17
32,142,5.56
32,143,5
32,144,2.08
32,145,8.33
32,146,2
32,147,2
32,148,3.33
32,149,10
32,150,2.5
32,151,6.25
32,152,2.38
32,153,7.14
32,154,7.14
32,155,3.57
32,156,4.55
32,157,3.13
32,158,2.78
32,159,2.94
32,160,3.13
32,161,2.38
32,162,2.78
32,163,2.27
32,164,2.63
32,165,2.78
32,166,2.27
32,167,3.13
32,168,8.33
32,169,3.85
32,170,5
32,171,4.17
32,172,4.17
32,173,4.55
32,174,8.33
32,175,4.55
32,176,2.5
32,177,5
32,178,10
32,179,6.25
32,180,3.57
32,181,3.57
32,182,8.33
32,183,2.38
32,184,5
32,185,4.55
32,186,4.17
32,187,2.38
32,188,4.17
32,189,4.55
32,190,2
32,191,2.17
32,192,3.57
32,193,5
32,194,2.94
32,195,10
32,196,3.33
32,197,7.14
32,198,3.85
32,199,2.17
32,200,2.38
32,201,2.38
32,202,8.33
32,203,4.55
32,204,2.38
32,205,3.85
32,206,7.14
32,207,2.94
32,208,6.25
32,209,5
32,210,5.56
32,211,2.94
32,212,8.33
32,213,2.5
32,214,2.27
32,215,6.25
32,216,2
32,217,2.27
32,218,2.27
32,219,4.17
32,220,2.08
32,221,3.57
32,222,2.08
32,223,3.57
32,224,3.85
32,225,2
32,226,4.17
32,227,5
32,228,2.5
32,229,10
32,230,2.17
32,231,2
32,232,6.25
32,233,2.17
32,234,5
32,235,7.14
32,236,8.33
32,237,5
32,238,3.13
32,239,2
32,240,2.27
32,241,2.38
32,242,2.63
32,243,5.56
32,244,5.56
32,245,2.17
32,246,5.56
32,247,2.78
32,248,6.25
32,249,2.94
32,250,2.78
32,251,2.78
32,252,5.56
32,253,2.63
32,254,5.56
32,255,4.17
32,256,3.85
32,257,3.13
32,258,3.13
32,259,2.27
32,260,2.08
32,261,2.38
32,262,8.33
32,263,3.13
32,264,6.25
32,265,2.63
32,266,4.17
32,267,6.25
32,268,6.25
32,269,2.78
32,270,2.78
32,271,4.17
32,272,4.55
32,273,2.27
32,274,10
32,275,5
32,276,4.55
32,277,2.5
32,278,2.08
32,279,3.13
32,280,4.55
32,281,4.17
32,282,2.63
32,283,7.14
32,284,5
32,285,10
32,286,4.17
32,287,10
32,288,3.13
32,289,6.25
32,290,8.33
32,291,5
32,292,2.38
32,293,2.38
32,294,2.17
32,295,3.13
32,296,2
32,297,2.78
32,298,2
32,299,6.25
32,300,2.27
32,301,4.55
32,302,2.94
32,303,2.08
32,304,2.63
32,305,2.5
32,306,5.56
32,307,10
32,308,8.33
32,309,3.85
32,310,3.33
32,311,10
32,312,2.27
32,313,3.33
32,314,2.5
32,315,2
32,316,2.27
32,317,10
32,318,2
32,319,4.17
32,320,2
32,321,3.33
32,322,2.94
32,323,2.5
32,324,2.38
32,325,3.85
32,326,2
32,327,5
32,328,2.78
32,329,2.27
32,330,3.13
32,331,2.78
32,332,2.78
32,333,6.25
32,334,2.27
32,335,10
32,336,10
32,337,2.78
32,338,5.56
32,339,2.5
32,340,3.13
32,341,4.55
32,342,3.33
32,343,4.55
32,344,3.13
32,345,4.17
32,346,2.27
32,347,2.63
32,348,6.25
32,349,2.08
32,350,3.33
32,351,7.14
32,352,3.57
32,353,4.55
32,354,2.27
32,355,5.56
32,356,2.27
32,357,2.17
32,358,8.33
32,359,3.33
32,360,2.5
32,361,2.63
32,362,3.33
32,363,2.17
32,364,8.33
32,365,2.63
32,366,2.08
32,367,2.27
32,368,2.38
32,369,5
32,370,4.17
32,371,2.17
32,372,7.14
32,373,2
32,374,5.56
32,375,3.85
32,376,5
32,377,4.55
32,378,6.25
32,379,2.08
32,380,2.38
32,381,2.94
32,382,4.55
32,383,2.63
32,384,2.27
32,385,4.17
32,386,3.13
32,387,5.56
32,388,2.63
32,389,8.33
32,390,3.33
32,391,2.08
32,392,8.33
32,393,2.78
32,394,5.56
32,395,6.25
32,396,2.17
32,397,2.63
32,398,2
32,399,2.63
32,400,2.63
32,401,10
32,402,2.63
32,403,7.14
32,404,3.13
32,405,3.33
32,406,4.55
32,407,2.5
32,408,8.33
32,409,8.33
32,410,2.08
32,411,5.56
32,412,6.25
32,413,3.13
32,414,2.63
32,415,2.17
32,416,2.38
32,417,4.55
32,418,2.78
32,419,2.5
32,420,3.57
32,421,2.38
32,422,2.78
32,423,2
32,424,10
32,425,2.63
32,426,3.33
32,427,3.33
32,428,3.85
32,429,10
32,430,5
32,431,2.08
32,432,5
32,433,5
32,434,3.57
32,435,10
32,436,7.14
32,437,2
32,438,2.27
32,439,10
32,440,2.5
32,441,5
32,442,5.56
32,443,2.38
32,444,6.25
32,445,2.78
32,446,3.57
32,447,5
32,448,2.38
32,449,3.85
32,450,10
32,451,8.33
32,452,2.78
32,453,10
32,454,2.78
32,455,6.25
32,456,5
32,457,3.85
32,458,5
32,459,2
32,460,3.85
32,461,2.08
32,462,3.13
32,463,10
32,464,8.33
32,465,2.38
32,466,7.14
32,467,2.08
32,468,6.25
32,469,4.17
32,470,2.38
32,471,10
32,472,2
32,473,4.55
32,474,2
32,475,2.17
32,476,10
32,477,5
32,478,3.13
32,479,2.5
32,480,6.25
32,481,5
32,482,3.85
32,483,2.78
32,484,6.25
32,485,5
32,486,6.25
32,487,2.38
32,488,3.33
32,489,3.57
32,490,2.27
32,491,7.14
32,492,2.94
32,493,6.25
32,494,5.56
32,495,10
32,496,5
32,497,2.38
32,498,3.13
32,499,4.17
32,500,4.55
33,1,4.17
33,2,3.33
33,3,2.17
33,4,5
33,5,2.08
33,6,3.85
33,7,3.33
33,8,2.38
33,9,3.57
33,10,3.85
33,11,2.5
33,12,3.85
33,13,2.78
33,14,2
33,15,2.5
33,16,7.14
33,17,2.78
33,18,3.85
33,19,10
33,20,2.5
33,21,5.56
33,22,2
33,23,10
33,24,5.56
33,25,5.56
33,26,6.25
33,27,3.13
33,28,3.33
33,29,7.14
33,30,2.63
33,31,5.56
33,32,2.5
33,33,8.33
33,34,3.57
33,35,2.63
33,36,10
33,37,5
33,38,2.5
33,39,2.78
33,40,2.38
33,41,3.33
33,42,2.08
33,43,3.85
33,44,2.17
33,45,2.78
33,46,2.5
33,47,2.17
33,48,3.85
33,49,2.78
33,50,4.55
33,51,10
33,52,2.38
33,53,10
33,54,2.27
33,55,8.33
33,56,2.17
33,57,2.5
33,58,10
33,59,4.55
33,60,3.57
33,61,2.94
33,62,5.56
33,63,2.38
33,64,3.85
33,65,2.17
33,66,3.57
33,67,4.55
33,68,2.63
33,69,6.25
33,70,6.25
33,71,3.13
33,72,3.85
33,73,3.57
33,74,10
33,75,2.63
33,76,10
33,77,2.38
33,78,2
33,79,2.63
33,80,2.63
33,81,2.63
33,82,8.33
33,83,10
33,84,2.08
33,85,7.14
33,86,3.57
33,87,4.17
33,88,3.33
33,89,2.5
33,90,3.33
33,91,2
33,92,2.38
33,93,5.56
33,94,3.57
33,95,4.55
33,96,3.13
33,97,2.78
33,98,2.78
33,99,3.85
33,100,2.63
33,101,2
33,102,2.38
33,103,2.38
33,104,3.57
33,105,2.08
33,106,7.14
33,107,2.63
33,108,4.55
33,109,2.78
33,110,7.14
33,111,2.63
33,112,5.56
33,113,7.14
33,114,8.33
33,115,2
33,116,2.08
33,117,2.27
33,118,2.5
33,119,3.85
33,120,2.94
33,121,4.17
33,122,2.08
33,123,2.38
33,124,2
33,125,2.17
33,126,8.33
33,127,5
33,128,2.27
33,129,8.33
33,130,8.33
33,131,2.08
33,132,2.17
33,133,2.78
33,134,2.27
33,135,2.08
33,136,4.55
33,137,2.17
33,138,2.63
33,139,2.63
33,140,3.57
33,141,3.33
33,142,7.14
33,143,2.5
33,144,2.78
33,145,4.17
33,146,10
33,147,4.17
33,148,6.25
33,149,5
33,150,2
33,151,5.56
33,152,2.63
33,153,3.33
33,154,3.57
33,155,10
33,156,2.08
33,157,10
33,158,2
33,159,2.08
33,160,8.33
33,161,2.94
33,162,2.94
33,163,3.33
33,164,2.27
33,165,6.25
33,166,2.94
33,167,6.25
33,168,2.94
33,169,5.56
33,170,3.33
33,171,2.78
33,172,2.27
33,173,3.85
33,174,8.33
33,175,6.25
33,176,2.94
33,177,3.13
33,178,4.17
33,179,2.94
33,180,6.25
33,181,6.25
33,182,3.57
33,183,2.78
33,184,2.78
33,185,10
33,186,2.5
33,187,6.25
33,188,4.55
33,189,7.14
33,190,3.13
33,191,3.57
33,192,2.5
33,193,5.56
33,194,8.33
33,195,3.57
33,196,5
33,197,2.5
33,198,3.85
33,199,8.33
33,200,5
33,201,4.17
33,202,3.57
33,203,4.17
33,204,7.14
33,205,10
33,206,8.33
33,207,2.17
33,208,8.33
33,209,2.27
33,210,3.13
33,211,3.57
33,212,2.38
33,213,2.78
33,214,5.56
33,215,3.57
33,216,2.08
33,217,2.5
33,218,4.55
33,219,2.78
33,220,2
33,221,2.08
33,222,7.14
33,223,2.27
33,224,10
33,225,2
33,226,2.78
33,227,2.78
33,228,8.33
33,229,6.25
33,230,2.94
33,231,2.5
33,232,7.14
33,233,6.25
33,234,3.13
33,235,6.25
33,236,10
33,237,6.25
33,238,4.17
33,239,3.33
33,240,4.17
33,241,2.17
33,242,5
33,243,4.17
33,244,10
33,245,2.17
33,246,2.27
33,247,8.33
33,248,3.33
33,249,2.63
33,250,4.55
33,251,3.85
33,252,2.17
33,253,7.14
33,254,7.14
33,255,2.38
33,256,3.33
33,257,2.94
33,258,6.25
33,259,2.38
33,260,10
33,261,2.78
33,262,10
33,263,7.14
33,264,2.27
33,265,10
33,266,3.13
33,267,2.38
33,268,2.38
33,269,2.38
33,270,3.13
33,271,3.57
33,272,2
33,273,3.57
33,274,10
33,275,3.57
33,276,2.27
33,277,3.33
33,278,4.17
33,279,4.55
33,280,2.5
33,281,2.38
33,282,2.63
33,283,10
33,284,10
33,285,3.33
33,286,2
33,287,3.13
33,288,8.33
33,289,10
33,290,5
33,291,5
33,292,2.94
33,293,2.08
33,294,4.17
33,295,2.78
33,296,7.14
33,297,10
33,298,7.14
33,299,3.13
33,300,2
33,301,2.5
33,302,4.17
33,303,2.38
33,304,5
33,305,5.56
33,306,2.5
33,307,4.55
33,308,5.56
33,309,3.33
33,310,2
33,311,2.78
33,312,3.33
33,313,10
33,314,10
33,315,2
33,316,5.56
33,317,3.13
33,318,3.57
33,319,4.55
33,320,2
33,321,2.63
33,322,2.27
33,323,8.33
33,324,2.5
33,325,2.5
33,326,2
33,327,5.56
33,328,6.25
33,329,8.33
33,330,6.25
33,331,3.57
33,332,6.25
33,333,4.55
33,334,5.56
33,335,3.57
33,336,2
33,337,2.94
33,338,3.85
33,339,10
33,340,3.57
33,341,2.38
33,342,6.25
33,343,2.27
33,344,5
33,345,6.25
33,346,2.5
33,347,3.33
33,348,10
33,349,2.08
33,350,2.38
33,351,2.17
33,352,5
33,353,2.17
33,354,4.17
33,355,2.5
33,356,4.17
33,357,2.38
33,358,3.33
33,359,2.27
33,360,5
33,361,2.08
33,362,4.55
33,363,2.17
33,364,4.55
33,365,3.57
33,366,2.5
33,367,3.13
33,368,10
33,369,5.56
33,370,8.33
33,371,5
33,372,5.56
33,373,3.33
33,374,2.27
33,375,4.17
33,376,10
33,377,2.94
33,378,5.56
33,379,3.13
33,380,5.56
33,381,2.63
33,382,5.56
33,383,2.17
33,384,2.5
33,385,2.63
33,386,5
33,387,2.08
33,388,4.17
33,389,3.33
33,390,5.56
33,391,3.57
33,392,2.63
33,393,2.38
33,394,2.38
33,395,3.85
33,396,2.63
33,397,3.85
33,398,2.78
33,399,2.94
33,400,4.17
33,401,6.25
33,402,7.14
33,403,2.94
33,404,2.17
33,405,2.78
33,406,8.33
33,407,2.38
33,408,5.56
33,409,7.14
33,410,10
33,411,3.85
33,412,3.57
33,413,2.17
33,414,3.85
33,415,3.57
33,416,5
33,417,3.13
33,418,2.38
33,419,8.33
33,420,8.33
33,421,3.33
33,422,4.17
33,423,7.14
33,424,5
33,425,3.33
33,426,2.5
33,427,8.33
33,428,6.25
33,429,2.27
33,430,2.5
33,431,2.17
33,432,2.5
33,433,2.5
33,434,7.14
33,435,2.08
33,436,3.57
33,437,10
33,438,5.56
33,439,5
33,440,10
33,441,3.33
33,442,2.17
33,443,10
33,444,2.27
33,445,7.14
33,446,4.17
33,447,6.25
33,448,2.08
33,449,2.08
33,450,2.94
33,451,3.33
33,452,3.13
33,453,3.13
33,454,2
33,455,2.63
33,456,3.13
33,457,3.85
33,458,2.94
33,459,3.33
33,460,2.27
33,461,5
33,462,6.25
33,463,3.57
33,464,5.56
33,465,2.08
33,466,5
33,467,2.94
33,468,2.17
33,469,2.08
33,470,10
33,471,8.33
33,472,6.25
33,473,7.14
33,474,8.33
33,475,3.33
33,476,2.27
33,477,5.56
33,478,2.27
33,479,7.14
33,480,4.55
33,481,2.38
33,482,7.14
33,483,3.13
33,484,5.56
33,485,3.85
33,486,2.27
33,487,2.63
33,488,5.56
33,489,7.14
33,490,3.57
33,491,2.08
33,492,3.33
33,493,5.56
33,494,5
33,495,2.08
33,496,3.13
33,497,6.25
33,498,6.25
33,499,4.17
33,500,2.27
34,1,4.55
34,2,7.14
34,3,4.17
34,4,3.57
34,5,2.78
34,6,7.14
34,7,3.85
34,8,3.85
34,9,4.17
34,10,3.57
34,11,2.63
34,12,2.17
34,13,2.38
34,14,3.85
34,15,2.17
34,16,2
34,17,3.57
34,18,5.56
34,19,2.08
34,20,8.33
34,21,5.56
34,22,2.38
34,23,5.56
34,24,10
34,25,7.14
34,26,3.57
34,27,3.33
34,28,10
34,29,4.17
34,30,5
34,31,4.55
34,32,2.27
34,33,2.78
34,34,8.33
34,35,2.78
34,36,2.5
34,37,7.14
34,38,2.5
34,39,2.63
34,40,2.08
34,41,2.27
34,42,2.38
34,43,3.57
34,44,2.94
34,45,2.5
34,46,7.14
34,47,3.33
34,48,3.33
34,49,4.17
34,50,2.94
34,51,2.27
34,52,5
34,53,8.33
34,54,2.63
34,55,4.55
34,56,5
34,57,5.56
34,58,4.17
34,59,2
34,60,2.27
34,61,2.38
34,62,2.78
34,63,4.55
34,64,2.38
34,65,5
34,66,8.33
34,67,2.63
34,68,2.78
34,69,5.56
34,70,3.57
34,71,4.55
34,72,2.17
34,73,2.08
34,74,4.17
34,75,4.17
34,76,2.94
34,77,2
34,78,10
34,79,2.78
34,80,7.14
34,81,2.78
34,82,7.14
34,83,2.17
34,84,2.38
34,85,2.08
34,86,2.27
34,87,2
34,88,7.14
34,89,3.13
34,90,3.33
34,91,8.33
34,92,2.27
34,93,3.57
34,94,2.27
34,95,2.08
34,96,2.08
34,97,8.33
34,98,2
34,99,4.17
34,100,2.08
34,101,3.13
34,102,10
34,103,4.55
34,104,3.85
34,105,2.38
34,106,4.55
34,107,4.17
34,108,3.33
34,109,2.27
34,110,4.17
34,111,7.14
34,112,2.08
34,113,8.33
34,114,2.78
34,115,10
34,116,7.14
34,117,3.85
34,118,2
34,119,2.94
34,120,8.33
34,121,7.14
34,122,4.17
34,123,3.13
34,124,2.94
34,125,2.5
34,126,2.08
34,127,2.08
34,128,2.63
34,129,3.57
34,130,10
34,131,4.17
34,132,2.08
34,133,5
34,134,2.94
34,135,8.33
34,136,5.56
34,137,2.78
34,138,2.78
34,139,2.17
34,140,4.17
34,141,3.33
34,142,10
34,143,2
34,144,7.14
34,145,6.25
34,146,2
34,147,5
34,148,2.17
34,149,5
34,150,8.33
34,151,3.33
34,152,10
34,153,4.17
34,154,3.85
34,155,3.85
34,156,3.57
34,157,2.08
34,158,2.94
34,159,4.55
34,160,8.33
34,161,4.17
34,162,3.13
34,163,5.56
34,164,3.33
34,165,2.63
34,166,4.17
34,167,2.94
34,168,5
34,169,3.85
34,170,5
34,171,4.55
34,172,2.08
34,173,4.55
34,174,5
34,175,2.5
34,176,2
34,177,3.85
34,178,3.33
34,179,3.85
34,180,2.27
34,181,2.5
34,182,4.55
34,183,2
34,184,7.14
34,185,4.55
34,186,5
34,187,2.5
34,188,8.33
34,189,2.5
34,190,6.25
34,191,2.5
34,192,2.08
34,193,3.57
34,194,2.94
34,195,10
34,196,2.27
34,197,5.56
34,198,2.08
34,199,2.94
34,200,2.38
34,201,10
34,202,4.17
34,203,5.56
34,204,2.78
34,205,2.78
34,206,3.13
34,207,3.33
34,208,2.17
34,209,4.17
34,210,3.33
34,211,3.33
34,212,5.56
34,213,5
34,214,2
34,215,2.94
34,216,3.57
34,217,3.13
34,218,2.94
34,219,3.57
34,220,2.17
34,221,2.5
34,222,4.17
34,223,2.38
34,224,2.5
34,225,2.38
34,226,3.85
34,227,10
34,228,8.33
34,229,3.33
34,230,3.57
34,231,3.33
34,232,3.13
34,233,6.25
34,234,2
34,235,2.17
34,236,6.25
34,237,3.57
34,238,2.94
34,239,8.33
34,240,6.25
34,241,4.17
34,242,2.17
34,243,2.78
34,244,3.33
34,245,3.33
34,246,4.55
34,247,3.13
34,248,2.08
34,249,7.14
34,250,2.27
34,251,2.63
34,252,3.85
34,253,2.38
34,254,4.17
34,255,7.14
34,256,4.17
34,257,2.27
34,258,3.85
34,259,3.13
34,260,2
34,261,2.08
34,262,6.25
34,263,2.08
34,264,4.17
34,265,3.13
34,266,8.33
34,267,3.13
34,268,2
34,269,5
34,270,6.25
34,271,3.13
34,272,2.08
34,273,5.56
34,274,6.25
34,275,2.08
34,276,2.78
34,277,8.33
34,278,2.17
34,279,2.17
34,280,2.38
34,281,2.63
34,282,2.78
34,283,7.14
34,284,6.25
34,285,10
34,286,2.08
34,287,2.27
34,288,3.13
34,289,2.27
34,290,2.78
34,291,3.33
34,292,3.85
34,293,3.57
34,294,3.33
34,295,6.25
34,296,2.5
34,297,2
34,298,2.5
34,299,4.17
34,300,2.27
34,301,2.5
34,302,2.27
34,303,4.55
34,304,7.14
34,305,2.94
34,306,4.17
34,307,3.13
34,308,2
34,309,2.63
34,310,3.13
34,311,2.5
34,312,5.56
34,313,3.57
34,314,3.13
34,315,4.17
34,316,2.27
34,317,4.17
34,318,2
34,319,7.14
34,320,2.38
34,321,2
34,322,3.85
34,323,2.38
34,324,4.55
34,325,3.33
34,326,3.85
34,327,8.33
34,328,4.55
34,329,3.85
34,330,2.5
34,331,3.85
34,332,4.55
34,333,3.85
34,334,2.38
34,335,3.57
34,336,2.27
34,337,2.63
34,338,2.63
34,339,2.78
34,340,10
34,341,2.08
34,342,2.27
34,343,5
34,344,2.78
34,345,8.33
34,346,2.63
34,347,7.14
34,348,2.94
34,349,2.94
34,350,3.13
34,351,2.78
34,352,2.17
34,353,5.56
34,354,2.94
34,355,2.5
34,356,10
34,357,2.17
34,358,2.17
34,359,2.08
34,360,4.55
34,361,5.56
34,362,10
34,363,2.63
34,364,8.33
34,365,6.25
34,366,3.85
34,367,3.57
34,368,3.85
34,369,3.57
34,370,4.55
34,371,7.14
34,372,2
34,373,2.5
34,374,2.63
34,375,8.33
34,376,2.94
34,377,3.13
34,378,8.33
34,379,5.56
34,380,5
34,381,2.5
34,382,8.33
34,383,10
34,384,2.27
34,385,2.27
34,386,2.5
34,387,2.63
34,388,2
34,389,2
34,390,2.17
34,391,2.08
34,392,2.63
34,393,2.63
34,394,2
34,395,4.55
34,396,2.08
34,397,4.17
34,398,2.17
34,399,2.38
34,400,6.25
34,401,5.56
34,402,8.33
34,403,3.85
34,404,5.56
34,405,3.85
34,406,2.08
34,407,10
34,408,10
34,409,5
34,410,2.38
34,411,4.55
34,412,2.27
34,413,10
34,414,5
34,415,7.14
34,416,2.38
34,417,3.85
34,418,4.55
34,419,2.78
34,420,5.56
34,421,2
34,422,2.38
34,423,2.63
34,424,2.27
34,425,4.17
34,426,4.55
34,427,8.33
34,428,4.55
34,429,2.78
34,430,5
34,431,8.33
34,432,2.17
34,433,2.17
34,434,2.27
34,435,4.55
34,436,3.85
34,437,2
34,438,2.27
34,439,3.13
34,440,5.56
34,441,3.57
34,442,2.63
34,443,10
34,444,10
34,445,3.57
34,446,3.33
34,447,6.25
34,448,2
34,449,2.78
34,450,3.57
34,451,3.33
34,452,2.94
34,453,5.56
34,454,5
34,455,4.17
34,456,3.57
34,457,6.25
34,458,4.17
34,459,7.14
34,460,3.57
34,461,3.33
34,462,5
34,463,2
34,464,2.27
34,465,7.14
34,466,2.94
34,467,5
34,468,2.08
34,469,2
34,470,8.33
34,471,2.63
34,472,2.5
34,473,2.27
34,474,2.08
34,475,3.85
34,476,5
34,477,3.57
34,478,5.56
34,479,7.14
34,480,7.14
34,481,2.94
34,482,5.56
34,483,2.27
34,484,4.17
34,485,2.27
34,486,3.33
34,487,2.63
34,488,2.94
34,489,2.27
34,490,5.56
34,491,5
34,492,2.08
34,493,5
34,494,2.08
34,495,2.17
34,496,3.33
34,497,6.25
34,498,2
34,499,2.08
34,500,10
35,1,2.17
35,2,2
35,3,7.14
35,4,3.33
35,5,8.33
35,6,2.38
35,7,2.94
35,8,4.17
35,9,2
35,10,2
35,11,3.85
35,12,2.17
35,13,7.14
35,14,5
35,15,7.14
35,16,2.63
35,17,5
35,18,3.85
35,19,3.13
35,20,3.57
35,21,2.63
35,22,3.13
35,23,3.85
35,24,5.56
35,25,6.25
35,26,2.38
35,27,2
35,28,7.14
35,29,5
35,30,3.13
35,31,2.08
35,32,2.63
35,33,2.5
35,34,2.08
35,35,10
35,36,4.17
35,37,2.17
35,38,3.57
35,39,5.56
35,40,4.55
35,41,2.63
35,42,2.63
35,43,7.14
35,44,10
35,45,10
35,46,2
35,47,3.13
35,48,4.17
35,49,2.5
35,50,3.33
35,51,6.25
35,52,8.33
35,53,7.14
35,54,3.13
35,55,2
35,56,2.5
35,57,2.38
35,58,7.14
35,59,4.55
35,60,3.13
35,61,2.17
35,62,2.63
35,63,3.33
35,64,5.56
35,65,2.5
35,66,2.08
35,67,2.17
35,68,2.5
35,69,2.38
35,70,2.27
35,71,3.13
35,72,5
35,73,8.33
35,74,5.56
35,75,2.38
35,76,2.17
35,77,7.14
35,78,2.27
35,79,2.27
35,80,10
35,81,2.08
35,82,3.85
35,83,6.25
35,84,2.08
35,85,8.33
35,86,10
35,87,6.25
35,88,2.63
35,89,3.33
35,90,5
35,91,3.13
35,92,2.94
35,93,7.14
35,94,3.13
35,95,2.08
35,96,2.08
35,97,3.13
35,98,4.17
35,99,4.55
35,100,3.85
35,101,2.5
35,102,2.17
35,103,7.14
35,104,4.17
35,105,2.17
35,106,2.17
35,107,2.63
35,108,5.56
35,109,5
35,110,2.38
35,111,2.08
35,112,5.56
35,113,2.38
35,114,3.85
35,115,3.13
35,116,3.13
35,117,2.78
35,118,3.57
35,119,4.55
35,120,5.56
35,121,7.14
35,122,2.27
35,123,10
35,124,7.14
35,125,7.14
35,126,2.63
35,127,3.13
35,128,3.33
35,129,2.08
35,130,5.56
35,131,2
35,132,5
35,133,3.85
35,134,4.55
35,135,3.13
35,136,10
35,137,2.78
35,138,3.85
35,139,3.33
35,140,2.94
35,141,2
35,142,4.55
35,143,2.5
35,144,2.78
35,145,2.17
35,146,3.85
35,147,5.56
35,148,2.78
35,149,2.38
35,150,2.08
35,151,4.17
35,152,2.38
35,153,4.55
35,154,4.17
35,155,4.17
35,156,5
35,157,3.33
35,158,2.27
35,159,3.13
35,160,4.17
35,161,3.13
35,162,5.56
35,163,8.33
35,164,3.57
35,165,10
35,166,2.63
35,167,2.5
35,168,4.55
35,169,10
35,170,2.63
35,171,4.55
35,172,2.17
35,173,2.78
35,174,8.33
35,175,2.08
35,176,3.85
35,177,8.33
35,178,8.33
35,179,2.78
35,180,4.17
35,181,10
35,182,10
35,183,2.78
35,184,2.17
35,185,2
35,186,5.56
35,187,2.17
35,188,6.25
35,189,5.56
35,190,2.94
35,191,3.33
35,192,2.38
35,193,3.13
35,194,2.63
35,195,2.78
35,196,2.94
35,197,2
35,198,3.13
35,199,7.14
35,200,2.08
35,201,5.56
35,202,2.63
35,203,10
35,204,7.14
35,205,3.13
35,206,2.78
35,207,8.33
35,208,3.85
35,209,2.27
35,210,7.14
35,211,6.25
35,212,6.25
35,213,2.17
35,214,2.78
35,215,3.85
35,216,2
35,217,3.85
35,218,6.25
35,219,3.57
35,220,2.08
35,221,5
35,222,5.56
35,223,2.78
35,224,2.17
35,225,3.13
35,226,3.57
35,227,2.27
35,228,2.27
35,229,3.57
35,230,8.33
35,231,2.94
35,232,2.5
35,233,2.27
35,234,3.33
35,235,2.5
35,236,2
35,237,3.85
35,238,7.14
35,239,2.5
35,240,2
35,241,2.17
35,242,2.94
35,243,5
35,244,2.17
35,245,2.63
35,246,10
35,247,3.33
35,248,3.57
35,249,2.5
35,250,7.14
35,251,3.85
35,252,3.57
35,253,2.08
35,254,5
35,255,2.08
35,256,10
35,257,5
35,258,5.56
35,259,2.27
35,260,5
35,261,5
35,262,4.55
35,263,2.5
35,264,3.85
35,265,3.57
35,266,2.27
35,267,6.25
35,268,10
35,269,2.5
35,270,3.33
35,271,4.55
35,272,7.14
35,273,2.5
35,274,2.17
35,275,7.14
35,276,2
35,277,2.08
35,278,5.56
35,279,3.13
35,280,2.94
35,281,2.94
35,282,2.08
35,283,3.13
35,284,2.63
35,285,3.85
35,286,5
35,287,7.14
35,288,2.63
35,289,10
35,290,3.33
35,291,2.08
35,292,2.63
35,293,2.5
35,294,3.13
35,295,3.13
35,296,10
35,297,3.13
35,298,5.56
35,299,5
35,300,5.56
35,301,6.25
35,302,4.55
35,303,3.13
35,304,3.57
35,305,4.17
35,306,6.25
35,307,6.25
35,308,2.27
35,309,8.33
35,310,3.13
35,311,3.13
35,312,2.27
35,313,5.56
35,314,3.85
35,315,2.38
35,316,3.57
35,317,5
35,318,2.5
35,319,3.33
35,320,7.14
35,321,2
35,322,6.25
35,323,5.56
35,324,3.57
35,325,2.5
35,326,3.85
35,327,2.08
35,328,2.5
35,329,4.55
35,330,2
35,331,8.33
35,332,5.56
35,333,5
35,334,3.57
35,335,2.17
35,336,2
35,337,5.56
35,338,10
35,339,3.33
35,340,3.13
35,341,10
35,342,3.33
35,343,5
35,344,2.94
35,345,2.08
35,346,2.78
35,347,2.08
35,348,5
35,349,7.14
35,350,2.38
35,351,3.33
35,352,3.33
35,353,3.13
35,354,10
35,355,3.85
35,356,6.25
35,357,5
35,358,2.78
35,359,2.27
35,360,3.13
35,361,8.33
35,362,8.33
35,363,2.78
35,364,2.27
35,365,4.17
35,366,2.5
35,367,2.78
35,368,2
35,369,2.08
35,370,6.25
35,371,7.14
35,372,6.25
35,373,2.5
35,374,6.25
35,375,7.14
35,376,4.17
35,377,2.08
35,378,2
35,379,4.17
35,380,3.85
35,381,3.85
35,382,4.55
35,383,4.55
35,384,3.85
35,385,3.85
35,386,3.33
35,387,6.25
35,388,5
35,389,3.57
35,390,2.78
35,391,2.5
35,392,4.17
35,393,4.17
35,394,6.25
35,395,2.08
35,396,8.33
35,397,3.57
35,398,2.08
35,399,5.56
35,400,2.5
35,401,10
35,402,2.27
35,403,5.56
35,404,6.25
35,405,2.38
35,406,4.17
35,407,8.33
35,408,5
35,409,10
35,410,6.25
35,411,8.33
35,412,2.5
35,413,8.33
35,414,2.5
35,415,2.63
35,416,3.33
35,417,2.63
35,418,2
35,419,2.17
35,420,2.63
35,421,5
35,422,7.14
35,423,4.17
35,424,2.78
35,425,3.85
35,426,3.13
35,427,2.94
35,428,2.08
35,429,3.33
35,430,3.13
35,431,2.17
35,432,7.14
35,433,2.78
35,434,3.57
35,435,5
35,436,5
35,437,6.25
35,438,7.14
35,439,2
35,440,5.56
35,441,10
35,442,2.63
35,443,2.38
35,444,7.14
35,445,8.33
35,446,2.78
35,447,6.25
35,448,3.13
35,449,2.17
35,450,6.25
35,451,3.57
35,452,3.85
35,453,5
35,454,4.55
35,455,2.38
35,456,5.56
35,457,6.25
35,458,8.33
35,459,3.85
35,460,4.55
35,461,3.57
35,462,2.38
35,463,2.38
35,464,2.94
35,465,8.33
35,466,5.56
35,467,5
35,468,2
35,469,3.33
35,470,2
35,471,2
35,472,3.57
35,473,2.38
35,474,2.63
35,475,3.13
35,476,2.78
35,477,2.5
35,478,5
35,479,2.08
35,480,2
35,481,2.78
35,482,2.63
35,483,4.55
35,484,2.27
35,485,2.63
35,486,2.27
35,487,2.17
35,488,5
35,489,2.38
35,490,2
35,491,2.08
35,492,5.56
35,493,3.57
35,494,3.33
35,495,2.5
35,496,3.57
35,497,2.5
35,498,2.38
35,499,2.94
35,500,2
36,1,4.55
36,2,3.33
36,3,5
36,4,3.57
36,5,2.38
36,6,4.55
36,7,2.63
36,8,2.17
36,9,2.63
36,10,2.08
36,11,7.14
36,12,3.57
36,13,2.63
36,14,2.27
36,15,2.5
36,16,2
36,17,2.38
36,18,5
36,19,4.55
36,20,2.27
36,21,3.33
36,22,3.13
36,23,3.57
36,24,4.55
36,25,3.13
36,26,3.85
36,27,2.38
36,28,10
36,29,4.17
36,30,4.55
36,31,3.33
36,32,5.56
36,33,2.38
36,34,2.63
36,35,7.14
36,36,3.13
36,37,7.14
36,38,10
36,39,10
36,40,3.85
36,41,3.57
36,42,2.17
36,43,3.33
36,44,4.55
36,45,2.27
36,46,4.55
36,47,2.78
36,48,6.25
36,49,4.17
36,50,2.38
36,51,2.63
36,52,6.25
36,53,6.25
36,54,4.17
36,55,2.27
36,56,2
36,57,7.14
36,58,2.17
36,59,2.5
36,60,2.08
36,61,10
36,62,3.13
36,63,3.13
36,64,2.38
36,65,10
36,66,6.25
36,67,6.25
36,68,2.5
36,69,2.63
36,70,3.85
36,71,2.94
36,72,3.85
36,73,4.55
36,74,2.08
36,75,2.94
36,76,2.63
36,77,2
36,78,5
36,79,2.63
36,80,2.08
36,81,2.63
36,82,4.17
36,83,4.55
36,84,10
36,85,2.78
36,86,8.33
36,87,2
36,88,10
36,89,3.13
36,90,2.17
36,91,3.85
36,92,5.56
36,93,4.17
36,94,6.25
36,95,2.38
36,96,3.85
36,97,3.33
36,98,3.33
36,99,2.38
36,100,4.17
36,101,2.94
36,102,10
36,103,5.56
36,104,3.85
36,105,10
36,106,8.33
36,107,2.08
36,108,3.85
36,109,2.08
36,110,6.25
36,111,2.08
36,112,2.78
36,113,6.25
36,114,3.33
36,115,4.17
36,116,3.85
36,117,2.63
36,118,4.55
36,119,8.33
36,120,6.25
36,121,2.27
36,122,3.85
36,123,10
36,124,2.17
36,125,10
36,126,4.17
36,127,2.27
36,128,10
36,129,3.13
36,130,5.56
36,131,2.38
36,132,2
36,133,3.13
36,134,4.17
36,135,10
36,136,3.85
36,137,2.08
36,138,3.85
36,139,4.17
36,140,3.85
36,141,2.94
36,142,3.13
36,143,3.13
36,144,5
36,145,2.38
36,146,7.14
36,147,3.85
36,148,7.14
36,149,6.25
36,150,8.33
36,151,4.55
36,152,4.55
36,153,3.57
36,154,3.85
36,155,2.17
36,156,2
36,157,2.17
36,158,2.94
36,159,2.94
36,160,4.17
36,161,2.78
36,162,3.85
36,163,2.38
36,164,3.13
36,165,2.27
36,166,6.25
36,167,2.27
36,168,2.94
36,169,5.56
36,170,2.38
36,171,4.17
36,172,6.25
36,173,7.14
36,174,4.17
36,175,4.17
36,176,2.94
36,177,4.17
36,178,3.85
36,179,5
36,180,6.25
36,181,5
36,182,2.08
36,183,4.55
36,184,7.14
36,185,2.94
36,186,2.5
36,187,2
36,188,7.14
36,189,2.17
36,190,4.17
36,191,10
36,192,2
36,193,5
36,194,2
36,195,5
36,196,3.33
36,197,7.14
36,198,2
36,199,10
36,200,2.38
36,201,7.14
36,202,5
36,203,7.14
36,204,2.38
36,205,3.57
36,206,2
36,207,3.13
36,208,2.63
36,209,4.17
36,210,10
36,211,7.14
36,212,2.38
36,213,3.57
36,214,3.85
36,215,2.94
36,216,2.78
36,217,2.78
36,218,2.08
36,219,2.38
36,220,2.38
36,221,2.78
36,222,6.25
36,223,5.56
36,224,5.56
36,225,2.27
36,226,4.17
36,227,7.14
36,228,2.78
36,229,2
36,230,2.5
36,231,4.17
36,232,3.57
36,233,3.13
36,234,3.33
36,235,4.55
36,236,2.38
36,237,4.17
36,238,3.57
36,239,2.17
36,240,4.17
36,241,2.94
36,242,10
36,243,2.5
36,244,3.85
36,245,6.25
36,246,2.17
36,247,4.17
36,248,2
36,249,2.08
36,250,2.94
36,251,2.63
36,252,10
36,253,4.17
36,254,2.27
36,255,2.78
36,256,6.25
36,257,7.14
36,258,4.17
36,259,2.78
36,260,3.85
36,261,5.56
36,262,4.55
36,263,2.5
36,264,3.85
36,265,4.55
36,266,10
36,267,5
36,268,2.17
36,269,4.17
36,270,2.27
36,271,5
36,272,2.5
36,273,10
36,274,2.5
36,275,4.55
36,276,2.78
36,277,6.25
36,278,2.94
36,279,5
36,280,3.13
36,281,2.94
36,282,4.55
36,283,2.94
36,284,8.33
36,285,2.17
36,286,2.27
36,287,2
36,288,10
36,289,5.56
36,290,4.55
36,291,5
36,292,2.94
36,293,4.55
36,294,5
36,295,8.33
36,296,4.55
36,297,4.17
36,298,10
36,299,10
36,300,3.85
36,301,6.25
36,302,3.33
36,303,5.56
36,304,2.08
36,305,2.27
36,306,4.17
36,307,2.5
36,308,2
36,309,3.85
36,310,2.27
36,311,5
36,312,8.33
36,313,2.17
36,314,2.17
36,315,4.17
36,316,6.25
36,317,4.55
36,318,3.85
36,319,2.63
36,320,2.78
36,321,2.08
36,322,3.33
36,323,6.25
36,324,2.38
36,325,2.17
36,326,3.13
36,327,3.85
36,328,4.17
36,329,6.25
36,330,3.57
36,331,8.33
36,332,3.85
36,333,7.14
36,334,2.78
36,335,5.56
36,336,5
36,337,2.94
36,338,2
36,339,2.78
36,340,4.55
36,341,5
36,342,4.55
36,343,5
36,344,2.08
36,345,4.17
36,346,6.25
36,347,2.17
36,348,8.33
36,349,5
36,350,10
36,351,8.33
36,352,4.17
36,353,2
36,354,2.63
36,355,5.56
36,356,6.25
36,357,2.5
36,358,3.13
36,359,3.13
36,360,3.85
36,361,2.63
36,362,3.85
36,363,2.78
36,364,2.78
36,365,2.78
36,366,3.13
36,367,2.17
36,368,7.14
36,369,4.55
36,370,3.85
36,371,5
36,372,5.56
36,373,7.14
36,374,7.14
36,375,2.27
36,376,2.5
36,377,2
36,378,3.57
36,379,2.78
36,380,2.38
36,381,10
36,382,8.33
36,383,6.25
36,384,3.33
36,385,2.27
36,386,2.27
36,387,2.38
36,388,4.55
36,389,2.78
36,390,5
36,391,8.33
36,392,3.57
36,393,2.5
36,394,2.63
36,395,6.25
36,396,3.57
36,397,3.57
36,398,2.78
36,399,2.38
36,400,2.38
36,401,2.63
36,402,6.25
36,403,4.55
36,404,5
36,405,6.25
36,406,4.17
36,407,2.5
36,408,3.85
36,409,2.17
36,410,2.27
36,411,5
36,412,3.85
36,413,2.27
36,414,3.85
36,415,3.57
36,416,6.25
36,417,2.27
36,418,7.14
36,419,10
36,420,7.14
36,421,6.25
36,422,5
36,423,5.56
36,424,5.56
36,425,2.17
36,426,3.13
36,427,2.94
36,428,5.56
36,429,2.63
36,430,2.38
36,431,2.38
36,432,5.56
36,433,2.38
36,434,10
36,435,2
36,436,7.14
36,437,3.57
36,438,7.14
36,439,2.63
36,440,3.33
36,441,5.56
36,442,2.27
36,443,2.94
36,444,3.13
36,445,4.17
36,446,4.55
36,447,2.17
36,448,4.55
36,449,3.33
36,450,2
36,451,2.5
36,452,10
36,453,10
36,454,2.38
36,455,3.13
36,456,2.5
36,457,8.33
36,458,4.17
36,459,3.33
36,460,3.13
36,461,2.63
36,462,2.27
36,463,2
36,464,3.85
36,465,3.13
36,466,3.13
36,467,3.85
36,468,2
36,469,6.25
36,470,7.14
36,471,2.78
36,472,2.38
36,473,4.55
36,474,2.63
36,475,8.33
36,476,2.08
36,477,2.94
36,478,3.13
36,479,8.33
36,480,5
36,481,3.57
36,482,5
36,483,3.33
36,484,3.85
36,485,5
36,486,7.14
36,487,2.08
36,488,3.33
36,489,4.55
36,490,5
36,491,4.17
36,492,5.56
36,493,10
36,494,2.27
36,495,8.33
36,496,2.17
36,497,3.85
36,498,3.57
36,499,2.27
36,500,7.14
37,1,2.78
37,2,3.33
37,3,5.56
37,4,6.25
37,5,2.08
37,6,3.85
37,7,2.38
37,8,2.38
37,9,6.25
37,10,3.13
37,11,2.27
37,12,2.78
37,13,8.33
37,14,3.85
37,15,3.85
37,16,2
37,17,5.56
37,18,3.13
37,19,7.14
37,20,7.14
37,21,2.08
37,22,4.17
37,23,2.17
37,24,5
37,25,8.33
37,26,2
37,27,2.38
37,28,3.85
37,29,7.14
37,30,3.13
37,31,2.78
37,32,5.56
37,33,5
37,34,3.57
37,35,2.17
37,36,2.63
37,37,3.57
37,38,2.63
37,39,8.33
37,40,2.38
37,41,7.14
37,42,2.27
37,43,10
37,44,10
37,45,2.78
37,46,3.13
37,47,6.25
37,48,3.85
37,49,7.14
37,50,2.5
37,51,2.17
37,52,3.85
37,53,2.08
37,54,7.14
37,55,2.78
37,56,6.25
37,57,4.17
37,58,3.33
37,59,6.25
37,60,4.55
37,61,5.56
37,62,4.55
37,63,2.17
37,64,7.14
37,65,7.14
37,66,2.63
37,67,2.5
37,68,2.5
37,69,3.85
37,70,3.13
37,71,4.17
37,72,5.56
37,73,2
37,74,5
37,75,3.85
37,76,4.17
37,77,2.78
37,78,10
37,79,2.5
37,80,7.14
37,81,5.56
37,82,2.08
37,83,2.08
37,84,7.14
37,85,2.17
37,86,2.63
37,87,2.94
37,88,2.08
37,89,2.5
37,90,3.85
37,91,3.13
37,92,4.55
37,93,3.33
37,94,2.17
37,95,2.78
37,96,3.85
37,97,5.56
37,98,2.63
37,99,2
37,100,8.33
37,101,2.17
37,102,4.55
37,103,4.55
37,104,2.94
37,105,2.38
37,106,3.85
37,107,2.78
37,108,5
37,109,2.08
37,110,2
37,111,2.63
37,112,10
37,113,2
37,114,2
37,115,2.27
37,116,4.55
37,117,3.57
37,118,7.14
37,119,2.27
37,120,3.85
37,121,3.85
37,122,5.56
37,123,10
37,124,2.94
37,125,10
37,126,2
37,127,3.13
37,128,3.33
37,129,5
37,130,2.17
37,131,3.57
37,132,7.14
37,133,10
37,134,3.13
37,135,2.17
37,136,2.78
37,137,4.55
37,138,3.33
37,139,2.27
37,140,2.08
37,141,3.57
37,142,2
37,143,2.5
37,144,2.27
37,145,8.33
37,146,3.85
37,147,2
37,148,2.94
37,149,2.63
37,150,4.55
37,151,2.63
37,152,8.33
37,153,3.13
37,154,2.38
37,155,2
37,156,3.85
37,157,2.27
37,158,10
37,159,5
37,160,2.17
37,161,2
37,162,8.33
37,163,2.78
37,164,2
37,165,8.33
37,166,8.33
37,167,2.94
37,168,3.13
37,169,2.38
37,170,3.13
37,171,4.55
37,172,3.13
37,173,3.57
37,174,2.08
37,175,10
37,176,7.14
37,177,2.17
37,178,2.94
37,179,4.17
37,180,2.5
37,181,3.33
37,182,2.5
37,183,3.13
37,184,3.57
37,185,3.33
37,186,2.63
37,187,2.94
37,188,2.5
37,189,4.17
37,190,2.08
37,191,2.63
37,192,2.78
37,193,2.63
37,194,6.25
37,195,2.5
37,196,3.13
37,197,5.56
37,198,3.33
37,199,5
37,200,2
37,201,4.55
37,202,2.08
37,203,5.56
37,204,6.25
37,205,2
37,206,2.38
37,207,5
37,208,3.57
37,209,2.17
37,210,5
37,211,2.94
37,212,2.78
37,213,5.56
37,214,3.57
37,215,8.33
37,216,2.5
37,217,3.85
37,218,2.27
37,219,3.13
37,220,2.27
37,221,2.38
37,222,10
37,223,6.25
37,224,3.85
37,225,3.85
37,226,2.5
37,227,2.63
37,228,3.33
37,229,6.25
37,230,5.56
37,231,7.14
37,232,3.57
37,233,2.17
37,234,8.33
37,235,8.33
37,236,6.25
37,237,2.94
37,238,7.14
37,239,8.33
37,240,7.14
37,241,2.94
37,242,3.57
37,243,4.55
37,244,2.5
37,245,2.08
37,246,3.85
37,247,2.5
37,248,3.13
37,249,2
37,250,2.78
37,251,2.38
37,252,2.63
37,253,5.56
37,254,8.33
37,255,2.17
37,256,2.38
37,257,2.63
37,258,2.38
37,259,6.25
37,260,2.38
37,261,5
37,262,2.38
37,263,2.63
37,264,3.85
37,265,2
37,266,2.78
37,267,2.08
37,268,4.55
37,269,6.25
37,270,2.5
37,271,4.55
37,272,2.78
37,273,5
37,274,2
37,275,3.57
37,276,2
37,277,2.17
37,278,2.27
37,279,2.63
37,280,3.33
37,281,2.94
37,282,3.13
37,283,4.55
37,284,8.33
37,285,3.57
37,286,3.33
37,287,6.25
37,288,6.25
37,289,5
37,290,2.63
37,291,8.33
37,292,2.94
37,293,5
37,294,3.57
37,295,5
37,296,6.25
37,297,2.08
37,298,8.33
37,299,7.14
37,300,4.17
37,301,2.63
37,302,3.85
37,303,3.13
37,304,2.78
37,305,5.56
37,306,2.78
37,307,3.85
37,308,7.14
37,309,3.57
37,310,4.55
37,311,4.17
37,312,3.13
37,313,5
37,314,4.17
37,315,5
37,316,3.85
37,317,5.56
37,318,2.27
37,319,3.85
37,320,5.56
37,321,8.33
37,322,7.14
37,323,8.33
37,324,3.57
37,325,4.17
37,326,8.33
37,327,6.25
37,328,2.38
37,329,10
37,330,10
37,331,3.57
37,332,2
37,333,5
37,334,2.5
37,335,6.25
37,336,2.17
37,337,3.33
37,338,4.17
37,339,4.55
37,340,6.25
37,341,3.57
37,342,7.14
37,343,7.14
37,344,2.08
37,345,4.17
37,346,2.27
37,347,3.57
37,348,2
37,349,2.17
37,350,8.33
37,351,3.33
37,352,10
37,353,8.33
37,354,5.56
37,355,3.85
37,356,10
37,357,2.08
37,358,2.94
37,359,7.14
37,360,2.38
37,361,3.57
37,362,3.57
37,363,7.14
37,364,2
37,365,3.33
37,366,2.63
37,367,4.17
37,368,2.5
37,369,10
37,370,2.08
37,371,2.27
37,372,2.5
37,373,2.94
37,374,4.55
37,375,10
37,376,3.57
37,377,3.33
37,378,7.14
37,379,2.08
37,380,3.57
37,381,4.17
37,382,2.27
37,383,8.33
37,384,2.5
37,385,8.33
37,386,4.55
37,387,3.13
37,388,4.17
37,389,2.78
37,390,2.27
37,391,4.55
37,392,3.57
37,393,3.13
37,394,2.94
37,395,6.25
37,396,2.27
37,397,2.17
37,398,3.57
37,399,3.13
37,400,3.33
37,401,5.56
37,402,2.94
37,403,3.85
37,404,2.5
37,405,2.17
37,406,2.5
37,407,2.78
37,408,8.33
37,409,3.13
37,410,3.57
37,411,2
37,412,7.14
37,413,2.17
37,414,5
37,415,3.33
37,416,4.17
37,417,2.94
37,418,3.85
37,419,2.63
37,420,3.13
37,421,4.17
37,422,5.56
37,423,4.17
37,424,10
37,425,7.14
37,426,3.57
37,427,7.14
37,428,2.27
37,429,2.08
37,430,3.57
37,431,2.38
37,432,2.5
37,433,2.78
37,434,3.33
37,435,2.08
37,436,4.55
37,437,4.55
37,438,4.55
37,439,2.17
37,440,5.56
37,441,6.25
37,442,2.27
37,443,3.57
37,444,4.17
37,445,2.27
37,446,2.38
37,447,2
37,448,2.63
37,449,5
37,450,8.33
37,451,4.17
37,452,3.85
37,453,2
37,454,2.78
37,455,4.17
37,456,2.17
37,457,3.85
37,458,2.78
37,459,2.78
37,460,2.38
37,461,3.57
37,462,2.38
37,463,8.33
37,464,2.5
37,465,2.17
37,466,10
37,467,2.78
37,468,2.08
37,469,5.56
37,470,6.25
37,471,2.08
37,472,4.55
37,473,3.13
37,474,8.33
37,475,2.94
37,476,2.17
37,477,3.33
37,478,2.94
37,479,4.55
37,480,5
37,481,3.33
37,482,8.33
37,483,5.56
37,484,3.13
37,485,2.27
37,486,2.5
37,487,6.25
37,488,2
37,489,6.25
37,490,4.17
37,491,8.33
37,492,2.17
37,493,4.17
37,494,2
37,495,3.13
37,496,10
37,497,2.38
37,498,2.27
37,499,2.78
37,500,6.25
38,1,3.13
38,2,3.57
38,3,5.56
38,4,4.17
38,5,2.5
38,6,2.08
38,7,2.38
38,8,2
38,9,3.85
38,10,4.55
38,11,6.25
38,12,2.27
38,13,7.14
38,14,2.63
38,15,2.08
38,16,3.33
38,17,4.55
38,18,3.13
38,19,4.55
38,20,2.38
38,21,10
38,22,4.17
38,23,2.38
38,24,8.33
38,25,2.38
38,26,5.56
38,27,3.85
38,28,2.17
38,29,6.25
38,30,3.85
38,31,3.57
38,32,2.38
38,33,2.27
38,34,2.94
38,35,2
38,36,3.57
38,37,2.38
38,38,10
38,39,2.17
38,40,3.13
38,41,2.63
38,42,2.78
38,43,2.5
38,44,7.14
38,45,8.33
38,46,5.56
38,47,4.17
38,48,2.5
38,49,10
38,50,7.14
38,51,3.85
38,52,2.27
38,53,2.17
38,54,3.33
38,55,2
38,56,2.78
38,57,3.57
38,58,3.85
38,59,2.94
38,60,2.38
38,61,2.5
38,62,2.63
38,63,5.56
38,64,2.08
38,65,2.63
38,66,2.38
38,67,5
38,68,2.94
38,69,2.5
38,70,10
38,71,6.25
38,72,4.17
38,73,3.57
38,74,4.55
38,75,3.57
38,76,3.33
38,77,7.14
38,78,3.85
38,79,2.17
38,80,5.56
38,81,3.33
38,82,2.08
38,83,5
38,84,3.57
38,85,2.17
38,86,2.94
38,87,4.17
38,88,5
38,89,5
38,90,2.38
38,91,2.27
38,92,2.63
38,93,7.14
38,94,3.85
38,95,2.17
38,96,2.78
38,97,10
38,98,5.56
38,99,2.94
38,100,2.17
38,101,7.14
38,102,2.94
38,103,2.38
38,104,4.55
38,105,2.27
38,106,3.13
38,107,3.13
38,108,2.94
38,109,4.55
38,110,2.78
38,111,2
38,112,2.38
38,113,2.08
38,114,3.13
38,115,2
38,116,2.78
38,117,4.55
38,118,2
38,119,2.5
38,120,8.33
38,121,6.25
38,122,3.57
38,123,2.78
38,124,2.17
38,125,6.25
38,126,3.13
38,127,2.78
38,128,2.27
38,129,2.94
38,130,7.14
38,131,2.78
38,132,4.17
38,133,2.08
38,134,2
38,135,2.38
38,136,3.33
38,137,7.14
38,138,8.33
38,139,2.5
38,140,3.13
38,141,4.55
38,142,2.94
38,143,2.17
38,144,8.33
38,145,4.17
38,146,2.78
38,147,5
38,148,2.27
38,149,3.33
38,150,4.55
38,151,2.38
38,152,2
38,153,2.27
38,154,8.33
38,155,10
38,156,7.14
38,157,4.55
38,158,5
38,159,2.78
38,160,5
38,161,5.56
38,162,2.94
38,163,2.27
38,164,3.33
38,165,2.38
38,166,2
38,167,2.08
38,168,3.13
38,169,8.33
38,170,6.25
38,171,5
38,172,2.63
38,173,2.5
38,174,7.14
38,175,2
38,176,10
38,177,3.57
38,178,2.38
38,179,6.25
38,180,2.17
38,181,2.17
38,182,8.33
38,183,8.33
38,184,6.25
38,185,5.56
38,186,2.27
38,187,2.63
38,188,3.13
38,189,2.08
38,190,4.17
38,191,4.55
38,192,5.56
38,193,4.17
38,194,8.33
38,195,3.85
38,196,4.55
38,197,2.78
38,198,2.27
38,199,2.38
38,200,6.25
38,201,2.78
38,202,2.78
38,203,4.55
38,204,2.17
38,205,3.57
38,206,3.33
38,207,2.63
38,208,8.33
38,209,2.38
38,210,5.56
38,211,10
38,212,2.63
38,213,3.57
38,214,3.13
38,215,4.55
38,216,3.13
38,217,3.85
38,218,5
38,219,4.17
38,220,2.5
38,221,3.85
38,222,7.14
38,223,2.94
38,224,3.33
38,225,2.63
38,226,2.78
38,227,3.13
38,228,8.33
38,229,10
38,230,5
38,231,2.17
38,232,5
38,233,2.78
38,234,2.94
38,235,7.14
38,236,5.56
38,237,4.55
38,238,8.33
38,239,2.08
38,240,4.17
38,241,2.94
38,242,7.14
38,243,2.63
38,244,3.33
38,245,5
38,246,2.94
38,247,8.33
38,248,2.17
38,249,3.85
38,250,2.78
38,251,2
38,252,8.33
38,253,2.5
38,254,5.56
38,255,2.78
38,256,3.33
38,257,2
38,258,2.17
38,259,5.56
38,260,2.08
38,261,5
38,262,4.17
38,263,10
38,264,3.85
38,265,2.17
38,266,2.5
38,267,8.33
38,268,2.17
38,269,4.17
38,270,6.25
38,271,7.14
38,272,3.33
38,273,4.17
38,274,10
38,275,2.5
38,276,3.57
38,277,2.27
38,278,2.17
38,279,2.5
38,280,2.94
38,281,2.78
38,282,5.56
38,283,2.17
38,284,2.78
38,285,8.33
38,286,3.85
38,287,2.17
38,288,4.17
38,289,4.55
38,290,3.85
38,291,2
38,292,3.33
38,293,2.38
38,294,3.57
38,295,4.55
38,296,2
38,297,2.17
38,298,2.17
38,299,2.94
38,300,3.33
38,301,2.94
38,302,3.85
38,303,2.94
38,304,3.85
38,305,2.78
38,306,10
38,307,3.85
38,308,3.13
38,309,2.78
38,310,3.57
38,311,7.14
38,312,3.57
38,313,7.14
38,314,2.94
38,315,6.25
38,316,3.13
38,317,6.25
38,318,6.25
38,319,10
38,320,2.08
38,321,2.27
38,322,2.78
38,323,2.94
38,324,2.08
38,325,2.17
38,326,6.25
38,327,8.33
38,328,3.33
38,329,2.38
38,330,2.17
38,331,3.13
38,332,5
38,333,7.14
38,334,2.27
38,335,3.57
38,336,2.78
38,337,3.33
38,338,2.94
38,339,3.33
38,340,2.08
38,341,2.94
38,342,8.33
38,343,6.25
38,344,4.55
38,345,8.33
38,346,3.33
38,347,10
38,348,2.08
38,349,8.33
38,350,3.13
38,351,4.17
38,352,4.55
38,353,2.5
38,354,4.17
38,355,5
38,356,2.94
38,357,2.38
38,358,2.27
38,359,3.85
38,360,3.57
38,361,2.78
38,362,3.13
38,363,8.33
38,364,7.14
38,365,2.78
38,366,10
38,367,3.57
38,368,2.63
38,369,2.08
38,370,2.78
38,371,10
38,372,2.63
38,373,2
38,374,2.27
38,375,3.13
38,376,7.14
38,377,2
38,378,3.13
38,379,2.38
38,380,2.63
38,381,2.63
38,382,2.63
38,383,3.13
38,384,2
38,385,2.27
38,386,5.56
38,387,8.33
38,388,2.94
38,389,5.56
38,390,2.38
38,391,6.25
38,392,3.57
38,393,3.33
38,394,7.14
38,395,3.33
38,396,2.27
38,397,2.78
38,398,4.55
38,399,3.33
38,400,3.57
38,401,2.17
38,402,8.33
38,403,2.78
38,404,2.27
38,405,2.78
38,406,2.38
38,407,2.5
38,408,2.27
38,409,2.38
38,410,5
38,411,6.25
38,412,2.63
38,413,7.14
38,414,5
38,415,2.08
38,416,3.57
38,417,5
38,418,2.27
38,419,2.63
38,420,7.14
38,421,2
38,422,4.17
38,423,3.85
38,424,2.94
38,425,8.33
38,426,3.13
38,427,5
38,428,7.14
38,429,4.17
38,430,2.27
38,431,2.08
38,432,8.33
38,433,2.38
38,434,4.17
38,435,4.55
38,436,2.63
38,437,2.17
38,438,3.85
38,439,4.17
38,440,6.25
38,441,3.57
38,442,8.33
38,443,2.38
38,444,2.17
38,445,5
38,446,2.5
38,447,3.13
38,448,2.5
38,449,2.08
38,450,2.27
38,451,2.63
38,452,2
38,453,2
38,454,2.17
38,455,2.63
38,456,2.63
38,457,8.33
38,458,2.38
38,459,8.33
38,460,2.17
38,461,3.57
38,462,3.33
38,463,3.57
38,464,8.33
38,465,8.33
38,466,3.13
38,467,10
38,468,5
38,469,5.56
38,470,2.94
38,471,8.33
38,472,5.56
38,473,2.27
38,474,5.56
38,475,8.33
38,476,10
38,477,2
38,478,4.17
38,479,2.78
38,480,2.5
38,481,6.25
38,482,2.08
38,483,2.38
38,484,2.38
38,485,2.94
38,486,4.17
38,487,10
38,488,2.63
38,489,4.55
38,490,2
38,491,7.14
38,492,2.08
38,493,3.57
38,494,3.57
38,495,10
38,496,6.25
38,497,4.17
38,498,2.63
38,499,5
38,500,2.27
39,1,10
39,2,6.25
39,3,2.78
39,4,7.14
39,5,3.13
39,6,4.55
39,7,3.13
39,8,4.55
39,9,4.55
39,10,3.33
39,11,3.33
39,12,2.63
39,13,10
39,14,7.14
39,15,3.85
39,16,2.78
39,17,3.33
39,18,2.38
39,19,2.17
39,20,2.63
39,21,7.14
39,22,3.33
39,23,10
39,24,2.17
39,25,8.33
39,26,4.17
39,27,2.27
39,28,3.57
39,29,3.13
39,30,2.27
39,31,4.55
39,32,2.63
39,33,2.38
39,34,5.56
39,35,3.57
39,36,2.5
39,37,2
39,38,8.33
39,39,6.25
39,40,2.78
39,41,2.08
39,42,2
39,43,2.08
39,44,4.55
39,45,6.25
39,46,5.56
39,47,7.14
39,48,2
39,49,3.85
39,50,3.33
39,51,2.5
39,52,3.85
39,53,3.13
39,54,5.56
39,55,2.08
39,56,3.33
39,57,3.57
39,58,2.38
39,59,10
39,60,3.85
39,61,3.57
39,62,4.17
39,63,2.5
39,64,4.17
39,65,4.55
39,66,3.57
39,67,3.33
39,68,4.17
39,69,3.57
39,70,6.25
39,71,4.55
39,72,3.85
39,73,4.55
39,74,5.56
39,75,4.55
39,76,5.56
39,77,2.78
39,78,2.5
39,79,2.27
39,80,2
39,81,5
39,82,6.25
39,83,4.55
39,84,2.27
39,85,8.33
39,86,6.25
39,87,3.85
39,88,3.85
39,89,8.33
39,90,8.33
39,91,3.13
39,92,2.5
39,93,4.17
39,94,2.17
39,95,8.33
39,96,3.85
39,97,4.55
39,98,3.33
39,99,2
39,100,8.33
39,101,3.85
39,102,4.17
39,103,2.5
39,104,2.63
39,105,6.25
39,106,2.94
39,107,2.27
39,108,3.85
39,109,2.38
39,110,2.27
39,111,3.57
39,112,5.56
39,113,2.63
39,114,2.5
39,115,8.33
39,116,2.5
39,117,7.14
39,118,2
39,119,2.17
39,120,5
39,121,10
39,122,2.08
39,123,3.13
39,124,2.08
39,125,2.08
39,126,2.38
39,127,2.5
39,128,3.13
39,129,10
39,130,2.08
39,131,7.14
39,132,8.33
39,133,3.13
39,134,3.57
39,135,3.13
39,136,2.38
39,137,3.33
39,138,2.94
39,139,3.85
39,140,3.33
39,141,8.33
39,142,3.57
39,143,5.56
39,144,2
39,145,2.38
39,146,10
39,147,8.33
39,148,3.57
39,149,10
39,150,4.17
39,151,3.13
39,152,3.57
39,153,4.55
39,154,2.78
39,155,5.56
39,156,2.27
39,157,2
39,158,5.56
39,159,2.78
39,160,2.63
39,161,7.14
39,162,4.55
39,163,7.14
39,164,2
39,165,3.33
39,166,3.33
39,167,2.27
39,168,2.94
39,169,4.17
39,170,3.33
39,171,3.13
39,172,5
39,173,2.17
39,174,2.38
39,175,7.14
39,176,3.13
39,177,2.08
39,178,3.57
39,179,2
39,180,4.55
39,181,2.27
39,182,10
39,183,10
39,184,5.56
39,185,10
39,186,4.55
39,187,2.5
39,188,5.56
39,189,2
39,190,7.14
39,191,5.56
39,192,3.13
39,193,2
39,194,3.33
39,195,2.5
39,196,2.78
39,197,3.85
39,198,2.63
39,199,10
39,200,2.94
39,201,5
39,202,2.27
39,203,5.56
39,204,2.27
39,205,3.85
39,206,6.25
39,207,6.25
39,208,6.25
39,209,8.33
39,210,10
39,211,3.85
39,212,5
39,213,2.63
39,214,2.63
39,215,2.5
39,216,2.17
39,217,3.13
39,218,2.27
39,219,3.85
39,220,3.57
39,221,2.5
39,222,2.38
39,223,2.94
39,224,3.33
39,225,4.17
39,226,5.56
39,227,7.14
39,228,5
39,229,8.33
39,230,4.17
39,231,3.85
39,232,3.57
39,233,2.17
39,234,5.56
39,235,2.38
39,236,3.85
39,237,4.55
39,238,6.25
39,239,2.08
39,240,3.33
39,241,2.17
39,242,3.33
39,243,2
39,244,5
39,245,2.17
39,246,2.27
39,247,7.14
39,248,5
39,249,5
39,250,7.14
39,251,2.27
39,252,2
39,253,2
39,254,2.38
39,255,2.63
39,256,7.14
39,257,2.94
39,258,3.85
39,259,6.25
39,260,2.5
39,261,5
39,262,2.08
39,263,3.85
39,264,3.57
39,265,3.85
39,266,2.38
39,267,2.38
39,268,2.5
39,269,3.85
39,270,2.08
39,271,2.94
39,272,3.33
39,273,3.13
39,274,2.27
39,275,2.38
39,276,6.25
39,277,2
39,278,2.78
39,279,2.27
39,280,2.63
39,281,8.33
39,282,3.13
39,283,3.57
39,284,2.08
39,285,5.56
39,286,2.78
39,287,8.33
39,288,3.13
39,289,3.13
39,290,3.13
39,291,7.14
39,292,2.27
39,293,3.57
39,294,7.14
39,295,4.55
39,296,3.57
39,297,2.94
39,298,10
39,299,2.27
39,300,2.08
39,301,7.14
39,302,2.94
39,303,3.13
39,304,3.13
39,305,6.25
39,306,2
39,307,2.5
39,308,2.08
39,309,2.17
39,310,4.17
39,311,10
39,312,4.17
39,313,3.33
39,314,2.63
39,315,3.57
39,316,3.33
39,317,2.38
39,318,2.5
39,319,2.63
39,320,5.56
39,321,3.13
39,322,3.33
39,323,3.85
39,324,3.57
39,325,5.56
39,326,5.56
39,327,7.14
39,328,2.27
39,329,3.85
39,330,8.33
39,331,3.85
39,332,2.38
39,333,2
39,334,3.85
39,335,2.17
39,336,2.78
39,337,3.85
39,338,10
39,339,10
39,340,2
39,341,2.5
39,342,7.14
39,343,2.27
39,344,4.55
39,345,2.38
39,346,3.33
39,347,2.17
39,348,2.78
39,349,6.25
39,350,3.33
39,351,2.17
39,352,3.13
39,353,3.33
39,354,2
39,355,8.33
39,356,4.17
39,357,4.17
39,358,2.27
39,359,3.57
39,360,6.25
39,361,5.56
39,362,2
39,363,2.63
39,364,4.17
39,365,3.85
39,366,8.33
39,367,4.17
39,368,7.14
39,369,2.5
39,370,5.56
39,371,8.33
39,372,7.14
39,373,8.33
39,374,10
39,375,2.63
39,376,7.14
39,377,3.57
39,378,3.85
39,379,7.14
39,380,2.27
39,381,2.38
39,382,5.56
39,383,2.38
39,384,4.55
39,385,7.14
39,386,2.5
39,387,3.33
39,388,7.14
39,389,3.85
39,390,2.17
39,391,2.17
39,392,5
39,393,10
39,394,2.38
39,395,2.78
39,396,2.27
39,397,2.5
39,398,6.25
39,399,3.13
39,400,3.85
39,401,5
39,402,2.5
39,403,8.33
39,404,3.33
39,405,2.5
39,406,3.85
39,407,3.57
39,408,4.55
39,409,5
39,410,2.17
39,411,3.13
39,412,3.13
39,413,5
39,414,2.38
39,415,3.33
39,416,2.63
39,417,2.08
39,418,3.33
39,419,2.78
39,420,2.63
39,421,8.33
39,422,2.38
39,423,5.56
39,424,5.56
39,425,2.27
39,426,6.25
39,427,3.13
39,428,2.5
39,429,3.85
39,430,7.14
39,431,5.56
39,432,2.27
39,433,2
39,434,8.33
39,435,2.78
39,436,2.08
39,437,2
39,438,2.08
39,439,2.38
39,440,5.56
39,441,7.14
39,442,2.27
39,443,2.78
39,444,2.08
39,445,2.08
39,446,2.38
39,447,5.56
39,448,8.33
39,449,7.14
39,450,5.56
39,451,5.56
39,452,2.5
39,453,3.57
39,454,2.63
39,455,2.5
39,456,4.55
39,457,2
39,458,2
39,459,4.55
39,460,3.13
39,461,4.55
39,462,2.78
39,463,2.38
39,464,5
39,465,2.5
39,466,2.78
39,467,2.78
39,468,2.17
39,469,3.33
39,470,2.17
39,471,2.08
39,472,2.38
39,473,4.55
39,474,2.63
39,475,2.38
39,476,3.57
39,477,10
39,478,3.33
39,479,5
39,480,8.33
39,481,2.08
39,482,4.17
39,483,2.5
39,484,3.57
39,485,2.63
39,486,10
39,487,8.33
39,488,2.78
39,489,5.56
39,490,3.85
39,491,2
39,492,3.33
39,493,2.94
39,494,4.17
39,495,7.14
39,496,2.5
39,497,5.56
39,498,2.27
39,499,2.27
39,500,3.33
40,1,2.94
40,2,2.08
40,3,8.33
40,4,2.27
40,5,3.33
40,6,3.85
40,7,3.57
40,8,10
40,9,2.63
40,10,2.08
40,11,2.94
40,12,4.55
40,13,2.08
40,14,5.56
40,15,4.17
40,16,2.08
40,17,5.56
40,18,5
40,19,8.33
40,20,2.78
40,21,5.56
40,22,2.5
40,23,2.27
40,24,2.63
40,25,7.14
40,26,5.56
40,27,6.25
40,28,2.63
40,29,7.14
40,30,8.33
40,31,8.33
40,32,5.56
40,33,2.63
40,34,8.33
40,35,5.56
40,36,2.78
40,37,4.17
40,38,2.08
40,39,5.56
40,40,2.27
40,41,5
40,42,6.25
40,43,2
40,44,2.63
40,45,2
40,46,2
40,47,7.14
40,48,3.85
40,49,4.55
40,50,2
40,51,3.57
40,52,4.17
40,53,5
40,54,4.17
40,55,3.13
40,56,4.17
40,57,2.94
40,58,2.17
40,59,10
40,60,3.13
40,61,4.55
40,62,2.5
40,63,8.33
40,64,4.17
40,65,2.78
40,66,6.25
40,67,3.13
40,68,4.55
40,69,3.85
40,70,3.33
40,71,2.78
40,72,2.08
40,73,2.17
40,74,3.57
40,75,3.85
40,76,4.17
40,77,4.17
40,78,3.57
40,79,2.08
40,80,2.94
40,81,3.13
40,82,2.63
40,83,2.94
40,84,2.5
40,85,5
40,86,5
40,87,2.78
40,88,3.85
40,89,2.5
40,90,2.78
40,91,10
40,92,4.55
40,93,10
40,94,4.17
40,95,10
40,96,2.63
40,97,2.78
40,98,2.17
40,99,3.33
40,100,8.33
40,101,6.25
40,102,10
40,103,6.25
40,104,2.08
40,105,2.27
40,106,6.25
40,107,2.27
40,108,4.55
40,109,8.33
40,110,5
40,111,3.57
40,112,2.17
40,113,2.17
40,114,4.55
40,115,2.08
40,116,2.17
40,117,2.94
40,118,2.38
40,119,2.78
40,120,2.27
40,121,4.17
40,122,2.63
40,123,6.25
40,124,5.56
40,125,2.63
40,126,5.56
40,127,2.08
40,128,6.25
40,129,2.94
40,130,2.27
40,131,5
40,132,4.55
40,133,2.94
40,134,5
40,135,2.63
40,136,5
40,137,2.27
40,138,7.14
40,139,2.08
40,140,6.25
40,141,6.25
40,142,8.33
40,143,8.33
40,144,7.14
40,145,7.14
40,146,5.56
40,147,4.17
40,148,5.56
40,149,2.78
40,150,4.55
40,151,3.33
40,152,3.85
40,153,5
40,154,3.33
40,155,7.14
40,156,4.55
40,157,5.56
40,158,4.55
40,159,2.63
40,160,2.78
40,161,7.14
40,162,4.55
40,163,3.33
40,164,3.57
40,165,5
40,166,3.13
40,167,2.63
40,168,2.5
40,169,10
40,170,2.08
40,171,2.27
40,172,5
40,173,2.17
40,174,2.78
40,175,3.85
40,176,2.27
40,177,2.27
40,178,2.38
40,179,10
40,180,4.55
40,181,2.17
40,182,3.33
40,183,5
40,184,2.27
40,185,2.38
40,186,2.38
40,187,2.5
40,188,2
40,189,7.14
40,190,2.94
40,191,2
40,192,4.55
40,193,2
40,194,4.55
40,195,2.38
40,196,2.63
40,197,3.33
40,198,5
40,199,6.25
40,200,4.17
40,201,3.13
40,202,2
40,203,2.78
40,204,2.63
40,205,2
40,206,8.33
40,207,2.63
40,208,2.27
40,209,2.78
40,210,2.38
40,211,2.94
40,212,5
40,213,4.17
40,214,3.85
40,215,5.56
40,216,2.08
40,217,8.33
40,218,8.33
40,219,8.33
40,220,7.14
40,221,5
40,222,3.13
40,223,2.78
40,224,2.94
40,225,3.13
40,226,2.78
40,227,8.33
40,228,2.27
40,229,5.56
40,230,3.33
40,231,6.25
40,232,2.17
40,233,3.33
40,234,2.08
40,235,2
40,236,4.17
40,237,3.13
40,238,5.56
40,239,2.27
40,240,5
40,241,2.08
40,242,2.63
40,243,3.85
40,244,10
40,245,2.17
40,246,3.13
40,247,4.55
40,248,10
40,249,2.17
40,250,2.94
40,251,5.56
40,252,8.33
40,253,6.25
40,254,3.33
40,255,2.5
40,256,3.33
40,257,2.94
40,258,2.78
40,259,4.55
40,260,5.56
40,261,2.5
40,262,3.85
40,263,2.17
40,264,5.56
40,265,2.63
40,266,3.13
40,267,2.17
40,268,6.25
40,269,4.17
40,270,2.78
40,271,7.14
40,272,4.55
40,273,2.27
40,274,6.25
40,275,8.33
40,276,5
40,277,3.57
40,278,5.56
40,279,2.38
40,280,2.38
40,281,2.5
40,282,5
40,283,4.55
40,284,3.33
40,285,2
40,286,6.25
40,287,3.13
40,288,2.17
40,289,5
40,290,2.78
40,291,2.63
40,292,5
40,293,4.55
40,294,10
40,295,2.08
40,296,2.94
40,297,4.17
40,298,2.38
40,299,2.17
40,300,2.27
40,301,5.56
40,302,3.33
40,303,5.56
40,304,3.57
40,305,2.38
40,306,4.55
40,307,2.94
40,308,8.33
40,309,2
40,310,2.5
40,311,6.25
40,312,2.63
40,313,2.5
40,314,7.14
40,315,6.25
40,316,2.27
40,317,5
40,318,2.94
40,319,2.94
40,320,4.55
40,321,2.94
40,322,2.17
40,323,2.94
40,324,6.25
40,325,5
40,326,6.25
40,327,3.33
40,328,2.78
40,329,3.13
40,330,2.5
40,331,2
40,332,2.38
40,333,5
40,334,2.78
40,335,3.13
40,336,2.08
40,337,2.08
40,338,2.17
40,339,5
40,340,5.56
40,341,10
40,342,2.08
40,343,2
40,344,3.33
40,345,2.27
40,346,3.57
40,347,3.85
40,348,2.63
40,349,2.08
40,350,8.33
40,351,3.57
40,352,2.38
40,353,2.5
40,354,6.25
40,355,2.5
40,356,5.56
40,357,2.78
40,358,4.17
40,359,6.25
40,360,5.56
40,361,2.27
40,362,4.17
40,363,3.33
40,364,2.78
40,365,2.08
40,366,6.25
40,367,3.33
40,368,3.13
40,369,5
40,370,4.55
40,371,7.14
40,372,2
40,373,3.13
40,374,2
40,375,8.33
40,376,8.33
40,377,7.14
40,378,6.25
40,379,3.85
40,380,4.17
40,381,5.56
40,382,3.57
40,383,5
40,384,2
40,385,7.14
40,386,3.57
40,387,4.17
40,388,5
40,389,3.85
40,390,10
40,391,7.14
40,392,10
40,393,2.94
40,394,3.33
40,395,2.63
40,396,2.08
40,397,3.33
40,398,7.14
40,399,3.57
40,400,5
40,401,2.94
40,402,6.25
40,403,2.5
40,404,3.33
40,405,4.17
40,406,2.63
40,407,2.94
40,408,4.17
40,409,8.33
40,410,4.55
40,411,6.25
40,412,5
40,413,2.94
40,414,3.85
40,415,3.33
40,416,4.17
40,417,3.85
40,418,5.56
40,419,3.13
40,420,3.57
40,421,4.55
40,422,5.56
40,423,3.33
40,424,2.63
40,425,3.85
40,426,2.63
40,427,2.78
40,428,6.25
40,429,3.85
40,430,2
40,431,6.25
40,432,4.55
40,433,3.13
40,434,2
40,435,4.55
40,436,6.25
40,437,2.27
40,438,6.25
40,439,10
40,440,2.08
40,441,8.33
40,442,4.55
40,443,3.85
40,444,2.27
40,445,10
40,446,2.94
40,447,10
40,448,2.38
40,449,2.5
40,450,3.85
40,451,3.85
40,452,2.08
40,453,3.33
40,454,2.63
40,455,3.57
40,456,3.57
40,457,2.38
40,458,8.33
40,459,2.78
40,460,7.14
40,461,10
40,462,5
40,463,3.13
40,464,8.33
40,465,2.94
40,466,2.27
40,467,2.17
40,468,2.17
40,469,2.63
40,470,2.94
40,471,7.14
40,472,2.38
40,473,8.33
40,474,2.5
40,475,2.17
40,476,2.17
40,477,3.85
40,478,5
40,479,5
40,480,3.57
40,481,2.63
40,482,10
40,483,2.63
40,484,2.94
40,485,8.33
40,486,7.14
40,487,2.17
40,488,7.14
40,489,7.14
40,490,2.78
40,491,4.17
40,492,7.14
40,493,3.57
40,494,5.56
40,495,4.17
40,496,2.63
40,497,3.85
40,498,2.5
40,499,2.08
40,500,3.33
41,1,4.55
41,2,4.55
41,3,2.08
41,4,2.17
41,5,3.57
41,6,7.14
41,7,5.56
41,8,10
41,9,3.33
41,10,4.17
41,11,2.5
41,12,6.25
41,13,2.17
41,14,2.94
41,15,6.25
41,16,2
41,17,2.63
41,18,2.63
41,19,2
41,20,4.17
41,21,2.17
41,22,2.38
41,23,4.17
41,24,2
41,25,4.17
41,26,8.33
41,27,2.08
41,28,10
41,29,2.5
41,30,2.5
41,31,2.27
41,32,3.33
41,33,8.33
41,34,3.85
41,35,3.57
41,36,8.33
41,37,2
41,38,2.27
41,39,3.85
41,40,2.08
41,41,10
41,42,5
41,43,4.55
41,44,3.33
41,45,3.13
41,46,2.5
41,47,5.56
41,48,3.57
41,49,5
41,50,3.85
41,51,10
41,52,2.5
41,53,7.14
41,54,2.94
41,55,5
41,56,3.85
41,57,6.25
41,58,5
41,59,4.55
41,60,10
41,61,2
41,62,6.25
41,63,2.78
41,64,2.08
41,65,2
41,66,10
41,67,3.33
41,68,2.08
41,69,3.57
41,70,2.5
41,71,2.94
41,72,2.5
41,73,5.56
41,74,8.33
41,75,2.63
41,76,2.17
41,77,2.94
41,78,4.55
41,79,2.08
41,80,10
41,81,2.94
41,82,5
41,83,8.33
41,84,8.33
41,85,5
41,86,2.5
41,87,5.56
41,88,4.17
41,89,2.38
41,90,4.55
41,91,2.78
41,92,5
41,93,3.13
41,94,5
41,95,10
41,96,2.63
41,97,2.94
41,98,3.57
41,99,5.56
41,100,2.38
41,101,8.33
41,102,5
41,103,2.78
41,104,2.08
41,105,2.17
41,106,3.33
41,107,10
41,108,2.5
41,109,2.17
41,110,2.38
41,111,6.25
41,112,7.14
41,113,2.5
41,114,7.14
41,115,3.33
41,116,5.56
41,117,4.55
41,118,6.25
41,119,2.5
41,120,10
41,121,2.27
41,122,2.38
41,123,2.63
41,124,2.94
41,125,4.17
41,126,4.55
41,127,2.94
41,128,3.57
41,129,3.85
41,130,2
41,131,2.63
41,132,8.33
41,133,7.14
41,134,3.57
41,135,7.14
41,136,2.63
41,137,3.33
41,138,3.33
41,139,4.17
41,140,6.25
41,141,6.25
41,142,2.63
41,143,7.14
41,144,3.13
41,145,2
41,146,3.85
41,147,2.38
41,148,3.85
41,149,4.55
41,150,4.55
41,151,2.5
41,152,2.17
41,153,4.17
41,154,3.57
41,155,2
41,156,2.27
41,157,4.17
41,158,2.5
41,159,4.17
41,160,2.63
41,161,2.5
41,162,10
41,163,4.17
41,164,2.63
41,165,3.57
41,166,2.63
41,167,6.25
41,168,4.55
41,169,4.17
41,170,2.63
41,171,2.27
41,172,2.63
41,173,3.57
41,174,6.25
41,175,7.14
41,176,2.27
41,177,2
41,178,2.27
41,179,3.13
41,180,2.94
41,181,3.33
41,182,2.5
41,183,5
41,184,3.57
41,185,4.55
41,186,3.85
41,187,2.08
41,188,2.78
41,189,2.08
41,190,10
41,191,2.08
41,192,10
41,193,2.94
41,194,6.25
41,195,2.27
41,196,2.27
41,197,2.5
41,198,4.55
41,199,3.85
41,200,2.17
41,201,5.56
41,202,2.27
41,203,3.13
41,204,2
41,205,4.17
41,206,2.5
41,207,2.5
41,208,5
41,209,2.5
41,210,4.55
41,211,3.57
41,212,2.17
41,213,3.85
41,214,2.94
41,215,5
41,216,3.85
41,217,7.14
41,218,2.17
41,219,3.85
41,220,2.17
41,221,4.17
41,222,2.08
41,223,2.63
41,224,3.85
41,225,2.17
41,226,2.08
41,227,3.13
41,228,2.17
41,229,2.78
41,230,5.56
41,231,7.14
41,232,2.38
41,233,3.13
41,234,2.5
41,235,5.56
41,236,7.14
41,237,6.25
41,238,2
41,239,2.94
41,240,2.5
41,241,5
41,242,2.17
41,243,7.14
41,244,10
41,245,2.78
41,246,2.17
41,247,2.38
41,248,6.25
41,249,3.33
41,250,3.33
41,251,2.63
41,252,2.63
41,253,2.17
41,254,3.57
41,255,3.57
41,256,4.55
41,257,2.27
41,258,2.38
41,259,7.14
41,260,8.33
41,261,7.14
41,262,3.57
41,263,2.08
41,264,6.25
41,265,3.85
41,266,2.17
41,267,5.56
41,268,7.14
41,269,10
41,270,2.5
41,271,2
41,272,3.13
41,273,2.78
41,274,7.14
41,275,3.85
41,276,4.55
41,277,3.13
41,278,2.17
41,279,3.85
41,280,3.57
41,281,3.13
41,282,6.25
41,283,2.08
41,284,2.27
41,285,5.56
41,286,3.85
41,287,4.17
41,288,2.38
41,289,2
41,290,2.78
41,291,10
41,292,7.14
41,293,2.5
41,294,5
41,295,2
41,296,5.56
41,297,7.14
41,298,2.94
41,299,3.33
41,300,2
41,301,3.57
41,302,8.33
41,303,3.57
41,304,3.85
41,305,2.5
41,306,2
41,307,5.56
41,308,7.14
41,309,2.63
41,310,2.08
41,311,2
41,312,2.78
41,313,4.55
41,314,3.33
41,315,2.27
41,316,3.13
41,317,3.13
41,318,4.17
41,319,3.33
41,320,2.27
41,321,2.38
41,322,3.33
41,323,2.17
41,324,3.13
41,325,2.17
41,326,3.85
41,327,2.94
41,328,2.17
41,329,3.33
41,330,7.14
41,331,2
41,332,8.33
41,333,3.57
41,334,2.08
41,335,5.56
41,336,3.13
41,337,2.27
41,338,3.33
41,339,2.5
41,340,2.94
41,341,5
41,342,2.08
41,343,4.55
41,344,7.14
41,345,5.56
41,346,3.57
41,347,5.56
41,348,5
41,349,6.25
41,350,10
41,351,7.14
41,352,7.14
41,353,2.08
41,354,4.17
41,355,2.78
41,356,4.55
41,357,4.55
41,358,5.56
41,359,3.33
41,360,6.25
41,361,5
41,362,3.57
41,363,10
41,364,3.85
41,365,3.33
41,366,4.17
41,367,5
41,368,2.63
41,369,5.56
41,370,4.55
41,371,2.63
41,372,7.14
41,373,4.17
41,374,3.33
41,375,4.17
41,376,4.55
41,377,2
41,378,2
41,379,2.27
41,380,2.78
41,381,2.38
41,382,3.33
41,383,10
41,384,2.5
41,385,2.17
41,386,4.17
41,387,2.38
41,388,3.33
41,389,2.38
41,390,2.5
41,391,2.08
41,392,2.63
41,393,3.57
41,394,2
41,395,3.33
41,396,4.17
41,397,5.56
41,398,4.17
41,399,2.17
41,400,2.38
41,401,5
41,402,4.17
41,403,6.25
41,404,3.33
41,405,4.55
41,406,2.5
41,407,2.17
41,408,8.33
41,409,2.63
41,410,4.55
41,411,5
41,412,4.17
41,413,3.33
41,414,10
41,415,3.57
41,416,2.63
41,417,2.27
41,418,2.08
41,419,8.33
41,420,5.56
41,421,4.17
41,422,2.78
41,423,2.27
41,424,3.57
41,425,2.63
41,426,6.25
41,427,2.38
41,428,7.14
41,429,10
41,430,5
41,431,2
41,432,2.94
41,433,3.33
41,434,2.78
41,435,2.94
41,436,3.13
41,437,4.55
41,438,3.33
41,439,3.13
41,440,2.78
41,441,2
41,442,5
41,443,3.57
41,444,2.63
41,445,3.33
41,446,2.63
41,447,3.85
41,448,3.85
41,449,10
41,450,2.94
41,451,3.13
41,452,2.5
41,453,2.78
41,454,5
41,455,2.27
41,456,2.08
41,457,2.38
41,458,2.27
41,459,10
41,460,8.33
41,461,2.94
41,462,2.78
41,463,2.5
41,464,10
41,465,8.33
41,466,2
41,467,2.38
41,468,3.33
41,469,2.94
41,470,3.13
41,471,2.94
41,472,3.33
41,473,7.14
41,474,2.78
41,475,2.08
41,476,3.13
41,477,7.14
41,478,2.78
41,479,8.33
41,480,2.17
41,481,3.57
41,482,2.94
41,483,3.57
41,484,2.17
41,485,8.33
41,486,3.57
41,487,3.13
41,488,6.25
41,489,2.17
41,490,4.55
41,491,3.57
41,492,6.25
41,493,2.63
41,494,5
41,495,6.25
41,496,2.38
41,497,4.17
41,498,8.33
41,499,2.5
41,500,2
42,1,5.56
42,2,2.17
42,3,3.33
42,4,3.13
42,5,2.27
42,6,3.85
42,7,4.55
42,8,4.55
42,9,5.56
42,10,3.85
42,11,4.55
42,12,4.55
42,13,4.17
42,14,2.27
42,15,2.63
42,16,2.5
42,17,2.5
42,18,2.17
42,19,2.63
42,20,10
42,21,6.25
42,22,2.38
42,23,2.94
42,24,2
42,25,2.17
42,26,2.27
42,27,4.17
42,28,2.5
42,29,2.17
42,30,3.85
42,31,2.78
42,32,4.17
42,33,10
42,34,2.63
42,35,4.55
42,36,3.33
42,37,5.56
42,38,4.55
42,39,10
42,40,2.17
42,41,2.08
42,42,3.85
42,43,3.13
42,44,6.25
42,45,2.5
42,46,2.5
42,47,5.56
42,48,2.78
42,49,2
42,50,2.08
42,51,2.94
42,52,3.13
42,53,7.14
42,54,4.17
42,55,2.63
42,56,4.17
42,57,7.14
42,58,8.33
42,59,2
42,60,2.17
42,61,5.56
42,62,3.13
42,63,2
42,64,2
42,65,6.25
42,66,3.85
42,67,2.27
42,68,2.63
42,69,2.94
42,70,2.38
42,71,2.94
42,72,7.14
42,73,2.78
42,74,7.14
42,75,3.33
42,76,2.38
42,77,2
42,78,3.85
42,79,4.55
42,80,2.5
42,81,2.17
42,82,3.13
42,83,2.63
42,84,2
42,85,4.55
42,86,4.55
42,87,3.13
42,88,2.38
42,89,2.38
42,90,3.57
42,91,6.25
42,92,2.27
42,93,2.5
42,94,5
42,95,3.33
42,96,2.5
42,97,10
42,98,6.25
42,99,2.17
42,100,5
42,101,8.33
42,102,3.33
42,103,2.38
42,104,5.56
42,105,6.25
42,106,2.78
42,107,4.17
42,108,5
42,109,5
42,110,2.17
42,111,2.78
42,112,2.63
42,113,4.17
42,114,2.08
42,115,3.33
42,116,2.17
42,117,2.5
42,118,4.55
42,119,3.57
42,120,2.94
42,121,3.57
42,122,2.08
42,123,8.33
42,124,2.63
42,125,3.85
42,126,7.14
42,127,2.08
42,128,3.33
42,129,3.57
42,130,3.85
42,131,2.27
42,132,3.33
42,133,3.13
42,134,2.78
42,135,5
42,136,8.33
42,137,6.25
42,138,2.63
42,139,2.5
42,140,2.94
42,141,2.08
42,142,8.33
42,143,2.78
42,144,3.13
42,145,2.08
42,146,4.17
42,147,4.55
42,148,2.38
42,149,8.33
42,150,10
42,151,4.17
42,152,2.17
42,153,2.38
42,154,2.27
42,155,2.38
42,156,10
42,157,4.55
42,158,8.33
42,159,2.08
42,160,8.33
42,161,4.55
42,162,2
42,163,4.55
42,164,4.17
42,165,2.63
42,166,2.17
42,167,8.33
42,168,2.78
42,169,2.63
42,170,4.55
42,171,5.56
42,172,2.27
42,173,2.78
42,174,3.57
42,175,2.17
42,176,5.56
42,177,3.13
42,178,2.63
42,179,10
42,180,2.78
42,181,2
42,182,3.33
42,183,5
42,184,8.33
42,185,2.94
42,186,2.94
42,187,2.38
42,188,3.33
42,189,2.5
42,190,2.27
42,191,8.33
42,192,2.38
42,193,4.17
42,194,2.78
42,195,5.56
42,196,2.78
42,197,5
42,198,3.33
42,199,2
42,200,10
42,201,4.17
42,202,5.56
42,203,3.13
42,204,2.94
42,205,2.38
42,206,3.57
42,207,2
42,208,2.94
42,209,2
42,210,4.55
42,211,2.17
42,212,2.38
42,213,3.33
42,214,2.17
42,215,2
42,216,2.08
42,217,3.57
42,218,2.78
42,219,5
42,220,2.27
42,221,5
42,222,10
42,223,6.25
42,224,2.63
42,225,2.5
42,226,2.27
42,227,3.13
42,228,2.5
42,229,8.33
42,230,2.78
42,231,2.08
42,232,3.33
42,233,2.17
42,234,8.33
42,235,2.63
42,236,2.27
42,237,5.56
42,238,8.33
42,239,2.63
42,240,2.08
42,241,2.17
42,242,6.25
42,243,5.56
42,244,2.63
42,245,2.63
42,246,2.17
42,247,2.94
42,248,3.13
42,249,5
42,250,3.13
42,251,5.56
42,252,2.94
42,253,2.08
42,254,10
42,255,2.08
42,256,3.57
42,257,10
42,258,2.27
42,259,10
42,260,3.85
42,261,4.55
42,262,6.25
42,263,3.57
42,264,5.56
42,265,6.25
42,266,3.13
42,267,4.17
42,268,4.55
42,269,2.08
42,270,4.55
42,271,8.33
42,272,6.25
42,273,2.63
42,274,4.17
42,275,3.57
42,276,2.5
42,277,2.94
42,278,2.94
42,279,3.13
42,280,4.17
42,281,3.13
42,282,7.14
42,283,2.27
42,284,4.55
42,285,3.57
42,286,2
42,287,2.78
42,288,4.55
42,289,3.57
42,290,8.33
42,291,2.63
42,292,3.13
42,293,2.94
42,294,2
42,295,2.08
42,296,2.5
42,297,3.13
42,298,3.33
42,299,6.25
42,300,2.94
42,301,2
42,302,2.08
42,303,2.38
42,304,2.78
42,305,2.94
42,306,2.17
42,307,7.14
42,308,10
42,309,5
42,310,4.17
42,311,5
42,312,2.38
42,313,3.57
42,314,2.94
42,315,3.13
42,316,2.5
42,317,2.94
42,318,8.33
42,319,2.27
42,320,2.38
42,321,2.17
42,322,2.78
42,323,4.55
42,324,2.5
42,325,4.17
42,326,3.57
42,327,2.78
42,328,5.56
42,329,5
42,330,3.85
42,331,2.27
42,332,2.08
42,333,2.94
42,334,2.94
42,335,2.38
42,336,2.78
42,337,6.25
42,338,3.57
42,339,2.63
42,340,2.78
42,341,2.94
42,342,4.55
42,343,4.55
42,344,3.13
42,345,4.55
42,346,2.08
42,347,2.5
42,348,2
42,349,8.33
42,350,7.14
42,351,2.78
42,352,4.55
42,353,2.5
42,354,2.17
42,355,2.38
42,356,3.85
42,357,6.25
42,358,2
42,359,10
42,360,3.57
42,361,3.13
42,362,2
42,363,2.94
42,364,6.25
42,365,2.08
42,366,6.25
42,367,2.27
42,368,5
42,369,4.55
42,370,2.17
42,371,2.63
42,372,2.08
42,373,2.17
42,374,7.14
42,375,8.33
42,376,4.55
42,377,3.13
42,378,3.57
42,379,2.94
42,380,2
42,381,2.5
42,382,2.63
42,383,2.17
42,384,2.08
42,385,4.17
42,386,5.56
42,387,2.5
42,388,3.33
42,389,3.57
42,390,6.25
42,391,6.25
42,392,7.14
42,393,2
42,394,2.94
42,395,2.27
42,396,3.33
42,397,2.08
42,398,4.55
42,399,2
42,400,3.57
42,401,3.57
42,402,2.17
42,403,8.33
42,404,2.27
42,405,2.94
42,406,3.57
42,407,2.38
42,408,3.57
42,409,4.55
42,410,3.33
42,411,5.56
42,412,2.38
42,413,8.33
42,414,5
42,415,3.85
42,416,2.63
42,417,6.25
42,418,8.33
42,419,8.33
42,420,2.08
42,421,7.14
42,422,4.17
42,423,3.85
42,424,6.25
42,425,3.85
42,426,3.85
42,427,3.13
42,428,4.17
42,429,2.38
42,430,3.57
42,431,3.13
42,432,3.57
42,433,4.55
42,434,2.17
42,435,2.27
42,436,2.08
42,437,3.57
42,438,2
42,439,3.57
42,440,5.56
42,441,2.94
42,442,8.33
42,443,2.5
42,444,4.17
42,445,3.85
42,446,3.13
42,447,2.27
42,448,2.27
42,449,2.94
42,450,2.27
42,451,5.56
42,452,6.25
42,453,5
42,454,3.13
42,455,2.78
42,456,10
42,457,8.33
42,458,2.27
42,459,2
42,460,2.5
42,461,2.63
42,462,2.17
42,463,2.27
42,464,4.17
42,465,3.33
42,466,3.57
42,467,2.63
42,468,2.63
42,469,3.57
42,470,2.94
42,471,2.78
42,472,3.57
42,473,6.25
42,474,5
42,475,4.17
42,476,7.14
42,477,10
42,478,6.25
42,479,3.33
42,480,2.38
42,481,10
42,482,6.25
42,483,2.08
42,484,4.17
42,485,2.63
42,486,5
42,487,2.63
42,488,2.27
42,489,8.33
42,490,2
42,491,5.56
42,492,5.56
42,493,5.56
42,494,2.94
42,495,3.57
42,496,5.56
42,497,2.5
42,498,8.33
42,499,5
42,500,3.85
43,1,3.57
43,2,5.56
43,3,6.25
43,4,2.08
43,5,2
43,6,4.55
43,7,4.17
43,8,5
43,9,2.08
43,10,2
43,11,2.17
43,12,10
43,13,2
43,14,4.17
43,15,2.08
43,16,2.5
43,17,2.63
43,18,3.33
43,19,3.33
43,20,3.13
43,21,2.27
43,22,8.33
43,23,2
43,24,3.13
43,25,2
43,26,2.63
43,27,2.27
43,28,2.38
43,29,2.27
43,30,2.27
43,31,2.38
43,32,6.25
43,33,2.27
43,34,10
43,35,2.94
43,36,10
43,37,2.08
43,38,2.08
43,39,5.56
43,40,10
43,41,2.38
43,42,2.78
43,43,3.13
43,44,3.85
43,45,2.08
43,46,3.13
43,47,6.25
43,48,5.56
43,49,5
43,50,3.33
43,51,2.5
43,52,10
43,53,2.17
43,54,2
43,55,4.55
43,56,7.14
43,57,3.85
43,58,7.14
43,59,3.33
43,60,2.94
43,61,2.38
43,62,2.63
43,63,10
43,64,2
43,65,3.85
43,66,3.57
43,67,10
43,68,8.33
43,69,3.33
43,70,2.27
43,71,5
43,72,2.17
43,73,2.78
43,74,4.17
43,75,2.78
43,76,3.85
43,77,2.5
43,78,3.13
43,79,5.56
43,80,5
43,81,3.13
43,82,2.27
43,83,10
43,84,3.57
43,85,3.13
43,86,2.78
43,87,2.78
43,88,2.94
43,89,3.85
43,90,4.17
43,91,8.33
43,92,6.25
43,93,2.94
43,94,6.25
43,95,4.55
43,96,2.38
43,97,10
43,98,7.14
43,99,3.85
43,100,3.57
43,101,2.27
43,102,3.57
43,103,4.55
43,104,2.17
43,105,3.57
43,106,2.94
43,107,2.08
43,108,2.94
43,109,6.25
43,110,5
43,111,10
43,112,3.13
43,113,2.17
43,114,2.63
43,115,3.85
43,116,2.78
43,117,4.17
43,118,2.38
43,119,2.08
43,120,3.85
43,121,2.17
43,122,3.85
43,123,5.56
43,124,2.38
43,125,6.25
43,126,7.14
43,127,2.78
43,128,2.17
43,129,4.55
43,130,8.33
43,131,2.38
43,132,10
43,133,5
43,134,2.27
43,135,2.78
43,136,2.27
43,137,2
43,138,2.5
43,139,2.17
43,140,2.94
43,141,5
43,142,3.85
43,143,2.94
43,144,4.55
43,145,3.33
43,146,3.13
43,147,5.56
43,148,3.13
43,149,2.63
43,150,2.63
43,151,5.56
43,152,5
43,153,3.33
43,154,2.94
43,155,6.25
43,156,2.78
43,157,3.85
43,158,6.25
43,159,2.08
43,160,5.56
43,161,4.55
43,162,8.33
43,163,3.33
43,164,3.57
43,165,4.55
43,166,2.63
43,167,7.14
43,168,4.55
43,169,7.14
43,170,2.38
43,171,4.55
43,172,2.38
43,173,7.14
43,174,3.57
43,175,2.63
43,176,6.25
43,177,7.14
43,178,5.56
43,179,4.55
43,180,6.25
43,181,4.17
43,182,2.63
43,183,10
43,184,2.94
43,185,2.78
43,186,10
43,187,2.5
43,188,3.85
43,189,2
43,190,2.17
43,191,4.55
43,192,4.55
43,193,2.63
43,194,3.13
43,195,2.94
43,196,5
43,197,3.57
43,198,2.78
43,199,2.78
43,200,7.14
43,201,2.5
43,202,2.27
43,203,3.85
43,204,3.85
43,205,3.57
43,206,5.56
43,207,2
43,208,3.57
43,209,2.27
43,210,8.33
43,211,2.17
43,212,7.14
43,213,8.33
43,214,2.63
43,215,5
43,216,2.78
43,217,2.27
43,218,2.08
43,219,2.27
43,220,6.25
43,221,2.38
43,222,5
43,223,2.27
43,224,3.13
43,225,3.33
43,226,4.17
43,227,3.13
43,228,6.25
43,229,3.85
43,230,7.14
43,231,2.78
43,232,2
43,233,2.78
43,234,2
43,235,5.56
43,236,3.57
43,237,2.27
43,238,2.27
43,239,8.33
43,240,2.5
43,241,2.63
43,242,2.63
43,243,4.55
43,244,3.85
43,245,2.08
43,246,3.85
43,247,2.63
43,248,10
43,249,2
43,250,3.57
43,251,5
43,252,2.38
43,253,2.08
43,254,3.33
43,255,7.14
43,256,4.17
43,257,2.94
43,258,2.38
43,259,8.33
43,260,5
43,261,2.38
43,262,2.08
43,263,3.13
43,264,2.38
43,265,8.33
43,266,2.27
43,267,7.14
43,268,6.25
43,269,5.56
43,270,7.14
43,271,2.08
43,272,3.57
43,273,5
43,274,3.33
43,275,10
43,276,4.55
43,277,2.78
43,278,3.33
43,279,4.55
43,280,4.55
43,281,2
43,282,2.27
43,283,2.94
43,284,2.63
43,285,10
43,286,8.33
43,287,2
43,288,4.17
43,289,2.08
43,290,2.94
43,291,2.17
43,292,2.5
43,293,7.14
43,294,2.78
43,295,4.55
43,296,2.17
43,297,2.5
43,298,2.63
43,299,8.33
43,300,3.33
43,301,2.5
43,302,8.33
43,303,2.5
43,304,4.17
43,305,3.57
43,306,5
43,307,2.63
43,308,10
43,309,2.17
43,310,2.5
43,311,3.13
43,312,6.25
43,313,3.57
43,314,4.17
43,315,3.85
43,316,2.08
43,317,2.17
43,318,2.63
43,319,3.33
43,320,3.13
43,321,10
43,322,8.33
43,323,3.13
43,324,4.17
43,325,2.38
43,326,2
43,327,3.85
43,328,10
43,329,5
43,330,5.56
43,331,4.55
43,332,2
43,333,3.13
43,334,6.25
43,335,2.63
43,336,2.27
43,337,3.57
43,338,4.55
43,339,2.5
43,340,2.5
43,341,2.17
43,342,4.55
43,343,2.94
43,344,2.78
43,345,5.56
43,346,2.63
43,347,2.94
43,348,2.27
43,349,8.33
43,350,2.08
43,351,6.25
43,352,2.78
43,353,3.13
43,354,2.63
43,355,8.33
43,356,4.17
43,357,2.08
43,358,10
43,359,4.55
43,360,10
43,361,3.57
43,362,2.27
43,363,3.13
43,364,6.25
43,365,6.25
43,366,8.33
43,367,2.63
43,368,3.13
43,369,6.25
43,370,2.94
43,371,2.63
43,372,3.85
43,373,3.13
43,374,2.78
43,375,2.63
43,376,8.33
43,377,2.94
43,378,6.25
43,379,8.33
43,380,2.08
43,381,3.13
43,382,2.08
43,383,3.57
43,384,8.33
43,385,2.5
43,386,6.25
43,387,2.5
43,388,3.57
43,389,8.33
43,390,2.17
43,391,5
43,392,3.57
43,393,7.14
43,394,2.17
43,395,2.27
43,396,2.38
43,397,3.33
43,398,3.85
43,399,2.5
43,400,2.27
43,401,6.25
43,402,2.38
43,403,3.57
43,404,4.55
43,405,2.63
43,406,8.33
43,407,2.5
43,408,2
43,409,2.5
43,410,3.33
43,411,6.25
43,412,7.14
43,413,2.27
43,414,4.55
43,415,4.55
43,416,4.55
43,417,2.5
43,418,3.85
43,419,3.13
43,420,8.33
43,421,8.33
43,422,8.33
43,423,5
43,424,3.85
43,425,2.94
43,426,3.13
43,427,3.33
43,428,2.17
43,429,2.94
43,430,3.33
43,431,2.27
43,432,8.33
43,433,5
43,434,2.5
43,435,2.63
43,436,3.33
43,437,2.5
43,438,7.14
43,439,2.63
43,440,2.5
43,441,2.63
43,442,2.5
43,443,10
43,444,2.17
43,445,4.17
43,446,2.78
43,447,10
43,448,2
43,449,2.08
43,450,3.57
43,451,2.27
43,452,5
43,453,2.63
43,454,5.56
43,455,3.85
43,456,4.17
43,457,6.25
43,458,4.17
43,459,2.5
43,460,2.08
43,461,3.57
43,462,7.14
43,463,2.38
43,464,7.14
43,465,4.55
43,466,4.55
43,467,4.55
43,468,2
43,469,2.17
43,470,4.17
43,471,6.25
43,472,2.38
43,473,2.5
43,474,3.57
43,475,2.08
43,476,4.55
43,477,4.17
43,478,2.63
43,479,2.38
43,480,3.57
43,481,6.25
43,482,5
43,483,2.38
43,484,3.33
43,485,2.17
43,486,2.94
43,487,7.14
43,488,2.08
43,489,3.57
43,490,2
43,491,3.33
43,492,6.25
43,493,2.63
43,494,4.55
43,495,6.25
43,496,2.63
43,497,4.55
43,498,2.63
43,499,10
43,500,2.63
44,1,2.17
44,2,2.94
44,3,5.56
44,4,2.94
44,5,2.78
44,6,2.94
44,7,2.94
44,8,2.08
44,9,3.85
44,10,2.63
44,11,10
44,12,4.55
44,13,2.63
44,14,7.14
44,15,3.85
44,16,8.33
44,17,5.56
44,18,3.85
44,19,2.94
44,20,2.78
44,21,3.57
44,22,2.94
44,23,2.17
44,24,3.33
44,25,4.17
44,26,3.85
44,27,6.25
44,28,2.78
44,29,5
44,30,5
44,31,2.08
44,32,2.63
44,33,7.14
44,34,2.08
44,35,7.14
44,36,2.08
44,37,4.55
44,38,10
44,39,3.33
44,40,2
44,41,5.56
44,42,2.38
44,43,3.85
44,44,2.78
44,45,2.38
44,46,2.08
44,47,2.63
44,48,2
44,49,6.25
44,50,3.13
44,51,2.5
44,52,8.33
44,53,5.56
44,54,5.56
44,55,4.17
44,56,2.94
44,57,2.17
44,58,2.38
44,59,5.56
44,60,2
44,61,7.14
44,62,10
44,63,8.33
44,64,3.57
44,65,3.85
44,66,2.94
44,67,7.14
44,68,2.27
44,69,3.13
44,70,3.13
44,71,2.78
44,72,2.27
44,73,10
44,74,3.33
44,75,2.63
44,76,6.25
44,77,2.94
44,78,2.38
44,79,2.94
44,80,10
44,81,2.38
44,82,2.38
44,83,2.38
44,84,3.13
44,85,2.27
44,86,4.55
44,87,3.85
44,88,4.55
44,89,5
44,90,2.78
44,91,2.94
44,92,5
44,93,2.38
44,94,2.94
44,95,2.27
44,96,2.38
44,97,2.63
44,98,2.63
44,99,2.5
44,100,2.17
44,101,5
44,102,2.08
44,103,2.38
44,104,2.5
44,105,3.57
44,106,7.14
44,107,2.94
44,108,2.17
44,109,10
44,110,2
44,111,2
44,112,5
44,113,7.14
44,114,6.25
44,115,3.85
44,116,3.57
44,117,2.5
44,118,2.94
44,119,2.08
44,120,2.08
44,121,3.33
44,122,2.94
44,123,2.27
44,124,2.5
44,125,8.33
44,126,2.94
44,127,5.56
44,128,2
44,129,4.17
44,130,2.27
44,131,3.57
44,132,8.33
44,133,5.56
44,134,2.78
44,135,5.56
44,136,3.85
44,137,3.13
44,138,7.14
44,139,3.85
44,140,2.38
44,141,5
44,142,2.17
44,143,2.08
44,144,5.56
44,145,6.25
44,146,3.33
44,147,8.33
44,148,2.27
44,149,2.08
44,150,3.33
44,151,2.5
44,152,2.27
44,153,2.38
44,154,3.33
44,155,5
44,156,4.17
44,157,3.33
44,158,5.56
44,159,2.94
44,160,4.17
44,161,2
44,162,2.27
44,163,7.14
44,164,2.78
44,165,3.57
44,166,5.56
44,167,5.56
44,168,5
44,169,2.38
44,170,3.85
44,171,2
44,172,3.57
44,173,4.55
44,174,5
44,175,8.33
44,176,2
44,177,2.27
44,178,10
44,179,4.55
44,180,4.17
44,181,2.5
44,182,5
44,183,5.56
44,184,3.33
44,185,2.78
44,186,2.63
44,187,8.33
44,188,2.63
44,189,4.17
44,190,2.08
44,191,4.55
44,192,4.17
44,193,3.13
44,194,7.14
44,195,3.57
44,196,4.55
44,197,2.08
44,198,6.25
44,199,2.08
44,200,5
44,201,10
44,202,4.55
44,203,4.17
44,204,10
44,205,5
44,206,7.14
44,207,2.94
44,208,2.08
44,209,3.85
44,210,2.78
44,211,2.94
44,212,2.27
44,213,5.56
44,214,2.17
44,215,7.14
44,216,8.33
44,217,4.17
44,218,5.56
44,219,2.17
44,220,4.55
44,221,2.78
44,222,5
44,223,2.08
44,224,3.33
44,225,3.13
44,226,2.27
44,227,2.27
44,228,3.85
44,229,4.55
44,230,4.17
44,231,2
44,232,5
44,233,2.5
44,234,6.25
44,235,3.13
44,236,2.78
44,237,6.25
44,238,2.38
44,239,2
44,240,7.14
44,241,3.13
44,242,2.63
44,243,2
44,244,6.25
44,245,2.94
44,246,2.78
44,247,10
44,248,3.13
44,249,8.33
44,250,2.63
44,251,2.94
44,252,3.33
44,253,2
44,254,2.38
44,255,2
44,256,5.56
44,257,2.94
44,258,2.38
44,259,2.5
44,260,4.55
44,261,4.17
44,262,2.08
44,263,2.63
44,264,3.85
44,265,3.33
44,266,2.38
44,267,2.5
44,268,2.27
44,269,5
44,270,2.5
44,271,3.57
44,272,4.17
44,273,8.33
44,274,2
44,275,2.17
44,276,2.94
44,277,2.94
44,278,8.33
44,279,7.14
44,280,2.5
44,281,2.17
44,282,3.33
44,283,2.5
44,284,2.38
44,285,5
44,286,2.17
44,287,2.38
44,288,2.27
44,289,4.17
44,290,8.33
44,291,5.56
44,292,3.13
44,293,2.94
44,294,10
44,295,4.55
44,296,7.14
44,297,4.17
44,298,2.94
44,299,2.08
44,300,3.33
44,301,2.94
44,302,7.14
44,303,2.78
44,304,5.56
44,305,5
44,306,2.5
44,307,3.33
44,308,2.5
44,309,2.17
44,310,3.57
44,311,2.5
44,312,2.5
44,313,5
44,314,2.08
44,315,6.25
44,316,4.55
44,317,2.78
44,318,2.27
44,319,3.33
44,320,4.17
44,321,7.14
44,322,3.85
44,323,3.13
44,324,2
44,325,3.13
44,326,5.56
44,327,6.25
44,328,2.94
44,329,2.17
44,330,2.17
44,331,2.63
44,332,4.17
44,333,10
44,334,7.14
44,335,3.57
44,336,2.5
44,337,2.94
44,338,3.57
44,339,2.63
44,340,2.94
44,341,10
44,342,2.38
44,343,2.08
44,344,6.25
44,345,3.57
44,346,2.94
44,347,2.63
44,348,2
44,349,2.38
44,350,7.14
44,351,3.13
44,352,7.14
44,353,2.63
44,354,2.27
44,355,4.55
44,356,5
44,357,2.27
44,358,2.63
44,359,2.5
44,360,2.5
44,361,2.78
44,362,2.63
44,363,3.57
44,364,7.14
44,365,3.13
44,366,2.5
44,367,2.17
44,368,4.17
44,369,2
44,370,2.94
44,371,5
44,372,2.63
44,373,3.57
44,374,4.17
44,375,6.25
44,376,10
44,377,4.55
44,378,2.08
44,379,2.94
44,380,4.17
44,381,2.94
44,382,2.08
44,383,8.33
44,384,3.85
44,385,2.38
44,386,2.5
44,387,5
44,388,2.78
44,389,3.85
44,390,3.13
44,391,2.08
44,392,2.5
44,393,5.56
44,394,3.85
44,395,6.25
44,396,2.63
44,397,4.55
44,398,2.27
44,399,2.63
44,400,2.27
44,401,3.57
44,402,2.63
44,403,2.63
44,404,2.38
44,405,2.17
44,406,4.17
44,407,3.33
44,408,2.27
44,409,6.25
44,410,3.57
44,411,5
44,412,8.33
44,413,2.78
44,414,5.56
44,415,4.55
44,416,10
44,417,4.55
44,418,4.55
44,419,5
44,420,2.27
44,421,2.38
44,422,7.14
44,423,10
44,424,2.27
44,425,2.78
44,426,2.27
44,427,6.25
44,428,4.17
44,429,10
44,430,6.25
44,431,5.56
44,432,2.38
44,433,4.17
44,434,5.56
44,435,2.94
44,436,2.63
44,437,6.25
44,438,3.57
44,439,2
44,440,2
44,441,6.25
44,442,10
44,443,2.08
44,444,7.14
44,445,10
44,446,2.08
44,447,2.38
44,448,2.94
44,449,2.38
44,450,2.27
44,451,2.17
44,452,3.85
44,453,3.33
44,454,3.33
44,455,2.94
44,456,2.94
44,457,2.38
44,458,7.14
44,459,3.33
44,460,2.27
44,461,8.33
44,462,3.57
44,463,2.94
44,464,3.13
44,465,5
44,466,5
44,467,3.13
44,468,2.27
44,469,7.14
44,470,3.57
44,471,2.78
44,472,2
44,473,4.55
44,474,8.33
44,475,7.14
44,476,2.5
44,477,3.57
44,478,3.57
44,479,3.33
44,480,2.94
44,481,2.08
44,482,2.27
44,483,3.33
44,484,4.17
44,485,4.17
44,486,3.33
44,487,2.78
44,488,3.33
44,489,7.14
44,490,2.38
44,491,3.33
44,492,2.08
44,493,8.33
44,494,3.33
44,495,2.5
44,496,4.17
44,497,2.78
44,498,3.33
44,499,3.57
44,500,7.14
45,1,7.14
45,2,6.25
45,3,2.94
45,4,3.33
45,5,2.08
45,6,4.17
45,7,2.5
45,8,2.63
45,9,2.08
45,10,3.85
45,11,3.57
45,12,4.55
45,13,2.08
45,14,8.33
45,15,7.14
45,16,2.63
45,17,2.78
45,18,4.17
45,19,3.57
45,20,2.08
45,21,2
45,22,2.27
45,23,2.17
45,24,6.25
45,25,2.63
45,26,2.38
45,27,2.78
45,28,2.38
45,29,8.33
45,30,5.56
45,31,3.33
45,32,3.85
45,33,6.25
45,34,3.57
45,35,2.17
45,36,4.55
45,37,2.5
45,38,7.14
45,39,4.17
45,40,2.08
45,41,2.63
45,42,3.33
45,43,2.5
45,44,2.27
45,45,3.13
45,46,3.57
45,47,5
45,48,2.27
45,49,5
45,50,2.38
45,51,5.56
45,52,2.94
45,53,5
45,54,6.25
45,55,4.17
45,56,2.5
45,57,3.85
45,58,3.33
45,59,2.78
45,60,5.56
45,61,3.57
45,62,4.17
45,63,5.56
45,64,5
45,65,10
45,66,2.63
45,67,2.17
45,68,2.08
45,69,3.85
45,70,5.56
45,71,2.5
45,72,4.55
45,73,3.85
45,74,2.27
45,75,6.25
45,76,2.17
45,77,3.57
45,78,2.63
45,79,4.55
45,80,2.78
45,81,6.25
45,82,3.57
45,83,3.85
45,84,4.55
45,85,4.55
45,86,3.33
45,87,10
45,88,2.38
45,89,4.55
45,90,7.14
45,91,4.17
45,92,7.14
45,93,2.5
45,94,2.78
45,95,2.5
45,96,2.08
45,97,2.5
45,98,3.85
45,99,3.57
45,100,4.55
45,101,5.56
45,102,5.56
45,103,4.55
45,104,4.55
45,105,6.25
45,106,2.08
45,107,10
45,108,2.63
45,109,2.5
45,110,5
45,111,3.85
45,112,5
45,113,2.08
45,114,8.33
45,115,2.08
45,116,3.85
45,117,4.17
45,118,2.08
45,119,2.38
45,120,2.08
45,121,3.13
45,122,2
45,123,2.78
45,124,6.25
45,125,10
45,126,2.08
45,127,2.63
45,128,2.27
45,129,7.14
45,130,5.56
45,131,4.55
45,132,5.56
45,133,10
45,134,3.13
45,135,2
45,136,2.78
45,137,2.38
45,138,2.94
45,139,10
45,140,8.33
45,141,3.85
45,142,2.27
45,143,4.55
45,144,2
45,145,3.57
45,146,3.33
45,147,2.5
45,148,3.13
45,149,6.25
45,150,6.25
45,151,2.17
45,152,2.17
45,153,2.17
45,154,2.94
45,155,4.55
45,156,8.33
45,157,5
45,158,3.57
45,159,2.5
45,160,2
45,161,2
45,162,8.33
45,163,3.85
45,164,8.33
45,165,4.55
45,166,5.56
45,167,5
45,168,3.85
45,169,4.17
45,170,4.55
45,171,2.27
45,172,6.25
45,173,4.17
45,174,2.5
45,175,4.17
45,176,4.17
45,177,8.33
45,178,2.17
45,179,2.17
45,180,2.94
45,181,2.38
45,182,2.78
45,183,2
45,184,6.25
45,185,8.33
45,186,5
45,187,2.38
45,188,2.27
45,189,8.33
45,190,3.57
45,191,3.57
45,192,3.33
45,193,2.78
45,194,8.33
45,195,10
45,196,3.85
45,197,5.56
45,198,2.94
45,199,4.17
45,200,7.14
45,201,4.17
45,202,2.38
45,203,2.78
45,204,7.14
45,205,3.85
45,206,2.27
45,207,2.27
45,208,10
45,209,3.85
45,210,5.56
45,211,5.56
45,212,4.17
45,213,2.38
45,214,3.85
45,215,5.56
45,216,4.17
45,217,3.33
45,218,2.63
45,219,7.14
45,220,8.33
45,221,4.17
45,222,2.78
45,223,3.85
45,224,8.33
45,225,2
45,226,5.56
45,227,10
45,228,5.56
45,229,2.78
45,230,2.5
45,231,10
45,232,2.38
45,233,2.5
45,234,3.57
45,235,3.13
45,236,2.63
45,237,10
45,238,4.55
45,239,5.56
45,240,2.17
45,241,7.14
45,242,2.08
45,243,2.27
45,244,2.94
45,245,7.14
45,246,3.57
45,247,3.33
45,248,3.13
45,249,2.63
45,250,3.57
45,251,2.94
45,252,3.33
45,253,3.13
45,254,7.14
45,255,2
45,256,3.13
45,257,2.27
45,258,2.08
45,259,2.17
45,260,3.57
45,261,2.38
45,262,2.08
45,263,10
45,264,3.33
45,265,8.33
45,266,3.85
45,267,2.78
45,268,5
45,269,5
45,270,2.27
45,271,3.85
45,272,5
45,273,5.56
45,274,6.25
45,275,4.17
45,276,4.55
45,277,6.25
45,278,2.63
45,279,2
45,280,2.94
45,281,2.78
45,282,3.57
45,283,10
45,284,4.55
45,285,2.5
45,286,5.56
45,287,2.38
45,288,2.17
45,289,4.55
45,290,2
45,291,2.27
45,292,2.17
45,293,3.57
45,294,3.85
45,295,10
45,296,2.78
45,297,2.78
45,298,5.56
45,299,8.33
45,300,3.57
45,301,2.08
45,302,5.56
45,303,5
45,304,10
45,305,3.57
45,306,10
45,307,4.55
45,308,7.14
45,309,3.13
45,310,3.57
45,311,3.57
45,312,3.85
45,313,8.33
45,314,5
45,315,5
45,316,4.55
45,317,2.27
45,318,3.33
45,319,3.85
45,320,2.78
45,321,2.27
45,322,10
45,323,2.5
45,324,2.78
45,325,8.33
45,326,5.56
45,327,10
45,328,2.78
45,329,5.56
45,330,2
45,331,2.78
45,332,2.78
45,333,2.38
45,334,2.27
45,335,2.38
45,336,4.17
45,337,2.38
45,338,6.25
45,339,6.25
45,340,2.27
45,341,4.17
45,342,8.33
45,343,2.78
45,344,3.13
45,345,2.5
45,346,7.14
45,347,3.13
45,348,2.78
45,349,2.94
45,350,2.5
45,351,3.13
45,352,8.33
45,353,2.78
45,354,2.78
45,355,2.38
45,356,10
45,357,3.33
45,358,2.27
45,359,3.13
45,360,2.38
45,361,6.25
45,362,2.17
45,363,2.27
45,364,5
45,365,3.33
45,366,10
45,367,2.38
45,368,3.57
45,369,3.13
45,370,2.27
45,371,2.08
45,372,2.63
45,373,8.33
45,374,10
45,375,5
45,376,4.55
45,377,3.33
45,378,5
45,379,2
45,380,2.17
45,381,2.63
45,382,2.08
45,383,5.56
45,384,7.14
45,385,2.17
45,386,6.25
45,387,10
45,388,2
45,389,5.56
45,390,10
45,391,2.78
45,392,4.17
45,393,3.85
45,394,6.25
45,395,4.17
45,396,2.94
45,397,5.56
45,398,10
45,399,2.94
45,400,2.78
45,401,7.14
45,402,2.63
45,403,3.85
45,404,3.13
45,405,5
45,406,4.55
45,407,2.94
45,408,2
45,409,3.13
45,410,2.94
45,411,2
45,412,5.56
45,413,2.27
45,414,6.25
45,415,7.14
45,416,2.38
45,417,3.33
45,418,2.5
45,419,3.85
45,420,8.33
45,421,2.94
45,422,5.56
45,423,2.94
45,424,3.85
45,425,8.33
45,426,10
45,427,6.25
45,428,6.25
45,429,2.27
45,430,2
45,431,3.57
45,432,3.57
45,433,10
45,434,2.08
45,435,3.85
45,436,2.27
45,437,3.85
45,438,3.13
45,439,2.63
45,440,2.38
45,441,3.13
45,442,10
45,443,5
45,444,7.14
45,445,4.17
45,446,3.57
45,447,2.38
45,448,3.13
45,449,3.13
45,450,5.56
45,451,2
45,452,2
45,453,3.13
45,454,5.56
45,455,2.17
45,456,7.14
45,457,3.57
45,458,3.33
45,459,3.33
45,460,4.17
45,461,2
45,462,2.63
45,463,2.38
45,464,10
45,465,7.14
45,466,2.5
45,467,2
45,468,8.33
45,469,3.85
45,470,2.94
45,471,2.78
45,472,2.27
45,473,2
45,474,2.78
45,475,10
45,476,5
45,477,8.33
45,478,3.57
45,479,7.14
45,480,2.27
45,481,2.17
45,482,2.38
45,483,5.56
45,484,4.17
45,485,2.78
45,486,2.17
45,487,10
45,488,5.56
45,489,10
45,490,2.38
45,491,2.5
45,492,2.17
45,493,2.08
45,494,3.13
45,495,2.63
45,496,3.33
45,497,5
45,498,5.56
45,499,2.38
45,500,4.17
46,1,8.33
46,2,8.33
46,3,4.17
46,4,3.57
46,5,6.25
46,6,2.27
46,7,3.57
46,8,5.56
46,9,8.33
46,10,2.27
46,11,2.27
46,12,2.94
46,13,3.33
46,14,2.78
46,15,10
46,16,3.85
46,17,4.55
46,18,4.17
46,19,8.33
46,20,5
46,21,5.56
46,22,2
46,23,4.55
46,24,3.33
46,25,3.13
46,26,5
46,27,3.57
46,28,5.56
46,29,3.57
46,30,2.38
46,31,5
46,32,10
46,33,4.17
46,34,2.27
46,35,5
46,36,2.27
46,37,5
46,38,2.78
46,39,2.17
46,40,3.85
46,41,2.63
46,42,2.63
46,43,5.56
46,44,7.14
46,45,6.25
46,46,3.33
46,47,5
46,48,4.55
46,49,3.57
46,50,3.85
46,51,3.13
46,52,7.14
46,53,2
46,54,2.38
46,55,2.63
46,56,2.78
46,57,2.5
46,58,2.17
46,59,2.27
46,60,2.38
46,61,2
46,62,10
46,63,2.08
46,64,5
46,65,3.57
46,66,3.57
46,67,3.85
46,68,3.57
46,69,2.17
46,70,6.25
46,71,3.57
46,72,4.55
46,73,2.63
46,74,2.94
46,75,2.94
46,76,2.08
46,77,2.94
46,78,3.85
46,79,2.94
46,80,3.57
46,81,2.78
46,82,3.57
46,83,3.57
46,84,5.56
46,85,2.94
46,86,6.25
46,87,2.5
46,88,8.33
46,89,5.56
46,90,2
46,91,3.85
46,92,2.27
46,93,7.14
46,94,7.14
46,95,7.14
46,96,8.33
46,97,2.5
46,98,7.14
46,99,3.85
46,100,3.33
46,101,2.94
46,102,4.55
46,103,2.63
46,104,4.55
46,105,4.17
46,106,4.55
46,107,2
46,108,5
46,109,2.27
46,110,2.38
46,111,3.33
46,112,2.5
46,113,2.27
46,114,2.08
46,115,4.55
46,116,5
46,117,10
46,118,2.17
46,119,5.56
46,120,3.85
46,121,2.17
46,122,2.94
46,123,2.27
46,124,3.57
46,125,4.17
46,126,2.08
46,127,4.55
46,128,2.17
46,129,2.17
46,130,2.63
46,131,2.94
46,132,7.14
46,133,2.94
46,134,6.25
46,135,5
46,136,2.63
46,137,4.17
46,138,6.25
46,139,7.14
46,140,5.56
46,141,3.13
46,142,2.27
46,143,2
46,144,6.25
46,145,5
46,146,5
46,147,2.38
46,148,2.08
46,149,10
46,150,5.56
46,151,3.57
46,152,2.38
46,153,2.63
46,154,10
46,155,2.78
46,156,4.55
46,157,2.38
46,158,3.85
46,159,6.25
46,160,3.13
46,161,3.33
46,162,2.08
46,163,2
46,164,3.57
46,165,7.14
46,166,5
46,167,2.27
46,168,4.55
46,169,2.63
46,170,5
46,171,3.13
46,172,2.27
46,173,4.55
46,174,2.38
46,175,5.56
46,176,10
46,177,2.63
46,178,2.63
46,179,2.78
46,180,2
46,181,8.33
46,182,2.63
46,183,3.57
46,184,5
46,185,3.57
46,186,3.57
46,187,2.63
46,188,2.5
46,189,6.25
46,190,7.14
46,191,2.5
46,192,2.63
46,193,10
46,194,2.63
46,195,5.56
46,196,2.17
46,197,2.94
46,198,3.33
46,199,8.33
46,200,8.33
46,201,4.55
46,202,8.33
46,203,2
46,204,6.25
46,205,2.63
46,206,8.33
46,207,3.33
46,208,2.94
46,209,5
46,210,2.38
46,211,6.25
46,212,3.13
46,213,2.38
46,214,7.14
46,215,2.27
46,216,5
46,217,2.63
46,218,2.63
46,219,2.17
46,220,5.56
46,221,5
46,222,4.17
46,223,8.33
46,224,6.25
46,225,2.08
46,226,4.55
46,227,6.25
46,228,2.78
46,229,2
46,230,2.78
46,231,3.13
46,232,8.33
46,233,7.14
46,234,2.63
46,235,3.13
46,236,3.57
46,237,2.63
46,238,2.27
46,239,2
46,240,5.56
46,241,2.63
46,242,10
46,243,10
46,244,3.13
46,245,2.78
46,246,2.94
46,247,5
46,248,7.14
46,249,5.56
46,250,3.33
46,251,3.33
46,252,3.85
46,253,2.63
46,254,2.63
46,255,2.94
46,256,2.38
46,257,2
46,258,4.17
46,259,2.17
46,260,3.33
46,261,2.5
46,262,4.17
46,263,2.38
46,264,2.08
46,265,2.27
46,266,5.56
46,267,6.25
46,268,2.63
46,269,5.56
46,270,3.85
46,271,2
46,272,5.56
46,273,2.17
46,274,7.14
46,275,3.57
46,276,5.56
46,277,4.55
46,278,2.78
46,279,2.08
46,280,7.14
46,281,2.38
46,282,6.25
46,283,10
46,284,3.33
46,285,3.13
46,286,3.33
46,287,2.78
46,288,4.17
46,289,3.85
46,290,2.5
46,291,3.57
46,292,2.78
46,293,2.94
46,294,2.78
46,295,4.55
46,296,2.63
46,297,4.17
46,298,2.27
46,299,3.13
46,300,3.33
46,301,2.38
46,302,4.17
46,303,2.5
46,304,2.63
46,305,2.78
46,306,4.17
46,307,2
46,308,7.14
46,309,2.5
46,310,2.08
46,311,3.57
46,312,2.5
46,313,2.17
46,314,2.38
46,315,4.17
46,316,10
46,317,3.57
46,318,2.63
46,319,10
46,320,6.25
46,321,7.14
46,322,2.94
46,323,2.38
46,324,7.14
46,325,5
46,326,2.94
46,327,5.56
46,328,2
46,329,3.57
46,330,10
46,331,2.38
46,332,5.56
46,333,2.94
46,334,6.25
46,335,2.38
46,336,10
46,337,7.14
46,338,3.33
46,339,2
46,340,3.57
46,341,7.14
46,342,4.17
46,343,4.55
46,344,2.17
46,345,10
46,346,6.25
46,347,3.33
46,348,4.17
46,349,2.5
46,350,3.33
46,351,2.78
46,352,4.17
46,353,2.27
46,354,2.08
46,355,3.33
46,356,10
46,357,4.55
46,358,2.94
46,359,3.13
46,360,4.55
46,361,7.14
46,362,10
46,363,7.14
46,364,2.5
46,365,3.33
46,366,2.5
46,367,7.14
46,368,8.33
46,369,10
46,370,7.14
46,371,6.25
46,372,3.85
46,373,2.08
46,374,10
46,375,3.33
46,376,2
46,377,4.55
46,378,2.5
46,379,2.5
46,380,3.85
46,381,4.55
46,382,3.33
46,383,2.08
46,384,4.17
46,385,3.57
46,386,3.85
46,387,5.56
46,388,3.85
46,389,2.63
46,390,3.13
46,391,3.13
46,392,3.85
46,393,4.17
46,394,6.25
46,395,2.38
46,396,3.33
46,397,2.08
46,398,10
46,399,2
46,400,5.56
46,401,2.17
46,402,6.25
46,403,8.33
46,404,5
46,405,10
46,406,8.33
46,407,2.78
46,408,4.17
46,409,2.5
46,410,2.08
46,411,2.5
46,412,7.14
46,413,2.38
46,414,2.94
46,415,3.85
46,416,3.57
46,417,2.38
46,418,3.13
46,419,2.5
46,420,3.13
46,421,5
46,422,2.08
46,423,5.56
46,424,5
46,425,2.5
46,426,8.33
46,427,2.94
46,428,5.56
46,429,2.94
46,430,7.14
46,431,2.94
46,432,2.27
46,433,3.57
46,434,2.94
46,435,5.56
46,436,3.85
46,437,4.55
46,438,10
46,439,3.33
46,440,2.17
46,441,4.55
46,442,4.55
46,443,8.33
46,444,3.85
46,445,4.55
46,446,2.17
46,447,2.63
46,448,7.14
46,449,2.63
46,450,6.25
46,451,2.63
46,452,8.33
46,453,4.17
46,454,2.63
46,455,3.33
46,456,3.33
46,457,3.57
46,458,3.57
46,459,3.57
46,460,2.17
46,461,2.27
46,462,6.25
46,463,2.38
46,464,7.14
46,465,8.33
46,466,10
46,467,3.13
46,468,3.85
46,469,2.08
46,470,10
46,471,3.57
46,472,2
46,473,2.38
46,474,3.13
46,475,3.13
46,476,8.33
46,477,5.56
46,478,3.13
46,479,2.27
46,480,10
46,481,4.17
46,482,8.33
46,483,3.57
46,484,10
46,485,2.63
46,486,4.55
46,487,2.27
46,488,6.25
46,489,2.94
46,490,2.78
46,491,2.08
46,492,3.13
46,493,2.94
46,494,2.5
46,495,3.57
46,496,2
46,497,3.13
46,498,2.27
46,499,7.14
46,500,2
47,1,2.5
47,2,5
47,3,4.17
47,4,2.17
47,5,2.27
47,6,3.85
47,7,2
47,8,2.38
47,9,2.5
47,10,2.27
47,11,3.85
47,12,3.13
47,13,3.57
47,14,7.14
47,15,3.85
47,16,2
47,17,2.08
47,18,2.08
47,19,2.08
47,20,2.38
47,21,2.78
47,22,4.17
47,23,2
47,24,8.33
47,25,2.94
47,26,3.33
47,27,5.56
47,28,2.78
47,29,5.56
47,30,2.63
47,31,4.17
47,32,2.38
47,33,2.94
47,34,7.14
47,35,2.27
47,36,2.17
47,37,2.38
47,38,10
47,39,3.57
47,40,2.17
47,41,7.14
47,42,5.56
47,43,2.63
47,44,2.94
47,45,3.13
47,46,5
47,47,3.85
47,48,8.33
47,49,5
47,50,7.14
47,51,2.94
47,52,3.85
47,53,7.14
47,54,2
47,55,2.27
47,56,5
47,57,6.25
47,58,2.27
47,59,3.13
47,60,8.33
47,61,8.33
47,62,7.14
47,63,5
47,64,4.55
47,65,10
47,66,3.85
47,67,7.14
47,68,3.85
47,69,2.94
47,70,2.63
47,71,6.25
47,72,2.78
47,73,2.63
47,74,2
47,75,5
47,76,2.17
47,77,3.33
47,78,2.5
47,79,3.85
47,80,2
47,81,2.63
47,82,5.56
47,83,2.27
47,84,6.25
47,85,2.38
47,86,2.5
47,87,2.17
47,88,5
47,89,3.85
47,90,2.5
47,91,4.17
47,92,3.57
47,93,2.17
47,94,3.85
47,95,3.57
47,96,2.38
47,97,2.27
47,98,5.56
47,99,3.33
47,100,2.94
47,101,2.63
47,102,5
47,103,3.13
47,104,3.85
47,105,7.14
47,106,6.25
47,107,2.63
47,108,5
47,109,7.14
47,110,2.94
47,111,2.78
47,112,2.17
47,113,10
47,114,2.5
47,115,3.85
47,116,2.27
47,117,5.56
47,118,5.56
47,119,3.57
47,120,8.33
47,121,5.56
47,122,3.33
47,123,4.55
47,124,2.17
47,125,5.56
47,126,7.14
47,127,3.85
47,128,2.27
47,129,2.94
47,130,4.55
47,131,3.85
47,132,3.13
47,133,10
47,134,5
47,135,3.13
47,136,2.78
47,137,2.08
47,138,3.13
47,139,2.17
47,140,7.14
47,141,2.78
47,142,3.57
47,143,5.56
47,144,2.38
47,145,3.85
47,146,10
47,147,5
47,148,2.5
47,149,4.17
47,150,2.38
47,151,2.38
47,152,5
47,153,5.56
47,154,3.85
47,155,2.27
47,156,3.85
47,157,2.94
47,158,2.78
47,159,2.5
47,160,2
47,161,2.17
47,162,2
47,163,5
47,164,2.63
47,165,3.57
47,166,5.56
47,167,2.78
47,168,2.63
47,169,4.55
47,170,10
47,171,4.55
47,172,2.78
47,173,2.38
47,174,7.14
47,175,4.55
47,176,2.27
47,177,5
47,178,7.14
47,179,7.14
47,180,3.85
47,181,2.5
47,182,5
47,183,5
47,184,6.25
47,185,3.85
47,186,3.85
47,187,2.94
47,188,2.38
47,189,7.14
47,190,2.5
47,191,2.63
47,192,4.55
47,193,5
47,194,10
47,195,2.5
47,196,10
47,197,2.94
47,198,2.08
47,199,5
47,200,2.27
47,201,8.33
47,202,4.55
47,203,2.94
47,204,3.13
47,205,2.63
47,206,2.78
47,207,6.25
47,208,5.56
47,209,4.55
47,210,3.57
47,211,5
47,212,10
47,213,2.63
47,214,2.38
47,215,8.33
47,216,6.25
47,217,2.08
47,218,2.63
47,219,3.13
47,220,5.56
47,221,2.5
47,222,4.17
47,223,3.13
47,224,10
47,225,2
47,226,4.17
47,227,5.56
47,228,3.57
47,229,7.14
47,230,5.56
47,231,4.55
47,232,2.08
47,233,2.17
47,234,4.55
47,235,3.13
47,236,8.33
47,237,2.94
47,238,8.33
47,239,3.57
47,240,2.5
47,241,3.85
47,242,2.17
47,243,2.27
47,244,2.63
47,245,10
47,246,10
47,247,5.56
47,248,10
47,249,2.94
47,250,4.17
47,251,10
47,252,10
47,253,6.25
47,254,2
47,255,4.17
47,256,5.56
47,257,8.33
47,258,7.14
47,259,4.55
47,260,8.33
47,261,2.38
47,262,7.14
47,263,4.17
47,264,3.33
47,265,2.08
47,266,3.13
47,267,10
47,268,2.78
47,269,6.25
47,270,3.33
47,271,2.17
47,272,4.55
47,273,5.56
47,274,3.57
47,275,2.08
47,276,5.56
47,277,2.78
47,278,2.94
47,279,2
47,280,2.17
47,281,7.14
47,282,6.25
47,283,8.33
47,284,7.14
47,285,10
47,286,3.57
47,287,7.14
47,288,2.78
47,289,3.13
47,290,2.63
47,291,2.94
47,292,7.14
47,293,2.08
47,294,10
47,295,5
47,296,2
47,297,2.08
47,298,2.5
47,299,2
47,300,3.33
47,301,2.17
47,302,2.5
47,303,2.78
47,304,10
47,305,2.38
47,306,2.38
47,307,2.63
47,308,4.55
47,309,2.27
47,310,2.38
47,311,2.94
47,312,4.17
47,313,2.38
47,314,6.25
47,315,5.56
47,316,2.5
47,317,5.56
47,318,3.85
47,319,2.94
47,320,6.25
47,321,5.56
47,322,3.57
47,323,4.17
47,324,2.5
47,325,5
47,326,2
47,327,2.5
47,328,8.33
47,329,3.85
47,330,3.13
47,331,3.85
47,332,3.33
47,333,3.85
47,334,5
47,335,6.25
47,336,7.14
47,337,4.55
47,338,2.78
47,339,7.14
47,340,3.33
47,341,2.17
47,342,4.55
47,343,8.33
47,344,5.56
47,345,4.55
47,346,7.14
47,347,2.5
47,348,3.57
47,349,4.17
47,350,2.08
47,351,2
47,352,4.17
47,353,2.17
47,354,2.63
47,355,2.38
47,356,2.38
47,357,3.13
47,358,2.27
47,359,3.33
47,360,5.56
47,361,6.25
47,362,2.17
47,363,2.08
47,364,3.85
47,365,2.17
47,366,2.63
47,367,2.94
47,368,3.33
47,369,3.85
47,370,3.33
47,371,8.33
47,372,3.33
47,373,5
47,374,2.08
47,375,2.78
47,376,5.56
47,377,2.08
47,378,6.25
47,379,3.85
47,380,2.5
47,381,4.55
47,382,6.25
47,383,2.27
47,384,2.17
47,385,2.17
47,386,3.33
47,387,2.94
47,388,2.5
47,389,2.38
47,390,4.17
47,391,2
47,392,5.56
47,393,3.33
47,394,6.25
47,395,2.78
47,396,4.17
47,397,5
47,398,10
47,399,2.63
47,400,2.27
47,401,2.94
47,402,2.08
47,403,8.33
47,404,2.08
47,405,8.33
47,406,2.38
47,407,4.55
47,408,8.33
47,409,2.94
47,410,3.33
47,411,3.57
47,412,8.33
47,413,2.17
47,414,2.17
47,415,2.38
47,416,7.14
47,417,2
47,418,2.17
47,419,2.17
47,420,6.25
47,421,3.85
47,422,2
47,423,2.63
47,424,2.17
47,425,8.33
47,426,3.85
47,427,8.33
47,428,2
47,429,2.08
47,430,3.13
47,431,10
47,432,2.5
47,433,3.33
47,434,3.13
47,435,5
47,436,5.56
47,437,8.33
47,438,8.33
47,439,5
47,440,4.55
47,441,3.57
47,442,5.56
47,443,5.56
47,444,4.55
47,445,2.63
47,446,2.17
47,447,3.33
47,448,2.5
47,449,2.08
47,450,6.25
47,451,5.56
47,452,8.33
47,453,3.85
47,454,4.17
47,455,3.33
47,456,7.14
47,457,2.17
47,458,6.25
47,459,2
47,460,3.57
47,461,2.78
47,462,10
47,463,4.17
47,464,5
47,465,8.33
47,466,2.78
47,467,2.63
47,468,2.94
47,469,2.17
47,470,2.17
47,471,2.17
47,472,5
47,473,5.56
47,474,2.5
47,475,2.5
47,476,3.13
47,477,6.25
47,478,10
47,479,2.08
47,480,3.33
47,481,4.17
47,482,2.5
47,483,2.5
47,484,4.55
47,485,2.08
47,486,8.33
47,487,2
47,488,2.17
47,489,2.78
47,490,5.56
47,491,2.63
47,492,2.27
47,493,2.38
47,494,3.57
47,495,4.55
47,496,2
47,497,2.94
47,498,8.33
47,499,2.94
47,500,7.14
48,1,2.94
48,2,2.5
48,3,2.94
48,4,7.14
48,5,7.14
48,6,2.38
48,7,2.27
48,8,3.13
48,9,5.56
48,10,4.55
48,11,8.33
48,12,3.13
48,13,2
48,14,3.85
48,15,2.94
48,16,3.33
48,17,6.25
48,18,2.08
48,19,3.33
48,20,8.33
48,21,4.55
48,22,2.78
48,23,2.78
48,24,2.08
48,25,2.38
48,26,2.94
48,27,4.55
48,28,2.17
48,29,4.17
48,30,3.13
48,31,3.13
48,32,3.13
48,33,2.78
48,34,2.78
48,35,5
48,36,2
48,37,2.08
48,38,3.57
48,39,2
48,40,4.17
48,41,2.5
48,42,5
48,43,2.17
48,44,2.78
48,45,2.78
48,46,2.94
48,47,2.08
48,48,2.78
48,49,2.78
48,50,4.55
48,51,5.56
48,52,3.33
48,53,2.08
48,54,2.27
48,55,3.85
48,56,3.33
48,57,3.57
48,58,6.25
48,59,2.94
48,60,2.78
48,61,2.94
48,62,10
48,63,2.63
48,64,7.14
48,65,2.08
48,66,7.14
48,67,2
48,68,3.57
48,69,2.08
48,70,5
48,71,10
48,72,2.78
48,73,6.25
48,74,10
48,75,2.63
48,76,2.78
48,77,2.78
48,78,2.17
48,79,5.56
48,80,4.17
48,81,4.55
48,82,2.27
48,83,2.38
48,84,2.17
48,85,8.33
48,86,3.33
48,87,3.57
48,88,3.85
48,89,2.08
48,90,2
48,91,2
48,92,3.33
48,93,10
48,94,2.5
48,95,2.38
48,96,4.55
48,97,5
48,98,2.38
48,99,8.33
48,100,10
48,101,2.27
48,102,4.17
48,103,2.08
48,104,6.25
48,105,3.33
48,106,7.14
48,107,7.14
48,108,2.94
48,109,2.17
48,110,2.17
48,111,2.63
48,112,3.57
48,113,2
48,114,2.27
48,115,3.57
48,116,3.85
48,117,5
48,118,2.38
48,119,6.25
48,120,8.33
48,121,2.78
48,122,4.17
48,123,5.56
48,124,2.78
48,125,8.33
48,126,2.78
48,127,3.57
48,128,8.33
48,129,7.14
48,130,2
48,131,5.56
48,132,5.56
48,133,2.63
48,134,5.56
48,135,2.08
48,136,7.14
48,137,2.17
48,138,5.56
48,139,2
48,140,2.17
48,141,4.17
48,142,2.17
48,143,3.85
48,144,3.57
48,145,2.63
48,146,2.94
48,147,2.5
48,148,3.85
48,149,4.55
48,150,7.14
48,151,2.17
48,152,3.33
48,153,2.27
48,154,4.17
48,155,5.56
48,156,2.27
48,157,2.08
48,158,2.63
48,159,2.27
48,160,5
48,161,2.08
48,162,2.78
48,163,5
48,164,3.57
48,165,3.13
48,166,2
48,167,3.85
48,168,3.57
48,169,8.33
48,170,2.17
48,171,3.85
48,172,2.5
48,173,6.25
48,174,4.17
48,175,2.38
48,176,2
48,177,2.78
48,178,2.78
48,179,3.85
48,180,3.57
48,181,5.56
48,182,3.33
48,183,3.13
48,184,3.13
48,185,7.14
48,186,5
48,187,3.57
48,188,2.08
48,189,3.57
48,190,3.85
48,191,2.38
48,192,3.57
48,193,2.63
48,194,3.33
48,195,4.55
48,196,10
48,197,4.17
48,198,10
48,199,3.13
48,200,2.38
48,201,10
48,202,4.17
48,203,2.63
48,204,5.56
48,205,2.17
48,206,3.85
48,207,2.08
48,208,5.56
48,209,2
48,210,2.94
48,211,4.17
48,212,2.63
48,213,5.56
48,214,5.56
48,215,7.14
48,216,10
48,217,3.13
48,218,2.27
48,219,8.33
48,220,4.55
48,221,2.5
48,222,4.55
48,223,2.17
48,224,2.17
48,225,5.56
48,226,2
48,227,5.56
48,228,4.17
48,229,5.56
48,230,8.33
48,231,2
48,232,3.57
48,233,3.33
48,234,2.27
48,235,6.25
48,236,2.38
48,237,5
48,238,2.5
48,239,3.13
48,240,6.25
48,241,4.17
48,242,2.5
48,243,6.25
48,244,4.55
48,245,8.33
48,246,2.27
48,247,8.33
48,248,7.14
48,249,2
48,250,4.55
48,251,2.5
48,252,2.5
48,253,2.38
48,254,2.38
48,255,2.63
48,256,2.08
48,257,3.85
48,258,3.33
48,259,3.85
48,260,3.85
48,261,5
48,262,3.57
48,263,3.57
48,264,4.17
48,265,10
48,266,8.33
48,267,2.08
48,268,2.78
48,269,2
48,270,2.94
48,271,2.17
48,272,2.38
48,273,5
48,274,4.55
48,275,2
48,276,4.55
48,277,4.55
48,278,2.94
48,279,2.27
48,280,2.38
48,281,3.85
48,282,2.38
48,283,5
48,284,6.25
48,285,3.85
48,286,3.33
48,287,10
48,288,5.56
48,289,2.78
48,290,2.63
48,291,10
48,292,4.17
48,293,4.55
48,294,4.17
48,295,2.78
48,296,2.08
48,297,4.17
48,298,3.33
48,299,5
48,300,6.25
48,301,4.55
48,302,2.63
48,303,7.14
48,304,2.63
48,305,2.38
48,306,3.13
48,307,10
48,308,3.57
48,309,5.56
48,310,5
48,311,7.14
48,312,3.85
48,313,3.57
48,314,2.63
48,315,2
48,316,2.38
48,317,3.33
48,318,2.94
48,319,3.13
48,320,2.5
48,321,2.94
48,322,4.17
48,323,2.38
48,324,2.27
48,325,8.33
48,326,2.78
48,327,4.55
48,328,8.33
48,329,4.55
48,330,2.17
48,331,2.63
48,332,2.63
48,333,3.85
48,334,10
48,335,2
48,336,3.85
48,337,2.38
48,338,2.27
48,339,3.13
48,340,4.17
48,341,3.13
48,342,5
48,343,5
48,344,2.63
48,345,4.55
48,346,5
48,347,2.5
48,348,5
48,349,2.08
48,350,2.5
48,351,2.38
48,352,2.5
48,353,2
48,354,3.33
48,355,5.56
48,356,6.25
48,357,8.33
48,358,2.27
48,359,2
48,360,4.55
48,361,2.5
48,362,6.25
48,363,4.17
48,364,8.33
48,365,2.78
48,366,2.17
48,367,3.57
48,368,10
48,369,2.63
48,370,7.14
48,371,3.13
48,372,7.14
48,373,2.27
48,374,4.55
48,375,2.94
48,376,3.33
48,377,3.57
48,378,5
48,379,5.56
48,380,2.27
48,381,3.33
48,382,7.14
48,383,4.55
48,384,2
48,385,7.14
48,386,2
48,387,5.56
48,388,3.57
48,389,3.13
48,390,3.33
48,391,4.55
48,392,3.13
48,393,7.14
48,394,2.94
48,395,4.55
48,396,8.33
48,397,2.5
48,398,5.56
48,399,2.17
48,400,2.27
48,401,2.27
48,402,2.94
48,403,4.17
48,404,2.78
48,405,2
48,406,3.13
48,407,2.78
48,408,2
48,409,4.55
48,410,2.78
48,411,3.33
48,412,2.27
48,413,3.85
48,414,3.85
48,415,3.85
48,416,4.55
48,417,3.85
48,418,2.08
48,419,10
48,420,3.57
48,421,4.17
48,422,3.33
48,423,2.27
48,424,6.25
48,425,10
48,426,2.5
48,427,4.55
48,428,6.25
48,429,5
48,430,7.14
48,431,2.5
48,432,4.17
48,433,2.38
48,434,7.14
48,435,2.17
48,436,2.94
48,437,4.17
48,438,5.56
48,439,5.56
48,440,2.63
48,441,2.27
48,442,7.14
48,443,2.63
48,444,6.25
48,445,2.27
48,446,2.78
48,447,2.94
48,448,5.56
48,449,2.17
48,450,3.13
48,451,2.08
48,452,2.08
48,453,8.33
48,454,7.14
48,455,2.94
48,456,5.56
48,457,3.13
48,458,2.78
48,459,2
48,460,10
48,461,10
48,462,7.14
48,463,2.94
48,464,2.63
48,465,10
48,466,2.94
48,467,3.57
48,468,3.57
48,469,7.14
48,470,5
48,471,10
48,472,3.57
48,473,2.63
48,474,2.63
48,475,5
48,476,2.94
48,477,3.85
48,478,5
48,479,6.25
48,480,2.27
48,481,3.13
48,482,2.78
48,483,8.33
48,484,2
48,485,5.56
48,486,3.33
48,487,3.85
48,488,3.13
48,489,2.5
48,490,2.78
48,491,2.78
48,492,3.57
48,493,5
48,494,2.38
48,495,5.56
48,496,3.13
48,497,5.56
48,498,2.17
48,499,2.17
48,500,7.14
49,1,5.56
49,2,3.85
49,3,2.78
49,4,8.33
49,5,2.63
49,6,3.85
49,7,2
49,8,2.94
49,9,3.33
49,10,3.85
49,11,2.17
49,12,6.25
49,13,2.17
49,14,2.94
49,15,2.17
49,16,7.14
49,17,4.17
49,18,2.63
49,19,6.25
49,20,3.57
49,21,3.85
49,22,6.25
49,23,4.55
49,24,2.63
49,25,3.13
49,26,4.55
49,27,4.55
49,28,3.57
49,29,3.13
49,30,7.14
49,31,3.57
49,32,6.25
49,33,5
49,34,3.85
49,35,10
49,36,2.17
49,37,3.57
49,38,7.14
49,39,8.33
49,40,3.13
49,41,2.17
49,42,3.13
49,43,3.85
49,44,3.33
49,45,5
49,46,8.33
49,47,2.94
49,48,5
49,49,2.94
49,50,2.78
49,51,2.5
49,52,2.94
49,53,3.57
49,54,2.08
49,55,2.38
49,56,5
49,57,2.78
49,58,3.33
49,59,2.27
49,60,5
49,61,5
49,62,3.57
49,63,6.25
49,64,10
49,65,2.78
49,66,2.38
49,67,2
49,68,3.57
49,69,3.57
49,70,4.17
49,71,3.13
49,72,2.63
49,73,2
49,74,10
49,75,4.17
49,76,2.5
49,77,4.55
49,78,2.5
49,79,2.38
49,80,2.94
49,81,3.13
49,82,2.27
49,83,2.27
49,84,2.08
49,85,2.78
49,86,8.33
49,87,2
49,88,5.56
49,89,2.17
49,90,4.55
49,91,4.55
49,92,2.17
49,93,8.33
49,94,2.38
49,95,4.55
49,96,3.33
49,97,2.63
49,98,2.78
49,99,2.5
49,100,3.13
49,101,5.56
49,102,2.5
49,103,2.17
49,104,5.56
49,105,2.38
49,106,8.33
49,107,3.13
49,108,2.94
49,109,2.08
49,110,3.13
49,111,2.78
49,112,2.08
49,113,2.38
49,114,2.27
49,115,3.13
49,116,2
49,117,7.14
49,118,2.5
49,119,3.57
49,120,2.63
49,121,2
49,122,2.08
49,123,6.25
49,124,2.17
49,125,2.63
49,126,2.63
49,127,2.78
49,128,2.17
49,129,3.85
49,130,5.56
49,131,6.25
49,132,3.13
49,133,7.14
49,134,3.57
49,135,4.17
49,136,3.57
49,137,6.25
49,138,2.08
49,139,2.38
49,140,2.08
49,141,2.17
49,142,7.14
49,143,2.08
49,144,4.17
49,145,2
49,146,2.63
49,147,2.17
49,148,2.17
49,149,2.17
49,150,10
49,151,2.5
49,152,2.27
49,153,4.55
49,154,10
49,155,4.17
49,156,2
49,157,3.13
49,158,2.63
49,159,2.17
49,160,2
49,161,3.85
49,162,2
49,163,2.08
49,164,3.85
49,165,3.33
49,166,2.63
49,167,3.85
49,168,2.27
49,169,2.27
49,170,5
49,171,8.33
49,172,2.38
49,173,4.55
49,174,6.25
49,175,3.13
49,176,3.57
49,177,5.56
49,178,2.63
49,179,2
49,180,2.27
49,181,2.63
49,182,10
49,183,2.17
49,184,6.25
49,185,3.33
49,186,5
49,187,2.63
49,188,2
49,189,3.33
49,190,3.13
49,191,3.13
49,192,5
49,193,8.33
49,194,7.14
49,195,2
49,196,6.25
49,197,5
49,198,3.85
49,199,6.25
49,200,10
49,201,4.55
49,202,3.33
49,203,8.33
49,204,2.5
49,205,3.57
49,206,4.55
49,207,2.63
49,208,2.08
49,209,2
49,210,5.56
49,211,8.33
49,212,3.33
49,213,3.13
49,214,2.17
49,215,3.85
49,216,6.25
49,217,10
49,218,7.14
49,219,3.57
49,220,3.57
49,221,2.78
49,222,2
49,223,2.27
49,224,3.85
49,225,2.38
49,226,10
49,227,2.5
49,228,2.5
49,229,5
49,230,3.85
49,231,8.33
49,232,3.57
49,233,2.78
49,234,5
49,235,7.14
49,236,2.94
49,237,4.55
49,238,2
49,239,2.63
49,240,2
49,241,2.17
49,242,5.56
49,243,2.08
49,244,2.38
49,245,4.17
49,246,8.33
49,247,5.56
49,248,2.27
49,249,5
49,250,2.27
49,251,8.33
49,252,2.5
49,253,2.38
49,254,6.25
49,255,8.33
49,256,2.17
49,257,2.17
49,258,2.94
49,259,2.78
49,260,10
49,261,4.17
49,262,2.17
49,263,4.55
49,264,7.14
49,265,8.33
49,266,7.14
49,267,2.17
49,268,7.14
49,269,6.25
49,270,2.08
49,271,3.57
49,272,4.17
49,273,6.25
49,274,8.33
49,275,2.5
49,276,6.25
49,277,2.38
49,278,3.13
49,279,2.17
49,280,2.27
49,281,2.08
49,282,7.14
49,283,5
49,284,7.14
49,285,6.25
49,286,2.17
49,287,6.25
49,288,3.33
49,289,2.94
49,290,2.27
49,291,3.85
49,292,2.5
49,293,2.08
49,294,2.78
49,295,2.27
49,296,3.57
49,297,2.27
49,298,3.57
49,299,8.33
49,300,7.14
49,301,3.13
49,302,2.08
49,303,3.13
49,304,5
49,305,8.33
49,306,3.13
49,307,2.17
49,308,4.55
49,309,8.33
49,310,2.63
49,311,3.85
49,312,2.78
49,313,2.27
49,314,2.17
49,315,3.57
49,316,2.17
49,317,4.17
49,318,2.78
49,319,2.94
49,320,2.38
49,321,2.5
49,322,3.33
49,323,7.14
49,324,2.17
49,325,2.27
49,326,4.55
49,327,2.78
49,328,3.57
49,329,2.17
49,330,4.55
49,331,5.56
49,332,5
49,333,2
49,334,5
49,335,6.25
49,336,2.08
49,337,2.27
49,338,4.55
49,339,2.17
49,340,8.33
49,341,2.08
49,342,6.25
49,343,7.14
49,344,4.55
49,345,4.17
49,346,2.63
49,347,2.17
49,348,3.85
49,349,3.85
49,350,2.94
49,351,3.57
49,352,5
49,353,2.78
49,354,2.27
49,355,2.5
49,356,2.27
49,357,2.94
49,358,2.94
49,359,3.85
49,360,2.78
49,361,2.94
49,362,2.38
49,363,2.38
49,364,2
49,365,6.25
49,366,4.55
49,367,2.63
49,368,2.08
49,369,2.27
49,370,2.94
49,371,6.25
49,372,5
49,373,7.14
49,374,2.78
49,375,2.27
49,376,4.55
49,377,4.55
49,378,2.63
49,379,2.17
49,380,5.56
49,381,5
49,382,4.17
49,383,6.25
49,384,3.57
49,385,6.25
49,386,5
49,387,2.5
49,388,5.56
49,389,2.94
49,390,2.5
49,391,4.55
49,392,5
49,393,2.17
49,394,2.94
49,395,7.14
49,396,3.85
49,397,2
49,398,3.13
49,399,7.14
49,400,10
49,401,2.78
49,402,4.55
49,403,3.33
49,404,2.5
49,405,3.33
49,406,2.5
49,407,7.14
49,408,3.33
49,409,4.17
49,410,6.25
49,411,2.17
49,412,10
49,413,2.78
49,414,10
49,415,4.55
49,416,2.38
49,417,3.57
49,418,3.13
49,419,2.63
49,420,3.13
49,421,3.57
49,422,10
49,423,6.25
49,424,5.56
49,425,2.27
49,426,2.38
49,427,2.27
49,428,8.33
49,429,2.08
49,430,8.33
49,431,7.14
49,432,5.56
49,433,10
49,434,4.55
49,435,2.38
49,436,4.17
49,437,2.38
49,438,2.5
49,439,5
49,440,5
49,441,2.27
49,442,2.78
49,443,4.55
49,444,2
49,445,2.94
49,446,2.94
49,447,5
49,448,3.85
49,449,2.17
49,450,5.56
49,451,3.33
49,452,4.55
49,453,6.25
49,454,2.17
49,455,10
49,456,3.57
49,457,3.57
49,458,10
49,459,3.85
49,460,3.13
49,461,2.5
49,462,2.78
49,463,2.94
49,464,8.33
49,465,2.08
49,466,4.17
49,467,5
49,468,2.63
49,469,2.94
49,470,3.57
49,471,5.56
49,472,2.78
49,473,4.17
49,474,2.17
49,475,2.27
49,476,6.25
49,477,3.33
49,478,3.13
49,479,2.63
49,480,2.08
49,481,3.33
49,482,2
49,483,2.5
49,484,3.85
49,485,4.55
49,486,2.5
49,487,2.78
49,488,2.63
49,489,3.85
49,490,5
49,491,5
49,492,4.17
49,493,6.25
49,494,3.13
49,495,2.78
49,496,5.56
49,497,6.25
49,498,7.14
49,499,10
49,500,3.57
50,1,2.08
50,2,4.17
50,3,7.14
50,4,4.17
50,5,3.33
50,6,2.38
50,7,7.14
50,8,10
50,9,2
50,10,10
50,11,6.25
50,12,2.08
50,13,2.78
50,14,3.33
50,15,3.57
50,16,5
50,17,3.57
50,18,2
50,19,2.08
50,20,2.63
50,21,2.63
50,22,3.13
50,23,7.14
50,24,2
50,25,2.27
50,26,2.94
50,27,6.25
50,28,10
50,29,4.55
50,30,2.78
50,31,10
50,32,3.57
50,33,2.5
50,34,2.27
50,35,4.17
50,36,3.33
50,37,3.33
50,38,8.33
50,39,2.5
50,40,2.38
50,41,10
50,42,2.27
50,43,2
50,44,5.56
50,45,5.56
50,46,2.78
50,47,3.13
50,48,2
50,49,4.17
50,50,4.55
50,51,4.17
50,52,2.17
50,53,2.5
50,54,3.13
50,55,2
50,56,2.78
50,57,2.38
50,58,2.17
50,59,10
50,60,4.55
50,61,2.27
50,62,3.57
50,63,3.85
50,64,6.25
50,65,3.13
50,66,5.56
50,67,8.33
50,68,2.5
50,69,2.38
50,70,2.27
50,71,3.13
50,72,3.57
50,73,2.17
50,74,5
50,75,2.27
50,76,4.55
50,77,4.17
50,78,3.33
50,79,4.17
50,80,5.56
50,81,2.63
50,82,6.25
50,83,2
50,84,2.08
50,85,3.13
50,86,3.57
50,87,3.57
50,88,4.17
50,89,2
50,90,6.25
50,91,3.33
50,92,2
50,93,2.94
50,94,2.17
50,95,3.85
50,96,4.17
50,97,3.33
50,98,3.85
50,99,3.57
50,100,4.55
50,101,3.33
50,102,2.63
50,103,3.85
50,104,2.5
50,105,3.85
50,106,4.17
50,107,7.14
50,108,2.5
50,109,3.13
50,110,5.56
50,111,2.94
50,112,2.08
50,113,4.17
50,114,10
50,115,3.13
50,116,2.78
50,117,2.17
50,118,2.63
50,119,6.25
50,120,10
50,121,2.27
50,122,4.55
50,123,5.56
50,124,2.5
50,125,2.08
50,126,2.78
50,127,7.14
50,128,4.17
50,129,2.27
50,130,3.57
50,131,5
50,132,2.5
50,133,6.25
50,134,4.55
50,135,2.27
50,136,2.08
50,137,4.55
50,138,3.57
50,139,2.27
50,140,2.63
50,141,3.57
50,142,2.38
50,143,5.56
50,144,2.78
50,145,5
50,146,3.33
50,147,5.56
50,148,3.57
50,149,2.08
50,150,7.14
50,151,2.5
50,152,2.63
50,153,2.08
50,154,5
50,155,2.17
50,156,2.63
50,157,5
50,158,2.94
50,159,4.17
50,160,7.14
50,161,4.17
50,162,3.13
50,163,6.25
50,164,8.33
50,165,2.27
50,166,2.94
50,167,5
50,168,2.27
50,169,7.14
50,170,2.78
50,171,2.38
50,172,8.33
50,173,3.57
50,174,2.63
50,175,2.38
50,176,2.08
50,177,2.78
50,178,8.33
50,179,4.17
50,180,10
50,181,8.33
50,182,3.57
50,183,2.27
50,184,2.94
50,185,3.33
50,186,2.94
50,187,5.56
50,188,4.17
50,189,2.17
50,190,10
50,191,4.17
50,192,2.63
50,193,5.56
50,194,3.85
50,195,4.17
50,196,4.17
50,197,3.13
50,198,2
50,199,2
50,200,2.27
50,201,4.55
50,202,2.17
50,203,5.56
50,204,2.94
50,205,2.27
50,206,10
50,207,4.55
50,208,2.17
50,209,2.5
50,210,4.17
50,211,2.63
50,212,2.63
50,213,5
50,214,7.14
50,215,3.13
50,216,2.08
50,217,2.78
50,218,5
50,219,4.55
50,220,2.94
50,221,2
50,222,3.13
50,223,4.17
50,224,2.63
50,225,5.56
50,226,8.33
50,227,4.17
50,228,2.78
50,229,6.25
50,230,2.94
50,231,8.33
50,232,5
50,233,5.56
50,234,2.27
50,235,2.38
50,236,8.33
50,237,2.17
50,238,10
50,239,10
50,240,2.78
50,241,6.25
50,242,4.17
50,243,2.38
50,244,3.85
50,245,2.38
50,246,2.38
50,247,3.85
50,248,2.94
50,249,2.78
50,250,3.13
50,251,2.94
50,252,4.55
50,253,3.57
50,254,7.14
50,255,3.13
50,256,3.85
50,257,4.17
50,258,2.08
50,259,7.14
50,260,5.56
50,261,2.63
50,262,2.17
50,263,5.56
50,264,2.08
50,265,2.08
50,266,2.08
50,267,5.56
50,268,4.55
50,269,2.27
50,270,7.14
50,271,2.94
50,272,10
50,273,5
50,274,5
50,275,3.85
50,276,5.56
50,277,2.17
50,278,10
50,279,2.17
50,280,6.25
50,281,2.27
50,282,3.33
50,283,5
50,284,2.38
50,285,2.17
50,286,2.38
50,287,2.5
50,288,4.17
50,289,4.55
50,290,5.56
50,291,4.17
50,292,2.78
50,293,2.38
50,294,3.33
50,295,3.13
50,296,8.33
50,297,3.13
50,298,4.17
50,299,3.57
50,300,6.25
50,301,2
50,302,5
50,303,4.17
50,304,8.33
50,305,2.38
50,306,10
50,307,3.13
50,308,2
50,309,4.55
50,310,7.14
50,311,2.78
50,312,2.63
50,313,2.63
50,314,8.33
50,315,4.17
50,316,4.55
50,317,10
50,318,2.08
50,319,4.55
50,320,2.17
50,321,2.94
50,322,2.27
50,323,3.57
50,324,3.13
50,325,2.08
50,326,7.14
50,327,4.17
50,328,5.56
50,329,2.5
50,330,5
50,331,6.25
50,332,4.55
50,333,2.38
50,334,2.38
50,335,5
50,336,8.33
50,337,2.5
50,338,2.63
50,339,2.5
50,340,2.38
50,341,3.13
50,342,2.63
50,343,5
50,344,8.33
50,345,8.33
50,346,2.17
50,347,2.27
50,348,2.63
50,349,5.56
50,350,2
50,351,3.13
50,352,5
50,353,7.14
50,354,6.25
50,355,4.55
50,356,7.14
50,357,2.94
50,358,2.5
50,359,2.63
50,360,2.5
50,361,2.17
50,362,2.63
50,363,6.25
50,364,2.38
50,365,3.57
50,366,2.17
50,367,2.38
50,368,2.63
50,369,2.78
50,370,2.5
50,371,4.17
50,372,3.13
50,373,3.85
50,374,5.56
50,375,2.78
50,376,8.33
50,377,2
50,378,2.27
50,379,7.14
50,380,2.5
50,381,6.25
50,382,2.38
50,383,2.38
50,384,2.94
50,385,6.25
50,386,3.57
50,387,7.14
50,388,2.78
50,389,5
50,390,5.56
50,391,10
50,392,10
50,393,7.14
50,394,6.25
50,395,8.33
50,396,2.08
50,397,2.94
50,398,7.14
50,399,2.27
50,400,5.56
50,401,2.5
50,402,2.94
50,403,2.63
50,404,2.17
50,405,5.56
50,406,7.14
50,407,6.25
50,408,2
50,409,2.17
50,410,2.78
50,411,2.5
50,412,6.25
50,413,2.63
50,414,10
50,415,3.13
50,416,3.33
50,417,2.78
50,418,3.85
50,419,3.57
50,420,2.63
50,421,10
50,422,2.27
50,423,10
50,424,3.57
50,425,4.55
50,426,3.85
50,427,3.33
50,428,5
50,429,3.13
50,430,5
50,431,3.13
50,432,2.27
50,433,10
50,434,2.08
50,435,2.38
50,436,7.14
50,437,2.94
50,438,2.63
50,439,2.78
50,440,3.13
50,441,4.17
50,442,2.5
50,443,8.33
50,444,2.08
50,445,2.94
50,446,2.94
50,447,2
50,448,3.85
50,449,6.25
50,450,2.78
50,451,8.33
50,452,2.08
50,453,6.25
50,454,4.17
50,455,2.08
50,456,5
50,457,2.27
50,458,2
50,459,2.27
50,460,2
50,461,7.14
50,462,2.08
50,463,8.33
50,464,5
50,465,5
50,466,10
50,467,6.25
50,468,6.25
50,469,6.25
50,470,3.33
50,471,2.78
50,472,10
50,473,2
50,474,2.63
50,475,2.38
50,476,6.25
50,477,2.94
50,478,5
50,479,7.14
50,480,5
50,481,10
50,482,3.57
50,483,10
50,484,6.25
50,485,4.55
50,486,2.17
50,487,5
50,488,10
50,489,3.13
50,490,2.27
50,491,3.13
50,492,2.5
50,493,2.08
50,494,2.94
50,495,2.63
50,496,4.17
50,497,5
50,498,2.27
50,499,2.08
50,500,2.94
51,1,3.57
51,2,2.63
51,3,2.5
51,4,2
51,5,3.57
51,6,2.5
51,7,3.33
51,8,4.55
51,9,5.56
51,10,5.56
51,11,2.94
51,12,2.38
51,13,6.25
51,14,2.78
51,15,2.5
51,16,10
51,17,6.25
51,18,2.78
51,19,3.57
51,20,8.33
51,21,3.33
51,22,2.38
51,23,2.5
51,24,7.14
51,25,6.25
51,26,2
51,27,2.94
51,28,5
51,29,2.63
51,30,6.25
51,31,4.17
51,32,2.78
51,33,3.13
51,34,2.38
51,35,2.94
51,36,2.78
51,37,5
51,38,2.38
51,39,3.13
51,40,2.38
51,41,2
51,42,2
51,43,7.14
51,44,7.14
51,45,7.14
51,46,2.27
51,47,2.94
51,48,2.17
51,49,3.57
51,50,2.38
51,51,2.94
51,52,2.78
51,53,5.56
51,54,2.63
51,55,3.33
51,56,8.33
51,57,3.85
51,58,2.63
51,59,10
51,60,2.17
51,61,2.38
51,62,2.63
51,63,3.33
51,64,5.56
51,65,2.5
51,66,2.5
51,67,6.25
51,68,2.94
51,69,5.56
51,70,7.14
51,71,2.38
51,72,10
51,73,5
51,74,2.5
51,75,10
51,76,5.56
51,77,8.33
51,78,3.57
51,79,7.14
51,80,2
51,81,4.17
51,82,6.25
51,83,2.63
51,84,4.17
51,85,3.13
51,86,3.85
51,87,3.13
51,88,2.17
51,89,6.25
51,90,2.63
51,91,4.17
51,92,3.85
51,93,2.17
51,94,4.55
51,95,5.56
51,96,2.63
51,97,7.14
51,98,4.55
51,99,5.56
51,100,2.17
51,101,7.14
51,102,2.63
51,103,4.55
51,104,10
51,105,2.17
51,106,5
51,107,3.33
51,108,5.56
51,109,3.57
51,110,3.57
51,111,3.57
51,112,4.17
51,113,2.38
51,114,2.38
51,115,5.56
51,116,2
51,117,8.33
51,118,10
51,119,3.33
51,120,5
51,121,10
51,122,4.17
51,123,2.27
51,124,8.33
51,125,2.78
51,126,4.17
51,127,3.13
51,128,2.38
51,129,2.38
51,130,4.55
51,131,7.14
51,132,4.55
51,133,2.63
51,134,2.38
51,135,2.94
51,136,2.63
51,137,2.38
51,138,2.17
51,139,10
51,140,3.85
51,141,5.56
51,142,2.27
51,143,2.5
51,144,7.14
51,145,6.25
51,146,2.27
51,147,4.55
51,148,10
51,149,2
51,150,10
51,151,2.63
51,152,10
51,153,4.17
51,154,5
51,155,4.17
51,156,2.27
51,157,2.08
51,158,4.55
51,159,7.14
51,160,8.33
51,161,2.17
51,162,5
51,163,2.5
51,164,4.17
51,165,2.38
51,166,2
51,167,4.17
51,168,3.85
51,169,8.33
51,170,2.17
51,171,2.27
51,172,4.55
51,173,2.08
51,174,10
51,175,7.14
51,176,4.17
51,177,2.17
51,178,3.57
51,179,6.25
51,180,2
51,181,8.33
51,182,3.85
51,183,3.33
51,184,5
51,185,2.5
51,186,6.25
51,187,3.33
51,188,2.38
51,189,6.25
51,190,2.63
51,191,2
51,192,2.78
51,193,2
51,194,3.33
51,195,2.63
51,196,5.56
51,197,2.27
51,198,6.25
51,199,2.27
51,200,4.55
51,201,2.27
51,202,2.5
51,203,2.78
51,204,2.38
51,205,8.33
51,206,2.38
51,207,3.33
51,208,8.33
51,209,3.13
51,210,3.57
51,211,3.33
51,212,4.17
51,213,2.38
51,214,8.33
51,215,5
51,216,2.78
51,217,2.5
51,218,2.5
51,219,2.08
51,220,10
51,221,2.27
51,222,2.17
51,223,8.33
51,224,3.85
51,225,3.13
51,226,2.94
51,227,5
51,228,2.27
51,229,2.27
51,230,2
51,231,3.13
51,232,6.25
51,233,8.33
51,234,3.13
51,235,6.25
51,236,3.33
51,237,5
51,238,2.94
51,239,5
51,240,2.5
51,241,2.63
51,242,2
51,243,6.25
51,244,2.63
51,245,2.5
51,246,8.33
51,247,2.78
51,248,5.56
51,249,3.13
51,250,2.94
51,251,5.56
51,252,2.94
51,253,5.56
51,254,7.14
51,255,5
51,256,6.25
51,257,2.63
51,258,2.78
51,259,2.94
51,260,2.27
51,261,2
51,262,2.5
51,263,5
51,264,5
51,265,5.56
51,266,3.57
51,267,5.56
51,268,4.55
51,269,4.55
51,270,3.57
51,271,6.25
51,272,10
51,273,3.33
51,274,8.33
51,275,2.08
51,276,2.38
51,277,3.13
51,278,7.14
51,279,2.78
51,280,2.08
51,281,7.14
51,282,5.56
51,283,10
51,284,8.33
51,285,2.38
51,286,3.85
51,287,3.85
51,288,2.94
51,289,7.14
51,290,3.85
51,291,2.38
51,292,3.85
51,293,7.14
51,294,3.57
51,295,3.85
51,296,3.85
51,297,2.08
51,298,2.08
51,299,5.56
51,300,2.38
51,301,2.17
51,302,4.17
51,303,2.38
51,304,2.27
51,305,2.5
51,306,3.85
51,307,2.17
51,308,6.25
51,309,2.94
51,310,2
51,311,2
51,312,5
51,313,4.17
51,314,6.25
51,315,7.14
51,316,2.27
51,317,2.78
51,318,2.38
51,319,3.57
51,320,2.63
51,321,2.63
51,322,2.63
51,323,3.13
51,324,6.25
51,325,2.63
51,326,2.27
51,327,2.08
51,328,2.94
51,329,10
51,330,3.13
51,331,2.17
51,332,2.94
51,333,3.57
51,334,2.38
51,335,2.63
51,336,4.17
51,337,2.17
51,338,4.55
51,339,2.5
51,340,8.33
51,341,2.38
51,342,5
51,343,5
51,344,2.94
51,345,5
51,346,3.13
51,347,3.57
51,348,10
51,349,4.55
51,350,2.08
51,351,2.63
51,352,3.13
51,353,2.08
51,354,5
51,355,4.17
51,356,3.33
51,357,5.56
51,358,4.17
51,359,4.17
51,360,2.17
51,361,2.78
51,362,2.17
51,363,10
51,364,2.17
51,365,4.55
51,366,2.38
51,367,2.27
51,368,2.94
51,369,3.57
51,370,5
51,371,2.78
51,372,2.94
51,373,5
51,374,10
51,375,8.33
51,376,10
51,377,5
51,378,6.25
51,379,10
51,380,2.63
51,381,3.13
51,382,2.17
51,383,7.14
51,384,6.25
51,385,3.13
51,386,2
51,387,2.27
51,388,5
51,389,4.55
51,390,3.57
51,391,10
51,392,2.08
51,393,10
51,394,3.33
51,395,3.85
51,396,10
51,397,3.33
51,398,2.27
51,399,5
51,400,2.5
51,401,6.25
51,402,8.33
51,403,3.57
51,404,2
51,405,3.13
51,406,5
51,407,2.5
51,408,5
51,409,3.85
51,410,7.14
51,411,3.13
51,412,6.25
51,413,4.17
51,414,2.94
51,415,2.5
51,416,6.25
51,417,3.57
51,418,2.38
51,419,3.85
51,420,2.08
51,421,3.33
51,422,10
51,423,2.94
51,424,3.33
51,425,3.57
51,426,3.57
51,427,2.38
51,428,4.17
51,429,2.63
51,430,7.14
51,431,5.56
51,432,3.33
51,433,2.94
51,434,2.08
51,435,3.33
51,436,3.33
51,437,6.25
51,438,2.17
51,439,2.78
51,440,2.5
51,441,5
51,442,2.63
51,443,4.55
51,444,8.33
51,445,3.57
51,446,5
51,447,5.56
51,448,4.17
51,449,3.33
51,450,4.55
51,451,3.85
51,452,3.13
51,453,3.57
51,454,2.5
51,455,2.94
51,456,2.38
51,457,2.17
51,458,7.14
51,459,2
51,460,2.94
51,461,3.13
51,462,6.25
51,463,3.85
51,464,6.25
51,465,2.94
51,466,4.55
51,467,2.78
51,468,4.55
51,469,2.27
51,470,2.78
51,471,2.5
51,472,3.13
51,473,7.14
51,474,2.78
51,475,5
51,476,4.55
51,477,2.08
51,478,2.78
51,479,2.78
51,480,3.85
51,481,2.27
51,482,2.5
51,483,6.25
51,484,2.5
51,485,7.14
51,486,2.5
51,487,2.78
51,488,4.17
51,489,5
51,490,2.94
51,491,2.5
51,492,3.33
51,493,3.85
51,494,3.57
51,495,2.63
51,496,7.14
51,497,7.14
51,498,7.14
51,499,3.33
51,500,2.5
52,1,2.38
52,2,3.57
52,3,5.56
52,4,3.85
52,5,2.63
52,6,2
52,7,4.55
52,8,2.27
52,9,2
52,10,2.08
52,11,2
52,12,2.78
52,13,4.55
52,14,4.55
52,15,2.38
52,16,8.33
52,17,3.57
52,18,4.55
52,19,2.27
52,20,6.25
52,21,3.85
52,22,2.38
52,23,3.33
52,24,4.55
52,25,2
52,26,3.85
52,27,2.63
52,28,5.56
52,29,2.38
52,30,6.25
52,31,2.63
52,32,10
52,33,6.25
52,34,2
52,35,8.33
52,36,4.55
52,37,3.13
52,38,7.14
52,39,2.5
52,40,2.94
52,41,3.57
52,42,2.27
52,43,3.57
52,44,2.17
52,45,4.17
52,46,2.78
52,47,2.78
52,48,5
52,49,2.63
52,50,2.5
52,51,5.56
52,52,2
52,53,2.63
52,54,8.33
52,55,2.78
52,56,5
52,57,2.5
52,58,3.33
52,59,2.5
52,60,2
52,61,5
52,62,4.55
52,63,4.17
52,64,2.94
52,65,8.33
52,66,2.63
52,67,3.13
52,68,3.85
52,69,3.57
52,70,2.5
52,71,2.78
52,72,2.5
52,73,2.27
52,74,2.38
52,75,4.55
52,76,3.57
52,77,2
52,78,2.78
52,79,2.5
52,80,2.08
52,81,5.56
52,82,2.17
52,83,2.17
52,84,2.17
52,85,2.38
52,86,6.25
52,87,2.78
52,88,5
52,89,5
52,90,2.27
52,91,3.33
52,92,2.08
52,93,3.57
52,94,3.57
52,95,6.25
52,96,2.38
52,97,7.14
52,98,2.94
52,99,10
52,100,2.17
52,101,2.5
52,102,5.56
52,103,2.38
52,104,5
52,105,5
52,106,2.17
52,107,2.63
52,108,2.5
52,109,2.27
52,110,5
52,111,2.63
52,112,8.33
52,113,10
52,114,5.56
52,115,2.63
52,116,2.94
52,117,2.17
52,118,3.33
52,119,2.94
52,120,2
52,121,3.33
52,122,2.63
52,123,2.27
52,124,4.17
52,125,3.33
52,126,2
52,127,2.78
52,128,2.5
52,129,2.94
52,130,2.5
52,131,2.27
52,132,5
52,133,6.25
52,134,10
52,135,6.25
52,136,2.78
52,137,10
52,138,3.57
52,139,2.63
52,140,2.5
52,141,2.94
52,142,3.33
52,143,4.55
52,144,3.85
52,145,8.33
52,146,2.94
52,147,2
52,148,6.25
52,149,6.25
52,150,2.38
52,151,2.5
52,152,2.63
52,153,2.94
52,154,3.13
52,155,4.55
52,156,7.14
52,157,3.13
52,158,2.27
52,159,3.85
52,160,2.38
52,161,2.78
52,162,5.56
52,163,2.08
52,164,3.57
52,165,2.5
52,166,2.63
52,167,3.85
52,168,2.5
52,169,6.25
52,170,2.08
52,171,2.38
52,172,2.08
52,173,8.33
52,174,2.27
52,175,10
52,176,5
52,177,2.78
52,178,3.13
52,179,7.14
52,180,6.25
52,181,7.14
52,182,2.63
52,183,10
52,184,3.85
52,185,5.56
52,186,2.17
52,187,6.25
52,188,7.14
52,189,2.94
52,190,5
52,191,2.08
52,192,3.57
52,193,2.27
52,194,2.94
52,195,3.33
52,196,2.63
52,197,2.63
52,198,6.25
52,199,2.17
52,200,5.56
52,201,3.13
52,202,3.85
52,203,3.13
52,204,2.94
52,205,2.94
52,206,6.25
52,207,2.63
52,208,2.94
52,209,2.08
52,210,2.27
52,211,3.13
52,212,3.13
52,213,3.85
52,214,3.57
52,215,8.33
52,216,5.56
52,217,4.55
52,218,3.57
52,219,8.33
52,220,2.27
52,221,2.63
52,222,10
52,223,2.08
52,224,7.14
52,225,3.33
52,226,3.13
52,227,3.33
52,228,2.94
52,229,2.27
52,230,5.56
52,231,3.13
52,232,2.94
52,233,2.17
52,234,3.33
52,235,10
52,236,4.17
52,237,2.17
52,238,3.33
52,239,2.94
52,240,2.78
52,241,10
52,242,2.17
52,243,6.25
52,244,6.25
52,245,5
52,246,3.13
52,247,6.25
52,248,2.63
52,249,4.55
52,250,5.56
52,251,2.27
52,252,2.17
52,253,3.13
52,254,3.85
52,255,2.17
52,256,5.56
52,257,5.56
52,258,7.14
52,259,2.5
52,260,5
52,261,2.5
52,262,6.25
52,263,3.33
52,264,3.33
52,265,4.55
52,266,2.78
52,267,3.13
52,268,5.56
52,269,6.25
52,270,2.5
52,271,3.33
52,272,5
52,273,2
52,274,8.33
52,275,2.5
52,276,10
52,277,2.63
52,278,2.08
52,279,3.13
52,280,6.25
52,281,4.55
52,282,2.27
52,283,2
52,284,2.63
52,285,4.17
52,286,3.57
52,287,4.17
52,288,10
52,289,7.14
52,290,4.17
52,291,2.63
52,292,3.57
52,293,5.56
52,294,2.94
52,295,8.33
52,296,2.63
52,297,2.94
52,298,8.33
52,299,4.17
52,300,2.5
52,301,2.94
52,302,2.5
52,303,6.25
52,304,5
52,305,5.56
52,306,2.78
52,307,3.85
52,308,2.08
52,309,4.17
52,310,2.08
52,311,10
52,312,8.33
52,313,10
52,314,3.33
52,315,2
52,316,2.27
52,317,3.13
52,318,4.55
52,319,7.14
52,320,2.5
52,321,2.94
52,322,2.27
52,323,7.14
52,324,2.38
52,325,2.94
52,326,2
52,327,6.25
52,328,6.25
52,329,2.38
52,330,5
52,331,3.13
52,332,4.55
52,333,4.55
52,334,7.14
52,335,3.85
52,336,5
52,337,2.17
52,338,3.33
52,339,6.25
52,340,2.08
52,341,5
52,342,2
52,343,8.33
52,344,5.56
52,345,5.56
52,346,6.25
52,347,5.56
52,348,3.85
52,349,2.5
52,350,3.85
52,351,6.25
52,352,2.94
52,353,6.25
52,354,2.94
52,355,2.17
52,356,3.13
52,357,5
52,358,2.63
52,359,3.85
52,360,4.17
52,361,4.55
52,362,8.33
52,363,6.25
52,364,2.17
52,365,2.27
52,366,5.56
52,367,7.14
52,368,3.85
52,369,10
52,370,7.14
52,371,6.25
52,372,3.33
52,373,2.27
52,374,3.85
52,375,3.13
52,376,4.55
52,377,3.85
52,378,4.55
52,379,3.33
52,380,2.78
52,381,5.56
52,382,2.17
52,383,8.33
52,384,7.14
52,385,2
52,386,2.63
52,387,2.78
52,388,2.38
52,389,10
52,390,10
52,391,3.85
52,392,5.56
52,393,2.63
52,394,2.27
52,395,2.94
52,396,2.78
52,397,2.17
52,398,2.94
52,399,3.13
52,400,3.33
52,401,2.08
52,402,3.33
52,403,8.33
52,404,6.25
52,405,8.33
52,406,3.57
52,407,6.25
52,408,5.56
52,409,2.5
52,410,6.25
52,411,2.08
52,412,4.17
52,413,2.08
52,414,3.57
52,415,2.78
52,416,2.17
52,417,3.13
52,418,4.55
52,419,3.57
52,420,3.13
52,421,2.94
52,422,7.14
52,423,2
52,424,5.56
52,425,2.08
52,426,8.33
52,427,4.17
52,428,4.17
52,429,2.94
52,430,8.33
52,431,3.33
52,432,2
52,433,2.27
52,434,2.63
52,435,2.27
52,436,3.57
52,437,4.55
52,438,3.57
52,439,3.57
52,440,2.17
52,441,6.25
52,442,3.85
52,443,10
52,444,7.14
52,445,2.78
52,446,5.56
52,447,2.27
52,448,2.17
52,449,2.5
52,450,3.33
52,451,6.25
52,452,2.27
52,453,5
52,454,3.33
52,455,3.85
52,456,7.14
52,457,4.17
52,458,4.55
52,459,2
52,460,5
52,461,2.38
52,462,3.13
52,463,10
52,464,4.55
52,465,8.33
52,466,4.17
52,467,7.14
52,468,2.94
52,469,2.94
52,470,4.55
52,471,2.5
52,472,6.25
52,473,8.33
52,474,8.33
52,475,2.08
52,476,3.33
52,477,2.63
52,478,2.38
52,479,2.08
52,480,2.08
52,481,4.55
52,482,3.57
52,483,2.27
52,484,3.33
52,485,2.5
52,486,2.27
52,487,2.17
52,488,5.56
52,489,2.63
52,490,8.33
52,491,8.33
52,492,7.14
52,493,4.17
52,494,2.17
52,495,2.78
52,496,10
52,497,4.55
52,498,3.33
52,499,2.63
52,500,2.5
53,1,2.5
53,2,3.85
53,3,4.17
53,4,7.14
53,5,3.33
53,6,10
53,7,8.33
53,8,2.78
53,9,4.17
53,10,2
53,11,3.85
53,12,3.85
53,13,2.38
53,14,3.57
53,15,2.63
53,16,5
53,17,4.17
53,18,2.94
53,19,10
53,20,2
53,21,2.5
53,22,10
53,23,2.38
53,24,7.14
53,25,3.33
53,26,2.08
53,27,8.33
53,28,2.63
53,29,3.85
53,30,3.33
53,31,3.85
53,32,2.94
53,33,2.17
53,34,5
53,35,3.57
53,36,2.27
53,37,3.57
53,38,2.78
53,39,5.56
53,40,7.14
53,41,7.14
53,42,3.85
53,43,5
53,44,4.55
53,45,3.57
53,46,3.13
53,47,2.78
53,48,2.17
53,49,2.78
53,50,4.55
53,51,2.78
53,52,2.78
53,53,3.33
53,54,2.38
53,55,8.33
53,56,3.57
53,57,5
53,58,2.17
53,59,3.85
53,60,2.38
53,61,2.08
53,62,3.33
53,63,5.56
53,64,2.27
53,65,5.56
53,66,8.33
53,67,5
53,68,2.27
53,69,2.78
53,70,2.27
53,71,3.57
53,72,3.33
53,73,3.33
53,74,4.55
53,75,3.85
53,76,2.08
53,77,2
53,78,2
53,79,7.14
53,80,2.08
53,81,4.17
53,82,6.25
53,83,2.94
53,84,3.57
53,85,4.17
53,86,2.94
53,87,8.33
53,88,2.27
53,89,3.57
53,90,2.27
53,91,2.08
53,92,3.13
53,93,3.33
53,94,3.33
53,95,6.25
53,96,4.17
53,97,2.94
53,98,3.85
53,99,3.33
53,100,7.14
53,101,4.17
53,102,10
53,103,5.56
53,104,4.55
53,105,3.33
53,106,6.25
53,107,2.5
53,108,3.13
53,109,7.14
53,110,6.25
53,111,2.27
53,112,2.27
53,113,5
53,114,5
53,115,2.94
53,116,2.08
53,117,2.78
53,118,4.17
53,119,2.38
53,120,8.33
53,121,2.94
53,122,2.17
53,123,2.63
53,124,3.33
53,125,5.56
53,126,6.25
53,127,10
53,128,8.33
53,129,5.56
53,130,2.5
53,131,3.57
53,132,2.38
53,133,3.57
53,134,2.38
53,135,6.25
53,136,5.56
53,137,2.94
53,138,3.57
53,139,2.27
53,140,5
53,141,5
53,142,7.14
53,143,2.08
53,144,8.33
53,145,2.78
53,146,2.78
53,147,5.56
53,148,2.38
53,149,5
53,150,2.78
53,151,7.14
53,152,2.94
53,153,8.33
53,154,2.94
53,155,2.38
53,156,4.17
53,157,3.33
53,158,3.85
53,159,2.78
53,160,2.27
53,161,3.85
53,162,3.85
53,163,6.25
53,164,7.14
53,165,4.55
53,166,3.57
53,167,5
53,168,2.27
53,169,3.57
53,170,5
53,171,5.56
53,172,2
53,173,5
53,174,2.78
53,175,6.25
53,176,4.55
53,177,2.38
53,178,5.56
53,179,8.33
53,180,2.38
53,181,2.94
53,182,3.57
53,183,2
53,184,7.14
53,185,2
53,186,10
53,187,7.14
53,188,8.33
53,189,2.78
53,190,8.33
53,191,3.13
53,192,4.55
53,193,3.13
53,194,2.63
53,195,2.5
53,196,2.78
53,197,3.33
53,198,4.55
53,199,3.13
53,200,2.78
53,201,2.5
53,202,4.17
53,203,2
53,204,2.27
53,205,3.57
53,206,2.27
53,207,2.94
53,208,2.5
53,209,2.5
53,210,7.14
53,211,10
53,212,3.85
53,213,8.33
53,214,3.57
53,215,2.63
53,216,2.08
53,217,2
53,218,6.25
53,219,3.85
53,220,2.78
53,221,2.94
53,222,2.38
53,223,2.78
53,224,2.27
53,225,2.08
53,226,3.33
53,227,3.57
53,228,8.33
53,229,2.17
53,230,3.57
53,231,3.13
53,232,2
53,233,2.38
53,234,2.94
53,235,2.08
53,236,2.94
53,237,5.56
53,238,4.55
53,239,2.38
53,240,4.17
53,241,2.78
53,242,5
53,243,4.55
53,244,10
53,245,6.25
53,246,3.57
53,247,10
53,248,5
53,249,3.85
53,250,3.13
53,251,3.33
53,252,3.13
53,253,3.13
53,254,2.78
53,255,5.56
53,256,8.33
53,257,2.63
53,258,4.55
53,259,3.13
53,260,2.08
53,261,3.57
53,262,2.94
53,263,5.56
53,264,10
53,265,2.78
53,266,2.63
53,267,8.33
53,268,2.27
53,269,3.33
53,270,5.56
53,271,2.63
53,272,4.17
53,273,2
53,274,5
53,275,7.14
53,276,5
53,277,2.5
53,278,3.57
53,279,2.38
53,280,3.85
53,281,2
53,282,4.17
53,283,2.27
53,284,8.33
53,285,3.33
53,286,4.55
53,287,3.33
53,288,7.14
53,289,2.27
53,290,7.14
53,291,2.08
53,292,3.57
53,293,3.13
53,294,8.33
53,295,4.55
53,296,10
53,297,3.33
53,298,2.63
53,299,2.38
53,300,2
53,301,5.56
53,302,2
53,303,2.27
53,304,3.57
53,305,5.56
53,306,7.14
53,307,4.17
53,308,5.56
53,309,7.14
53,310,3.85
53,311,4.55
53,312,2.38
53,313,2.78
53,314,4.17
53,315,2.5
53,316,4.55
53,317,2.27
53,318,3.85
53,319,2.78
53,320,2.27
53,321,3.57
53,322,2.38
53,323,7.14
53,324,2.63
53,325,3.33
53,326,10
53,327,5
53,328,2.94
53,329,2.5
53,330,2.38
53,331,2.94
53,332,3.33
53,333,2.63
53,334,2.27
53,335,6.25
53,336,5
53,337,8.33
53,338,2.94
53,339,2.08
53,340,6.25
53,341,4.55
53,342,3.33
53,343,3.33
53,344,2.08
53,345,2.94
53,346,5
53,347,4.55
53,348,8.33
53,349,2
53,350,2.5
53,351,2.17
53,352,3.13
53,353,3.57
53,354,10
53,355,2.27
53,356,8.33
53,357,4.17
53,358,2.17
53,359,2.5
53,360,2
53,361,10
53,362,2.38
53,363,2.38
53,364,10
53,365,2
53,366,6.25
53,367,2.38
53,368,2.17
53,369,3.13
53,370,2.17
53,371,2.17
53,372,2
53,373,7.14
53,374,2
53,375,2.94
53,376,5
53,377,2.27
53,378,3.85
53,379,2
53,380,2.63
53,381,2.17
53,382,2.38
53,383,2
53,384,5
53,385,5.56
53,386,8.33
53,387,2.94
53,388,5
53,389,2.78
53,390,2.94
53,391,2
53,392,6.25
53,393,2.94
53,394,5
53,395,5
53,396,2.38
53,397,2.27
53,398,2.5
53,399,3.33
53,400,2.27
53,401,3.13
53,402,6.25
53,403,3.85
53,404,6.25
53,405,6.25
53,406,2
53,407,4.17
53,408,2.5
53,409,3.13
53,410,2
53,411,2.27
53,412,2.5
53,413,3.13
53,414,6.25
53,415,3.85
53,416,8.33
53,417,2
53,418,2.63
53,419,3.33
53,420,4.17
53,421,3.13
53,422,10
53,423,3.33
53,424,10
53,425,3.33
53,426,2.17
53,427,4.17
53,428,4.55
53,429,3.13
53,430,2.78
53,431,2.63
53,432,2.94
53,433,2
53,434,3.33
53,435,3.57
53,436,3.33
53,437,2.94
53,438,2.63
53,439,2.5
53,440,2.27
53,441,2.17
53,442,7.14
53,443,10
53,444,2.63
53,445,2.08
53,446,10
53,447,8.33
53,448,5.56
53,449,4.17
53,450,3.33
53,451,5
53,452,2.08
53,453,4.55
53,454,3.33
53,455,3.13
53,456,5.56
53,457,4.17
53,458,10
53,459,2.5
53,460,2.17
53,461,2.27
53,462,2.94
53,463,3.33
53,464,6.25
53,465,2.94
53,466,10
53,467,2
53,468,2.17
53,469,2.5
53,470,10
53,471,7.14
53,472,10
53,473,6.25
53,474,2.38
53,475,10
53,476,2.08
53,477,6.25
53,478,2.08
53,479,4.55
53,480,2.38
53,481,2.27
53,482,6.25
53,483,3.13
53,484,5.56
53,485,5.56
53,486,2.63
53,487,5.56
53,488,2.94
53,489,2.5
53,490,4.55
53,491,8.33
53,492,2.38
53,493,2
53,494,10
53,495,10
53,496,2
53,497,2.08
53,498,10
53,499,5
53,500,2.63
54,1,3.57
54,2,4.17
54,3,2.17
54,4,8.33
54,5,2.5
54,6,3.57
54,7,2.63
54,8,3.85
54,9,2.63
54,10,2.27
54,11,2.27
54,12,4.17
54,13,4.17
54,14,5
54,15,2.94
54,16,2.27
54,17,4.17
54,18,2.94
54,19,6.25
54,20,4.17
54,21,4.17
54,22,3.13
54,23,4.17
54,24,4.55
54,25,2.63
54,26,3.85
54,27,7.14
54,28,10
54,29,6.25
54,30,5.56
54,31,2.5
54,32,10
54,33,2.63
54,34,2.17
54,35,5
54,36,2.5
54,37,4.55
54,38,3.57
54,39,3.85
54,40,10
54,41,3.13
54,42,7.14
54,43,2
54,44,3.85
54,45,7.14
54,46,4.55
54,47,2.38
54,48,2.27
54,49,5
54,50,4.17
54,51,4.17
54,52,2.78
54,53,3.85
54,54,3.13
54,55,10
54,56,3.13
54,57,10
54,58,2.94
54,59,2
54,60,4.17
54,61,8.33
54,62,6.25
54,63,10
54,64,2.17
54,65,2.78
54,66,2.08
54,67,3.13
54,68,2.17
54,69,6.25
54,70,3.13
54,71,3.85
54,72,2.78
54,73,2.94
54,74,3.57
54,75,2.17
54,76,2.5
54,77,3.33
54,78,4.17
54,79,2.17
54,80,3.13
54,81,2.27
54,82,2.63
54,83,5
54,84,4.55
54,85,3.33
54,86,7.14
54,87,2.94
54,88,2
54,89,2.94
54,90,2.5
54,91,4.17
54,92,2.38
54,93,3.57
54,94,3.13
54,95,5
54,96,3.13
54,97,2.17
54,98,8.33
54,99,6.25
54,100,2.38
54,101,2.27
54,102,3.85
54,103,2.38
54,104,2
54,105,6.25
54,106,10
54,107,3.13
54,108,2
54,109,5
54,110,2.17
54,111,2.08
54,112,2.5
54,113,4.55
54,114,2.94
54,115,2.78
54,116,2.17
54,117,2.08
54,118,2.78
54,119,2.78
54,120,2.08
54,121,2.63
54,122,2.08
54,123,8.33
54,124,8.33
54,125,8.33
54,126,3.13
54,127,3.85
54,128,2.78
54,129,2.17
54,130,6.25
54,131,5.56
54,132,8.33
54,133,3.33
54,134,5
54,135,3.85
54,136,4.55
54,137,2.94
54,138,2.63
54,139,3.85
54,140,2.94
54,141,2.27
54,142,8.33
54,143,2.5
54,144,3.85
54,145,3.85
54,146,4.55
54,147,2.08
54,148,2.5
54,149,10
54,150,2.94
54,151,2.78
54,152,8.33
54,153,5
54,154,3.57
54,155,3.13
54,156,2.63
54,157,6.25
54,158,2.5
54,159,3.85
54,160,4.55
54,161,8.33
54,162,2
54,163,5.56
54,164,7.14
54,165,3.33
54,166,2.38
54,167,5.56
54,168,8.33
54,169,6.25
54,170,4.17
54,171,4.17
54,172,3.33
54,173,3.85
54,174,5.56
54,175,3.13
54,176,6.25
54,177,2.17
54,178,4.55
54,179,8.33
54,180,2.94
54,181,3.13
54,182,4.55
54,183,2.17
54,184,3.57
54,185,7.14
54,186,10
54,187,2.27
54,188,2
54,189,6.25
54,190,5
54,191,4.55
54,192,2.38
54,193,2.38
54,194,4.17
54,195,2.08
54,196,2.17
54,197,10
54,198,2.38
54,199,6.25
54,200,2.38
54,201,3.33
54,202,3.33
54,203,3.13
54,204,2
54,205,3.57
54,206,7.14
54,207,2.63
54,208,3.13
54,209,5.56
54,210,6.25
54,211,2.38
54,212,3.13
54,213,7.14
54,214,2.38
54,215,2.27
54,216,2.27
54,217,2
54,218,8.33
54,219,3.57
54,220,2.38
54,221,5.56
54,222,3.85
54,223,2.08
54,224,5
54,225,4.17
54,226,4.17
54,227,2.63
54,228,2.94
54,229,4.17
54,230,2.08
54,231,8.33
54,232,2
54,233,2.5
54,234,2.27
54,235,2.94
54,236,3.13
54,237,2.08
54,238,2.27
54,239,2.17
54,240,10
54,241,2.08
54,242,10
54,243,2.17
54,244,2.5
54,245,7.14
54,246,4.55
54,247,5.56
54,248,2
54,249,2.5
54,250,5
54,251,3.13
54,252,7.14
54,253,7.14
54,254,2.38
54,255,3.33
54,256,3.85
54,257,2.94
54,258,3.33
54,259,3.13
54,260,5.56
54,261,6.25
54,262,2.78
54,263,2.08
54,264,2
54,265,2.27
54,266,2.38
54,267,2.17
54,268,3.33
54,269,2.38
54,270,8.33
54,271,2.38
54,272,7.14
54,273,5
54,274,5
54,275,5.56
54,276,3.57
54,277,2.63
54,278,2.27
54,279,4.17
54,280,5
54,281,2.94
54,282,6.25
54,283,3.85
54,284,3.13
54,285,5
54,286,2.94
54,287,10
54,288,3.33
54,289,4.55
54,290,4.55
54,291,2.27
54,292,2.17
54,293,7.14
54,294,5
54,295,2.94
54,296,4.55
54,297,2.17
54,298,4.55
54,299,3.33
54,300,4.17
54,301,2.63
54,302,2
54,303,3.33
54,304,2.78
54,305,4.17
54,306,7.14
54,307,2.27
54,308,2.5
54,309,2
54,310,6.25
54,311,2.5
54,312,2.38
54,313,4.17
54,314,2
54,315,2.94
54,316,7.14
54,317,2.94
54,318,3.33
54,319,5
54,320,10
54,321,3.33
54,322,4.55
54,323,3.13
54,324,3.57
54,325,3.85
54,326,2.27
54,327,7.14
54,328,3.33
54,329,8.33
54,330,6.25
54,331,3.57
54,332,2
54,333,2.78
54,334,7.14
54,335,4.17
54,336,4.17
54,337,2.63
54,338,3.85
54,339,2.63
54,340,2.08
54,341,2.5
54,342,2.08
54,343,2.5
54,344,2.5
54,345,2.5
54,346,3.33
54,347,2.78
54,348,7.14
54,349,2.17
54,350,10
54,351,10
54,352,2.78
54,353,4.55
54,354,5.56
54,355,2.17
54,356,4.55
54,357,2.78
54,358,5.56
54,359,4.17
54,360,7.14
54,361,4.55
54,362,3.85
54,363,2.17
54,364,2.5
54,365,2.38
54,366,2
54,367,3.13
54,368,2.08
54,369,6.25
54,370,2.08
54,371,3.57
54,372,3.13
54,373,3.85
54,374,3.13
54,375,2.94
54,376,2.17
54,377,5.56
54,378,5
54,379,2.94
54,380,4.17
54,381,5.56
54,382,8.33
54,383,2.78
54,384,2.78
54,385,2
54,386,3.57
54,387,2.27
54,388,3.57
54,389,10
54,390,5
54,391,2.38
54,392,5
54,393,4.55
54,394,3.57
54,395,2.94
54,396,10
54,397,2.78
54,398,5.56
54,399,2.78
54,400,10
54,401,4.55
54,402,3.85
54,403,7.14
54,404,4.55
54,405,2.27
54,406,2.63
54,407,4.55
54,408,3.57
54,409,10
54,410,2.5
54,411,3.33
54,412,3.33
54,413,3.33
54,414,2.17
54,415,3.13
54,416,7.14
54,417,7.14
54,418,4.55
54,419,2.27
54,420,7.14
54,421,2
54,422,2.63
54,423,2.5
54,424,3.57
54,425,5.56
54,426,6.25
54,427,2.17
54,428,2.78
54,429,2.27
54,430,5.56
54,431,3.57
54,432,3.33
54,433,6.25
54,434,5
54,435,6.25
54,436,2.63
54,437,2.08
54,438,2.78
54,439,2.78
54,440,2.27
54,441,2.94
54,442,2.5
54,443,3.85
54,444,2.38
54,445,2
54,446,8.33
54,447,3.85
54,448,7.14
54,449,3.33
54,450,5
54,451,3.85
54,452,5
54,453,8.33
54,454,10
54,455,3.33
54,456,3.57
54,457,2.17
54,458,2.63
54,459,2.78
54,460,10
54,461,2.5
54,462,3.85
54,463,5.56
54,464,2
54,465,2.27
54,466,8.33
54,467,3.57
54,468,4.17
54,469,2.78
54,470,2.38
54,471,5
54,472,3.33
54,473,2.38
54,474,2.08
54,475,2.38
54,476,5
54,477,2.38
54,478,5
54,479,3.13
54,480,2.78
54,481,3.57
54,482,5.56
54,483,5.56
54,484,2
54,485,2.78
54,486,2.17
54,487,3.13
54,488,2.94
54,489,3.33
54,490,8.33
54,491,3.57
54,492,2.63
54,493,8.33
54,494,8.33
54,495,3.57
54,496,4.17
54,497,4.55
54,498,4.17
54,499,2.78
54,500,2
55,1,4.55
55,2,3.13
55,3,4.55
55,4,3.33
55,5,3.33
55,6,3.33
55,7,2.08
55,8,3.57
55,9,2.08
55,10,10
55,11,3.85
55,12,2.63
55,13,2.08
55,14,2.17
55,15,2.17
55,16,7.14
55,17,4.55
55,18,7.14
55,19,2.78
55,20,2.08
55,21,2.5
55,22,7.14
55,23,2
55,24,3.33
55,25,10
55,26,3.85
55,27,10
55,28,8.33
55,29,2.5
55,30,5
55,31,2.63
55,32,2.27
55,33,2.63
55,34,5.56
55,35,2.5
55,36,2.78
55,37,10
55,38,5
55,39,2.27
55,40,2.63
55,41,6.25
55,42,2.17
55,43,10
55,44,3.13
55,45,6.25
55,46,6.25
55,47,7.14
55,48,3.85
55,49,2.38
55,50,2
55,51,5.56
55,52,3.33
55,53,6.25
55,54,7.14
55,55,8.33
55,56,2.27
55,57,2.38
55,58,4.17
55,59,10
55,60,4.55
55,61,5
55,62,3.85
55,63,2.38
55,64,2.94
55,65,2.27
55,66,3.13
55,67,2.08
55,68,2.94
55,69,2.27
55,70,3.57
55,71,7.14
55,72,3.33
55,73,5.56
55,74,3.57
55,75,2.17
55,76,2.63
55,77,2.94
55,78,2.08
55,79,2.63
55,80,10
55,81,3.13
55,82,7.14
55,83,2.94
55,84,6.25
55,85,2.63
55,86,2
55,87,5.56
55,88,6.25
55,89,2.78
55,90,10
55,91,2.94
55,92,2.27
55,93,3.85
55,94,2.63
55,95,2.78
55,96,3.13
55,97,4.55
55,98,7.14
55,99,2.94
55,100,2.63
55,101,2.63
55,102,5
55,103,2.27
55,104,10
55,105,10
55,106,4.55
55,107,5.56
55,108,10
55,109,5
55,110,2.94
55,111,2.38
55,112,4.55
55,113,3.33
55,114,5.56
55,115,2.08
55,116,6.25
55,117,2.94
55,118,2
55,119,5
55,120,2.78
55,121,3.33
55,122,2.5
55,123,2.17
55,124,2.27
55,125,2.27
55,126,4.17
55,127,3.85
55,128,4.55
55,129,7.14
55,130,2.08
55,131,8.33
55,132,6.25
55,133,3.57
55,134,6.25
55,135,2.27
55,136,3.57
55,137,2.08
55,138,4.55
55,139,2.78
55,140,3.33
55,141,4.55
55,142,2.27
55,143,3.13
55,144,3.57
55,145,8.33
55,146,2
55,147,3.13
55,148,3.13
55,149,6.25
55,150,2.5
55,151,3.33
55,152,4.17
55,153,2.08
55,154,6.25
55,155,5
55,156,2.63
55,157,2.78
55,158,3.85
55,159,7.14
55,160,5.56
55,161,2
55,162,2.38
55,163,2.38
55,164,10
55,165,6.25
55,166,7.14
55,167,7.14
55,168,2.78
55,169,6.25
55,170,2.5
55,171,3.57
55,172,2.08
55,173,3.85
55,174,3.33
55,175,3.57
55,176,2.38
55,177,10
55,178,2.63
55,179,8.33
55,180,2.94
55,181,7.14
55,182,8.33
55,183,10
55,184,4.55
55,185,2.5
55,186,10
55,187,2.08
55,188,2
55,189,3.13
55,190,2.94
55,191,2.94
55,192,2.38
55,193,5.56
55,194,3.33
55,195,2.94
55,196,3.13
55,197,8.33
55,198,2.27
55,199,2.94
55,200,3.13
55,201,2.27
55,202,2
55,203,4.17
55,204,8.33
55,205,3.85
55,206,10
55,207,3.85
55,208,6.25
55,209,7.14
55,210,5.56
55,211,2.63
55,212,4.55
55,213,6.25
55,214,10
55,215,8.33
55,216,8.33
55,217,2.08
55,218,3.33
55,219,2.08
55,220,6.25
55,221,2
55,222,3.57
55,223,2.08
55,224,5.56
55,225,5.56
55,226,8.33
55,227,2.38
55,228,2.17
55,229,7.14
55,230,3.33
55,231,2.17
55,232,2.94
55,233,4.55
55,234,2.27
55,235,6.25
55,236,2.08
55,237,5.56
55,238,6.25
55,239,4.17
55,240,4.17
55,241,8.33
55,242,2.08
55,243,2.78
55,244,3.85
55,245,7.14
55,246,5.56
55,247,2
55,248,2
55,249,5
55,250,2.94
55,251,10
55,252,2
55,253,2.27
55,254,3.57
55,255,2.38
55,256,2
55,257,5.56
55,258,2.63
55,259,5
55,260,2.63
55,261,2.38
55,262,10
55,263,10
55,264,7.14
55,265,5.56
55,266,2.5
55,267,2.78
55,268,6.25
55,269,2.94
55,270,2.94
55,271,3.33
55,272,2.38
55,273,2.17
55,274,3.85
55,275,3.85
55,276,6.25
55,277,6.25
55,278,2.5
55,279,8.33
55,280,5.56
55,281,3.57
55,282,6.25
55,283,2.38
55,284,7.14
55,285,3.85
55,286,10
55,287,2.27
55,288,2
55,289,4.17
55,290,2.78
55,291,6.25
55,292,2.38
55,293,3.33
55,294,5
55,295,3.13
55,296,2.94
55,297,2.63
55,298,4.17
55,299,8.33
55,300,4.55
55,301,10
55,302,2.17
55,303,5
55,304,2.38
55,305,3.33
55,306,2.5
55,307,4.17
55,308,3.33
55,309,4.55
55,310,2.94
55,311,3.85
55,312,2.78
55,313,2.63
55,314,3.33
55,315,2
55,316,2.63
55,317,2.17
55,318,2.78
55,319,2
55,320,2.78
55,321,3.85
55,322,3.13
55,323,8.33
55,324,2.17
55,325,10
55,326,5.56
55,327,2.17
55,328,6.25
55,329,6.25
55,330,2.08
55,331,10
55,332,10
55,333,2.78
55,334,7.14
55,335,2.08
55,336,3.13
55,337,2.78
55,338,2.08
55,339,5
55,340,2
55,341,2.94
55,342,2.5
55,343,4.55
55,344,3.85
55,345,2.17
55,346,3.33
55,347,6.25
55,348,2
55,349,2.38
55,350,3.57
55,351,3.13
55,352,5.56
55,353,3.57
55,354,2.08
55,355,6.25
55,356,2.94
55,357,2.38
55,358,4.17
55,359,2.17
55,360,3.85
55,361,10
55,362,2.08
55,363,2.38
55,364,2.5
55,365,2.5
55,366,2.27
55,367,3.85
55,368,7.14
55,369,2.94
55,370,3.85
55,371,3.57
55,372,2.08
55,373,4.55
55,374,7.14
55,375,3.57
55,376,3.13
55,377,3.13
55,378,2.63
55,379,2
55,380,2.78
55,381,8.33
55,382,2.78
55,383,3.33
55,384,2
55,385,2.27
55,386,2
55,387,3.13
55,388,6.25
55,389,2.94
55,390,5.56
55,391,2.78
55,392,6.25
55,393,3.57
55,394,2.5
55,395,6.25
55,396,2.78
55,397,3.85
55,398,5
55,399,2.08
55,400,3.13
55,401,3.85
55,402,5
55,403,4.55
55,404,2
55,405,2.63
55,406,5
55,407,5.56
55,408,2.08
55,409,6.25
55,410,2.78
55,411,2.5
55,412,2.5
55,413,8.33
55,414,2.08
55,415,10
55,416,2.38
55,417,2.08
55,418,3.57
55,419,3.57
55,420,10
55,421,4.55
55,422,7.14
55,423,5.56
55,424,2.38
55,425,8.33
55,426,2.78
55,427,6.25
55,428,6.25
55,429,5
55,430,2.78
55,431,4.17
55,432,7.14
55,433,8.33
55,434,4.55
55,435,2.63
55,436,8.33
55,437,2.94
55,438,3.57
55,439,2.94
55,440,7.14
55,441,5
55,442,10
55,443,3.85
55,444,3.33
55,445,2.27
55,446,2.94
55,447,2.78
55,448,2.17
55,449,2.17
55,450,2.78
55,451,7.14
55,452,3.85
55,453,2.94
55,454,6.25
55,455,2.78
55,456,3.57
55,457,3.57
55,458,4.17
55,459,2.63
55,460,2.78
55,461,3.57
55,462,2.94
55,463,4.55
55,464,4.17
55,465,3.13
55,466,3.13
55,467,3.57
55,468,10
55,469,3.57
55,470,3.57
55,471,5.56
55,472,2.94
55,473,2.63
55,474,2.63
55,475,2
55,476,2.63
55,477,3.33
55,478,4.55
55,479,5.56
55,480,3.85
55,481,2.94
55,482,2.94
55,483,2.27
55,484,2
55,485,2.38
55,486,3.57
55,487,7.14
55,488,3.85
55,489,10
55,490,3.85
55,491,2.38
55,492,2.63
55,493,2.08
55,494,5
55,495,2.78
55,496,2.08
55,497,2.5
55,498,5.56
55,499,3.57
55,500,2.5
56,1,2.38
56,2,2
56,3,2.38
56,4,4.17
56,5,2.38
56,6,5.56
56,7,2
56,8,4.17
56,9,2.5
56,10,4.55
56,11,5.56
56,12,6.25
56,13,2.5
56,14,2.5
56,15,3.13
56,16,2.17
56,17,4.55
56,18,4.17
56,19,2
56,20,2.38
56,21,3.57
56,22,5.56
56,23,10
56,24,3.13
56,25,2.94
56,26,2.17
56,27,4.17
56,28,2.38
56,29,7.14
56,30,2.78
56,31,10
56,32,2.78
56,33,2.94
56,34,2.08
56,35,3.13
56,36,6.25
56,37,2.27
56,38,2.78
56,39,8.33
56,40,2.38
56,41,3.13
56,42,2.38
56,43,8.33
56,44,5.56
56,45,3.85
56,46,4.55
56,47,6.25
56,48,2.94
56,49,3.33
56,50,7.14
56,51,5.56
56,52,4.55
56,53,2.78
56,54,3.57
56,55,3.57
56,56,2.27
56,57,2.27
56,58,6.25
56,59,2.27
56,60,4.17
56,61,2.27
56,62,2
56,63,2.94
56,64,3.33
56,65,4.17
56,66,4.17
56,67,5
56,68,3.57
56,69,2
56,70,2.17
56,71,2.38
56,72,4.55
56,73,3.57
56,74,2.5
56,75,2.27
56,76,3.13
56,77,5
56,78,2.5
56,79,2.17
56,80,3.33
56,81,2.17
56,82,7.14
56,83,6.25
56,84,7.14
56,85,7.14
56,86,2.78
56,87,3.57
56,88,2.78
56,89,3.13
56,90,3.33
56,91,2.63
56,92,2.38
56,93,8.33
56,94,3.57
56,95,2.78
56,96,2.5
56,97,7.14
56,98,2.63
56,99,2.78
56,100,2.5
56,101,2.5
56,102,2.08
56,103,3.13
56,104,2
56,105,3.85
56,106,2.27
56,107,2.78
56,108,2.94
56,109,3.33
56,110,3.85
56,111,5.56
56,112,6.25
56,113,2.78
56,114,4.17
56,115,6.25
56,116,10
56,117,3.85
56,118,2.08
56,119,2.94
56,120,2.94
56,121,2.08
56,122,2.63
56,123,2.08
56,124,3.85
56,125,2.94
56,126,6.25
56,127,4.17
56,128,7.14
56,129,10
56,130,4.55
56,131,10
56,132,2.78
56,133,2.94
56,134,2.63
56,135,2
56,136,3.13
56,137,2.63
56,138,4.17
56,139,3.85
56,140,2.5
56,141,3.13
56,142,7.14
56,143,7.14
56,144,6.25
56,145,2.08
56,146,3.33
56,147,2.27
56,148,2
56,149,2.5
56,150,4.55
56,151,2.27
56,152,8.33
56,153,4.55
56,154,5
56,155,2
56,156,3.33
56,157,2.38
56,158,2
56,159,3.13
56,160,2.78
56,161,5
56,162,2.94
56,163,4.17
56,164,10
56,165,2.08
56,166,2
56,167,2.38
56,168,2.27
56,169,4.55
56,170,4.55
56,171,8.33
56,172,5
56,173,3.33
56,174,2
56,175,4.55
56,176,4.17
56,177,2
56,178,3.57
56,179,2
56,180,4.55
56,181,5
56,182,2.5
56,183,7.14
56,184,8.33
56,185,5
56,186,2.08
56,187,4.55
56,188,2.63
56,189,2.5
56,190,2.63
56,191,2.94
56,192,3.33
56,193,6.25
56,194,2.17
56,195,4.17
56,196,3.57
56,197,2.17
56,198,2.17
56,199,10
56,200,3.85
56,201,10
56,202,7.14
56,203,2.17
56,204,3.13
56,205,10
56,206,4.55
56,207,2.38
56,208,2.08
56,209,2.94
56,210,2.78
56,211,8.33
56,212,4.55
56,213,3.85
56,214,2.63
56,215,2.38
56,216,2.94
56,217,2.27
56,218,2.17
56,219,2.5
56,220,3.57
56,221,2.63
56,222,5
56,223,2.94
56,224,6.25
56,225,2.78
56,226,5
56,227,5.56
56,228,2.38
56,229,2.27
56,230,2.27
56,231,4.17
56,232,6.25
56,233,7.14
56,234,3.33
56,235,2.38
56,236,2.17
56,237,3.57
56,238,2.17
56,239,4.55
56,240,8.33
56,241,7.14
56,242,2.78
56,243,5.56
56,244,2.63
56,245,3.33
56,246,2.38
56,247,10
56,248,2.08
56,249,3.33
56,250,6.25
56,251,2
56,252,3.33
56,253,3.33
56,254,2.27
56,255,5
56,256,7.14
56,257,2.94
56,258,5
56,259,2.63
56,260,2.63
56,261,4.55
56,262,3.13
56,263,2.78
56,264,5
56,265,2.27
56,266,6.25
56,267,3.57
56,268,4.17
56,269,4.55
56,270,3.57
56,271,5
56,272,5.56
56,273,2.27
56,274,4.17
56,275,2.38
56,276,3.85
56,277,2.78
56,278,3.85
56,279,4.55
56,280,3.85
56,281,2.5
56,282,2.5
56,283,2.17
56,284,7.14
56,285,2.08
56,286,3.13
56,287,3.85
56,288,2.63
56,289,3.33
56,290,4.17
56,291,4.55
56,292,3.13
56,293,2.08
56,294,2.63
56,295,5.56
56,296,7.14
56,297,3.33
56,298,3.85
56,299,5
56,300,2.08
56,301,2.38
56,302,5.56
56,303,2.94
56,304,6.25
56,305,5.56
56,306,6.25
56,307,3.13
56,308,6.25
56,309,3.57
56,310,2.5
56,311,7.14
56,312,8.33
56,313,2.94
56,314,2
56,315,3.33
56,316,4.17
56,317,2.17
56,318,2.08
56,319,10
56,320,10
56,321,2.38
56,322,4.17
56,323,2.27
56,324,2.5
56,325,7.14
56,326,2
56,327,10
56,328,4.55
56,329,5
56,330,10
56,331,3.85
56,332,6.25
56,333,2.17
56,334,2.27
56,335,2.63
56,336,3.33
56,337,6.25
56,338,2.94
56,339,2.08
56,340,2.63
56,341,2.63
56,342,2.78
56,343,5.56
56,344,6.25
56,345,3.57
56,346,4.55
56,347,2.5
56,348,2.5
56,349,6.25
56,350,2
56,351,5.56
56,352,10
56,353,4.17
56,354,2.63
56,355,2.27
56,356,2.38
56,357,5.56
56,358,5.56
56,359,2.5
56,360,2.27
56,361,2.17
56,362,2
56,363,7.14
56,364,4.17
56,365,2.27
56,366,2.63
56,367,3.57
56,368,3.33
56,369,10
56,370,8.33
56,371,4.55
56,372,2.63
56,373,10
56,374,2.27
56,375,2.38
56,376,8.33
56,377,3.13
56,378,5.56
56,379,4.17
56,380,4.17
56,381,3.57
56,382,6.25
56,383,3.85
56,384,2.38
56,385,2.5
56,386,3.57
56,387,7.14
56,388,2.5
56,389,3.13
56,390,2.17
56,391,3.85
56,392,5.56
56,393,2
56,394,3.13
56,395,3.85
56,396,3.57
56,397,2.5
56,398,3.57
56,399,5
56,400,3.85
56,401,10
56,402,4.17
56,403,10
56,404,2
56,405,2.27
56,406,3.57
56,407,2.08
56,408,3.33
56,409,2.17
56,410,3.33
56,411,5
56,412,8.33
56,413,3.13
56,414,3.85
56,415,5
56,416,3.13
56,417,8.33
56,418,8.33
56,419,3.85
56,420,2.38
56,421,2.5
56,422,10
56,423,2.94
56,424,3.85
56,425,2.94
56,426,7.14
56,427,2.27
56,428,6.25
56,429,2.27
56,430,6.25
56,431,6.25
56,432,7.14
56,433,8.33
56,434,2.78
56,435,2.17
56,436,2.27
56,437,3.13
56,438,7.14
56,439,10
56,440,3.33
56,441,5
56,442,8.33
56,443,3.85
56,444,6.25
56,445,4.55
56,446,2.5
56,447,6.25
56,448,3.57
56,449,2.5
56,450,2.78
56,451,3.57
56,452,2.5
56,453,3.33
56,454,2.78
56,455,5
56,456,2
56,457,3.57
56,458,4.17
56,459,3.85
56,460,8.33
56,461,2.38
56,462,7.14
56,463,7.14
56,464,5
56,465,2.5
56,466,2.94
56,467,3.85
56,468,3.57
56,469,2.27
56,470,4.17
56,471,2.27
56,472,3.57
56,473,2.78
56,474,7.14
56,475,4.17
56,476,5.56
56,477,8.33
56,478,8.33
56,479,3.85
56,480,2.38
56,481,4.55
56,482,2.27
56,483,6.25
56,484,6.25
56,485,3.13
56,486,5.56
56,487,2.94
56,488,8.33
56,489,3.85
56,490,2.5
56,491,10
56,492,2.5
56,493,2.27
56,494,3.57
56,495,8.33
56,496,4.17
56,497,6.25
56,498,4.55
56,499,8.33
56,500,4.17
57,1,7.14
57,2,2.78
57,3,3.13
57,4,4.55
57,5,7.14
57,6,5
57,7,6.25
57,8,10
57,9,2.78
57,10,10
57,11,3.13
57,12,10
57,13,2.63
57,14,7.14
57,15,2.63
57,16,4.17
57,17,2.27
57,18,5
57,19,3.57
57,20,8.33
57,21,3.85
57,22,4.55
57,23,6.25
57,24,2.5
57,25,2.78
57,26,3.33
57,27,4.17
57,28,2.5
57,29,3.13
57,30,10
57,31,7.14
57,32,3.57
57,33,2.08
57,34,3.85
57,35,8.33
57,36,3.33
57,37,7.14
57,38,4.55
57,39,2.94
57,40,3.85
57,41,2.38
57,42,6.25
57,43,2.27
57,44,7.14
57,45,2.27
57,46,2.63
57,47,3.33
57,48,8.33
57,49,4.55
57,50,2.38
57,51,5
57,52,4.55
57,53,2.27
57,54,6.25
57,55,3.57
57,56,3.13
57,57,2.63
57,58,3.13
57,59,6.25
57,60,2.17
57,61,2.63
57,62,2.17
57,63,2.08
57,64,3.85
57,65,3.57
57,66,3.85
57,67,4.17
57,68,2
57,69,2.17
57,70,8.33
57,71,2.38
57,72,2.08
57,73,3.13
57,74,10
57,75,6.25
57,76,2.94
57,77,4.17
57,78,2.17
57,79,3.33
57,80,3.85
57,81,5.56
57,82,2.08
57,83,2.5
57,84,8.33
57,85,2
57,86,2.94
57,87,3.57
57,88,2.94
57,89,4.55
57,90,3.57
57,91,10
57,92,8.33
57,93,2.27
57,94,8.33
57,95,6.25
57,96,3.57
57,97,3.85
57,98,4.55
57,99,5.56
57,100,6.25
57,101,8.33
57,102,4.55
57,103,2.38
57,104,2.17
57,105,2.38
57,106,2.38
57,107,2.78
57,108,2.78
57,109,2.5
57,110,3.33
57,111,3.13
57,112,2.63
57,113,2.63
57,114,2.78
57,115,4.17
57,116,5.56
57,117,2.38
57,118,2.08
57,119,2.78
57,120,2.17
57,121,8.33
57,122,10
57,123,6.25
57,124,6.25
57,125,2.08
57,126,2.38
57,127,10
57,128,10
57,129,3.85
57,130,3.33
57,131,2.63
57,132,5
57,133,5.56
57,134,2.27
57,135,4.17
57,136,8.33
57,137,2.27
57,138,7.14
57,139,3.85
57,140,2.08
57,141,4.17
57,142,5
57,143,3.57
57,144,2.94
57,145,2
57,146,3.57
57,147,2.5
57,148,2.38
57,149,2.78
57,150,2
57,151,3.57
57,152,7.14
57,153,2.94
57,154,5
57,155,3.33
57,156,3.13
57,157,2.17
57,158,5
57,159,3.57
57,160,2.5
57,161,3.57
57,162,4.17
57,163,5
57,164,2
57,165,8.33
57,166,3.85
57,167,4.17
57,168,10
57,169,6.25
57,170,3.85
57,171,8.33
57,172,3.57
57,173,3.13
57,174,5
57,175,2
57,176,6.25
57,177,4.55
57,178,2
57,179,2.94
57,180,2.38
57,181,6.25
57,182,2.08
57,183,2.5
57,184,8.33
57,185,2.63
57,186,8.33
57,187,4.17
57,188,2.63
57,189,10
57,190,3.33
57,191,3.33
57,192,2.5
57,193,6.25
57,194,4.55
57,195,2.38
57,196,3.85
57,197,2.08
57,198,2.5
57,199,4.17
57,200,3.33
57,201,2
57,202,5
57,203,5
57,204,7.14
57,205,6.25
57,206,2.63
57,207,6.25
57,208,8.33
57,209,5.56
57,210,2.27
57,211,2.63
57,212,3.57
57,213,8.33
57,214,3.33
57,215,3.57
57,216,3.85
57,217,3.13
57,218,2.5
57,219,4.55
57,220,3.85
57,221,2.27
57,222,3.33
57,223,6.25
57,224,3.13
57,225,2
57,226,4.17
57,227,4.17
57,228,2.63
57,229,2.5
57,230,3.85
57,231,2.78
57,232,8.33
57,233,7.14
57,234,2
57,235,5
57,236,2.27
57,237,10
57,238,7.14
57,239,3.33
57,240,2.08
57,241,4.17
57,242,2
57,243,2.38
57,244,2.08
57,245,3.85
57,246,4.55
57,247,7.14
57,248,3.85
57,249,3.33
57,250,3.13
57,251,2.38
57,252,2.27
57,253,2.08
57,254,2.38
57,255,6.25
57,256,2.27
57,257,3.13
57,258,5.56
57,259,7.14
57,260,2.27
57,261,3.57
57,262,2
57,263,2.08
57,264,8.33
57,265,2.5
57,266,10
57,267,2.27
57,268,2
57,269,6.25
57,270,2.78
57,271,6.25
57,272,3.33
57,273,2.63
57,274,3.57
57,275,2.38
57,276,2.27
57,277,5
57,278,2.78
57,279,2.5
57,280,4.17
57,281,2.5
57,282,2.08
57,283,2.94
57,284,2.27
57,285,3.13
57,286,4.17
57,287,3.13
57,288,2.5
57,289,4.17
57,290,2.63
57,291,10
57,292,2.38
57,293,6.25
57,294,4.17
57,295,8.33
57,296,2.17
57,297,5.56
57,298,2.08
57,299,3.85
57,300,2.38
57,301,2.94
57,302,4.55
57,303,5
57,304,2
57,305,2.94
57,306,2.38
57,307,3.13
57,308,2.27
57,309,3.57
57,310,8.33
57,311,2.5
57,312,2.38
57,313,2
57,314,3.13
57,315,3.57
57,316,2.27
57,317,2.63
57,318,5
57,319,8.33
57,320,7.14
57,321,10
57,322,3.85
57,323,3.33
57,324,2.63
57,325,10
57,326,8.33
57,327,8.33
57,328,2.17
57,329,6.25
57,330,3.57
57,331,6.25
57,332,3.85
57,333,2.63
57,334,6.25
57,335,5
57,336,2.78
57,337,2.27
57,338,3.33
57,339,6.25
57,340,2.17
57,341,5
57,342,3.13
57,343,6.25
57,344,3.57
57,345,2.17
57,346,2.17
57,347,2
57,348,3.13
57,349,2.94
57,350,2.5
57,351,3.85
57,352,2
57,353,3.13
57,354,6.25
57,355,2
57,356,2.78
57,357,2.38
57,358,2.38
57,359,7.14
57,360,4.17
57,361,3.13
57,362,3.57
57,363,2.08
57,364,4.17
57,365,2.08
57,366,4.55
57,367,4.55
57,368,2.63
57,369,2.17
57,370,2.63
57,371,8.33
57,372,4.17
57,373,3.57
57,374,2.63
57,375,3.85
57,376,4.17
57,377,2.5
57,378,10
57,379,8.33
57,380,2.94
57,381,2
57,382,2.38
57,383,2.27
57,384,2.17
57,385,2.63
57,386,2.63
57,387,4.17
57,388,3.13
57,389,4.55
57,390,6.25
57,391,2.63
57,392,3.33
57,393,2.5
57,394,7.14
57,395,10
57,396,2.78
57,397,6.25
57,398,8.33
57,399,8.33
57,400,4.17
57,401,2.38
57,402,2.08
57,403,4.55
57,404,5
57,405,8.33
57,406,7.14
57,407,4.17
57,408,2.08
57,409,2.08
57,410,2.5
57,411,2.5
57,412,3.85
57,413,3.13
57,414,10
57,415,2.08
57,416,3.85
57,417,2.17
57,418,2.5
57,419,2.08
57,420,2.78
57,421,5.56
57,422,2.08
57,423,2.08
57,424,7.14
57,425,2.94
57,426,2
57,427,2.08
57,428,2.5
57,429,2.27
57,430,2.08
57,431,2.17
57,432,2.63
57,433,2.63
57,434,3.13
57,435,4.17
57,436,5.56
57,437,6.25
57,438,2.63
57,439,3.33
57,440,3.57
57,441,2.17
57,442,2.5
57,443,3.57
57,444,2
57,445,3.13
57,446,3.85
57,447,2.63
57,448,5.56
57,449,3.13
57,450,2.78
57,451,10
57,452,2.38
57,453,2.78
57,454,4.55
57,455,6.25
57,456,2.5
57,457,2.08
57,458,2
57,459,8.33
57,460,3.13
57,461,2.17
57,462,3.85
57,463,3.57
57,464,5.56
57,465,2
57,466,3.13
57,467,3.13
57,468,3.57
57,469,2.27
57,470,3.85
57,471,3.85
57,472,2.17
57,473,2.78
57,474,2.17
57,475,3.85
57,476,4.17
57,477,5.56
57,478,10
57,479,4.17
57,480,10
57,481,3.57
57,482,2.78
57,483,10
57,484,3.85
57,485,3.33
57,486,2.94
57,487,2.17
57,488,7.14
57,489,2.78
57,490,2.94
57,491,2.27
57,492,4.55
57,493,7.14
57,494,8.33
57,495,3.13
57,496,6.25
57,497,3.13
57,498,2.17
57,499,2.78
57,500,3.33
58,1,4.55
58,2,8.33
58,3,3.33
58,4,7.14
58,5,2.27
58,6,5
58,7,5
58,8,3.57
58,9,2
58,10,2
58,11,2.27
58,12,8.33
58,13,4.17
58,14,2.5
58,15,8.33
58,16,8.33
58,17,3.85
58,18,2.63
58,19,8.33
58,20,7.14
58,21,3.33
58,22,2
58,23,3.85
58,24,2.08
58,25,3.85
58,26,2.08
58,27,2
58,28,6.25
58,29,3.33
58,30,3.85
58,31,2.27
58,32,5.56
58,33,2.94
58,34,6.25
58,35,2.17
58,36,3.33
58,37,2.63
58,38,8.33
58,39,3.33
58,40,2.08
58,41,5.56
58,42,2
58,43,2.27
58,44,2.08
58,45,2.08
58,46,3.13
58,47,2.08
58,48,2.27
58,49,4.17
58,50,4.17
58,51,2.94
58,52,3.57
58,53,2.27
58,54,2.38
58,55,5
58,56,4.55
58,57,2.63
58,58,2.78
58,59,3.13
58,60,5
58,61,2.17
58,62,6.25
58,63,10
58,64,3.85
58,65,7.14
58,66,4.55
58,67,10
58,68,8.33
58,69,8.33
58,70,8.33
58,71,2.38
58,72,7.14
58,73,4.17
58,74,2.27
58,75,2.08
58,76,10
58,77,6.25
58,78,3.13
58,79,3.57
58,80,2.94
58,81,6.25
58,82,2.63
58,83,2.38
58,84,2.38
58,85,10
58,86,8.33
58,87,2.08
58,88,2.38
58,89,2.94
58,90,4.17
58,91,3.85
58,92,2
58,93,5.56
58,94,2.94
58,95,2.27
58,96,6.25
58,97,6.25
58,98,5.56
58,99,2.5
58,100,4.55
58,101,5
58,102,3.57
58,103,2.17
58,104,2.63
58,105,8.33
58,106,2.08
58,107,6.25
58,108,10
58,109,3.33
58,110,3.33
58,111,7.14
58,112,2.78
58,113,2
58,114,5
58,115,8.33
58,116,5
58,117,2.38
58,118,2.63
58,119,8.33
58,120,2.78
58,121,2.08
58,122,4.17
58,123,3.85
58,124,2.63
58,125,3.33
58,126,10
58,127,2.63
58,128,2.27
58,129,2.94
58,130,3.57
58,131,8.33
58,132,2.78
58,133,2.17
58,134,3.57
58,135,7.14
58,136,7.14
58,137,2.78
58,138,3.13
58,139,2.17
58,140,6.25
58,141,7.14
58,142,2.94
58,143,2.94
58,144,4.55
58,145,3.57
58,146,5.56
58,147,6.25
58,148,2.78
58,149,2.78
58,150,8.33
58,151,2.08
58,152,3.33
58,153,2.63
58,154,10
58,155,3.13
58,156,10
58,157,2.5
58,158,7.14
58,159,10
58,160,10
58,161,2.27
58,162,7.14
58,163,8.33
58,164,2.78
58,165,7.14
58,166,3.85
58,167,5.56
58,168,3.57
58,169,3.33
58,170,3.57
58,171,10
58,172,5
58,173,4.55
58,174,2.78
58,175,4.55
58,176,2
58,177,2.94
58,178,3.85
58,179,2.27
58,180,3.85
58,181,8.33
58,182,2
58,183,2.78
58,184,4.55
58,185,2.38
58,186,4.17
58,187,5
58,188,3.85
58,189,10
58,190,4.55
58,191,3.85
58,192,2.38
58,193,8.33
58,194,2.94
58,195,10
58,196,3.85
58,197,3.13
58,198,5
58,199,2.38
58,200,4.17
58,201,4.17
58,202,6.25
58,203,2.63
58,204,2.08
58,205,7.14
58,206,2.17
58,207,3.57
58,208,3.33
58,209,2.17
58,210,4.17
58,211,2.78
58,212,3.57
58,213,6.25
58,214,5
58,215,4.55
58,216,10
58,217,3.13
58,218,8.33
58,219,10
58,220,2
58,221,2.78
58,222,2.94
58,223,4.17
58,224,5
58,225,2.38
58,226,2.17
58,227,2.08
58,228,2.63
58,229,6.25
58,230,2.94
58,231,10
58,232,6.25
58,233,10
58,234,4.55
58,235,6.25
58,236,7.14
58,237,2.78
58,238,2.17
58,239,4.17
58,240,4.17
58,241,2.78
58,242,7.14
58,243,4.55
58,244,2.63
58,245,5
58,246,4.55
58,247,7.14
58,248,2
58,249,2.63
58,250,10
58,251,2
58,252,3.33
58,253,4.17
58,254,2.38
58,255,2.38
58,256,8.33
58,257,3.33
58,258,10
58,259,6.25
58,260,2.5
58,261,4.55
58,262,3.33
58,263,2.08
58,264,3.85
58,265,2.94
58,266,10
58,267,3.57
58,268,8.33
58,269,6.25
58,270,2
58,271,2
58,272,2
58,273,4.17
58,274,3.57
58,275,5.56
58,276,2.78
58,277,2.94
58,278,5
58,279,3.57
58,280,8.33
58,281,3.33
58,282,3.13
58,283,8.33
58,284,2.38
58,285,3.57
58,286,3.13
58,287,8.33
58,288,4.55
58,289,10
58,290,2.5
58,291,2.17
58,292,2.08
58,293,3.85
58,294,2.78
58,295,6.25
58,296,3.85
58,297,2.63
58,298,7.14
58,299,2.27
58,300,2.78
58,301,2.08
58,302,2.94
58,303,4.55
58,304,10
58,305,2.27
58,306,5.56
58,307,3.85
58,308,2.5
58,309,2.63
58,310,2.08
58,311,3.85
58,312,4.17
58,313,5
58,314,3.33
58,315,3.85
58,316,2.78
58,317,2.17
58,318,4.55
58,319,3.85
58,320,4.17
58,321,10
58,322,2.38
58,323,10
58,324,2.78
58,325,4.17
58,326,3.57
58,327,3.13
58,328,2.27
58,329,10
58,330,3.13
58,331,8.33
58,332,10
58,333,3.85
58,334,2.78
58,335,2.08
58,336,2
58,337,3.85
58,338,3.13
58,339,2.17
58,340,2.78
58,341,2
58,342,3.57
58,343,2.94
58,344,5.56
58,345,3.57
58,346,6.25
58,347,2.38
58,348,5.56
58,349,2
58,350,10
58,351,10
58,352,5
58,353,2.63
58,354,3.13
58,355,3.57
58,356,2.38
58,357,3.13
58,358,3.85
58,359,8.33
58,360,4.17
58,361,2.63
58,362,4.55
58,363,2.27
58,364,3.85
58,365,5.56
58,366,2.08
58,367,2
58,368,3.13
58,369,5.56
58,370,2.63
58,371,3.85
58,372,3.57
58,373,5
58,374,4.55
58,375,2.78
58,376,2.27
58,377,3.85
58,378,8.33
58,379,4.55
58,380,4.17
58,381,2.38
58,382,2.78
58,383,7.14
58,384,3.33
58,385,5.56
58,386,2.08
58,387,6.25
58,388,7.14
58,389,5.56
58,390,2.08
58,391,3.33
58,392,8.33
58,393,8.33
58,394,2.5
58,395,2
58,396,7.14
58,397,2.27
58,398,2.27
58,399,3.85
58,400,3.33
58,401,3.13
58,402,5
58,403,4.55
58,404,8.33
58,405,8.33
58,406,7.14
58,407,2.5
58,408,2.27
58,409,2.78
58,410,10
58,411,2.27
58,412,6.25
58,413,2
58,414,10
58,415,3.85
58,416,2.94
58,417,2.38
58,418,10
58,419,7.14
58,420,5.56
58,421,2.5
58,422,7.14
58,423,2.63
58,424,3.57
58,425,2
58,426,7.14
58,427,3.57
58,428,10
58,429,3.33
58,430,2.17
58,431,4.55
58,432,8.33
58,433,5
58,434,3.57
58,435,2.08
58,436,2.5
58,437,2.5
58,438,2
58,439,4.17
58,440,2.38
58,441,7.14
58,442,3.33
58,443,2.94
58,444,3.57
58,445,7.14
58,446,2.94
58,447,5
58,448,5
58,449,6.25
58,450,4.17
58,451,10
58,452,5.56
58,453,2.5
58,454,7.14
58,455,2.63
58,456,2.17
58,457,2
58,458,2.63
58,459,5.56
58,460,2.17
58,461,2.63
58,462,4.55
58,463,3.13
58,464,8.33
58,465,4.17
58,466,5.56
58,467,2.08
58,468,3.57
58,469,2.63
58,470,3.57
58,471,5
58,472,5
58,473,8.33
58,474,3.57
58,475,2.78
58,476,4.55
58,477,2.27
58,478,3.85
58,479,2.78
58,480,3.85
58,481,2.63
58,482,10
58,483,3.13
58,484,3.33
58,485,3.85
58,486,2
58,487,8.33
58,488,4.55
58,489,2
58,490,5
58,491,2.78
58,492,10
58,493,2.17
58,494,2.5
58,495,2.38
58,496,3.33
58,497,6.25
58,498,2
58,499,3.85
58,500,2.17
59,1,7.14
59,2,5
59,3,3.85
59,4,2.78
59,5,3.85
59,6,5
59,7,5
59,8,2.5
59,9,2.94
59,10,7.14
59,11,2.78
59,12,2
59,13,7.14
59,14,2.38
59,15,4.17
59,16,5.56
59,17,2.17
59,18,7.14
59,19,2.5
59,20,4.55
59,21,2.17
59,22,2.94
59,23,5
59,24,10
59,25,4.55
59,26,8.33
59,27,3.57
59,28,2.5
59,29,10
59,30,2.78
59,31,2.38
59,32,3.13
59,33,2.08
59,34,4.55
59,35,8.33
59,36,6.25
59,37,6.25
59,38,5.56
59,39,3.57
59,40,10
59,41,7.14
59,42,2.38
59,43,4.55
59,44,2.08
59,45,2.94
59,46,3.33
59,47,5.56
59,48,4.17
59,49,2.63
59,50,2.5
59,51,5.56
59,52,2.27
59,53,2.94
59,54,5.56
59,55,4.55
59,56,2.78
59,57,2
59,58,3.85
59,59,10
59,60,7.14
59,61,5
59,62,3.33
59,63,2.27
59,64,2.08
59,65,8.33
59,66,4.17
59,67,2.94
59,68,2.78
59,69,5
59,70,10
59,71,5.56
59,72,4.17
59,73,2.5
59,74,5
59,75,4.55
59,76,4.55
59,77,2.38
59,78,5.56
59,79,4.17
59,80,8.33
59,81,4.55
59,82,3.13
59,83,2.08
59,84,8.33
59,85,2.5
59,86,4.17
59,87,2.78
59,88,6.25
59,89,2.5
59,90,2.38
59,91,4.55
59,92,7.14
59,93,2.94
59,94,4.17
59,95,3.85
59,96,3.57
59,97,3.57
59,98,6.25
59,99,7.14
59,100,2.94
59,101,2.5
59,102,4.55
59,103,8.33
59,104,3.57
59,105,5.56
59,106,5
59,107,10
59,108,2.17
59,109,6.25
59,110,2
59,111,2.08
59,112,7.14
59,113,2.17
59,114,2.08
59,115,2.78
59,116,3.33
59,117,3.85
59,118,2.17
59,119,3.57
59,120,3.33
59,121,2
59,122,2.78
59,123,3.85
59,124,2.5
59,125,4.17
59,126,5
59,127,5
59,128,2.78
59,129,10
59,130,3.85
59,131,7.14
59,132,3.57
59,133,2.5
59,134,10
59,135,3.85
59,136,3.13
59,137,6.25
59,138,5
59,139,2.08
59,140,8.33
59,141,3.57
59,142,2.17
59,143,4.17
59,144,2.38
59,145,3.85
59,146,2.27
59,147,2
59,148,5
59,149,5
59,150,4.17
59,151,7.14
59,152,3.85
59,153,2.94
59,154,2.94
59,155,5.56
59,156,2.08
59,157,2.78
59,158,5.56
59,159,6.25
59,160,2.38
59,161,7.14
59,162,3.57
59,163,2.63
59,164,2.63
59,165,5.56
59,166,2.08
59,167,2.94
59,168,3.13
59,169,3.85
59,170,2.27
59,171,10
59,172,2.94
59,173,2.17
59,174,2.63
59,175,2.27
59,176,3.13
59,177,4.17
59,178,2.27
59,179,2.5
59,180,8.33
59,181,2.94
59,182,5
59,183,10
59,184,6.25
59,185,2.63
59,186,2.78
59,187,2.27
59,188,2.17
59,189,3.33
59,190,2.94
59,191,2.5
59,192,5.56
59,193,6.25
59,194,2
59,195,5.56
59,196,2.78
59,197,2.94
59,198,2.38
59,199,2.27
59,200,3.85
59,201,2.27
59,202,8.33
59,203,2.78
59,204,10
59,205,3.57
59,206,2.63
59,207,5.56
59,208,5.56
59,209,2.63
59,210,5.56
59,211,3.85
59,212,2.08
59,213,4.55
59,214,2.63
59,215,6.25
59,216,2.5
59,217,2.63
59,218,3.85
59,219,2.5
59,220,6.25
59,221,2.38
59,222,5.56
59,223,2.38
59,224,4.17
59,225,4.17
59,226,2.63
59,227,3.33
59,228,4.55
59,229,5.56
59,230,4.17
59,231,2.27
59,232,2.63
59,233,6.25
59,234,2.78
59,235,2.08
59,236,3.33
59,237,2.17
59,238,2.38
59,239,2.5
59,240,5.56
59,241,4.17
59,242,3.13
59,243,2.27
59,244,2.5
59,245,2.78
59,246,2.78
59,247,10
59,248,7.14
59,249,10
59,250,2
59,251,2.27
59,252,2.5
59,253,7.14
59,254,6.25
59,255,2
59,256,2.63
59,257,4.17
59,258,4.55
59,259,2.5
59,260,4.17
59,261,10
59,262,2.08
59,263,2.27
59,264,5.56
59,265,3.85
59,266,8.33
59,267,7.14
59,268,3.33
59,269,6.25
59,270,5
59,271,4.17
59,272,3.33
59,273,6.25
59,274,5
59,275,5.56
59,276,4.17
59,277,2.63
59,278,8.33
59,279,6.25
59,280,2.17
59,281,5
59,282,2.94
59,283,3.57
59,284,2.27
59,285,4.55
59,286,2.38
59,287,2.63
59,288,2
59,289,3.85
59,290,2.78
59,291,2.63
59,292,5.56
59,293,4.55
59,294,5.56
59,295,8.33
59,296,10
59,297,2.5
59,298,5
59,299,10
59,300,10
59,301,8.33
59,302,2.5
59,303,2.63
59,304,2.78
59,305,5
59,306,3.33
59,307,4.55
59,308,4.55
59,309,5
59,310,2.5
59,311,7.14
59,312,2.38
59,313,4.55
59,314,2.38
59,315,3.13
59,316,2.63
59,317,2.27
59,318,7.14
59,319,4.55
59,320,3.85
59,321,2.08
59,322,4.17
59,323,3.33
59,324,3.13
59,325,2.17
59,326,2.17
59,327,2.27
59,328,5.56
59,329,2.17
59,330,6.25
59,331,2.38
59,332,5.56
59,333,3.13
59,334,2.94
59,335,2.27
59,336,8.33
59,337,2.78
59,338,3.85
59,339,3.13
59,340,6.25
59,341,4.17
59,342,2.94
59,343,2.94
59,344,2.38
59,345,2.38
59,346,2.94
59,347,2.94
59,348,2.08
59,349,5
59,350,2.94
59,351,4.55
59,352,2.63
59,353,3.33
59,354,4.55
59,355,3.33
59,356,2.78
59,357,3.33
59,358,5.56
59,359,2
59,360,2
59,361,2.38
59,362,5.56
59,363,2.94
59,364,2.78
59,365,2.08
59,366,8.33
59,367,2.27
59,368,2.78
59,369,2.78
59,370,7.14
59,371,6.25
59,372,8.33
59,373,2.94
59,374,2.5
59,375,3.13
59,376,8.33
59,377,3.85
59,378,2.17
59,379,3.33
59,380,3.13
59,381,2.78
59,382,2.27
59,383,2.38
59,384,7.14
59,385,6.25
59,386,3.13
59,387,4.17
59,388,5.56
59,389,4.55
59,390,2.94
59,391,8.33
59,392,3.85
59,393,5.56
59,394,10
59,395,3.33
59,396,4.55
59,397,6.25
59,398,2.78
59,399,2.08
59,400,5
59,401,6.25
59,402,5
59,403,5
59,404,5.56
59,405,2.17
59,406,2.63
59,407,2
59,408,4.55
59,409,2.27
59,410,2.38
59,411,6.25
59,412,2.08
59,413,5
59,414,2.38
59,415,3.13
59,416,4.17
59,417,3.85
59,418,3.57
59,419,2.5
59,420,7.14
59,421,2.78
59,422,4.55
59,423,8.33
59,424,2.94
59,425,2.78
59,426,2.5
59,427,5
59,428,5.56
59,429,4.17
59,430,3.85
59,431,5
59,432,2.38
59,433,2.17
59,434,5
59,435,5.56
59,436,2.27
59,437,7.14
59,438,2.63
59,439,5
59,440,5
59,441,2.78
59,442,2.38
59,443,4.55
59,444,4.17
59,445,3.57
59,446,2.38
59,447,4.55
59,448,2.78
59,449,4.17
59,450,10
59,451,2.94
59,452,2.38
59,453,3.33
59,454,2.78
59,455,5.56
59,456,10
59,457,4.17
59,458,6.25
59,459,8.33
59,460,2.17
59,461,2.38
59,462,10
59,463,3.13
59,464,3.57
59,465,3.33
59,466,3.33
59,467,3.85
59,468,3.57
59,469,2.17
59,470,2.78
59,471,4.55
59,472,3.13
59,473,2.78
59,474,2.94
59,475,2.63
59,476,2.5
59,477,2.78
59,478,6.25
59,479,3.33
59,480,5.56
59,481,3.85
59,482,6.25
59,483,4.55
59,484,7.14
59,485,2.5
59,486,2.27
59,487,5
59,488,5.56
59,489,3.13
59,490,2.5
59,491,2.27
59,492,3.57
59,493,2.78
59,494,4.17
59,495,3.33
59,496,8.33
59,497,8.33
59,498,2.63
59,499,4.55
59,500,8.33
60,1,3.13
60,2,7.14
60,3,3.85
60,4,4.55
60,5,2.63
60,6,8.33
60,7,8.33
60,8,10
60,9,2.27
60,10,3.57
60,11,3.13
60,12,2.27
60,13,2.08
60,14,5.56
60,15,4.55
60,16,2.5
60,17,2.38
60,18,4.55
60,19,3.57
60,20,2.17
60,21,3.33
60,22,2
60,23,2.17
60,24,2.78
60,25,2.38
60,26,2.63
60,27,4.55
60,28,3.13
60,29,2.5
60,30,3.33
60,31,2.78
60,32,5
60,33,6.25
60,34,5
60,35,2.17
60,36,7.14
60,37,3.85
60,38,2.17
60,39,4.55
60,40,2.08
60,41,5
60,42,3.57
60,43,2.38
60,44,5.56
60,45,3.33
60,46,10
60,47,2.38
60,48,5.56
60,49,7.14
60,50,7.14
60,51,8.33
60,52,3.33
60,53,5
60,54,5.56
60,55,3.33
60,56,2.17
60,57,2.78
60,58,2.17
60,59,10
60,60,2.5
60,61,10
60,62,2.78
60,63,5.56
60,64,10
60,65,2.27
60,66,2.94
60,67,5
60,68,4.55
60,69,6.25
60,70,3.57
60,71,2.63
60,72,3.33
60,73,2.17
60,74,5
60,75,3.57
60,76,2
60,77,5.56
60,78,2.94
60,79,5.56
60,80,2.38
60,81,5.56
60,82,2.17
60,83,2
60,84,2.27
60,85,2.38
60,86,8.33
60,87,2.78
60,88,2.17
60,89,8.33
60,90,7.14
60,91,8.33
60,92,6.25
60,93,3.13
60,94,2.17
60,95,2.63
60,96,2.5
60,97,2.27
60,98,2
60,99,2.17
60,100,7.14
60,101,6.25
60,102,8.33
60,103,2.63
60,104,4.17
60,105,2.38
60,106,5
60,107,2.94
60,108,2.78
60,109,2
60,110,2.5
60,111,7.14
60,112,2.63
60,113,3.57
60,114,3.13
60,115,2.5
60,116,6.25
60,117,5.56
60,118,7.14
60,119,3.85
60,120,2.94
60,121,3.13
60,122,2.38
60,123,2.38
60,124,4.55
60,125,3.57
60,126,2.63
60,127,3.85
60,128,2.5
60,129,2.78
60,130,2.63
60,131,2.78
60,132,2.27
60,133,5.56
60,134,4.17
60,135,2.08
60,136,2.63
60,137,7.14
60,138,2.38
60,139,3.85
60,140,2
60,141,2.5
60,142,2.63
60,143,4.17
60,144,2.5
60,145,6.25
60,146,2.17
60,147,5.56
60,148,2.63
60,149,4.17
60,150,2.5
60,151,2.08
60,152,2.78
60,153,2.78
60,154,3.33
60,155,3.85
60,156,2.78
60,157,2.94
60,158,2.78
60,159,2.78
60,160,3.13
60,161,3.57
60,162,2.78
60,163,4.17
60,164,8.33
60,165,3.13
60,166,8.33
60,167,8.33
60,168,3.85
60,169,3.57
60,170,6.25
60,171,2.17
60,172,5.56
60,173,3.85
60,174,2.78
60,175,5.56
60,176,6.25
60,177,2.17
60,178,4.17
60,179,2.08
60,180,8.33
60,181,2.27
60,182,2.63
60,183,2.38
60,184,2.08
60,185,2.38
60,186,3.85
60,187,3.13
60,188,5.56
60,189,2.38
60,190,3.85
60,191,2.38
60,192,2
60,193,2.5
60,194,2.63
60,195,6.25
60,196,4.17
60,197,2.5
60,198,2.63
60,199,2.38
60,200,8.33
60,201,6.25
60,202,3.13
60,203,3.13
60,204,10
60,205,4.17
60,206,5
60,207,10
60,208,3.57
60,209,2.27
60,210,5.56
60,211,3.13
60,212,2.63
60,213,2.38
60,214,2.17
60,215,2.94
60,216,4.55
60,217,4.55
60,218,2.17
60,219,5.56
60,220,2.63
60,221,6.25
60,222,7.14
60,223,2
60,224,8.33
60,225,2.5
60,226,4.17
60,227,4.55
60,228,2.27
60,229,2.63
60,230,10
60,231,3.33
60,232,2.27
60,233,2.17
60,234,3.57
60,235,2.27
60,236,2.17
60,237,10
60,238,2.5
60,239,3.85
60,240,2.08
60,241,5
60,242,2.08
60,243,3.85
60,244,10
60,245,4.55
60,246,10
60,247,2
60,248,3.13
60,249,7.14
60,250,5.56
60,251,2.63
60,252,10
60,253,4.17
60,254,7.14
60,255,2.08
60,256,2
60,257,3.85
60,258,2.78
60,259,6.25
60,260,5.56
60,261,6.25
60,262,5.56
60,263,6.25
60,264,2
60,265,2.94
60,266,3.33
60,267,2.27
60,268,10
60,269,3.13
60,270,4.17
60,271,2.38
60,272,8.33
60,273,5.56
60,274,4.55
60,275,2.78
60,276,2
60,277,7.14
60,278,2.27
60,279,3.85
60,280,2.38
60,281,2.94
60,282,2
60,283,2.38
60,284,3.85
60,285,3.57
60,286,3.57
60,287,2.38
60,288,6.25
60,289,2.94
60,290,5.56
60,291,2.08
60,292,3.33
60,293,2.38
60,294,8.33
60,295,2.17
60,296,3.33
60,297,10
60,298,2.63
60,299,2.78
60,300,2.5
60,301,2.5
60,302,2.78
60,303,6.25
60,304,3.57
60,305,2.94
60,306,4.55
60,307,10
60,308,2.94
60,309,3.85
60,310,2.78
60,311,2.63
60,312,2.94
60,313,3.85
60,314,2
60,315,2.5
60,316,3.33
60,317,2.38
60,318,2.78
60,319,2.5
60,320,3.33
60,321,2.27
60,322,3.13
60,323,3.33
60,324,2.94
60,325,2.38
60,326,2.5
60,327,3.57
60,328,2.63
60,329,3.85
60,330,2.17
60,331,10
60,332,6.25
60,333,2.08
60,334,2
60,335,2.94
60,336,3.13
60,337,5.56
60,338,2
60,339,10
60,340,2.38
60,341,3.57
60,342,2.78
60,343,5.56
60,344,4.55
60,345,2.27
60,346,3.33
60,347,2.17
60,348,10
60,349,8.33
60,350,2.08
60,351,2.08
60,352,2.17
60,353,2.08
60,354,2.5
60,355,2.17
60,356,5.56
60,357,3.33
60,358,2.27
60,359,2.38
60,360,5
60,361,2.17
60,362,2
60,363,10
60,364,3.13
60,365,8.33
60,366,2.17
60,367,2.63
60,368,2.5
60,369,2.5
60,370,5.56
60,371,3.33
60,372,3.13
60,373,2.38
60,374,2.94
60,375,2.78
60,376,7.14
60,377,2.17
60,378,2.27
60,379,2.08
60,380,2.5
60,381,5
60,382,5.56
60,383,10
60,384,8.33
60,385,2.78
60,386,2.94
60,387,2.38
60,388,4.17
60,389,3.33
60,390,2.38
60,391,4.55
60,392,3.85
60,393,3.57
60,394,2.94
60,395,3.57
60,396,7.14
60,397,4.17
60,398,5.56
60,399,4.17
60,400,3.13
60,401,3.13
60,402,2.78
60,403,4.55
60,404,2.08
60,405,2.63
60,406,2.63
60,407,7.14
60,408,3.33
60,409,7.14
60,410,3.33
60,411,7.14
60,412,2.94
60,413,2.27
60,414,2.17
60,415,3.85
60,416,2.63
60,417,4.55
60,418,2.63
60,419,3.33
60,420,2.27
60,421,2.27
60,422,2
60,423,5
60,424,2.17
60,425,5.56
60,426,7.14
60,427,3.57
60,428,3.33
60,429,4.17
60,430,8.33
60,431,5
60,432,3.13
60,433,5
60,434,2.17
60,435,2
60,436,4.55
60,437,5.56
60,438,2
60,439,2.17
60,440,5
60,441,4.17
60,442,3.85
60,443,5
60,444,10
60,445,2.08
60,446,3.57
60,447,10
60,448,5
60,449,5.56
60,450,7.14
60,451,2.5
60,452,2.08
60,453,3.13
60,454,5.56
60,455,4.17
60,456,2.5
60,457,5
60,458,3.33
60,459,2.63
60,460,2.5
60,461,2.27
60,462,5.56
60,463,8.33
60,464,3.13
60,465,6.25
60,466,2.5
60,467,5.56
60,468,4.55
60,469,10
60,470,4.17
60,471,2.08
60,472,4.17
60,473,2.94
60,474,2.17
60,475,4.55
60,476,2.38
60,477,2.63
60,478,8.33
60,479,4.55
60,480,3.13
60,481,2
60,482,10
60,483,10
60,484,2
60,485,3.33
60,486,3.13
60,487,2.08
60,488,2.5
60,489,5.56
60,490,7.14
60,491,2.38
60,492,2.38
60,493,2.38
60,494,6.25
60,495,2
60,496,3.57
60,497,3.85
60,498,2.08
60,499,2.94
60,500,3.85
61,1,3.85
61,2,6.25
61,3,3.33
61,4,2.94
61,5,3.13
61,6,3.57
61,7,10
61,8,2.17
61,9,2
61,10,5.56
61,11,6.25
61,12,8.33
61,13,5
61,14,10
61,15,4.17
61,16,2.08
61,17,3.13
61,18,5.56
61,19,7.14
61,20,3.33
61,21,3.13
61,22,2.63
61,23,6.25
61,24,2.17
61,25,4.17
61,26,3.13
61,27,4.55
61,28,2.78
61,29,2.63
61,30,8.33
61,31,2
61,32,4.17
61,33,7.14
61,34,7.14
61,35,3.57
61,36,4.55
61,37,5.56
61,38,5
61,39,3.57
61,40,2.5
61,41,2.08
61,42,2.5
61,43,3.85
61,44,2
61,45,3.33
61,46,8.33
61,47,10
61,48,4.17
61,49,3.33
61,50,2.27
61,51,2.78
61,52,2.27
61,53,3.33
61,54,5.56
61,55,2.27
61,56,6.25
61,57,6.25
61,58,3.13
61,59,2.38
61,60,4.55
61,61,3.85
61,62,4.17
61,63,5
61,64,8.33
61,65,2.78
61,66,2.27
61,67,6.25
61,68,2.5
61,69,5.56
61,70,3.57
61,71,2.27
61,72,2
61,73,7.14
61,74,2
61,75,7.14
61,76,5
61,77,4.17
61,78,2
61,79,2.38
61,80,2.38
61,81,10
61,82,2.27
61,83,2.5
61,84,2.5
61,85,2.08
61,86,6.25
61,87,4.17
61,88,2.5
61,89,2
61,90,2.5
61,91,8.33
61,92,2.27
61,93,5
61,94,3.85
61,95,2.27
61,96,2.78
61,97,2.38
61,98,2.17
61,99,2.08
61,100,2.78
61,101,6.25
61,102,2.5
61,103,2.63
61,104,2.08
61,105,2.38
61,106,4.55
61,107,2.38
61,108,2.94
61,109,2.5
61,110,5
61,111,4.55
61,112,3.13
61,113,2.94
61,114,3.57
61,115,4.17
61,116,2.08
61,117,2
61,118,2.17
61,119,5.56
61,120,3.57
61,121,2.94
61,122,5
61,123,2.17
61,124,7.14
61,125,2
61,126,2.94
61,127,8.33
61,128,3.33
61,129,2.38
61,130,2
61,131,3.57
61,132,4.55
61,133,3.13
61,134,2
61,135,2.38
61,136,2.38
61,137,5
61,138,2.94
61,139,2.94
61,140,8.33
61,141,2.78
61,142,2
61,143,3.85
61,144,3.85
61,145,10
61,146,2.27
61,147,3.13
61,148,5.56
61,149,8.33
61,150,3.33
61,151,6.25
61,152,2.78
61,153,2.63
61,154,2.78
61,155,2.17
61,156,2.27
61,157,3.57
61,158,2.17
61,159,2.94
61,160,5.56
61,161,8.33
61,162,2.17
61,163,2.78
61,164,8.33
61,165,2.38
61,166,2.27
61,167,2.5
61,168,6.25
61,169,2.08
61,170,5
61,171,3.57
61,172,3.33
61,173,3.57
61,174,5
61,175,10
61,176,2.63
61,177,2.63
61,178,5
61,179,3.13
61,180,7.14
61,181,2.38
61,182,2.94
61,183,2.78
61,184,5.56
61,185,2.08
61,186,2.08
61,187,2.27
61,188,2.78
61,189,4.55
61,190,3.85
61,191,5
61,192,5.56
61,193,6.25
61,194,5.56
61,195,2.78
61,196,8.33
61,197,4.17
61,198,2.38
61,199,4.17
61,200,4.55
61,201,2.94
61,202,2.08
61,203,2.08
61,204,2.94
61,205,2
61,206,8.33
61,207,4.55
61,208,2.94
61,209,2.94
61,210,4.55
61,211,2.27
61,212,3.85
61,213,2.78
61,214,2
61,215,2.94
61,216,6.25
61,217,3.85
61,218,5.56
61,219,4.55
61,220,2.78
61,221,2.5
61,222,2.5
61,223,4.55
61,224,3.13
61,225,8.33
61,226,10
61,227,2.5
61,228,2.17
61,229,3.57
61,230,2.38
61,231,4.17
61,232,3.33
61,233,2.94
61,234,6.25
61,235,2.17
61,236,2.27
61,237,4.55
61,238,5
61,239,3.33
61,240,2.38
61,241,2.78
61,242,3.13
61,243,3.85
61,244,4.55
61,245,2.38
61,246,7.14
61,247,2.27
61,248,2.5
61,249,2.27
61,250,2
61,251,2.63
61,252,7.14
61,253,3.85
61,254,2.78
61,255,7.14
61,256,2.5
61,257,3.57
61,258,10
61,259,7.14
61,260,3.33
61,261,2
61,262,4.55
61,263,8.33
61,264,8.33
61,265,2.5
61,266,2.17
61,267,2.27
61,268,3.13
61,269,2.17
61,270,2.08
61,271,6.25
61,272,5
61,273,2.78
61,274,6.25
61,275,2.78
61,276,3.33
61,277,10
61,278,2.78
61,279,2.5
61,280,3.33
61,281,10
61,282,8.33
61,283,2.94
61,284,2.5
61,285,2.78
61,286,2.63
61,287,2.27
61,288,5
61,289,4.55
61,290,2.08
61,291,2.5
61,292,2.38
61,293,7.14
61,294,3.85
61,295,3.85
61,296,2.63
61,297,7.14
61,298,5.56
61,299,2.63
61,300,3.33
61,301,3.13
61,302,10
61,303,10
61,304,3.33
61,305,7.14
61,306,4.17
61,307,2.08
61,308,2.5
61,309,8.33
61,310,4.17
61,311,2.63
61,312,5.56
61,313,2.27
61,314,3.13
61,315,5
61,316,2.17
61,317,3.57
61,318,8.33
61,319,3.57
61,320,5.56
61,321,2.5
61,322,7.14
61,323,2.94
61,324,3.85
61,325,3.13
61,326,3.85
61,327,3.33
61,328,2.63
61,329,3.57
61,330,2
61,331,4.55
61,332,2.17
61,333,3.57
61,334,3.57
61,335,3.13
61,336,4.55
61,337,2.38
61,338,4.17
61,339,4.55
61,340,6.25
61,341,2.27
61,342,2.27
61,343,10
61,344,2.63
61,345,8.33
61,346,2.63
61,347,2.78
61,348,3.57
61,349,6.25
61,350,2.5
61,351,2.27
61,352,7.14
61,353,5
61,354,3.57
61,355,2.63
61,356,10
61,357,2.38
61,358,2.08
61,359,2
61,360,3.85
61,361,2.5
61,362,5.56
61,363,5
61,364,4.17
61,365,4.55
61,366,2.38
61,367,2.94
61,368,2.08
61,369,5
61,370,2.5
61,371,6.25
61,372,2.38
61,373,5
61,374,2
61,375,2.17
61,376,2.27
61,377,5
61,378,2
61,379,5.56
61,380,2
61,381,2.63
61,382,5
61,383,2.27
61,384,2.27
61,385,2.94
61,386,2.08
61,387,8.33
61,388,5.56
61,389,4.17
61,390,6.25
61,391,2.38
61,392,6.25
61,393,7.14
61,394,3.33
61,395,5.56
61,396,2.17
61,397,4.55
61,398,2.78
61,399,2.27
61,400,6.25
61,401,4.17
61,402,3.33
61,403,2
61,404,3.13
61,405,2
61,406,2.08
61,407,4.55
61,408,3.13
61,409,5
61,410,8.33
61,411,2.17
61,412,2.94
61,413,4.17
61,414,5
61,415,2.5
61,416,2.63
61,417,5.56
61,418,2.94
61,419,10
61,420,2.38
61,421,3.13
61,422,2.94
61,423,10
61,424,2.27
61,425,2
61,426,2.38
61,427,10
61,428,6.25
61,429,8.33
61,430,4.55
61,431,4.17
61,432,3.85
61,433,6.25
61,434,2.78
61,435,2.63
61,436,2.78
61,437,5.56
61,438,3.57
61,439,2.08
61,440,5
61,441,5
61,442,2.08
61,443,8.33
61,444,7.14
61,445,7.14
61,446,3.33
61,447,3.85
61,448,5
61,449,2.94
61,450,5
61,451,3.57
61,452,3.85
61,453,4.55
61,454,2.94
61,455,2.94
61,456,3.33
61,457,8.33
61,458,8.33
61,459,3.85
61,460,5
61,461,2.08
61,462,8.33
61,463,4.55
61,464,5
61,465,2.5
61,466,10
61,467,3.33
61,468,2.94
61,469,6.25
61,470,2.08
61,471,4.55
61,472,3.85
61,473,2.27
61,474,7.14
61,475,2.78
61,476,2.63
61,477,3.33
61,478,3.13
61,479,2.63
61,480,6.25
61,481,2.94
61,482,2.63
61,483,4.55
61,484,3.57
61,485,5.56
61,486,2.78
61,487,2.94
61,488,3.13
61,489,2
61,490,2.08
61,491,2.38
61,492,3.13
61,493,3.85
61,494,10
61,495,8.33
61,496,6.25
61,497,2.94
61,498,2.27
61,499,2.78
61,500,2.27
62,1,2
62,2,2
62,3,2.27
62,4,4.55
62,5,2
62,6,10
62,7,3.85
62,8,2
62,9,3.33
62,10,4.17
62,11,2.78
62,12,3.85
62,13,3.57
62,14,3.33
62,15,7.14
62,16,2
62,17,2.78
62,18,3.57
62,19,3.57
62,20,4.55
62,21,3.57
62,22,2.17
62,23,2.08
62,24,2.17
62,25,3.85
62,26,2.17
62,27,2.17
62,28,5
62,29,2.5
62,30,2.5
62,31,4.17
62,32,3.13
62,33,2.17
62,34,3.85
62,35,2.27
62,36,2.78
62,37,3.57
62,38,2.5
62,39,2.38
62,40,3.57
62,41,3.33
62,42,4.55
62,43,2.5
62,44,2.78
62,45,2.63
62,46,3.85
62,47,3.85
62,48,3.57
62,49,4.55
62,50,2.08
62,51,3.33
62,52,5.56
62,53,3.13
62,54,2.94
62,55,3.57
62,56,2.63
62,57,3.13
62,58,2.94
62,59,2.08
62,60,2
62,61,3.33
62,62,3.85
62,63,2
62,64,2.08
62,65,3.13
62,66,2.78
62,67,7.14
62,68,5
62,69,7.14
62,70,6.25
62,71,2
62,72,3.33
62,73,6.25
62,74,3.13
62,75,5.56
62,76,4.17
62,77,2.27
62,78,5.56
62,79,3.13
62,80,2.5
62,81,8.33
62,82,3.13
62,83,3.85
62,84,8.33
62,85,5
62,86,3.85
62,87,2.17
62,88,6.25
62,89,8.33
62,90,2
62,91,3.33
62,92,2.63
62,93,2.27
62,94,2.63
62,95,2.78
62,96,2.94
62,97,2.38
62,98,3.33
62,99,2
62,100,10
62,101,2.63
62,102,3.13
62,103,10
62,104,6.25
62,105,2.27
62,106,7.14
62,107,2.38
62,108,4.17
62,109,3.85
62,110,2.5
62,111,6.25
62,112,4.55
62,113,5.56
62,114,3.13
62,115,2.38
62,116,3.13
62,117,8.33
62,118,4.55
62,119,2.17
62,120,4.55
62,121,3.33
62,122,3.57
62,123,4.17
62,124,2.17
62,125,10
62,126,2.08
62,127,8.33
62,128,6.25
62,129,3.57
62,130,3.85
62,131,3.85
62,132,10
62,133,4.55
62,134,4.55
62,135,2.78
62,136,5.56
62,137,5
62,138,6.25
62,139,8.33
62,140,2.5
62,141,6.25
62,142,2.27
62,143,2.94
62,144,6.25
62,145,5
62,146,5.56
62,147,3.13
62,148,2.63
62,149,3.33
62,150,3.57
62,151,10
62,152,2.38
62,153,2.5
62,154,4.17
62,155,5.56
62,156,4.17
62,157,2.94
62,158,2
62,159,4.17
62,160,4.17
62,161,3.85
62,162,2.5
62,163,7.14
62,164,3.85
62,165,4.17
62,166,2.08
62,167,3.57
62,168,5.56
62,169,2.94
62,170,7.14
62,171,8.33
62,172,2.5
62,173,2.17
62,174,8.33
62,175,2.63
62,176,2
62,177,3.13
62,178,10
62,179,10
62,180,2.27
62,181,8.33
62,182,2.17
62,183,8.33
62,184,2.38
62,185,2.08
62,186,2.17
62,187,7.14
62,188,3.33
62,189,2.17
62,190,2.63
62,191,2.17
62,192,5.56
62,193,5.56
62,194,6.25
62,195,2.78
62,196,4.55
62,197,6.25
62,198,6.25
62,199,2.94
62,200,7.14
62,201,7.14
62,202,2
62,203,2.5
62,204,4.17
62,205,2.27
62,206,2.08
62,207,2
62,208,2.08
62,209,2.5
62,210,2.78
62,211,8.33
62,212,2.38
62,213,10
62,214,8.33
62,215,2.27
62,216,6.25
62,217,3.33
62,218,4.55
62,219,3.57
62,220,7.14
62,221,10
62,222,2.17
62,223,3.85
62,224,3.85
62,225,2.38
62,226,2.5
62,227,2.94
62,228,7.14
62,229,2.94
62,230,2.08
62,231,6.25
62,232,2.27
62,233,5
62,234,2.94
62,235,2.78
62,236,5.56
62,237,8.33
62,238,3.57
62,239,3.13
62,240,5.56
62,241,3.33
62,242,2.27
62,243,8.33
62,244,2.63
62,245,2.63
62,246,7.14
62,247,2.27
62,248,3.13
62,249,3.13
62,250,3.85
62,251,2.17
62,252,4.55
62,253,2
62,254,2.94
62,255,2.63
62,256,8.33
62,257,8.33
62,258,3.57
62,259,2.27
62,260,2.27
62,261,3.85
62,262,5.56
62,263,4.17
62,264,2.38
62,265,5.56
62,266,2.63
62,267,6.25
62,268,7.14
62,269,7.14
62,270,2.63
62,271,2.5
62,272,10
62,273,2.63
62,274,2.17
62,275,3.13
62,276,7.14
62,277,3.57
62,278,10
62,279,2.08
62,280,2.78
62,281,10
62,282,4.17
62,283,2
62,284,3.57
62,285,5
62,286,2.63
62,287,3.57
62,288,2.5
62,289,2.63
62,290,6.25
62,291,6.25
62,292,10
62,293,4.17
62,294,7.14
62,295,5.56
62,296,10
62,297,5
62,298,4.55
62,299,2.63
62,300,4.55
62,301,2
62,302,10
62,303,2.17
62,304,7.14
62,305,5.56
62,306,4.55
62,307,5.56
62,308,4.55
62,309,2.63
62,310,6.25
62,311,2.17
62,312,5
62,313,5.56
62,314,4.17
62,315,4.55
62,316,2.5
62,317,2.17
62,318,3.85
62,319,10
62,320,5.56
62,321,3.33
62,322,10
62,323,2.08
62,324,2.78
62,325,2
62,326,3.57
62,327,3.33
62,328,2.63
62,329,2.38
62,330,2.78
62,331,2
62,332,2.78
62,333,5
62,334,5.56
62,335,4.17
62,336,4.17
62,337,3.57
62,338,4.55
62,339,2
62,340,2.78
62,341,5.56
62,342,3.57
62,343,5.56
62,344,4.55
62,345,4.55
62,346,7.14
62,347,2.5
62,348,5.56
62,349,4.17
62,350,2.78
62,351,2.27
62,352,2.17
62,353,2
62,354,2.78
62,355,7.14
62,356,2
62,357,3.85
62,358,3.13
62,359,7.14
62,360,2.38
62,361,2.08
62,362,5.56
62,363,3.33
62,364,2.08
62,365,2.94
62,366,8.33
62,367,5.56
62,368,2.94
62,369,5
62,370,2.38
62,371,2.5
62,372,2.94
62,373,2
62,374,2.63
62,375,2.5
62,376,2
62,377,2.78
62,378,6.25
62,379,6.25
62,380,5.56
62,381,2.94
62,382,2
62,383,3.13
62,384,8.33
62,385,2.63
62,386,2.27
62,387,2.5
62,388,3.13
62,389,2.08
62,390,10
62,391,2.27
62,392,4.55
62,393,8.33
62,394,10
62,395,2.94
62,396,2.63
62,397,3.57
62,398,3.57
62,399,5
62,400,2.27
62,401,3.33
62,402,4.55
62,403,2.5
62,404,2.63
62,405,5.56
62,406,3.85
62,407,3.85
62,408,2.5
62,409,2.94
62,410,8.33
62,411,10
62,412,3.85
62,413,2.38
62,414,5
62,415,5.56
62,416,2
62,417,7.14
62,418,2.63
62,419,5.56
62,420,2.08
62,421,2.94
62,422,3.33
62,423,3.13
62,424,2.94
62,425,8.33
62,426,2.08
62,427,2.78
62,428,2.94
62,429,2.38
62,430,4.55
62,431,2.5
62,432,8.33
62,433,2.63
62,434,2.27
62,435,4.17
62,436,3.85
62,437,2.94
62,438,3.13
62,439,2.08
62,440,3.13
62,441,4.55
62,442,2.38
62,443,2.38
62,444,4.17
62,445,2.17
62,446,7.14
62,447,2.63
62,448,7.14
62,449,8.33
62,450,3.13
62,451,2.78
62,452,2.27
62,453,3.57
62,454,3.85
62,455,3.85
62,456,2.94
62,457,2.38
62,458,4.17
62,459,4.17
62,460,2.63
62,461,5
62,462,3.85
62,463,8.33
62,464,3.85
62,465,5.56
62,466,2.17
62,467,5.56
62,468,2.78
62,469,2.27
62,470,2.27
62,471,5.56
62,472,2.27
62,473,4.55
62,474,3.85
62,475,2.38
62,476,3.13
62,477,2.17
62,478,5.56
62,479,4.55
62,480,6.25
62,481,2.08
62,482,3.57
62,483,3.85
62,484,3.13
62,485,2.17
62,486,3.13
62,487,5
62,488,2.27
62,489,2
62,490,2.78
62,491,3.13
62,492,10
62,493,6.25
62,494,4.55
62,495,3.33
62,496,3.85
62,497,3.85
62,498,4.17
62,499,3.85
62,500,2
63,1,3.85
63,2,4.55
63,3,4.55
63,4,7.14
63,5,3.13
63,6,3.33
63,7,5.56
63,8,10
63,9,3.13
63,10,2
63,11,2.38
63,12,4.55
63,13,2.17
63,14,7.14
63,15,6.25
63,16,2.5
63,17,3.57
63,18,2.94
63,19,3.13
63,20,2.78
63,21,2
63,22,2
63,23,2.78
63,24,4.55
63,25,2.08
63,26,3.85
63,27,2
63,28,10
63,29,4.55
63,30,10
63,31,2.63
63,32,6.25
63,33,4.17
63,34,2.17
63,35,2.08
63,36,2.38
63,37,3.85
63,38,5.56
63,39,8.33
63,40,2.94
63,41,2.38
63,42,2.5
63,43,8.33
63,44,2.17
63,45,2.5
63,46,4.55
63,47,2.78
63,48,2.17
63,49,2.27
63,50,3.57
63,51,4.17
63,52,3.85
63,53,2.27
63,54,8.33
63,55,2.63
63,56,2.63
63,57,5.56
63,58,2.17
63,59,2.27
63,60,7.14
63,61,2.94
63,62,2.94
63,63,2.38
63,64,4.17
63,65,3.33
63,66,3.57
63,67,4.17
63,68,2.27
63,69,4.55
63,70,6.25
63,71,10
63,72,4.17
63,73,3.13
63,74,3.33
63,75,8.33
63,76,3.33
63,77,6.25
63,78,2
63,79,2.78
63,80,2.38
63,81,5.56
63,82,2.17
63,83,4.55
63,84,2.27
63,85,6.25
63,86,2.27
63,87,2.27
63,88,4.55
63,89,8.33
63,90,3.33
63,91,2.27
63,92,5
63,93,4.55
63,94,3.85
63,95,4.17
63,96,2.78
63,97,2.38
63,98,2.17
63,99,3.33
63,100,5.56
63,101,3.33
63,102,6.25
63,103,7.14
63,104,2.94
63,105,2.38
63,106,2.38
63,107,2.08
63,108,5.56
63,109,2
63,110,3.57
63,111,3.33
63,112,2.94
63,113,2.08
63,114,5.56
63,115,5.56
63,116,2.78
63,117,2
63,118,2.63
63,119,6.25
63,120,8.33
63,121,5
63,122,6.25
63,123,8.33
63,124,2.78
63,125,6.25
63,126,4.55
63,127,2.08
63,128,2.63
63,129,2.08
63,130,2.27
63,131,3.85
63,132,2.38
63,133,2.08
63,134,4.17
63,135,2
63,136,2.08
63,137,3.33
63,138,4.17
63,139,2
63,140,4.17
63,141,2
63,142,2.27
63,143,7.14
63,144,5.56
63,145,2.17
63,146,5.56
63,147,2.27
63,148,3.85
63,149,5.56
63,150,2.38
63,151,7.14
63,152,3.85
63,153,2.63
63,154,2.08
63,155,10
63,156,2.78
63,157,10
63,158,3.33
63,159,2.17
63,160,2.63
63,161,3.33
63,162,3.85
63,163,2
63,164,3.57
63,165,2.94
63,166,3.57
63,167,7.14
63,168,4.55
63,169,3.33
63,170,2.5
63,171,3.33
63,172,2.17
63,173,5.56
63,174,2.38
63,175,4.17
63,176,5
63,177,4.55
63,178,3.13
63,179,4.17
63,180,10
63,181,6.25
63,182,7.14
63,183,4.55
63,184,3.57
63,185,3.85
63,186,2.17
63,187,5
63,188,2.78
63,189,4.55
63,190,2.27
63,191,7.14
63,192,10
63,193,3.13
63,194,2.38
63,195,3.85
63,196,2.27
63,197,5
63,198,2.08
63,199,5.56
63,200,2.17
63,201,3.13
63,202,2.5
63,203,3.57
63,204,3.57
63,205,4.17
63,206,2.27
63,207,2.78
63,208,3.33
63,209,3.13
63,210,8.33
63,211,3.85
63,212,4.17
63,213,3.33
63,214,8.33
63,215,2.38
63,216,2.17
63,217,8.33
63,218,3.13
63,219,6.25
63,220,2.94
63,221,10
63,222,2.08
63,223,2.63
63,224,2.63
63,225,6.25
63,226,2.5
63,227,2.78
63,228,2
63,229,3.85
63,230,10
63,231,5.56
63,232,6.25
63,233,2.08
63,234,2.38
63,235,4.17
63,236,3.33
63,237,7.14
63,238,4.17
63,239,2.17
63,240,10
63,241,3.13
63,242,2.78
63,243,3.33
63,244,3.33
63,245,2.94
63,246,5
63,247,2
63,248,2.17
63,249,2.78
63,250,2.5
63,251,6.25
63,252,4.55
63,253,3.85
63,254,3.85
63,255,10
63,256,2.78
63,257,2.63
63,258,3.57
63,259,2.38
63,260,3.33
63,261,2.08
63,262,3.13
63,263,3.57
63,264,2.27
63,265,5
63,266,2.27
63,267,5
63,268,8.33
63,269,10
63,270,2.94
63,271,2
63,272,4.55
63,273,3.57
63,274,5
63,275,4.55
63,276,2.63
63,277,8.33
63,278,2.38
63,279,3.33
63,280,5
63,281,4.55
63,282,2.63
63,283,6.25
63,284,2.17
63,285,2.94
63,286,3.33
63,287,2.94
63,288,3.57
63,289,6.25
63,290,2.27
63,291,2.94
63,292,4.55
63,293,4.55
63,294,2.38
63,295,2.94
63,296,2.27
63,297,7.14
63,298,2.27
63,299,4.55
63,300,5.56
63,301,2.08
63,302,6.25
63,303,5.56
63,304,2.63
63,305,2.27
63,306,3.13
63,307,3.33
63,308,10
63,309,5.56
63,310,5
63,311,2.17
63,312,3.57
63,313,4.55
63,314,3.33
63,315,2.08
63,316,2.94
63,317,3.57
63,318,2.08
63,319,2.17
63,320,5
63,321,3.85
63,322,2.27
63,323,2.78
63,324,2.63
63,325,2.08
63,326,3.85
63,327,5.56
63,328,4.55
63,329,2.38
63,330,3.33
63,331,4.17
63,332,3.13
63,333,10
63,334,5.56
63,335,2.17
63,336,3.33
63,337,3.33
63,338,2.08
63,339,3.33
63,340,7.14
63,341,2.27
63,342,2.63
63,343,2
63,344,3.85
63,345,8.33
63,346,5.56
63,347,2.38
63,348,4.17
63,349,10
63,350,3.33
63,351,2.17
63,352,2.27
63,353,8.33
63,354,4.17
63,355,4.55
63,356,2.08
63,357,3.13
63,358,8.33
63,359,2
63,360,7.14
63,361,3.57
63,362,4.55
63,363,2
63,364,2.78
63,365,4.17
63,366,8.33
63,367,3.13
63,368,2.63
63,369,2.5
63,370,2
63,371,3.13
63,372,2.38
63,373,10
63,374,2.5
63,375,4.17
63,376,2.94
63,377,3.57
63,378,2.63
63,379,3.13
63,380,3.33
63,381,10
63,382,2.78
63,383,5.56
63,384,2.38
63,385,4.17
63,386,2.63
63,387,3.85
63,388,3.57
63,389,2
63,390,4.55
63,391,10
63,392,8.33
63,393,10
63,394,2.17
63,395,6.25
63,396,2.5
63,397,2.63
63,398,2.5
63,399,2.38
63,400,2
63,401,8.33
63,402,2.94
63,403,2.08
63,404,4.55
63,405,8.33
63,406,2.17
63,407,3.57
63,408,4.17
63,409,2.17
63,410,2.94
63,411,2.27
63,412,2.94
63,413,2.63
63,414,2.27
63,415,4.17
63,416,10
63,417,3.85
63,418,3.13
63,419,4.55
63,420,4.55
63,421,2.5
63,422,2.5
63,423,8.33
63,424,2.94
63,425,7.14
63,426,2.27
63,427,3.13
63,428,5
63,429,2.08
63,430,4.17
63,431,2.27
63,432,2.38
63,433,4.55
63,434,5.56
63,435,2.08
63,436,2.94
63,437,4.55
63,438,10
63,439,4.17
63,440,2.5
63,441,2.5
63,442,5.56
63,443,3.85
63,444,2.78
63,445,2.17
63,446,2.63
63,447,4.55
63,448,3.13
63,449,3.57
63,450,3.85
63,451,8.33
63,452,3.85
63,453,7.14
63,454,6.25
63,455,4.55
63,456,8.33
63,457,7.14
63,458,2.08
63,459,2.94
63,460,2.17
63,461,2.08
63,462,10
63,463,3.57
63,464,2.63
63,465,2.5
63,466,7.14
63,467,8.33
63,468,5.56
63,469,10
63,470,6.25
63,471,2.08
63,472,2
63,473,3.57
63,474,2.38
63,475,2
63,476,3.57
63,477,5.56
63,478,6.25
63,479,5.56
63,480,2.08
63,481,4.55
63,482,3.85
63,483,2.27
63,484,4.17
63,485,3.13
63,486,7.14
63,487,3.33
63,488,3.57
63,489,5.56
63,490,8.33
63,491,2.38
63,492,5
63,493,2.63
63,494,2.17
63,495,5.56
63,496,2.27
63,497,5.56
63,498,2.17
63,499,4.17
63,500,2
64,1,2.63
64,2,6.25
64,3,2.08
64,4,2
64,5,2.08
64,6,4.55
64,7,2.63
64,8,2.27
64,9,4.17
64,10,3.13
64,11,2.5
64,12,8.33
64,13,5
64,14,2.38
64,15,4.55
64,16,3.85
64,17,2.5
64,18,6.25
64,19,2
64,20,2.17
64,21,5.56
64,22,5.56
64,23,3.85
64,24,2
64,25,3.33
64,26,2.5
64,27,2.5
64,28,2
64,29,2.5
64,30,2.94
64,31,6.25
64,32,2.78
64,33,10
64,34,2
64,35,2.27
64,36,2.17
64,37,2.5
64,38,2.78
64,39,3.33
64,40,5.56
64,41,2.27
64,42,2.38
64,43,2.78
64,44,7.14
64,45,4.17
64,46,5.56
64,47,2.5
64,48,2
64,49,2.08
64,50,3.13
64,51,2.63
64,52,7.14
64,53,2.27
64,54,2
64,55,3.33
64,56,2.17
64,57,2.5
64,58,3.13
64,59,3.85
64,60,6.25
64,61,3.13
64,62,4.17
64,63,4.17
64,64,4.55
64,65,2.63
64,66,10
64,67,8.33
64,68,2.94
64,69,3.33
64,70,6.25
64,71,6.25
64,72,2.63
64,73,3.57
64,74,2.17
64,75,5
64,76,2.5
64,77,3.33
64,78,6.25
64,79,2.5
64,80,4.17
64,81,3.85
64,82,2.27
64,83,3.13
64,84,2.63
64,85,3.13
64,86,2.27
64,87,3.85
64,88,3.85
64,89,2.63
64,90,3.85
64,91,5.56
64,92,2.63
64,93,8.33
64,94,6.25
64,95,5.56
64,96,2.94
64,97,8.33
64,98,4.17
64,99,2.38
64,100,2.08
64,101,5
64,102,3.57
64,103,2.08
64,104,2.38
64,105,2.17
64,106,3.57
64,107,4.55
64,108,2.27
64,109,3.57
64,110,3.33
64,111,2
64,112,2.08
64,113,3.33
64,114,4.55
64,115,7.14
64,116,3.57
64,117,5
64,118,2.27
64,119,7.14
64,120,10
64,121,5.56
64,122,3.33
64,123,3.85
64,124,4.55
64,125,8.33
64,126,10
64,127,2.17
64,128,2.27
64,129,3.33
64,130,2.38
64,131,5.56
64,132,2.38
64,133,2.78
64,134,3.85
64,135,4.17
64,136,5.56
64,137,3.85
64,138,3.57
64,139,2.38
64,140,2.17
64,141,5.56
64,142,2.17
64,143,4.55
64,144,4.55
64,145,2.38
64,146,2.08
64,147,2.78
64,148,8.33
64,149,3.57
64,150,3.33
64,151,3.57
64,152,2.17
64,153,2.5
64,154,3.33
64,155,8.33
64,156,6.25
64,157,3.85
64,158,3.13
64,159,3.57
64,160,2.78
64,161,2.5
64,162,4.55
64,163,2.38
64,164,2.08
64,165,2.27
64,166,5.56
64,167,7.14
64,168,2.17
64,169,3.33
64,170,2.38
64,171,2
64,172,3.33
64,173,7.14
64,174,3.85
64,175,4.17
64,176,2.17
64,177,2.5
64,178,10
64,179,2.78
64,180,2.5
64,181,2.08
64,182,2
64,183,2.94
64,184,8.33
64,185,2.63
64,186,4.17
64,187,4.55
64,188,2.94
64,189,6.25
64,190,2.08
64,191,2.38
64,192,3.33
64,193,5
64,194,7.14
64,195,2.94
64,196,2.5
64,197,2.27
64,198,10
64,199,6.25
64,200,3.33
64,201,2
64,202,2.27
64,203,2
64,204,10
64,205,3.13
64,206,2.63
64,207,2.08
64,208,3.57
64,209,6.25
64,210,2.38
64,211,2.17
64,212,7.14
64,213,10
64,214,4.17
64,215,2.78
64,216,8.33
64,217,4.55
64,218,2.63
64,219,2.63
64,220,6.25
64,221,2
64,222,8.33
64,223,2.94
64,224,7.14
64,225,3.57
64,226,2.5
64,227,5.56
64,228,10
64,229,10
64,230,2
64,231,2.63
64,232,2
64,233,2.78
64,234,4.17
64,235,5.56
64,236,7.14
64,237,3.85
64,238,2.78
64,239,5.56
64,240,2.08
64,241,10
64,242,6.25
64,243,6.25
64,244,2
64,245,2.17
64,246,4.17
64,247,2.17
64,248,10
64,249,2.27
64,250,5
64,251,2.08
64,252,4.55
64,253,7.14
64,254,2.63
64,255,3.13
64,256,3.33
64,257,5
64,258,2.94
64,259,2.94
64,260,2.78
64,261,5.56
64,262,2.17
64,263,8.33
64,264,7.14
64,265,7.14
64,266,3.13
64,267,2.08
64,268,2.78
64,269,2.94
64,270,2.78
64,271,6.25
64,272,2.63
64,273,4.55
64,274,6.25
64,275,2.5
64,276,2.5
64,277,2.27
64,278,2.94
64,279,10
64,280,2.27
64,281,8.33
64,282,2.08
64,283,2.38
64,284,3.13
64,285,2.27
64,286,2.5
64,287,6.25
64,288,2.78
64,289,2.5
64,290,5
64,291,3.57
64,292,5
64,293,3.57
64,294,4.17
64,295,5
64,296,7.14
64,297,5
64,298,8.33
64,299,6.25
64,300,3.85
64,301,5.56
64,302,3.85
64,303,2.38
64,304,2.5
64,305,6.25
64,306,2.08
64,307,2.78
64,308,3.13
64,309,2.63
64,310,2.38
64,311,3.57
64,312,2
64,313,2.94
64,314,3.13
64,315,10
64,316,2.17
64,317,2
64,318,2.27
64,319,7.14
64,320,10
64,321,6.25
64,322,2.94
64,323,8.33
64,324,6.25
64,325,4.17
64,326,3.57
64,327,6.25
64,328,2.38
64,329,3.57
64,330,2.63
64,331,2.78
64,332,2.5
64,333,10
64,334,2.27
64,335,2.08
64,336,3.13
64,337,3.57
64,338,2.63
64,339,6.25
64,340,2.63
64,341,2
64,342,5.56
64,343,5
64,344,2.38
64,345,2.17
64,346,7.14
64,347,3.33
64,348,6.25
64,349,3.85
64,350,10
64,351,2.08
64,352,8.33
64,353,2
64,354,2.38
64,355,2.27
64,356,2.5
64,357,2.94
64,358,4.55
64,359,5
64,360,2.63
64,361,3.85
64,362,6.25
64,363,3.13
64,364,5
64,365,3.33
64,366,7.14
64,367,4.17
64,368,2.38
64,369,4.55
64,370,3.33
64,371,10
64,372,2.17
64,373,3.33
64,374,3.33
64,375,2.27
64,376,2.27
64,377,3.13
64,378,6.25
64,379,2.38
64,380,2.94
64,381,4.55
64,382,10
64,383,5.56
64,384,3.13
64,385,4.17
64,386,2.94
64,387,5.56
64,388,2.27
64,389,2.38
64,390,4.55
64,391,3.13
64,392,4.55
64,393,3.13
64,394,2.08
64,395,2.94
64,396,3.85
64,397,5.56
64,398,3.13
64,399,5.56
64,400,2.5
64,401,2.63
64,402,2.27
64,403,2.5
64,404,2.63
64,405,6.25
64,406,3.13
64,407,2.17
64,408,7.14
64,409,3.85
64,410,6.25
64,411,5.56
64,412,2.63
64,413,10
64,414,8.33
64,415,7.14
64,416,6.25
64,417,5.56
64,418,8.33
64,419,3.13
64,420,2.38
64,421,4.17
64,422,7.14
64,423,2.63
64,424,2
64,425,10
64,426,3.85
64,427,4.55
64,428,8.33
64,429,2.38
64,430,10
64,431,6.25
64,432,10
64,433,2.63
64,434,5
64,435,7.14
64,436,3.57
64,437,6.25
64,438,6.25
64,439,2.78
64,440,2.17
64,441,3.33
64,442,2.94
64,443,2
64,444,2.38
64,445,3.33
64,446,7.14
64,447,2.78
64,448,4.55
64,449,5.56
64,450,2.63
64,451,3.57
64,452,2
64,453,2.94
64,454,2
64,455,5
64,456,2.78
64,457,4.55
64,458,2
64,459,2.78
64,460,2.94
64,461,4.17
64,462,2.63
64,463,2.63
64,464,2.27
64,465,4.55
64,466,4.55
64,467,2.94
64,468,10
64,469,2.27
64,470,3.85
64,471,3.33
64,472,3.13
64,473,8.33
64,474,2.78
64,475,6.25
64,476,2.94
64,477,7.14
64,478,6.25
64,479,3.85
64,480,7.14
64,481,2.38
64,482,3.13
64,483,2.17
64,484,5.56
64,485,7.14
64,486,3.33
64,487,3.33
64,488,2.5
64,489,10
64,490,5.56
64,491,2.94
64,492,10
64,493,3.33
64,494,6.25
64,495,2
64,496,4.17
64,497,2.63
64,498,2.27
64,499,2.5
64,500,6.25
65,1,10
65,2,2.17
65,3,2.78
65,4,6.25
65,5,2.5
65,6,3.13
65,7,7.14
65,8,2.17
65,9,3.33
65,10,2.78
65,11,4.55
65,12,2.08
65,13,8.33
65,14,2.27
65,15,4.17
65,16,5.56
65,17,8.33
65,18,2.17
65,19,2.08
65,20,10
65,21,2.78
65,22,2.63
65,23,2.17
65,24,4.17
65,25,2.17
65,26,2.5
65,27,3.13
65,28,5
65,29,2.27
65,30,2.08
65,31,2
65,32,2.17
65,33,2.5
65,34,4.17
65,35,2.08
65,36,2.63
65,37,4.17
65,38,2.08
65,39,3.57
65,40,3.13
65,41,3.85
65,42,2
65,43,4.17
65,44,2.17
65,45,3.57
65,46,2.78
65,47,4.17
65,48,4.55
65,49,2.27
65,50,4.55
65,51,2.94
65,52,3.13
65,53,8.33
65,54,6.25
65,55,3.57
65,56,2.5
65,57,4.55
65,58,2.94
65,59,2.27
65,60,3.13
65,61,2
65,62,2.63
65,63,2.38
65,64,6.25
65,65,2.27
65,66,2.94
65,67,3.33
65,68,10
65,69,6.25
65,70,6.25
65,71,6.25
65,72,2.38
65,73,2.63
65,74,2.94
65,75,7.14
65,76,4.17
65,77,2.94
65,78,3.13
65,79,10
65,80,2
65,81,2.27
65,82,2
65,83,10
65,84,6.25
65,85,4.55
65,86,3.13
65,87,3.85
65,88,4.55
65,89,2.94
65,90,2.17
65,91,2.94
65,92,7.14
65,93,7.14
65,94,2.5
65,95,2.08
65,96,7.14
65,97,2.38
65,98,2.5
65,99,3.57
65,100,3.85
65,101,2.38
65,102,2.17
65,103,3.57
65,104,8.33
65,105,4.55
65,106,8.33
65,107,5.56
65,108,3.13
65,109,6.25
65,110,7.14
65,111,4.17
65,112,3.85
65,113,2.08
65,114,2.63
65,115,8.33
65,116,7.14
65,117,2.17
65,118,5.56
65,119,2.17
65,120,2.94
65,121,3.13
65,122,2.08
65,123,2.78
65,124,3.13
65,125,7.14
65,126,2.27
65,127,6.25
65,128,7.14
65,129,2.94
65,130,2
65,131,2.5
65,132,10
65,133,2
65,134,6.25
65,135,5.56
65,136,6.25
65,137,2.63
65,138,2.94
65,139,5
65,140,2.08
65,141,2.27
65,142,2.94
65,143,2.38
65,144,2.5
65,145,3.33
65,146,3.13
65,147,4.55
65,148,7.14
65,149,2.63
65,150,2
65,151,4.17
65,152,6.25
65,153,8.33
65,154,2.27
65,155,7.14
65,156,2.63
65,157,2.78
65,158,4.17
65,159,2.5
65,160,2.38
65,161,2.78
65,162,2.38
65,163,5
65,164,2
65,165,5
65,166,8.33
65,167,3.57
65,168,4.55
65,169,3.13
65,170,5
65,171,2.63
65,172,2.08
65,173,2.94
65,174,3.85
65,175,2.27
65,176,3.57
65,177,2
65,178,3.33
65,179,3.85
65,180,6.25
65,181,10
65,182,3.85
65,183,3.33
65,184,3.13
65,185,2.5
65,186,2.63
65,187,7.14
65,188,2
65,189,5
65,190,2.63
65,191,2.78
65,192,2.5
65,193,2
65,194,4.55
65,195,2.27
65,196,7.14
65,197,3.33
65,198,2.78
65,199,5.56
65,200,3.13
65,201,5
65,202,2.27
65,203,6.25
65,204,3.33
65,205,2.78
65,206,8.33
65,207,3.57
65,208,2.78
65,209,3.57
65,210,2.78
65,211,2.38
65,212,2
65,213,10
65,214,8.33
65,215,3.85
65,216,5.56
65,217,7.14
65,218,2.08
65,219,2.27
65,220,4.55
65,221,3.57
65,222,2.38
65,223,2
65,224,7.14
65,225,7.14
65,226,8.33
65,227,3.33
65,228,8.33
65,229,5.56
65,230,6.25
65,231,4.17
65,232,4.55
65,233,4.17
65,234,2.78
65,235,2.38
65,236,8.33
65,237,3.57
65,238,2.63
65,239,3.57
65,240,4.17
65,241,5
65,242,2.27
65,243,2.08
65,244,6.25
65,245,3.57
65,246,7.14
65,247,2
65,248,4.17
65,249,3.33
65,250,3.13
65,251,10
65,252,4.17
65,253,2.63
65,254,2.63
65,255,6.25
65,256,3.13
65,257,5
65,258,2.78
65,259,2.78
65,260,2.38
65,261,5
65,262,2.38
65,263,4.17
65,264,10
65,265,3.33
65,266,3.57
65,267,4.55
65,268,2.17
65,269,3.57
65,270,2.78
65,271,2.63
65,272,2.78
65,273,2.38
65,274,2.63
65,275,2
65,276,5
65,277,3.85
65,278,2
65,279,3.13
65,280,4.17
65,281,7.14
65,282,10
65,283,4.55
65,284,2.94
65,285,3.33
65,286,3.85
65,287,2.5
65,288,2.94
65,289,10
65,290,10
65,291,2.94
65,292,2.17
65,293,2.78
65,294,10
65,295,2.17
65,296,2.63
65,297,3.13
65,298,2.17
65,299,7.14
65,300,3.13
65,301,5
65,302,6.25
65,303,4.17
65,304,4.55
65,305,2
65,306,4.55
65,307,2.94
65,308,2.38
65,309,3.85
65,310,7.14
65,311,2.27
65,312,3.13
65,313,2.17
65,314,2.78
65,315,2.17
65,316,4.55
65,317,7.14
65,318,3.33
65,319,2.94
65,320,2.17
65,321,2.17
65,322,6.25
65,323,4.55
65,324,2.78
65,325,7.14
65,326,2.38
65,327,2.27
65,328,4.17
65,329,3.13
65,330,2.78
65,331,4.55
65,332,2
65,333,7.14
65,334,2
65,335,3.85
65,336,3.85
65,337,4.55
65,338,2.38
65,339,2.94
65,340,8.33
65,341,10
65,342,3.57
65,343,5
65,344,3.57
65,345,3.57
65,346,2
65,347,2
65,348,2.38
65,349,3.33
65,350,4.17
65,351,2.08
65,352,7.14
65,353,8.33
65,354,3.85
65,355,4.17
65,356,2
65,357,3.13
65,358,7.14
65,359,3.33
65,360,2.38
65,361,3.57
65,362,5.56
65,363,2.94
65,364,2.94
65,365,10
65,366,5
65,367,7.14
65,368,4.55
65,369,2.27
65,370,5.56
65,371,7.14
65,372,4.17
65,373,10
65,374,2.08
65,375,2.27
65,376,2.5
65,377,3.33
65,378,3.85
65,379,5
65,380,2
65,381,3.13
65,382,6.25
65,383,2
65,384,2.08
65,385,2
65,386,2.38
65,387,3.33
65,388,5.56
65,389,2.94
65,390,2.78
65,391,3.85
65,392,2.63
65,393,3.57
65,394,5.56
65,395,4.17
65,396,10
65,397,2.27
65,398,10
65,399,2
65,400,2.5
65,401,2.08
65,402,3.33
65,403,2.63
65,404,2.5
65,405,5.56
65,406,2.27
65,407,2
65,408,2.27
65,409,3.85
65,410,2.17
65,411,3.13
65,412,4.55
65,413,2.63
65,414,5
65,415,10
65,416,2.27
65,417,2.38
65,418,5.56
65,419,2.94
65,420,3.13
65,421,2.78
65,422,8.33
65,423,2.27
65,424,4.17
65,425,3.57
65,426,2.5
65,427,5.56
65,428,2.27
65,429,2.63
65,430,4.17
65,431,3.85
65,432,5.56
65,433,2.08
65,434,8.33
65,435,3.85
65,436,2.17
65,437,4.17
65,438,3.13
65,439,3.13
65,440,3.57
65,441,2.08
65,442,2.94
65,443,2
65,444,5.56
65,445,8.33
65,446,2
65,447,3.57
65,448,10
65,449,10
65,450,3.85
65,451,10
65,452,2.38
65,453,7.14
65,454,2.08
65,455,3.57
65,456,5.56
65,457,4.17
65,458,5.56
65,459,3.85
65,460,5.56
65,461,8.33
65,462,6.25
65,463,2.5
65,464,6.25
65,465,2.94
65,466,2.08
65,467,3.13
65,468,2.5
65,469,3.13
65,470,2.94
65,471,2.17
65,472,4.17
65,473,8.33
65,474,2.08
65,475,5
65,476,8.33
65,477,7.14
65,478,3.13
65,479,5
65,480,8.33
65,481,4.55
65,482,6.25
65,483,2.17
65,484,3.57
65,485,2.17
65,486,2.38
65,487,8.33
65,488,2.08
65,489,8.33
65,490,3.57
65,491,2.08
65,492,2.94
65,493,3.57
65,494,3.85
65,495,4.55
65,496,2.94
65,497,5
65,498,2.27
65,499,2.08
65,500,4.55
66,1,2.38
66,2,2.08
66,3,2.17
66,4,2.08
66,5,8.33
66,6,3.57
66,7,2.17
66,8,2.08
66,9,5
66,10,10
66,11,8.33
66,12,3.57
66,13,2
66,14,2.63
66,15,4.17
66,16,3.33
66,17,7.14
66,18,2.94
66,19,3.57
66,20,7.14
66,21,3.85
66,22,5.56
66,23,8.33
66,24,2.94
66,25,2.78
66,26,8.33
66,27,3.57
66,28,2.63
66,29,2.38
66,30,3.57
66,31,2.08
66,32,2.63
66,33,7.14
66,34,3.33
66,35,2.63
66,36,4.55
66,37,2.5
66,38,2.63
66,39,4.55
66,40,2.63
66,41,5
66,42,2.5
66,43,2.63
66,44,2.94
66,45,2.38
66,46,5
66,47,5.56
66,48,2.78
66,49,3.33
66,50,4.17
66,51,2.17
66,52,4.17
66,53,2.17
66,54,10
66,55,2
66,56,4.55
66,57,5.56
66,58,2.94
66,59,5
66,60,2
66,61,5.56
66,62,2.63
66,63,5.56
66,64,8.33
66,65,5.56
66,66,3.33
66,67,5.56
66,68,7.14
66,69,2.38
66,70,3.13
66,71,2.08
66,72,7.14
66,73,2.08
66,74,2.27
66,75,6.25
66,76,7.14
66,77,4.55
66,78,2.5
66,79,3.57
66,80,2.63
66,81,4.17
66,82,2.94
66,83,5
66,84,2.27
66,85,6.25
66,86,2.17
66,87,5.56
66,88,2.17
66,89,4.55
66,90,2.38
66,91,6.25
66,92,3.33
66,93,3.13
66,94,6.25
66,95,2
66,96,4.55
66,97,2.94
66,98,2.78
66,99,2.27
66,100,3.13
66,101,2.5
66,102,3.57
66,103,2.08
66,104,7.14
66,105,8.33
66,106,4.55
66,107,2.63
66,108,5
66,109,5.56
66,110,10
66,111,6.25
66,112,5.56
66,113,3.57
66,114,2.94
66,115,2.08
66,116,2.94
66,117,3.33
66,118,4.17
66,119,6.25
66,120,4.17
66,121,2.27
66,122,8.33
66,123,8.33
66,124,5
66,125,2.63
66,126,5
66,127,5
66,128,2.17
66,129,10
66,130,2.5
66,131,7.14
66,132,4.17
66,133,3.13
66,134,10
66,135,2.38
66,136,7.14
66,137,2.17
66,138,2
66,139,3.33
66,140,10
66,141,3.13
66,142,2
66,143,2.08
66,144,2.27
66,145,4.17
66,146,8.33
66,147,2.94
66,148,2.38
66,149,10
66,150,5.56
66,151,4.17
66,152,3.57
66,153,2.17
66,154,10
66,155,3.13
66,156,8.33
66,157,10
66,158,2.63
66,159,5
66,160,2.5
66,161,2.27
66,162,4.17
66,163,3.57
66,164,2.63
66,165,4.17
66,166,4.17
66,167,10
66,168,3.57
66,169,2.38
66,170,5.56
66,171,3.13
66,172,2.94
66,173,4.17
66,174,2
66,175,5.56
66,176,6.25
66,177,3.85
66,178,2.94
66,179,2.94
66,180,2.17
66,181,2.38
66,182,2.17
66,183,2.5
66,184,6.25
66,185,2.27
66,186,3.85
66,187,3.33
66,188,10
66,189,5
66,190,3.33
66,191,5.56
66,192,2
66,193,4.55
66,194,3.57
66,195,5
66,196,10
66,197,3.57
66,198,3.13
66,199,3.85
66,200,2
66,201,3.85
66,202,8.33
66,203,2.63
66,204,2.38
66,205,2.08
66,206,7.14
66,207,7.14
66,208,3.13
66,209,3.13
66,210,7.14
66,211,2
66,212,2
66,213,2.63
66,214,2
66,215,4.17
66,216,2
66,217,7.14
66,218,2.27
66,219,2.63
66,220,4.55
66,221,6.25
66,222,5
66,223,2.27
66,224,3.13
66,225,3.13
66,226,3.33
66,227,6.25
66,228,5.56
66,229,3.57
66,230,4.17
66,231,4.55
66,232,8.33
66,233,4.55
66,234,4.55
66,235,3.13
66,236,2.38
66,237,5.56
66,238,7.14
66,239,2.08
66,240,2.27
66,241,2.38
66,242,2.5
66,243,4.17
66,244,3.85
66,245,2.08
66,246,2.5
66,247,4.17
66,248,2
66,249,2.17
66,250,3.33
66,251,6.25
66,252,3.13
66,253,2.27
66,254,2.78
66,255,5
66,256,3.57
66,257,2.78
66,258,2.78
66,259,5.56
66,260,3.57
66,261,4.55
66,262,10
66,263,7.14
66,264,2.63
66,265,2.94
66,266,2.78
66,267,2.08
66,268,3.13
66,269,2.27
66,270,2.38
66,271,3.33
66,272,4.17
66,273,7.14
66,274,2.38
66,275,5
66,276,10
66,277,3.33
66,278,4.55
66,279,8.33
66,280,2.78
66,281,5.56
66,282,3.13
66,283,2
66,284,2.08
66,285,2.08
66,286,6.25
66,287,8.33
66,288,3.85
66,289,2.08
66,290,6.25
66,291,5
66,292,3.85
66,293,8.33
66,294,3.33
66,295,3.85
66,296,2.27
66,297,2.78
66,298,7.14
66,299,4.17
66,300,8.33
66,301,4.55
66,302,2.63
66,303,5.56
66,304,5
66,305,2.78
66,306,2.08
66,307,2.78
66,308,2.17
66,309,2.94
66,310,3.57
66,311,5.56
66,312,8.33
66,313,8.33
66,314,5.56
66,315,5.56
66,316,3.13
66,317,3.85
66,318,2.5
66,319,2.94
66,320,2.78
66,321,3.57
66,322,2.5
66,323,2.38
66,324,3.13
66,325,2.94
66,326,10
66,327,4.55
66,328,5
66,329,10
66,330,3.57
66,331,4.17
66,332,10
66,333,4.17
66,334,3.33
66,335,2.17
66,336,3.33
66,337,6.25
66,338,4.17
66,339,5.56
66,340,4.55
66,341,7.14
66,342,3.33
66,343,10
66,344,2.27
66,345,2.08
66,346,5.56
66,347,3.33
66,348,2.38
66,349,5.56
66,350,2
66,351,2.94
66,352,2.17
66,353,4.55
66,354,2
66,355,2.63
66,356,2.08
66,357,2.17
66,358,3.85
66,359,2.27
66,360,7.14
66,361,4.55
66,362,10
66,363,3.85
66,364,2.78
66,365,4.17
66,366,2.08
66,367,10
66,368,4.55
66,369,4.55
66,370,5
66,371,5.56
66,372,2.38
66,373,3.13
66,374,2.94
66,375,4.55
66,376,5.56
66,377,2.78
66,378,3.33
66,379,2.5
66,380,3.13
66,381,2.5
66,382,3.13
66,383,4.55
66,384,6.25
66,385,4.17
66,386,8.33
66,387,7.14
66,388,3.85
66,389,10
66,390,10
66,391,3.33
66,392,2.38
66,393,2
66,394,10
66,395,2.63
66,396,2
66,397,2
66,398,6.25
66,399,2.63
66,400,2.17
66,401,2.5
66,402,3.13
66,403,5
66,404,2.17
66,405,6.25
66,406,5
66,407,2.27
66,408,2.78
66,409,2.08
66,410,2.5
66,411,2.38
66,412,8.33
66,413,3.13
66,414,10
66,415,4.55
66,416,2
66,417,2.27
66,418,7.14
66,419,3.13
66,420,4.17
66,421,3.85
66,422,2.38
66,423,2
66,424,2.17
66,425,7.14
66,426,10
66,427,8.33
66,428,8.33
66,429,2
66,430,8.33
66,431,4.17
66,432,5
66,433,4.17
66,434,3.85
66,435,3.13
66,436,3.85
66,437,4.55
66,438,2.63
66,439,2.78
66,440,10
66,441,3.85
66,442,3.13
66,443,2.27
66,444,2
66,445,3.57
66,446,2.5
66,447,8.33
66,448,2.94
66,449,7.14
66,450,5.56
66,451,3.57
66,452,4.55
66,453,5
66,454,3.85
66,455,2
66,456,2.08
66,457,5
66,458,10
66,459,2.38
66,460,2.38
66,461,8.33
66,462,4.55
66,463,3.57
66,464,4.17
66,465,4.17
66,466,4.17
66,467,8.33
66,468,2.5
66,469,2.08
66,470,2.63
66,471,2.63
66,472,3.13
66,473,2.78
66,474,3.57
66,475,3.57
66,476,2.63
66,477,2.63
66,478,2
66,479,2.63
66,480,10
66,481,3.57
66,482,2.78
66,483,6.25
66,484,3.13
66,485,10
66,486,3.13
66,487,2.27
66,488,3.57
66,489,2.5
66,490,2.94
66,491,2.38
66,492,2.78
66,493,2.08
66,494,6.25
66,495,2.78
66,496,3.85
66,497,2.08
66,498,2
66,499,7.14
66,500,2.27
67,1,3.85
67,2,2.78
67,3,7.14
67,4,2.78
67,5,2
67,6,4.17
67,7,10
67,8,4.17
67,9,2.38
67,10,3.33
67,11,2.08
67,12,5
67,13,5.56
67,14,10
67,15,4.55
67,16,2.78
67,17,3.85
67,18,4.17
67,19,2.17
67,20,2.78
67,21,8.33
67,22,2.78
67,23,5
67,24,5.56
67,25,2.78
67,26,2.08
67,27,6.25
67,28,6.25
67,29,5
67,30,2.08
67,31,2.08
67,32,10
67,33,3.85
67,34,2.27
67,35,6.25
67,36,5.56
67,37,3.33
67,38,2
67,39,5.56
67,40,2.78
67,41,3.85
67,42,6.25
67,43,4.17
67,44,3.33
67,45,2.63
67,46,2.94
67,47,5
67,48,3.85
67,49,3.13
67,50,3.85
67,51,2.08
67,52,2
67,53,8.33
67,54,5.56
67,55,4.55
67,56,2.27
67,57,5.56
67,58,2.08
67,59,6.25
67,60,8.33
67,61,5.56
67,62,7.14
67,63,3.85
67,64,6.25
67,65,2.17
67,66,2.63
67,67,3.85
67,68,5
67,69,7.14
67,70,2.78
67,71,2
67,72,2.27
67,73,3.33
67,74,5
67,75,6.25
67,76,3.85
67,77,7.14
67,78,2
67,79,2.78
67,80,3.13
67,81,3.33
67,82,2.27
67,83,2.27
67,84,3.33
67,85,4.17
67,86,3.33
67,87,2.08
67,88,5.56
67,89,3.13
67,90,3.13
67,91,2.63
67,92,4.55
67,93,5.56
67,94,3.33
67,95,7.14
67,96,8.33
67,97,2.94
67,98,3.57
67,99,2.78
67,100,3.13
67,101,3.33
67,102,2
67,103,2.17
67,104,8.33
67,105,2.5
67,106,2
67,107,4.17
67,108,2.08
67,109,5.56
67,110,3.85
67,111,5
67,112,2.38
67,113,3.33
67,114,3.85
67,115,7.14
67,116,4.17
67,117,2.5
67,118,2.27
67,119,3.33
67,120,5
67,121,2.08
67,122,2
67,123,4.17
67,124,3.85
67,125,8.33
67,126,4.17
67,127,2.38
67,128,2.27
67,129,3.33
67,130,7.14
67,131,10
67,132,5.56
67,133,4.55
67,134,2.38
67,135,7.14
67,136,2.08
67,137,3.13
67,138,3.13
67,139,2.38
67,140,7.14
67,141,2
67,142,6.25
67,143,2.78
67,144,2.17
67,145,3.57
67,146,2
67,147,6.25
67,148,8.33
67,149,7.14
67,150,5.56
67,151,2.27
67,152,2.38
67,153,2.78
67,154,2.94
67,155,5
67,156,2.38
67,157,3.33
67,158,2.27
67,159,2.27
67,160,10
67,161,2.38
67,162,2.78
67,163,3.85
67,164,5
67,165,6.25
67,166,2.17
67,167,3.33
67,168,2.5
67,169,6.25
67,170,6.25
67,171,3.85
67,172,2.78
67,173,3.85
67,174,7.14
67,175,5.56
67,176,2.08
67,177,2.63
67,178,5
67,179,10
67,180,7.14
67,181,4.17
67,182,2.27
67,183,2.63
67,184,2.5
67,185,2.17
67,186,8.33
67,187,8.33
67,188,3.33
67,189,2.63
67,190,3.85
67,191,4.55
67,192,5.56
67,193,2.08
67,194,10
67,195,2.08
67,196,2.5
67,197,2.38
67,198,4.55
67,199,2.78
67,200,2.08
67,201,2.63
67,202,2.63
67,203,6.25
67,204,5.56
67,205,4.17
67,206,2
67,207,2.63
67,208,2.38
67,209,3.57
67,210,2.08
67,211,4.17
67,212,2.5
67,213,2.08
67,214,10
67,215,5.56
67,216,5.56
67,217,2.63
67,218,2.78
67,219,4.17
67,220,5
67,221,5
67,222,2
67,223,2.94
67,224,3.13
67,225,8.33
67,226,8.33
67,227,4.17
67,228,2.38
67,229,7.14
67,230,2.08
67,231,4.17
67,232,3.13
67,233,5.56
67,234,5
67,235,2
67,236,4.17
67,237,2
67,238,3.57
67,239,7.14
67,240,4.17
67,241,10
67,242,8.33
67,243,2.17
67,244,2.38
67,245,2.94
67,246,3.57
67,247,2.94
67,248,3.57
67,249,4.17
67,250,4.55
67,251,3.13
67,252,5
67,253,7.14
67,254,5
67,255,2.38
67,256,3.13
67,257,3.85
67,258,8.33
67,259,8.33
67,260,2.78
67,261,4.55
67,262,3.33
67,263,4.17
67,264,2.94
67,265,5.56
67,266,7.14
67,267,2.94
67,268,2.27
67,269,4.17
67,270,2.27
67,271,8.33
67,272,5
67,273,2.63
67,274,2.78
67,275,6.25
67,276,2.27
67,277,2.94
67,278,2.08
67,279,4.55
67,280,5.56
67,281,4.55
67,282,10
67,283,10
67,284,2.08
67,285,2.78
67,286,2.08
67,287,2.5
67,288,3.13
67,289,3.57
67,290,5.56
67,291,3.13
67,292,7.14
67,293,2.5
67,294,3.33
67,295,2.17
67,296,4.55
67,297,7.14
67,298,5
67,299,2.5
67,300,2.5
67,301,2.38
67,302,2.94
67,303,4.55
67,304,2.17
67,305,10
67,306,5.56
67,307,2.08
67,308,2.08
67,309,5.56
67,310,4.55
67,311,2.38
67,312,2.08
67,313,5.56
67,314,3.33
67,315,2.38
67,316,4.17
67,317,2.5
67,318,2.78
67,319,6.25
67,320,2
67,321,2
67,322,3.57
67,323,7.14
67,324,2.78
67,325,3.57
67,326,2.17
67,327,4.17
67,328,2.63
67,329,4.17
67,330,5
67,331,2.78
67,332,4.17
67,333,2
67,334,7.14
67,335,4.17
67,336,2.63
67,337,3.85
67,338,3.13
67,339,2.78
67,340,2.78
67,341,2.5
67,342,4.17
67,343,2.08
67,344,2.08
67,345,4.17
67,346,2.08
67,347,5.56
67,348,2.27
67,349,3.57
67,350,2
67,351,4.17
67,352,2.27
67,353,2.5
67,354,2.94
67,355,2.63
67,356,8.33
67,357,2.5
67,358,2.63
67,359,2.27
67,360,7.14
67,361,2.17
67,362,2.78
67,363,2.08
67,364,2.5
67,365,10
67,366,3.57
67,367,10
67,368,2.17
67,369,2.94
67,370,6.25
67,371,2.27
67,372,2.08
67,373,2.27
67,374,2.08
67,375,3.85
67,376,2.17
67,377,3.33
67,378,10
67,379,2.08
67,380,2.17
67,381,2.17
67,382,2.27
67,383,2.38
67,384,2.78
67,385,2.38
67,386,2.94
67,387,3.13
67,388,3.85
67,389,3.57
67,390,5.56
67,391,5
67,392,5
67,393,4.17
67,394,3.57
67,395,2.5
67,396,2.63
67,397,5.56
67,398,3.57
67,399,2.5
67,400,4.17
67,401,3.13
67,402,2.63
67,403,2.5
67,404,2.08
67,405,3.13
67,406,7.14
67,407,2.5
67,408,2
67,409,2.63
67,410,2.5
67,411,2
67,412,2.08
67,413,2.5
67,414,8.33
67,415,2.63
67,416,10
67,417,3.33
67,418,5
67,419,3.33
67,420,3.85
67,421,3.85
67,422,4.55
67,423,2.38
67,424,3.13
67,425,2.5
67,426,4.55
67,427,4.17
67,428,2.08
67,429,2.63
67,430,2.27
67,431,3.13
67,432,2.08
67,433,2.27
67,434,6.25
67,435,3.13
67,436,4.55
67,437,3.33
67,438,4.55
67,439,3.13
67,440,4.17
67,441,2.27
67,442,5
67,443,3.13
67,444,5
67,445,2.78
67,446,2.27
67,447,2.5
67,448,6.25
67,449,3.57
67,450,2.94
67,451,3.33
67,452,3.13
67,453,2.63
67,454,2.08
67,455,2.5
67,456,2.63
67,457,2.94
67,458,2.08
67,459,3.33
67,460,3.85
67,461,7.14
67,462,2
67,463,2.38
67,464,2.38
67,465,2.27
67,466,2.5
67,467,2
67,468,2.08
67,469,3.33
67,470,4.55
67,471,5.56
67,472,3.85
67,473,2
67,474,5.56
67,475,2.27
67,476,3.85
67,477,4.55
67,478,2.63
67,479,3.57
67,480,5
67,481,2.94
67,482,3.13
67,483,2.94
67,484,7.14
67,485,5
67,486,2
67,487,2.17
67,488,7.14
67,489,2.5
67,490,2.63
67,491,10
67,492,4.55
67,493,2.17
67,494,4.17
67,495,6.25
67,496,2
67,497,2.27
67,498,2.08
67,499,2.78
67,500,2.08
68,1,5
68,2,7.14
68,3,2.63
68,4,4.55
68,5,2.5
68,6,6.25
68,7,4.17
68,8,3.57
68,9,4.55
68,10,6.25
68,11,4.55
68,12,6.25
68,13,2.17
68,14,2.08
68,15,5.56
68,16,3.85
68,17,3.33
68,18,10
68,19,6.25
68,20,2.08
68,21,2.38
68,22,5
68,23,2
68,24,4.17
68,25,5
68,26,6.25
68,27,2
68,28,2.5
68,29,2.17
68,30,3.57
68,31,4.17
68,32,3.13
68,33,8.33
68,34,6.25
68,35,2.94
68,36,3.85
68,37,8.33
68,38,8.33
68,39,3.13
68,40,2.5
68,41,2.27
68,42,2
68,43,4.17
68,44,4.55
68,45,2.08
68,46,5.56
68,47,2.5
68,48,2
68,49,8.33
68,50,2.38
68,51,2
68,52,4.17
68,53,4.17
68,54,2.27
68,55,10
68,56,4.17
68,57,2.38
68,58,5.56
68,59,2.27
68,60,3.85
68,61,2.94
68,62,2.5
68,63,3.85
68,64,7.14
68,65,3.57
68,66,4.55
68,67,7.14
68,68,2.78
68,69,3.13
68,70,3.13
68,71,4.17
68,72,7.14
68,73,2
68,74,8.33
68,75,4.55
68,76,2.27
68,77,3.13
68,78,2.78
68,79,2.78
68,80,2.94
68,81,5
68,82,2.17
68,83,2
68,84,4.17
68,85,2.94
68,86,6.25
68,87,6.25
68,88,3.33
68,89,3.57
68,90,3.85
68,91,2.27
68,92,3.33
68,93,8.33
68,94,6.25
68,95,2.78
68,96,3.13
68,97,5.56
68,98,8.33
68,99,3.33
68,100,2.08
68,101,2.5
68,102,2.17
68,103,2
68,104,8.33
68,105,4.55
68,106,3.13
68,107,2.78
68,108,6.25
68,109,3.33
68,110,2.17
68,111,2.94
68,112,2.08
68,113,3.57
68,114,8.33
68,115,2.5
68,116,2.08
68,117,2
68,118,8.33
68,119,3.57
68,120,2.94
68,121,4.55
68,122,8.33
68,123,7.14
68,124,2.94
68,125,2.63
68,126,4.55
68,127,4.55
68,128,5
68,129,10
68,130,2
68,131,4.55
68,132,4.55
68,133,2.5
68,134,7.14
68,135,2.94
68,136,3.57
68,137,3.33
68,138,2.63
68,139,10
68,140,8.33
68,141,3.33
68,142,5
68,143,2.08
68,144,2.5
68,145,5
68,146,2
68,147,5
68,148,3.85
68,149,10
68,150,2.94
68,151,3.13
68,152,6.25
68,153,2.08
68,154,2.5
68,155,5.56
68,156,3.33
68,157,8.33
68,158,2.08
68,159,3.85
68,160,2.17
68,161,2.63
68,162,2.63
68,163,2.5
68,164,2.38
68,165,2.5
68,166,10
68,167,2.63
68,168,6.25
68,169,4.55
68,170,10
68,171,4.17
68,172,3.57
68,173,5.56
68,174,5.56
68,175,2.08
68,176,7.14
68,177,5
68,178,2.27
68,179,2.08
68,180,8.33
68,181,8.33
68,182,3.85
68,183,3.57
68,184,5.56
68,185,2.17
68,186,4.17
68,187,3.57
68,188,5.56
68,189,2.94
68,190,2.63
68,191,2.63
68,192,5.56
68,193,2.78
68,194,2.38
68,195,2.17
68,196,2.5
68,197,5
68,198,5
68,199,2.94
68,200,2.5
68,201,2.63
68,202,4.55
68,203,2.78
68,204,2.08
68,205,4.17
68,206,6.25
68,207,7.14
68,208,2.63
68,209,5.56
68,210,2.38
68,211,2.63
68,212,5.56
68,213,4.17
68,214,2.94
68,215,2.27
68,216,2.78
68,217,10
68,218,5
68,219,2
68,220,8.33
68,221,2.78
68,222,2.63
68,223,2.08
68,224,2.78
68,225,2.38
68,226,2.17
68,227,3.57
68,228,4.55
68,229,2.63
68,230,5.56
68,231,2.94
68,232,2.78
68,233,2.27
68,234,2.17
68,235,2.08
68,236,3.85
68,237,2.17
68,238,8.33
68,239,4.17
68,240,5
68,241,4.55
68,242,2.08
68,243,2
68,244,5.56
68,245,7.14
68,246,10
68,247,2.17
68,248,2.94
68,249,5.56
68,250,2.38
68,251,2.27
68,252,2.38
68,253,2.94
68,254,2.78
68,255,4.17
68,256,3.85
68,257,2.38
68,258,4.17
68,259,2.38
68,260,3.33
68,261,5.56
68,262,8.33
68,263,4.17
68,264,2.27
68,265,5
68,266,5
68,267,7.14
68,268,2.5
68,269,8.33
68,270,7.14
68,271,2.27
68,272,2.08
68,273,2.17
68,274,5.56
68,275,4.55
68,276,2.5
68,277,2.27
68,278,3.57
68,279,4.55
68,280,2.27
68,281,2.08
68,282,2.08
68,283,8.33
68,284,5.56
68,285,5
68,286,2.08
68,287,2
68,288,5
68,289,3.33
68,290,2.08
68,291,8.33
68,292,2.5
68,293,5.56
68,294,2.78
68,295,2.17
68,296,2.17
68,297,7.14
68,298,2.27
68,299,3.33
68,300,3.85
68,301,3.57
68,302,6.25
68,303,5.56
68,304,2.38
68,305,2.63
68,306,3.13
68,307,5.56
68,308,2.78
68,309,3.85
68,310,2.38
68,311,6.25
68,312,2.17
68,313,10
68,314,2.63
68,315,5.56
68,316,10
68,317,2.38
68,318,2.5
68,319,7.14
68,320,2.17
68,321,2.5
68,322,3.57
68,323,2.94
68,324,3.57
68,325,2.78
68,326,2
68,327,5.56
68,328,4.55
68,329,5.56
68,330,3.33
68,331,6.25
68,332,2.63
68,333,3.57
68,334,2.38
68,335,2.38
68,336,2.17
68,337,10
68,338,4.55
68,339,2.94
68,340,2
68,341,3.57
68,342,6.25
68,343,2.78
68,344,3.13
68,345,8.33
68,346,7.14
68,347,5
68,348,2.17
68,349,2.5
68,350,3.85
68,351,2.78
68,352,4.55
68,353,8.33
68,354,3.57
68,355,5.56
68,356,2.08
68,357,2.08
68,358,2
68,359,4.17
68,360,2.94
68,361,5
68,362,2
68,363,3.57
68,364,10
68,365,2
68,366,10
68,367,2.94
68,368,2.38
68,369,6.25
68,370,10
68,371,3.13
68,372,3.57
68,373,6.25
68,374,5.56
68,375,10
68,376,2.78
68,377,2.94
68,378,6.25
68,379,4.55
68,380,7.14
68,381,2.78
68,382,2.63
68,383,3.13
68,384,2.17
68,385,2.17
68,386,6.25
68,387,4.17
68,388,7.14
68,389,2.63
68,390,5.56
68,391,5.56
68,392,8.33
68,393,2
68,394,2.38
68,395,2.63
68,396,2.5
68,397,2
68,398,3.13
68,399,2.63
68,400,2.94
68,401,10
68,402,2.94
68,403,2.27
68,404,2.5
68,405,5.56
68,406,8.33
68,407,5
68,408,3.13
68,409,8.33
68,410,2.63
68,411,4.17
68,412,3.57
68,413,2.27
68,414,3.85
68,415,2.78
68,416,3.13
68,417,5.56
68,418,2.38
68,419,5.56
68,420,2.5
68,421,3.85
68,422,10
68,423,8.33
68,424,3.33
68,425,2
68,426,4.55
68,427,7.14
68,428,2
68,429,2.38
68,430,2.27
68,431,2
68,432,3.57
68,433,3.33
68,434,3.33
68,435,8.33
68,436,2.5
68,437,5
68,438,7.14
68,439,6.25
68,440,2.63
68,441,2.63
68,442,10
68,443,3.33
68,444,2.5
68,445,2.38
68,446,7.14
68,447,4.55
68,448,7.14
68,449,2.08
68,450,2.78
68,451,2.78
68,452,5.56
68,453,5.56
68,454,3.33
68,455,2.5
68,456,7.14
68,457,2.27
68,458,2.38
68,459,2.78
68,460,2
68,461,2.5
68,462,2.17
68,463,4.17
68,464,2.63
68,465,2.38
68,466,2.63
68,467,8.33
68,468,8.33
68,469,7.14
68,470,2.94
68,471,7.14
68,472,3.33
68,473,2.78
68,474,2.5
68,475,2.78
68,476,2.27
68,477,2.17
68,478,2
68,479,2.78
68,480,4.55
68,481,2.63
68,482,2.63
68,483,4.17
68,484,8.33
68,485,5.56
68,486,5
68,487,5
68,488,7.14
68,489,5.56
68,490,3.57
68,491,3.85
68,492,2.63
68,493,2.27
68,494,2.17
68,495,2.38
68,496,6.25
68,497,3.57
68,498,5.56
68,499,2.17
68,500,10
69,1,4.17
69,2,3.85
69,3,7.14
69,4,2.27
69,5,2.08
69,6,2.94
69,7,2.08
69,8,2.78
69,9,5
69,10,3.57
69,11,7.14
69,12,4.17
69,13,5.56
69,14,3.85
69,15,5
69,16,2.27
69,17,2.38
69,18,3.13
69,19,2.08
69,20,2.08
69,21,2.78
69,22,2.94
69,23,2.08
69,24,2.5
69,25,3.57
69,26,3.13
69,27,2.27
69,28,2.94
69,29,2.27
69,30,2
69,31,8.33
69,32,4.17
69,33,2.94
69,34,3.33
69,35,6.25
69,36,3.57
69,37,5
69,38,2.63
69,39,4.55
69,40,3.85
69,41,2.27
69,42,2.38
69,43,8.33
69,44,8.33
69,45,2.78
69,46,3.13
69,47,2.94
69,48,5
69,49,4.55
69,50,2.78
69,51,2.27
69,52,5.56
69,53,2.27
69,54,3.85
69,55,6.25
69,56,4.17
69,57,6.25
69,58,6.25
69,59,2.08
69,60,2.94
69,61,2.5
69,62,3.85
69,63,2.5
69,64,3.85
69,65,3.33
69,66,6.25
69,67,2.27
69,68,3.13
69,69,5.56
69,70,3.85
69,71,8.33
69,72,7.14
69,73,3.57
69,74,5
69,75,2.94
69,76,4.17
69,77,2.27
69,78,3.57
69,79,2.78
69,80,2.08
69,81,4.17
69,82,4.55
69,83,10
69,84,10
69,85,2
69,86,2.38
69,87,2.63
69,88,4.55
69,89,2.78
69,90,3.13
69,91,5
69,92,2.5
69,93,2
69,94,3.33
69,95,2.38
69,96,2.17
69,97,2.27
69,98,2.17
69,99,3.13
69,100,8.33
69,101,4.17
69,102,6.25
69,103,2.5
69,104,5.56
69,105,2.38
69,106,2.38
69,107,10
69,108,2.94
69,109,2.17
69,110,2.5
69,111,2.08
69,112,2.94
69,113,4.55
69,114,4.55
69,115,3.33
69,116,2.94
69,117,3.85
69,118,2.63
69,119,2.08
69,120,4.55
69,121,3.85
69,122,2.94
69,123,3.33
69,124,5.56
69,125,2.5
69,126,2.63
69,127,4.55
69,128,2.38
69,129,4.17
69,130,10
69,131,2.5
69,132,3.13
69,133,2.5
69,134,8.33
69,135,2.5
69,136,2.17
69,137,2.08
69,138,3.57
69,139,2
69,140,2.63
69,141,7.14
69,142,6.25
69,143,3.85
69,144,3.13
69,145,2.08
69,146,5.56
69,147,2.38
69,148,2.38
69,149,2.5
69,150,2.5
69,151,2.94
69,152,2.5
69,153,4.17
69,154,2
69,155,3.85
69,156,2.78
69,157,2.17
69,158,2.5
69,159,3.57
69,160,2.17
69,161,3.33
69,162,10
69,163,2
69,164,6.25
69,165,2.08
69,166,6.25
69,167,4.17
69,168,2.78
69,169,4.55
69,170,2.17
69,171,5.56
69,172,3.57
69,173,2
69,174,5
69,175,6.25
69,176,2.78
69,177,2.78
69,178,3.13
69,179,10
69,180,2.38
69,181,3.33
69,182,2.38
69,183,2.63
69,184,8.33
69,185,7.14
69,186,3.13
69,187,7.14
69,188,6.25
69,189,2.17
69,190,2
69,191,3.85
69,192,2
69,193,8.33
69,194,5
69,195,5
69,196,3.13
69,197,5.56
69,198,2.38
69,199,5.56
69,200,2.78
69,201,3.13
69,202,2.94
69,203,2.63
69,204,5
69,205,2.38
69,206,2.63
69,207,2.27
69,208,7.14
69,209,5
69,210,7.14
69,211,4.17
69,212,2.78
69,213,2.78
69,214,2.78
69,215,2.63
69,216,3.33
69,217,8.33
69,218,3.85
69,219,4.17
69,220,2.17
69,221,5.56
69,222,4.17
69,223,3.13
69,224,2.38
69,225,7.14
69,226,2.78
69,227,5
69,228,2.94
69,229,2.5
69,230,3.85
69,231,8.33
69,232,3.33
69,233,2.5
69,234,3.33
69,235,3.13
69,236,2.94
69,237,6.25
69,238,3.13
69,239,7.14
69,240,2.63
69,241,6.25
69,242,3.13
69,243,6.25
69,244,2.94
69,245,3.85
69,246,3.13
69,247,4.55
69,248,3.57
69,249,3.33
69,250,3.57
69,251,7.14
69,252,4.17
69,253,10
69,254,7.14
69,255,2.38
69,256,5.56
69,257,3.13
69,258,5.56
69,259,3.13
69,260,2
69,261,2.78
69,262,2.38
69,263,3.33
69,264,8.33
69,265,3.57
69,266,2.17
69,267,4.55
69,268,2.63
69,269,3.57
69,270,2.5
69,271,2.38
69,272,10
69,273,2.78
69,274,3.33
69,275,3.13
69,276,2.38
69,277,5
69,278,7.14
69,279,2.94
69,280,2.63
69,281,3.57
69,282,7.14
69,283,2.08
69,284,6.25
69,285,3.57
69,286,4.55
69,287,2.5
69,288,4.17
69,289,2.78
69,290,2.5
69,291,2.63
69,292,6.25
69,293,2.17
69,294,2.17
69,295,5.56
69,296,5.56
69,297,5
69,298,3.33
69,299,4.55
69,300,3.85
69,301,7.14
69,302,4.55
69,303,5.56
69,304,10
69,305,3.33
69,306,2.94
69,307,2.17
69,308,2.27
69,309,7.14
69,310,4.55
69,311,2.78
69,312,4.55
69,313,2
69,314,2.08
69,315,4.17
69,316,4.55
69,317,5.56
69,318,8.33
69,319,10
69,320,2.17
69,321,8.33
69,322,4.17
69,323,6.25
69,324,8.33
69,325,7.14
69,326,6.25
69,327,2.78
69,328,3.13
69,329,3.57
69,330,2.94
69,331,3.85
69,332,2
69,333,6.25
69,334,2.27
69,335,2.78
69,336,3.85
69,337,5.56
69,338,3.13
69,339,5.56
69,340,2.17
69,341,5.56
69,342,2.78
69,343,2.63
69,344,2.63
69,345,4.55
69,346,6.25
69,347,2.17
69,348,2.27
69,349,2.63
69,350,2.78
69,351,5.56
69,352,8.33
69,353,4.17
69,354,5.56
69,355,2.94
69,356,3.85
69,357,3.57
69,358,3.85
69,359,5.56
69,360,2
69,361,2.78
69,362,2
69,363,3.33
69,364,3.13
69,365,3.33
69,366,2.08
69,367,2.94
69,368,2.08
69,369,4.55
69,370,2.38
69,371,10
69,372,2.78
69,373,3.85
69,374,2.17
69,375,2.63
69,376,2.94
69,377,2.08
69,378,2.5
69,379,8.33
69,380,2.5
69,381,2.17
69,382,2.78
69,383,8.33
69,384,2
69,385,2
69,386,4.55
69,387,2.63
69,388,2.38
69,389,2.63
69,390,2.38
69,391,2.27
69,392,3.13
69,393,6.25
69,394,10
69,395,2.94
69,396,7.14
69,397,8.33
69,398,2.27
69,399,4.55
69,400,10
69,401,4.17
69,402,4.17
69,403,2.94
69,404,3.85
69,405,2.63
69,406,4.55
69,407,5
69,408,4.17
69,409,5.56
69,410,3.85
69,411,7.14
69,412,3.13
69,413,2.63
69,414,5.56
69,415,2.27
69,416,2.17
69,417,3.13
69,418,5
69,419,7.14
69,420,2.27
69,421,5
69,422,2.08
69,423,4.17
69,424,2
69,425,5.56
69,426,3.57
69,427,3.57
69,428,5.56
69,429,5.56
69,430,10
69,431,2.78
69,432,2.17
69,433,2.5
69,434,2
69,435,2.63
69,436,2
69,437,3.85
69,438,6.25
69,439,3.85
69,440,6.25
69,441,2.17
69,442,3.57
69,443,3.33
69,444,2
69,445,2.27
69,446,4.17
69,447,3.85
69,448,7.14
69,449,2
69,450,3.13
69,451,3.13
69,452,3.33
69,453,3.85
69,454,4.17
69,455,3.57
69,456,2
69,457,5.56
69,458,2.08
69,459,2.27
69,460,3.85
69,461,2.78
69,462,3.85
69,463,2.78
69,464,3.85
69,465,8.33
69,466,2.78
69,467,3.57
69,468,2.27
69,469,2.94
69,470,5.56
69,471,7.14
69,472,3.85
69,473,3.13
69,474,7.14
69,475,3.33
69,476,4.17
69,477,3.13
69,478,4.17
69,479,3.85
69,480,10
69,481,8.33
69,482,3.57
69,483,7.14
69,484,10
69,485,3.85
69,486,3.33
69,487,6.25
69,488,2.08
69,489,4.55
69,490,2.27
69,491,2
69,492,2.17
69,493,2.78
69,494,8.33
69,495,2.5
69,496,7.14
69,497,5.56
69,498,3.13
69,499,5
69,500,2.94
70,1,3.85
70,2,6.25
70,3,2.27
70,4,3.13
70,5,8.33
70,6,3.85
70,7,10
70,8,6.25
70,9,6.25
70,10,2.38
70,11,2.78
70,12,5.56
70,13,2
70,14,3.33
70,15,8.33
70,16,8.33
70,17,5
70,18,2.08
70,19,4.17
70,20,3.57
70,21,2.08
70,22,4.55
70,23,5
70,24,2.94
70,25,2.63
70,26,6.25
70,27,3.85
70,28,2.63
70,29,3.57
70,30,2.63
70,31,2.27
70,32,6.25
70,33,2.78
70,34,3.13
70,35,10
70,36,2.5
70,37,2.27
70,38,2.78
70,39,4.55
70,40,2.38
70,41,4.17
70,42,2.08
70,43,7.14
70,44,4.17
70,45,2.63
70,46,3.57
70,47,2.5
70,48,2
70,49,2.94
70,50,7.14
70,51,4.17
70,52,6.25
70,53,5
70,54,10
70,55,5.56
70,56,2.5
70,57,3.33
70,58,2.17
70,59,5.56
70,60,2.5
70,61,2
70,62,5
70,63,2.27
70,64,3.13
70,65,3.13
70,66,10
70,67,5.56
70,68,2.38
70,69,2.38
70,70,2.5
70,71,7.14
70,72,2.27
70,73,2.78
70,74,6.25
70,75,3.33
70,76,10
70,77,3.33
70,78,3.57
70,79,7.14
70,80,3.85
70,81,2.27
70,82,2.63
70,83,5.56
70,84,4.55
70,85,2.08
70,86,5.56
70,87,2.94
70,88,2.5
70,89,2.17
70,90,5.56
70,91,2.27
70,92,3.57
70,93,2.94
70,94,7.14
70,95,5
70,96,5
70,97,7.14
70,98,4.17
70,99,4.17
70,100,8.33
70,101,2.63
70,102,2
70,103,3.13
70,104,3.13
70,105,2
70,106,5
70,107,2.17
70,108,6.25
70,109,5.56
70,110,4.17
70,111,2.17
70,112,2.94
70,113,2.27
70,114,8.33
70,115,2.78
70,116,2.27
70,117,3.57
70,118,2.94
70,119,2.78
70,120,3.13
70,121,2.27
70,122,2.27
70,123,6.25
70,124,2.27
70,125,3.57
70,126,3.57
70,127,4.55
70,128,2.38
70,129,5
70,130,2
70,131,2.94
70,132,3.57
70,133,3.57
70,134,2
70,135,2.5
70,136,2.63
70,137,4.17
70,138,3.33
70,139,2.38
70,140,2.78
70,141,10
70,142,5.56
70,143,2.38
70,144,2.78
70,145,3.57
70,146,3.85
70,147,4.55
70,148,2.78
70,149,2.63
70,150,2.5
70,151,2.5
70,152,2.38
70,153,2.08
70,154,2.27
70,155,2.38
70,156,3.33
70,157,8.33
70,158,2.94
70,159,2.08
70,160,2.78
70,161,2.08
70,162,10
70,163,8.33
70,164,2.94
70,165,2.27
70,166,4.55
70,167,3.57
70,168,6.25
70,169,7.14
70,170,5.56
70,171,2.78
70,172,4.55
70,173,2.27
70,174,2.94
70,175,4.17
70,176,2.94
70,177,2.5
70,178,8.33
70,179,2.5
70,180,2.17
70,181,2.27
70,182,4.55
70,183,7.14
70,184,2.94
70,185,2.27
70,186,6.25
70,187,2.94
70,188,7.14
70,189,4.17
70,190,3.57
70,191,2.78
70,192,2.17
70,193,2.38
70,194,2.5
70,195,2.08
70,196,2
70,197,3.57
70,198,3.57
70,199,2.17
70,200,3.13
70,201,2.94
70,202,3.33
70,203,2
70,204,4.17
70,205,5
70,206,2.17
70,207,2.08
70,208,10
70,209,5.56
70,210,2.17
70,211,3.85
70,212,2.63
70,213,2.94
70,214,3.57
70,215,3.85
70,216,6.25
70,217,3.13
70,218,2.38
70,219,2
70,220,2.5
70,221,3.33
70,222,8.33
70,223,3.33
70,224,2.17
70,225,2.08
70,226,3.85
70,227,2.38
70,228,3.85
70,229,5.56
70,230,2.63
70,231,7.14
70,232,2.78
70,233,2
70,234,3.13
70,235,3.57
70,236,4.55
70,237,4.17
70,238,2
70,239,3.57
70,240,8.33
70,241,3.57
70,242,2
70,243,6.25
70,244,2.94
70,245,3.33
70,246,5
70,247,5
70,248,2.94
70,249,2.08
70,250,6.25
70,251,2
70,252,3.85
70,253,3.57
70,254,3.57
70,255,2.38
70,256,5.56
70,257,3.13
70,258,2.94
70,259,3.13
70,260,3.57
70,261,6.25
70,262,3.57
70,263,10
70,264,5.56
70,265,5
70,266,4.17
70,267,3.57
70,268,3.13
70,269,8.33
70,270,5
70,271,2.78
70,272,2.63
70,273,2.63
70,274,2.78
70,275,5.56
70,276,2.38
70,277,2.38
70,278,8.33
70,279,2.63
70,280,2
70,281,2.78
70,282,7.14
70,283,2.63
70,284,3.57
70,285,3.33
70,286,4.17
70,287,3.85
70,288,2.08
70,289,2.94
70,290,5.56
70,291,7.14
70,292,3.13
70,293,2.17
70,294,5
70,295,8.33
70,296,5.56
70,297,2.78
70,298,2.5
70,299,3.13
70,300,3.13
70,301,2.27
70,302,2.94
70,303,3.13
70,304,2.38
70,305,3.85
70,306,2
70,307,3.13
70,308,2.94
70,309,2
70,310,2.08
70,311,4.55
70,312,2.5
70,313,3.57
70,314,2.08
70,315,3.57
70,316,5.56
70,317,4.55
70,318,4.55
70,319,8.33
70,320,2.38
70,321,3.85
70,322,2.17
70,323,7.14
70,324,6.25
70,325,2.08
70,326,3.85
70,327,5.56
70,328,2.08
70,329,10
70,330,4.17
70,331,3.13
70,332,3.33
70,333,2
70,334,2.78
70,335,2.27
70,336,2.08
70,337,2.27
70,338,2.63
70,339,3.85
70,340,6.25
70,341,8.33
70,342,3.85
70,343,4.17
70,344,8.33
70,345,6.25
70,346,2.94
70,347,3.13
70,348,2.08
70,349,10
70,350,2.78
70,351,2.27
70,352,4.17
70,353,4.17
70,354,2
70,355,2.78
70,356,2.08
70,357,3.13
70,358,6.25
70,359,2
70,360,2.78
70,361,3.85
70,362,2.17
70,363,2.27
70,364,2.63
70,365,3.13
70,366,3.85
70,367,2.38
70,368,2.38
70,369,10
70,370,10
70,371,2.94
70,372,2.94
70,373,2
70,374,2.38
70,375,8.33
70,376,2
70,377,2.17
70,378,2.63
70,379,2.5
70,380,2.78
70,381,2.94
70,382,2.5
70,383,2.27
70,384,4.17
70,385,3.13
70,386,5.56
70,387,5
70,388,3.13
70,389,7.14
70,390,2
70,391,3.33
70,392,2.63
70,393,2.5
70,394,3.13
70,395,5.56
70,396,2.27
70,397,3.57
70,398,3.85
70,399,3.85
70,400,6.25
70,401,10
70,402,5.56
70,403,2.27
70,404,3.85
70,405,5.56
70,406,10
70,407,5
70,408,4.55
70,409,8.33
70,410,2.08
70,411,7.14
70,412,2.08
70,413,2.08
70,414,2.63
70,415,10
70,416,2
70,417,6.25
70,418,2.5
70,419,2
70,420,4.55
70,421,10
70,422,3.85
70,423,2.63
70,424,2.38
70,425,2.5
70,426,4.17
70,427,2.08
70,428,2.94
70,429,6.25
70,430,6.25
70,431,10
70,432,3.33
70,433,10
70,434,2.5
70,435,3.33
70,436,5.56
70,437,10
70,438,2.17
70,439,3.57
70,440,10
70,441,6.25
70,442,2.63
70,443,3.85
70,444,4.55
70,445,2.94
70,446,2.08
70,447,2
70,448,2.08
70,449,2.38
70,450,6.25
70,451,10
70,452,3.57
70,453,2.17
70,454,4.17
70,455,10
70,456,3.57
70,457,6.25
70,458,2
70,459,2
70,460,2.63
70,461,5.56
70,462,3.57
70,463,5.56
70,464,3.57
70,465,2.5
70,466,2.38
70,467,5.56
70,468,5
70,469,2.27
70,470,2.38
70,471,10
70,472,4.17
70,473,2.17
70,474,10
70,475,6.25
70,476,3.13
70,477,4.55
70,478,2
70,479,4.17
70,480,2.27
70,481,2.17
70,482,2.63
70,483,3.13
70,484,2.94
70,485,2.38
70,486,4.55
70,487,2.63
70,488,3.33
70,489,2.08
70,490,5.56
70,491,2.38
70,492,2.38
70,493,3.13
70,494,4.17
70,495,2
70,496,2.94
70,497,8.33
70,498,4.55
70,499,2.94
70,500,2.17
71,1,7.14
71,2,4.55
71,3,6.25
71,4,6.25
71,5,7.14
71,6,3.85
71,7,3.85
71,8,2.27
71,9,4.55
71,10,3.13
71,11,2.63
71,12,8.33
71,13,3.13
71,14,5
71,15,2.78
71,16,4.17
71,17,3.57
71,18,8.33
71,19,2.08
71,20,2.08
71,21,5
71,22,2
71,23,6.25
71,24,2.5
71,25,2.08
71,26,4.55
71,27,2.17
71,28,7.14
71,29,2.63
71,30,4.17
71,31,5.56
71,32,3.85
71,33,5
71,34,6.25
71,35,2.08
71,36,2.27
71,37,2.17
71,38,2.63
71,39,4.17
71,40,2
71,41,3.85
71,42,2.17
71,43,4.55
71,44,5
71,45,2.63
71,46,2.78
71,47,2.78
71,48,2.27
71,49,6.25
71,50,8.33
71,51,5.56
71,52,5
71,53,2.94
71,54,6.25
71,55,6.25
71,56,2.17
71,57,5.56
71,58,3.85
71,59,3.33
71,60,2.5
71,61,3.57
71,62,3.33
71,63,8.33
71,64,2.5
71,65,6.25
71,66,2.5
71,67,3.13
71,68,2.38
71,69,2.38
71,70,2.38
71,71,4.55
71,72,4.17
71,73,3.13
71,74,2.08
71,75,4.55
71,76,7.14
71,77,2
71,78,3.57
71,79,2.27
71,80,2.38
71,81,2.5
71,82,3.13
71,83,2.5
71,84,3.13
71,85,2
71,86,5
71,87,2.08
71,88,2.17
71,89,3.13
71,90,2.94
71,91,2.17
71,92,2.27
71,93,3.85
71,94,2.38
71,95,10
71,96,6.25
71,97,2.17
71,98,8.33
71,99,7.14
71,100,3.33
71,101,3.57
71,102,10
71,103,10
71,104,10
71,105,2.63
71,106,7.14
71,107,8.33
71,108,2.17
71,109,4.55
71,110,2.27
71,111,3.85
71,112,5.56
71,113,7.14
71,114,3.57
71,115,6.25
71,116,2.38
71,117,3.13
71,118,2.78
71,119,2.17
71,120,7.14
71,121,2.78
71,122,2.78
71,123,3.57
71,124,6.25
71,125,4.55
71,126,2.17
71,127,2.27
71,128,2.38
71,129,2.17
71,130,2.78
71,131,5.56
71,132,2.5
71,133,5.56
71,134,6.25
71,135,2.94
71,136,2.17
71,137,2.38
71,138,7.14
71,139,2.17
71,140,6.25
71,141,5
71,142,3.13
71,143,10
71,144,4.55
71,145,2
71,146,2.5
71,147,3.33
71,148,6.25
71,149,2.78
71,150,2.94
71,151,2.94
71,152,2.17
71,153,5.56
71,154,2.27
71,155,3.57
71,156,8.33
71,157,2.78
71,158,2.38
71,159,3.57
71,160,2.5
71,161,5.56
71,162,5.56
71,163,5
71,164,2.38
71,165,7.14
71,166,2.17
71,167,8.33
71,168,7.14
71,169,4.55
71,170,10
71,171,2.63
71,172,8.33
71,173,2.5
71,174,2.94
71,175,2.5
71,176,10
71,177,2.27
71,178,2.17
71,179,2.17
71,180,8.33
71,181,4.17
71,182,2.94
71,183,4.17
71,184,3.57
71,185,2.38
71,186,2.08
71,187,5.56
71,188,2.38
71,189,3.33
71,190,4.17
71,191,4.17
71,192,2.5
71,193,7.14
71,194,5
71,195,10
71,196,8.33
71,197,10
71,198,5.56
71,199,2.27
71,200,7.14
71,201,2.63
71,202,2.5
71,203,2.08
71,204,3.33
71,205,2.27
71,206,6.25
71,207,2
71,208,2
71,209,10
71,210,2.38
71,211,10
71,212,2
71,213,2.08
71,214,2.17
71,215,2.94
71,216,2.5
71,217,8.33
71,218,2.38
71,219,2.17
71,220,8.33
71,221,8.33
71,222,5
71,223,10
71,224,6.25
71,225,2.5
71,226,6.25
71,227,3.57
71,228,7.14
71,229,3.33
71,230,2.63
71,231,3.13
71,232,4.55
71,233,4.17
71,234,3.57
71,235,3.57
71,236,7.14
71,237,4.55
71,238,2
71,239,2.17
71,240,5.56
71,241,2.08
71,242,7.14
71,243,5
71,244,2.5
71,245,2.27
71,246,2.63
71,247,2.94
71,248,2.63
71,249,2.78
71,250,6.25
71,251,6.25
71,252,5.56
71,253,8.33
71,254,8.33
71,255,2.17
71,256,2.94
71,257,10
71,258,3.33
71,259,2.08
71,260,3.57
71,261,3.57
71,262,2.63
71,263,2.94
71,264,4.55
71,265,2.27
71,266,3.33
71,267,2.63
71,268,3.13
71,269,4.55
71,270,4.55
71,271,2
71,272,2.38
71,273,4.17
71,274,5
71,275,2.78
71,276,8.33
71,277,4.17
71,278,5
71,279,6.25
71,280,10
71,281,6.25
71,282,4.17
71,283,4.17
71,284,8.33
71,285,5
71,286,2.27
71,287,2.94
71,288,3.85
71,289,6.25
71,290,10
71,291,2.17
71,292,2.17
71,293,2
71,294,2.5
71,295,2.08
71,296,2.78
71,297,2.63
71,298,3.85
71,299,4.17
71,300,2.5
71,301,7.14
71,302,10
71,303,4.55
71,304,2.5
71,305,2.27
71,306,3.57
71,307,3.85
71,308,2.94
71,309,3.85
71,310,2.08
71,311,8.33
71,312,3.57
71,313,2.38
71,314,3.13
71,315,3.33
71,316,3.57
71,317,2.63
71,318,8.33
71,319,2
71,320,2.5
71,321,3.33
71,322,4.55
71,323,5
71,324,3.85
71,325,2.38
71,326,2
71,327,2
71,328,6.25
71,329,2.78
71,330,5.56
71,331,3.57
71,332,2.38
71,333,2.38
71,334,2.27
71,335,8.33
71,336,2.5
71,337,2.27
71,338,4.17
71,339,4.55
71,340,4.55
71,341,3.13
71,342,2.08
71,343,5
71,344,3.13
71,345,2.17
71,346,2
71,347,2.78
71,348,2.94
71,349,2.94
71,350,2.38
71,351,2.63
71,352,7.14
71,353,5.56
71,354,4.17
71,355,3.85
71,356,2.08
71,357,2.17
71,358,2.5
71,359,2
71,360,5.56
71,361,2.94
71,362,8.33
71,363,8.33
71,364,2.63
71,365,2.27
71,366,2.78
71,367,2.27
71,368,3.33
71,369,3.13
71,370,8.33
71,371,10
71,372,3.33
71,373,2.78
71,374,7.14
71,375,4.17
71,376,10
71,377,10
71,378,10
71,379,3.85
71,380,3.85
71,381,2.5
71,382,4.55
71,383,4.17
71,384,7.14
71,385,3.33
71,386,6.25
71,387,3.85
71,388,10
71,389,2
71,390,2.38
71,391,2.17
71,392,3.13
71,393,2.63
71,394,6.25
71,395,5.56
71,396,3.85
71,397,2.78
71,398,2.08
71,399,3.85
71,400,2
71,401,2.5
71,402,2.08
71,403,8.33
71,404,2.38
71,405,2.38
71,406,10
71,407,3.13
71,408,10
71,409,8.33
71,410,4.17
71,411,4.55
71,412,7.14
71,413,4.17
71,414,2.08
71,415,2.63
71,416,3.33
71,417,8.33
71,418,5
71,419,5.56
71,420,2.5
71,421,3.33
71,422,6.25
71,423,3.33
71,424,2
71,425,2.5
71,426,2.5
71,427,6.25
71,428,2.17
71,429,2.08
71,430,7.14
71,431,3.85
71,432,6.25
71,433,3.85
71,434,3.85
71,435,2
71,436,5
71,437,3.13
71,438,3.33
71,439,4.55
71,440,6.25
71,441,3.85
71,442,2.78
71,443,4.55
71,444,7.14
71,445,3.33
71,446,10
71,447,8.33
71,448,8.33
71,449,2
71,450,2.27
71,451,5.56
71,452,3.57
71,453,2.08
71,454,2.17
71,455,2.27
71,456,3.57
71,457,3.33
71,458,10
71,459,3.33
71,460,2.5
71,461,2.63
71,462,2.5
71,463,4.17
71,464,3.57
71,465,2.78
71,466,3.57
71,467,7.14
71,468,3.57
71,469,2.94
71,470,2.08
71,471,10
71,472,2.94
71,473,5
71,474,2.27
71,475,2.63
71,476,3.85
71,477,3.57
71,478,4.17
71,479,4.55
71,480,5
71,481,2.17
71,482,5.56
71,483,3.33
71,484,6.25
71,485,5
71,486,5.56
71,487,6.25
71,488,2.38
71,489,8.33
71,490,2.63
71,491,3.85
71,492,2.5
71,493,10
71,494,3.33
71,495,4.55
71,496,3.85
71,497,2.08
71,498,5
71,499,3.33
71,500,8.33
72,1,2.17
72,2,3.33
72,3,5.56
72,4,5
72,5,2.38
72,6,3.57
72,7,2.38
72,8,4.17
72,9,7.14
72,10,2.78
72,11,4.55
72,12,5
72,13,4.17
72,14,5.56
72,15,2.78
72,16,3.33
72,17,3.13
72,18,3.33
72,19,4.55
72,20,4.17
72,21,10
72,22,3.85
72,23,6.25
72,24,7.14
72,25,3.85
72,26,3.33
72,27,2.5
72,28,6.25
72,29,2.08
72,30,2
72,31,2.63
72,32,5.56
72,33,2
72,34,8.33
72,35,3.57
72,36,2.94
72,37,4.17
72,38,2.5
72,39,3.33
72,40,2.63
72,41,2.17
72,42,4.17
72,43,4.55
72,44,8.33
72,45,5.56
72,46,2.63
72,47,6.25
72,48,8.33
72,49,3.57
72,50,5
72,51,3.13
72,52,8.33
72,53,2.63
72,54,5
72,55,4.55
72,56,2.17
72,57,5
72,58,2.27
72,59,2.5
72,60,2.94
72,61,2.5
72,62,2.63
72,63,2.38
72,64,3.13
72,65,3.13
72,66,5
72,67,6.25
72,68,4.17
72,69,2.27
72,70,4.17
72,71,2.38
72,72,2.17
72,73,8.33
72,74,5
72,75,2.78
72,76,2.5
72,77,2.63
72,78,2.08
72,79,6.25
72,80,2.5
72,81,2.63
72,82,3.33
72,83,4.17
72,84,3.57
72,85,2.27
72,86,2.63
72,87,2.78
72,88,2.17
72,89,2.38
72,90,2.78
72,91,5.56
72,92,2.17
72,93,7.14
72,94,2
72,95,3.57
72,96,3.85
72,97,2.5
72,98,5.56
72,99,6.25
72,100,4.55
72,101,5.56
72,102,2.94
72,103,4.17
72,104,3.57
72,105,3.33
72,106,2.17
72,107,5
72,108,2.38
72,109,2.08
72,110,3.57
72,111,3.33
72,112,3.13
72,113,2.63
72,114,4.17
72,115,4.55
72,116,6.25
72,117,2.94
72,118,2.08
72,119,2
72,120,6.25
72,121,4.17
72,122,8.33
72,123,2.94
72,124,2.63
72,125,3.33
72,126,7.14
72,127,2.94
72,128,2.78
72,129,3.57
72,130,4.55
72,131,3.33
72,132,8.33
72,133,4.55
72,134,2.38
72,135,5.56
72,136,7.14
72,137,4.55
72,138,7.14
72,139,6.25
72,140,4.17
72,141,2.5
72,142,2.94
72,143,3.13
72,144,3.33
72,145,6.25
72,146,2.08
72,147,2.17
72,148,3.85
72,149,3.13
72,150,3.13
72,151,3.33
72,152,6.25
72,153,3.33
72,154,2.17
72,155,7.14
72,156,6.25
72,157,5.56
72,158,2.17
72,159,6.25
72,160,2.27
72,161,2.78
72,162,5
72,163,3.85
72,164,3.85
72,165,3.85
72,166,5.56
72,167,2.63
72,168,3.57
72,169,6.25
72,170,10
72,171,2.63
72,172,2.63
72,173,3.57
72,174,3.33
72,175,2.78
72,176,2.38
72,177,2.08
72,178,4.17
72,179,3.33
72,180,3.85
72,181,2.63
72,182,5
72,183,4.17
72,184,6.25
72,185,2.94
72,186,2
72,187,3.13
72,188,4.17
72,189,3.33
72,190,2.17
72,191,2.94
72,192,4.55
72,193,7.14
72,194,2.5
72,195,8.33
72,196,5
72,197,2.94
72,198,4.17
72,199,8.33
72,200,3.85
72,201,2.5
72,202,2.27
72,203,6.25
72,204,2.08
72,205,2.63
72,206,2.5
72,207,2.38
72,208,2
72,209,3.85
72,210,3.85
72,211,2.27
72,212,3.13
72,213,7.14
72,214,4.17
72,215,7.14
72,216,2.17
72,217,2.78
72,218,2.27
72,219,2.38
72,220,2.08
72,221,8.33
72,222,2.63
72,223,4.55
72,224,2.27
72,225,4.55
72,226,2.27
72,227,3.13
72,228,10
72,229,3.33
72,230,7.14
72,231,2.17
72,232,2.08
72,233,2.5
72,234,3.33
72,235,5.56
72,236,4.55
72,237,5.56
72,238,3.57
72,239,10
72,240,2.27
72,241,3.13
72,242,5.56
72,243,5.56
72,244,5
72,245,2.94
72,246,3.33
72,247,2.63
72,248,4.17
72,249,2.17
72,250,2
72,251,3.85
72,252,3.57
72,253,2.5
72,254,2.63
72,255,5
72,256,4.17
72,257,4.55
72,258,10
72,259,2.63
72,260,2
72,261,2.78
72,262,2.27
72,263,7.14
72,264,2
72,265,8.33
72,266,2.94
72,267,5
72,268,2.94
72,269,2.08
72,270,4.17
72,271,3.85
72,272,2.78
72,273,2
72,274,2.08
72,275,3.57
72,276,2.63
72,277,5.56
72,278,2.17
72,279,5.56
72,280,3.13
72,281,6.25
72,282,4.55
72,283,5.56
72,284,2
72,285,3.57
72,286,2
72,287,2.17
72,288,2.08
72,289,4.55
72,290,2.27
72,291,2.38
72,292,2.94
72,293,5.56
72,294,8.33
72,295,3.13
72,296,3.85
72,297,5
72,298,5.56
72,299,2.94
72,300,2.08
72,301,8.33
72,302,3.13
72,303,2.38
72,304,2.38
72,305,2.63
72,306,3.33
72,307,3.33
72,308,2.94
72,309,4.55
72,310,3.85
72,311,8.33
72,312,4.55
72,313,2.63
72,314,5.56
72,315,5
72,316,4.55
72,317,6.25
72,318,5.56
72,319,4.55
72,320,5
72,321,3.85
72,322,6.25
72,323,3.33
72,324,8.33
72,325,2
72,326,3.57
72,327,3.85
72,328,2.27
72,329,3.85
72,330,2.5
72,331,2.94
72,332,2.27
72,333,6.25
72,334,8.33
72,335,5.56
72,336,3.85
72,337,3.33
72,338,3.13
72,339,3.13
72,340,2.5
72,341,2.78
72,342,2.27
72,343,2.63
72,344,3.85
72,345,2.08
72,346,8.33
72,347,8.33
72,348,3.33
72,349,2.38
72,350,3.13
72,351,6.25
72,352,2.27
72,353,5.56
72,354,10
72,355,3.13
72,356,10
72,357,2.5
72,358,3.57
72,359,3.57
72,360,3.33
72,361,2.38
72,362,3.13
72,363,5.56
72,364,2.63
72,365,2.17
72,366,4.17
72,367,2.63
72,368,10
72,369,3.13
72,370,4.55
72,371,2.08
72,372,2.5
72,373,2.27
72,374,5.56
72,375,2.38
72,376,2.17
72,377,2.78
72,378,3.57
72,379,2.5
72,380,3.57
72,381,3.57
72,382,7.14
72,383,4.17
72,384,2.17
72,385,2.94
72,386,10
72,387,2.08
72,388,3.85
72,389,2.94
72,390,2
72,391,2.94
72,392,2.17
72,393,2.38
72,394,4.55
72,395,2.5
72,396,3.13
72,397,8.33
72,398,2.78
72,399,3.33
72,400,2.78
72,401,2.08
72,402,3.13
72,403,2.5
72,404,4.17
72,405,2.27
72,406,4.55
72,407,2.78
72,408,8.33
72,409,6.25
72,410,10
72,411,2.63
72,412,2.27
72,413,2.38
72,414,5
72,415,3.85
72,416,10
72,417,3.85
72,418,2.17
72,419,2.5
72,420,10
72,421,2.08
72,422,2
72,423,6.25
72,424,3.85
72,425,5
72,426,10
72,427,3.57
72,428,5
72,429,3.33
72,430,5.56
72,431,3.33
72,432,2.78
72,433,2
72,434,5
72,435,2.27
72,436,6.25
72,437,3.85
72,438,2
72,439,5.56
72,440,2.78
72,441,2.63
72,442,2.94
72,443,2.63
72,444,2.5
72,445,2.94
72,446,2.08
72,447,2.78
72,448,2.17
72,449,7.14
72,450,2.08
72,451,2.94
72,452,3.13
72,453,2.5
72,454,5
72,455,3.57
72,456,2.78
72,457,8.33
72,458,2.63
72,459,2.08
72,460,2.38
72,461,2.63
72,462,2.5
72,463,6.25
72,464,2
72,465,2.08
72,466,2.17
72,467,5
72,468,2.27
72,469,2.5
72,470,2.5
72,471,5.56
72,472,2.63
72,473,5
72,474,3.33
72,475,10
72,476,3.57
72,477,2
72,478,5.56
72,479,2.17
72,480,10
72,481,8.33
72,482,6.25
72,483,3.57
72,484,3.85
72,485,2.5
72,486,10
72,487,3.33
72,488,2.94
72,489,5
72,490,2.94
72,491,2.63
72,492,10
72,493,3.57
72,494,2.17
72,495,2.27
72,496,2.94
72,497,4.55
72,498,4.17
72,499,7.14
72,500,5.56
73,1,8.33
73,2,5
73,3,5.56
73,4,5
73,5,2.38
73,6,3.33
73,7,2.94
73,8,6.25
73,9,3.85
73,10,7.14
73,11,2.08
73,12,2.78
73,13,2.38
73,14,2.17
73,15,3.33
73,16,2.63
73,17,3.13
73,18,8.33
73,19,8.33
73,20,2
73,21,2.27
73,22,4.55
73,23,3.57
73,24,5.56
73,25,3.85
73,26,5.56
73,27,3.13
73,28,4.55
73,29,4.17
73,30,10
73,31,2.17
73,32,5
73,33,2.17
73,34,2.5
73,35,4.55
73,36,2.78
73,37,3.33
73,38,7.14
73,39,2.08
73,40,8.33
73,41,2.78
73,42,3.33
73,43,2.27
73,44,7.14
73,45,4.17
73,46,2.78
73,47,3.85
73,48,4.17
73,49,3.57
73,50,3.57
73,51,4.17
73,52,10
73,53,3.33
73,54,2.63
73,55,2.38
73,56,2.08
73,57,3.85
73,58,4.55
73,59,3.13
73,60,3.85
73,61,3.57
73,62,5.56
73,63,5
73,64,5
73,65,2.38
73,66,6.25
73,67,3.13
73,68,5
73,69,3.33
73,70,5.56
73,71,2.17
73,72,6.25
73,73,2.08
73,74,3.33
73,75,2.5
73,76,3.57
73,77,7.14
73,78,5.56
73,79,2
73,80,6.25
73,81,2.08
73,82,2.78
73,83,2.38
73,84,7.14
73,85,6.25
73,86,4.17
73,87,3.13
73,88,2.38
73,89,2.63
73,90,2.94
73,91,2.5
73,92,3.33
73,93,2.78
73,94,2.63
73,95,3.85
73,96,7.14
73,97,4.55
73,98,2.63
73,99,3.57
73,100,2.5
73,101,2.17
73,102,3.33
73,103,2.78
73,104,4.17
73,105,3.33
73,106,6.25
73,107,5.56
73,108,6.25
73,109,2.78
73,110,6.25
73,111,6.25
73,112,2
73,113,7.14
73,114,2.94
73,115,5
73,116,2.08
73,117,3.57
73,118,2.5
73,119,3.85
73,120,2
73,121,8.33
73,122,2.78
73,123,3.85
73,124,8.33
73,125,2.78
73,126,3.33
73,127,2.5
73,128,3.13
73,129,10
73,130,2.78
73,131,2.5
73,132,2.63
73,133,3.57
73,134,2.38
73,135,5.56
73,136,2
73,137,2.08
73,138,2.5
73,139,2.08
73,140,3.33
73,141,6.25
73,142,2.5
73,143,2
73,144,2.5
73,145,4.17
73,146,2.27
73,147,2.38
73,148,2.5
73,149,4.17
73,150,2.63
73,151,2.27
73,152,2.38
73,153,3.13
73,154,3.57
73,155,2.08
73,156,2
73,157,7.14
73,158,4.55
73,159,2.08
73,160,10
73,161,2.17
73,162,7.14
73,163,4.17
73,164,2.08
73,165,2.63
73,166,2.17
73,167,2.94
73,168,8.33
73,169,2.94
73,170,10
73,171,3.57
73,172,2.94
73,173,2.63
73,174,2.78
73,175,7.14
73,176,8.33
73,177,3.85
73,178,3.85
73,179,10
73,180,5.56
73,181,2.27
73,182,10
73,183,3.57
73,184,2.63
73,185,4.55
73,186,4.17
73,187,6.25
73,188,3.13
73,189,3.13
73,190,5
73,191,3.13
73,192,3.85
73,193,2.63
73,194,8.33
73,195,10
73,196,4.17
73,197,3.85
73,198,4.55
73,199,2
73,200,10
73,201,2
73,202,4.17
73,203,6.25
73,204,2.08
73,205,2.63
73,206,2
73,207,10
73,208,3.33
73,209,2.08
73,210,2.78
73,211,2.38
73,212,2.08
73,213,4.55
73,214,5.56
73,215,2.78
73,216,2.17
73,217,3.13
73,218,2.17
73,219,10
73,220,6.25
73,221,5
73,222,4.17
73,223,2.08
73,224,3.33
73,225,2.38
73,226,3.13
73,227,5
73,228,7.14
73,229,2.5
73,230,3.57
73,231,4.55
73,232,10
73,233,2.08
73,234,3.85
73,235,3.57
73,236,2.78
73,237,3.85
73,238,8.33
73,239,5.56
73,240,2.38
73,241,5
73,242,6.25
73,243,3.33
73,244,3.33
73,245,2
73,246,2.08
73,247,3.13
73,248,2.78
73,249,8.33
73,250,2.38
73,251,4.55
73,252,5
73,253,6.25
73,254,2.94
73,255,5.56
73,256,4.55
73,257,2.38
73,258,4.17
73,259,3.85
73,260,6.25
73,261,4.17
73,262,2.17
73,263,7.14
73,264,2.5
73,265,2
73,266,2.94
73,267,2.27
73,268,2.78
73,269,5
73,270,5.56
73,271,5
73,272,2.78
73,273,5.56
73,274,2.27
73,275,2.63
73,276,3.57
73,277,2.27
73,278,2
73,279,6.25
73,280,2
73,281,2.5
73,282,6.25
73,283,5
73,284,3.85
73,285,5
73,286,2.94
73,287,2.38
73,288,3.13
73,289,2.94
73,290,2.63
73,291,3.33
73,292,2.27
73,293,5.56
73,294,4.55
73,295,3.57
73,296,5.56
73,297,4.17
73,298,2.78
73,299,2
73,300,2.5
73,301,2.63
73,302,2.94
73,303,2.27
73,304,6.25
73,305,4.55
73,306,4.17
73,307,3.33
73,308,4.55
73,309,8.33
73,310,7.14
73,311,8.33
73,312,3.33
73,313,2.27
73,314,6.25
73,315,2
73,316,3.13
73,317,10
73,318,5.56
73,319,8.33
73,320,2.5
73,321,4.17
73,322,2.63
73,323,3.33
73,324,3.13
73,325,2.17
73,326,2.78
73,327,2.94
73,328,2.17
73,329,2
73,330,7.14
73,331,4.17
73,332,5.56
73,333,2.63
73,334,2.63
73,335,4.17
73,336,5.56
73,337,8.33
73,338,2
73,339,7.14
73,340,2.63
73,341,2.27
73,342,6.25
73,343,2.38
73,344,4.55
73,345,5.56
73,346,6.25
73,347,5.56
73,348,2.63
73,349,3.85
73,350,2.27
73,351,2.38
73,352,10
73,353,4.55
73,354,2.5
73,355,2.27
73,356,5.56
73,357,10
73,358,2.5
73,359,2.5
73,360,3.33
73,361,2.27
73,362,2.08
73,363,3.13
73,364,5.56
73,365,3.85
73,366,2.63
73,367,4.17
73,368,7.14
73,369,4.17
73,370,3.33
73,371,4.55
73,372,2.63
73,373,3.13
73,374,7.14
73,375,5
73,376,5.56
73,377,2.63
73,378,2.94
73,379,2.78
73,380,2.78
73,381,7.14
73,382,2.38
73,383,5.56
73,384,10
73,385,3.13
73,386,6.25
73,387,7.14
73,388,5
73,389,2.17
73,390,2.5
73,391,2.27
73,392,3.85
73,393,8.33
73,394,3.13
73,395,2.17
73,396,2.78
73,397,2
73,398,3.85
73,399,3.33
73,400,2.5
73,401,2.94
73,402,5
73,403,7.14
73,404,2.08
73,405,8.33
73,406,7.14
73,407,7.14
73,408,2.94
73,409,5.56
73,410,8.33
73,411,2.63
73,412,5
73,413,7.14
73,414,2.63
73,415,2
73,416,2.5
73,417,3.85
73,418,2.5
73,419,2.08
73,420,3.13
73,421,2.94
73,422,3.57
73,423,5.56
73,424,4.17
73,425,10
73,426,2.27
73,427,4.55
73,428,2.5
73,429,2.27
73,430,3.57
73,431,4.55
73,432,3.85
73,433,3.57
73,434,7.14
73,435,2.08
73,436,5.56
73,437,7.14
73,438,3.57
73,439,2.78
73,440,5.56
73,441,7.14
73,442,2
73,443,4.17
73,444,2.38
73,445,2.78
73,446,10
73,447,8.33
73,448,7.14
73,449,4.55
73,450,2.63
73,451,2.27
73,452,8.33
73,453,7.14
73,454,2.08
73,455,7.14
73,456,3.85
73,457,2.5
73,458,8.33
73,459,3.57
73,460,5.56
73,461,10
73,462,2.63
73,463,3.57
73,464,4.17
73,465,2.08
73,466,2.38
73,467,2.63
73,468,2.63
73,469,2.08
73,470,3.57
73,471,4.55
73,472,2.27
73,473,3.13
73,474,8.33
73,475,3.85
73,476,5.56
73,477,3.33
73,478,2.27
73,479,5.56
73,480,2
73,481,2.38
73,482,6.25
73,483,2.94
73,484,4.55
73,485,2.27
73,486,6.25
73,487,2.27
73,488,3.57
73,489,10
73,490,4.55
73,491,3.85
73,492,6.25
73,493,2
73,494,2.38
73,495,2.17
73,496,4.17
73,497,8.33
73,498,2.17
73,499,2.08
73,500,10
74,1,2.5
74,2,5.56
74,3,4.17
74,4,3.85
74,5,2.63
74,6,10
74,7,2.17
74,8,3.33
74,9,2.63
74,10,8.33
74,11,4.17
74,12,4.17
74,13,3.13
74,14,5.56
74,15,5.56
74,16,2.17
74,17,7.14
74,18,10
74,19,10
74,20,10
74,21,5.56
74,22,6.25
74,23,5.56
74,24,2.78
74,25,2
74,26,6.25
74,27,2.94
74,28,2.5
74,29,5.56
74,30,5.56
74,31,10
74,32,10
74,33,2.38
74,34,2.5
74,35,2.94
74,36,10
74,37,2.17
74,38,3.85
74,39,2.63
74,40,2.08
74,41,2.08
74,42,8.33
74,43,4.55
74,44,8.33
74,45,2.94
74,46,2.5
74,47,3.13
74,48,2.27
74,49,2.5
74,50,2.5
74,51,2.63
74,52,5
74,53,5
74,54,10
74,55,3.57
74,56,5
74,57,2.5
74,58,8.33
74,59,2.5
74,60,4.17
74,61,8.33
74,62,4.55
74,63,4.55
74,64,2
74,65,2.63
74,66,2.5
74,67,2
74,68,2
74,69,2.27
74,70,3.33
74,71,2.08
74,72,2.08
74,73,10
74,74,2.94
74,75,3.33
74,76,3.13
74,77,10
74,78,6.25
74,79,4.17
74,80,2.5
74,81,2.78
74,82,5
74,83,2.08
74,84,2.08
74,85,10
74,86,2.38
74,87,7.14
74,88,2
74,89,2.27
74,90,2
74,91,10
74,92,2.38
74,93,2.5
74,94,3.33
74,95,7.14
74,96,3.57
74,97,7.14
74,98,10
74,99,5.56
74,100,3.13
74,101,4.55
74,102,3.13
74,103,2
74,104,4.55
74,105,4.55
74,106,8.33
74,107,3.57
74,108,3.33
74,109,2.17
74,110,2.17
74,111,8.33
74,112,10
74,113,2.08
74,114,7.14
74,115,3.33
74,116,5
74,117,2
74,118,5.56
74,119,2.27
74,120,2.63
74,121,3.13
74,122,2
74,123,3.33
74,124,2.08
74,125,4.55
74,126,2.5
74,127,4.55
74,128,3.13
74,129,2.5
74,130,2.94
74,131,2.08
74,132,5
74,133,2.27
74,134,5.56
74,135,2.94
74,136,4.17
74,137,8.33
74,138,5.56
74,139,4.55
74,140,8.33
74,141,4.55
74,142,2.5
74,143,6.25
74,144,4.17
74,145,3.57
74,146,8.33
74,147,2.5
74,148,3.85
74,149,2.38
74,150,3.13
74,151,2.63
74,152,8.33
74,153,2.94
74,154,3.33
74,155,6.25
74,156,2.38
74,157,4.55
74,158,2.5
74,159,8.33
74,160,2.78
74,161,2.27
74,162,3.57
74,163,2.38
74,164,7.14
74,165,5
74,166,2.27
74,167,2.08
74,168,3.85
74,169,2.94
74,170,6.25
74,171,2
74,172,2.17
74,173,3.13
74,174,2.5
74,175,3.57
74,176,8.33
74,177,2.08
74,178,3.33
74,179,2.17
74,180,4.55
74,181,4.17
74,182,2.94
74,183,2.63
74,184,2.27
74,185,2
74,186,3.33
74,187,2
74,188,6.25
74,189,2.78
74,190,2.38
74,191,3.85
74,192,5
74,193,2.27
74,194,5
74,195,3.13
74,196,4.17
74,197,8.33
74,198,2.38
74,199,5.56
74,200,3.57
74,201,2.94
74,202,3.85
74,203,4.55
74,204,2.17
74,205,2.27
74,206,2.5
74,207,3.85
74,208,2
74,209,2
74,210,3.33
74,211,3.85
74,212,4.17
74,213,4.55
74,214,3.33
74,215,5.56
74,216,2.08
74,217,10
74,218,10
74,219,2.08
74,220,2.78
74,221,6.25
74,222,4.17
74,223,10
74,224,2.63
74,225,10
74,226,2.38
74,227,3.33
74,228,2.5
74,229,3.13
74,230,2.38
74,231,6.25
74,232,2.17
74,233,7.14
74,234,10
74,235,2.78
74,236,4.17
74,237,5
74,238,2.17
74,239,2.38
74,240,2.27
74,241,5.56
74,242,4.55
74,243,8.33
74,244,2.94
74,245,7.14
74,246,3.13
74,247,10
74,248,2.08
74,249,7.14
74,250,2.5
74,251,4.55
74,252,2
74,253,2.17
74,254,5
74,255,2.17
74,256,3.33
74,257,2.38
74,258,7.14
74,259,2.27
74,260,2.17
74,261,2.63
74,262,2.08
74,263,4.55
74,264,2.17
74,265,3.13
74,266,5
74,267,6.25
74,268,5
74,269,2.08
74,270,3.85
74,271,2
74,272,2
74,273,2.17
74,274,7.14
74,275,2.27
74,276,2.17
74,277,4.17
74,278,2.08
74,279,2.08
74,280,4.17
74,281,4.55
74,282,3.13
74,283,10
74,284,2.78
74,285,3.57
74,286,4.55
74,287,2.38
74,288,3.57
74,289,2.63
74,290,2.08
74,291,5
74,292,5
74,293,3.33
74,294,4.55
74,295,5.56
74,296,6.25
74,297,10
74,298,2.08
74,299,3.13
74,300,2.78
74,301,2
74,302,10
74,303,3.13
74,304,3.85
74,305,7.14
74,306,8.33
74,307,5.56
74,308,3.57
74,309,5.56
74,310,10
74,311,2.94
74,312,2
74,313,7.14
74,314,3.13
74,315,5.56
74,316,2.63
74,317,7.14
74,318,2.38
74,319,3.33
74,320,2.94
74,321,2.17
74,322,2.27
74,323,3.33
74,324,2.78
74,325,2
74,326,4.55
74,327,2.94
74,328,3.85
74,329,8.33
74,330,2.27
74,331,3.57
74,332,3.33
74,333,3.57
74,334,5.56
74,335,10
74,336,7.14
74,337,2.27
74,338,3.57
74,339,2.5
74,340,3.33
74,341,4.17
74,342,5.56
74,343,2.38
74,344,3.13
74,345,2.38
74,346,2
74,347,2.5
74,348,2.5
74,349,2.78
74,350,4.55
74,351,2.27
74,352,10
74,353,3.13
74,354,2.78
74,355,10
74,356,8.33
74,357,2.5
74,358,2.38
74,359,2.78
74,360,6.25
74,361,7.14
74,362,2.27
74,363,2.38
74,364,4.17
74,365,3.85
74,366,2.38
74,367,3.57
74,368,2
74,369,6.25
74,370,2.27
74,371,4.55
74,372,7.14
74,373,2.63
74,374,4.17
74,375,3.13
74,376,2.38
74,377,2.63
74,378,2.17
74,379,2
74,380,8.33
74,381,2
74,382,2.94
74,383,2.38
74,384,4.17
74,385,10
74,386,2.38
74,387,2.5
74,388,3.57
74,389,2.78
74,390,4.55
74,391,4.55
74,392,3.57
74,393,7.14
74,394,3.13
74,395,2.94
74,396,2.27
74,397,8.33
74,398,2
74,399,2.27
74,400,2.17
74,401,7.14
74,402,2.38
74,403,6.25
74,404,3.33
74,405,3.33
74,406,10
74,407,2.38
74,408,5
74,409,3.85
74,410,2.94
74,411,7.14
74,412,2.27
74,413,4.55
74,414,2.63
74,415,6.25
74,416,10
74,417,6.25
74,418,2.63
74,419,2
74,420,2.08
74,421,8.33
74,422,7.14
74,423,5.56
74,424,4.55
74,425,2.5
74,426,10
74,427,3.85
74,428,7.14
74,429,4.55
74,430,2.27
74,431,3.85
74,432,3.33
74,433,3.57
74,434,10
74,435,2.38
74,436,8.33
74,437,3.57
74,438,2.63
74,439,3.85
74,440,4.55
74,441,2.78
74,442,8.33
74,443,6.25
74,444,2.17
74,445,5
74,446,6.25
74,447,6.25
74,448,4.55
74,449,5
74,450,3.85
74,451,2
74,452,2.5
74,453,2.94
74,454,7.14
74,455,2.5
74,456,2.17
74,457,4.17
74,458,2.5
74,459,3.13
74,460,8.33
74,461,2.63
74,462,6.25
74,463,4.17
74,464,2.38
74,465,4.55
74,466,2.94
74,467,2
74,468,10
74,469,2.94
74,470,2.63
74,471,2.38
74,472,3.13
74,473,6.25
74,474,2.17
74,475,8.33
74,476,2.78
74,477,2.08
74,478,3.13
74,479,3.57
74,480,2
74,481,5.56
74,482,5.56
74,483,7.14
74,484,4.17
74,485,3.33
74,486,2.38
74,487,8.33
74,488,3.33
74,489,5.56
74,490,3.33
74,491,3.13
74,492,8.33
74,493,2.78
74,494,5
74,495,2.94
74,496,4.17
74,497,3.85
74,498,10
74,499,4.55
74,500,3.85
75,1,2.78
75,2,2.38
75,3,10
75,4,8.33
75,5,3.33
75,6,3.13
75,7,5
75,8,8.33
75,9,3.33
75,10,5.56
75,11,10
75,12,5.56
75,13,2.08
75,14,5
75,15,2.94
75,16,2.5
75,17,5
75,18,3.33
75,19,7.14
75,20,2.94
75,21,2.94
75,22,2.78
75,23,5.56
75,24,2.17
75,25,2.5
75,26,3.13
75,27,5
75,28,5.56
75,29,5
75,30,2.94
75,31,3.13
75,32,2.38
75,33,2.94
75,34,3.57
75,35,6.25
75,36,2.27
75,37,2.08
75,38,3.57
75,39,2
75,40,2
75,41,6.25
75,42,3.57
75,43,2.94
75,44,2.63
75,45,8.33
75,46,3.57
75,47,2
75,48,5.56
75,49,3.57
75,50,3.13
75,51,3.57
75,52,5
75,53,2
75,54,2.63
75,55,2.27
75,56,2.63
75,57,2.63
75,58,2.38
75,59,5
75,60,2.17
75,61,3.85
75,62,4.55
75,63,2
75,64,2.08
75,65,3.85
75,66,4.17
75,67,3.33
75,68,2.08
75,69,4.17
75,70,4.17
75,71,3.57
75,72,6.25
75,73,2.27
75,74,2.78
75,75,2.17
75,76,6.25
75,77,2.17
75,78,2.17
75,79,3.13
75,80,3.33
75,81,3.13
75,82,2.94
75,83,2.63
75,84,4.55
75,85,2.78
75,86,10
75,87,10
75,88,3.57
75,89,10
75,90,2.94
75,91,2.63
75,92,2.63
75,93,2.27
75,94,2.94
75,95,7.14
75,96,2.17
75,97,3.57
75,98,2.5
75,99,7.14
75,100,10
75,101,2.27
75,102,2.78
75,103,2.08
75,104,2.27
75,105,3.13
75,106,4.17
75,107,5
75,108,8.33
75,109,2.27
75,110,2.27
75,111,4.55
75,112,2
75,113,2.38
75,114,2.63
75,115,2.08
75,116,3.85
75,117,2.78
75,118,5.56
75,119,2.17
75,120,5.56
75,121,3.13
75,122,2.94
75,123,6.25
75,124,2.08
75,125,2.78
75,126,3.85
75,127,2.78
75,128,5
75,129,6.25
75,130,2.38
75,131,2.78
75,132,2.5
75,133,2.08
75,134,3.57
75,135,3.57
75,136,3.57
75,137,4.17
75,138,4.17
75,139,3.33
75,140,2.78
75,141,6.25
75,142,3.57
75,143,5.56
75,144,2
75,145,7.14
75,146,6.25
75,147,3.57
75,148,5.56
75,149,10
75,150,2.27
75,151,2.38
75,152,3.13
75,153,2.94
75,154,2
75,155,2.94
75,156,2.63
75,157,2.38
75,158,2.38
75,159,2
75,160,2.17
75,161,8.33
75,162,8.33
75,163,2.27
75,164,2.27
75,165,3.85
75,166,2.63
75,167,10
75,168,2.08
75,169,8.33
75,170,2.63
75,171,8.33
75,172,2.17
75,173,2.5
75,174,3.13
75,175,5
75,176,2.27
75,177,8.33
75,178,5
75,179,7.14
75,180,6.25
75,181,2.5
75,182,3.57
75,183,3.13
75,184,5
75,185,5.56
75,186,2.5
75,187,2.17
75,188,2
75,189,5.56
75,190,2.5
75,191,5.56
75,192,2
75,193,8.33
75,194,10
75,195,3.33
75,196,2.08
75,197,4.55
75,198,3.85
75,199,2.78
75,200,7.14
75,201,3.57
75,202,3.13
75,203,3.85
75,204,5
75,205,2.5
75,206,2.17
75,207,6.25
75,208,7.14
75,209,2.94
75,210,8.33
75,211,2.17
75,212,5.56
75,213,3.57
75,214,2.94
75,215,8.33
75,216,7.14
75,217,3.57
75,218,2.17
75,219,2.17
75,220,2.94
75,221,4.17
75,222,2.94
75,223,3.85
75,224,2.63
75,225,8.33
75,226,8.33
75,227,2
75,228,6.25
75,229,2.94
75,230,4.17
75,231,2.5
75,232,2.94
75,233,2.5
75,234,3.33
75,235,10
75,236,7.14
75,237,2
75,238,3.57
75,239,10
75,240,2.78
75,241,5.56
75,242,3.33
75,243,2.5
75,244,3.85
75,245,2.38
75,246,2.38
75,247,3.57
75,248,4.55
75,249,4.55
75,250,6.25
75,251,2.17
75,252,8.33
75,253,10
75,254,6.25
75,255,3.85
75,256,2.38
75,257,3.33
75,258,6.25
75,259,4.17
75,260,2.78
75,261,3.13
75,262,2.5
75,263,2.27
75,264,2.17
75,265,4.55
75,266,2.78
75,267,3.33
75,268,4.55
75,269,7.14
75,270,3.57
75,271,7.14
75,272,8.33
75,273,2.08
75,274,3.57
75,275,2.78
75,276,2.94
75,277,2.38
75,278,3.85
75,279,3.13
75,280,3.85
75,281,4.55
75,282,2.94
75,283,6.25
75,284,2.08
75,285,4.17
75,286,10
75,287,3.33
75,288,3.33
75,289,8.33
75,290,6.25
75,291,10
75,292,10
75,293,2
75,294,8.33
75,295,8.33
75,296,5
75,297,4.17
75,298,10
75,299,2.5
75,300,5.56
75,301,4.55
75,302,2.63
75,303,4.17
75,304,6.25
75,305,3.85
75,306,2.5
75,307,2.27
75,308,2
75,309,2.38
75,310,2.08
75,311,2.08
75,312,2.63
75,313,2.5
75,314,3.33
75,315,3.85
75,316,4.17
75,317,3.13
75,318,4.17
75,319,6.25
75,320,2.94
75,321,4.55
75,322,2.78
75,323,2.5
75,324,8.33
75,325,2.63
75,326,2.27
75,327,10
75,328,3.85
75,329,2.94
75,330,3.33
75,331,3.57
75,332,2.78
75,333,2.38
75,334,2.63
75,335,3.33
75,336,2.5
75,337,2
75,338,2.27
75,339,3.13
75,340,2
75,341,4.55
75,342,7.14
75,343,4.17
75,344,8.33
75,345,6.25
75,346,2.08
75,347,3.57
75,348,8.33
75,349,3.85
75,350,3.13
75,351,2
75,352,7.14
75,353,7.14
75,354,2.78
75,355,2.38
75,356,8.33
75,357,2.94
75,358,3.85
75,359,3.85
75,360,2.08
75,361,3.33
75,362,4.17
75,363,2
75,364,4.55
75,365,2
75,366,8.33
75,367,7.14
75,368,8.33
75,369,4.17
75,370,2.27
75,371,10
75,372,2
75,373,2.27
75,374,3.33
75,375,2
75,376,2.78
75,377,2.78
75,378,5.56
75,379,3.85
75,380,3.33
75,381,3.85
75,382,3.57
75,383,2
75,384,2.08
75,385,3.57
75,386,8.33
75,387,5
75,388,2.63
75,389,5
75,390,2.63
75,391,3.13
75,392,5
75,393,2.94
75,394,4.55
75,395,4.55
75,396,5.56
75,397,2.5
75,398,8.33
75,399,4.55
75,400,2
75,401,5.56
75,402,3.33
75,403,3.33
75,404,10
75,405,2.5
75,406,2.27
75,407,2.08
75,408,10
75,409,2.78
75,410,3.13
75,411,2.17
75,412,2
75,413,8.33
75,414,3.85
75,415,2.08
75,416,5.56
75,417,2.27
75,418,3.13
75,419,8.33
75,420,2.94
75,421,2.08
75,422,6.25
75,423,4.17
75,424,3.57
75,425,5
75,426,2.94
75,427,3.57
75,428,2.63
75,429,8.33
75,430,3.13
75,431,2.08
75,432,6.25
75,433,4.17
75,434,2.38
75,435,2.27
75,436,2.08
75,437,2.38
75,438,2.63
75,439,2.27
75,440,2.38
75,441,2.17
75,442,2.78
75,443,7.14
75,444,4.55
75,445,3.85
75,446,2.5
75,447,7.14
75,448,7.14
75,449,2
75,450,2.08
75,451,7.14
75,452,2.38
75,453,5
75,454,7.14
75,455,2.38
75,456,2.27
75,457,7.14
75,458,6.25
75,459,2.5
75,460,2
75,461,4.17
75,462,4.55
75,463,2.63
75,464,3.57
75,465,6.25
75,466,5.56
75,467,2.27
75,468,4.55
75,469,4.55
75,470,2.27
75,471,2.94
75,472,2
75,473,3.85
75,474,2.08
75,475,8.33
75,476,3.33
75,477,2.78
75,478,2.38
75,479,2.5
75,480,10
75,481,3.33
75,482,2.08
75,483,3.85
75,484,3.33
75,485,2.5
75,486,2.17
75,487,2.94
75,488,5.56
75,489,2.94
75,490,3.13
75,491,4.17
75,492,3.33
75,493,3.85
75,494,2.17
75,495,7.14
75,496,2.38
75,497,8.33
75,498,2
75,499,10
75,500,5
76,1,10
76,2,2.17
76,3,3.85
76,4,3.33
76,5,5
76,6,2.63
76,7,5
76,8,8.33
76,9,8.33
76,10,2.38
76,11,6.25
76,12,5.56
76,13,4.17
76,14,3.57
76,15,2.78
76,16,2.78
76,17,2
76,18,5.56
76,19,3.13
76,20,3.85
76,21,6.25
76,22,3.57
76,23,3.13
76,24,6.25
76,25,5.56
76,26,2.94
76,27,2.38
76,28,8.33
76,29,3.57
76,30,3.13
76,31,2.63
76,32,3.57
76,33,2.08
76,34,3.13
76,35,2.17
76,36,4.17
76,37,4.17
76,38,2.78
76,39,2.94
76,40,4.55
76,41,2
76,42,3.85
76,43,3.57
76,44,3.13
76,45,2.63
76,46,2.5
76,47,7.14
76,48,10
76,49,3.33
76,50,2.94
76,51,5
76,52,2.27
76,53,3.85
76,54,2.78
76,55,3.85
76,56,4.55
76,57,3.85
76,58,7.14
76,59,7.14
76,60,5.56
76,61,2.38
76,62,2.27
76,63,8.33
76,64,2.63
76,65,4.55
76,66,6.25
76,67,4.55
76,68,2.5
76,69,3.57
76,70,8.33
76,71,2.08
76,72,3.57
76,73,5.56
76,74,3.33
76,75,2.5
76,76,2.94
76,77,3.85
76,78,7.14
76,79,2.17
76,80,3.85
76,81,2.94
76,82,4.55
76,83,2.94
76,84,8.33
76,85,2.63
76,86,2.27
76,87,2.5
76,88,3.85
76,89,6.25
76,90,2.5
76,91,8.33
76,92,4.17
76,93,2.08
76,94,4.55
76,95,6.25
76,96,2.78
76,97,2.27
76,98,3.57
76,99,2.63
76,100,4.17
76,101,3.85
76,102,3.13
76,103,3.33
76,104,6.25
76,105,2.63
76,106,2.5
76,107,2.78
76,108,5
76,109,2.27
76,110,2.38
76,111,2.94
76,112,2.08
76,113,2.08
76,114,5.56
76,115,3.57
76,116,2
76,117,3.33
76,118,5.56
76,119,2.94
76,120,3.33
76,121,3.33
76,122,8.33
76,123,6.25
76,124,5.56
76,125,2
76,126,2.63
76,127,5
76,128,4.55
76,129,5
76,130,2.08
76,131,7.14
76,132,2.63
76,133,2.94
76,134,2.27
76,135,2.94
76,136,2.38
76,137,2.63
76,138,7.14
76,139,6.25
76,140,2.5
76,141,3.57
76,142,3.57
76,143,2.38
76,144,3.57
76,145,2.27
76,146,7.14
76,147,5
76,148,5
76,149,2.94
76,150,5.56
76,151,2.5
76,152,2.5
76,153,3.57
76,154,6.25
76,155,8.33
76,156,2.5
76,157,3.57
76,158,3.33
76,159,5
76,160,5.56
76,161,5
76,162,2.17
76,163,2.38
76,164,2.94
76,165,2.17
76,166,2.17
76,167,6.25
76,168,2.27
76,169,3.13
76,170,8.33
76,171,3.33
76,172,2.63
76,173,2.08
76,174,2.94
76,175,6.25
76,176,2.63
76,177,2.63
76,178,3.33
76,179,6.25
76,180,3.13
76,181,2.78
76,182,5.56
76,183,3.13
76,184,3.57
76,185,3.85
76,186,3.85
76,187,5
76,188,3.33
76,189,7.14
76,190,6.25
76,191,4.17
76,192,3.33
76,193,2.94
76,194,2.38
76,195,2
76,196,6.25
76,197,2.63
76,198,2.63
76,199,2.27
76,200,2
76,201,2.08
76,202,3.13
76,203,3.57
76,204,5
76,205,3.33
76,206,4.17
76,207,8.33
76,208,2.17
76,209,3.85
76,210,2.94
76,211,3.57
76,212,2.27
76,213,2.78
76,214,7.14
76,215,10
76,216,7.14
76,217,2.08
76,218,2.63
76,219,3.33
76,220,4.55
76,221,2
76,222,3.33
76,223,2.63
76,224,2.08
76,225,4.17
76,226,2.38
76,227,2.5
76,228,10
76,229,10
76,230,3.85
76,231,8.33
76,232,3.57
76,233,2.38
76,234,6.25
76,235,10
76,236,2.38
76,237,3.57
76,238,6.25
76,239,2.08
76,240,2.27
76,241,2.08
76,242,2.38
76,243,3.57
76,244,2
76,245,4.17
76,246,2.63
76,247,3.13
76,248,3.85
76,249,2.78
76,250,2.08
76,251,3.33
76,252,2.94
76,253,2.17
76,254,5
76,255,6.25
76,256,3.85
76,257,2.94
76,258,4.17
76,259,5
76,260,4.17
76,261,10
76,262,2.78
76,263,3.57
76,264,2.38
76,265,3.57
76,266,5
76,267,2.78
76,268,2.94
76,269,4.55
76,270,2
76,271,6.25
76,272,8.33
76,273,3.33
76,274,3.57
76,275,5.56
76,276,3.85
76,277,8.33
76,278,2.08
76,279,3.57
76,280,2.38
76,281,3.13
76,282,3.33
76,283,2.63
76,284,2.27
76,285,3.13
76,286,10
76,287,6.25
76,288,5.56
76,289,2.08
76,290,3.33
76,291,2.27
76,292,3.13
76,293,5
76,294,2.27
76,295,5
76,296,2.27
76,297,2.78
76,298,2.17
76,299,7.14
76,300,7.14
76,301,2.5
76,302,2.94
76,303,2.27
76,304,2.94
76,305,3.57
76,306,2.63
76,307,3.33
76,308,8.33
76,309,3.57
76,310,10
76,311,3.33
76,312,2.94
76,313,2
76,314,7.14
76,315,6.25
76,316,4.17
76,317,3.57
76,318,2.38
76,319,2.78
76,320,10
76,321,5.56
76,322,2.5
76,323,4.55
76,324,2.08
76,325,2.78
76,326,8.33
76,327,2
76,328,5.56
76,329,4.17
76,330,10
76,331,7.14
76,332,7.14
76,333,6.25
76,334,2.38
76,335,3.13
76,336,4.17
76,337,5
76,338,2.17
76,339,3.13
76,340,3.57
76,341,3.57
76,342,3.85
76,343,5.56
76,344,10
76,345,5
76,346,7.14
76,347,2.17
76,348,2.38
76,349,2.94
76,350,2.5
76,351,8.33
76,352,2
76,353,5.56
76,354,2.08
76,355,2.78
76,356,5.56
76,357,8.33
76,358,3.85
76,359,2.5
76,360,2.38
76,361,2.38
76,362,2.78
76,363,7.14
76,364,5.56
76,365,2.27
76,366,2.17
76,367,6.25
76,368,2.63
76,369,2.08
76,370,2.38
76,371,6.25
76,372,2
76,373,3.33
76,374,8.33
76,375,2.17
76,376,6.25
76,377,5
76,378,5
76,379,5
76,380,2.63
76,381,3.57
76,382,4.55
76,383,3.33
76,384,2.17
76,385,4.55
76,386,5
76,387,3.13
76,388,3.33
76,389,2
76,390,2.27
76,391,7.14
76,392,2.27
76,393,3.33
76,394,2.08
76,395,5.56
76,396,8.33
76,397,2
76,398,2.17
76,399,8.33
76,400,4.17
76,401,7.14
76,402,2.94
76,403,3.13
76,404,2.63
76,405,10
76,406,2.5
76,407,2.17
76,408,2.63
76,409,3.13
76,410,2.78
76,411,3.57
76,412,3.85
76,413,2.17
76,414,3.33
76,415,10
76,416,10
76,417,2.17
76,418,2
76,419,2.94
76,420,6.25
76,421,3.57
76,422,2.08
76,423,3.13
76,424,6.25
76,425,3.85
76,426,8.33
76,427,10
76,428,2.08
76,429,4.17
76,430,7.14
76,431,4.55
76,432,5
76,433,4.55
76,434,4.17
76,435,2.5
76,436,3.85
76,437,4.55
76,438,5
76,439,5
76,440,3.57
76,441,3.85
76,442,4.55
76,443,3.57
76,444,4.17
76,445,2.17
76,446,2.27
76,447,2.08
76,448,5
76,449,8.33
76,450,8.33
76,451,6.25
76,452,2.78
76,453,2
76,454,5.56
76,455,4.55
76,456,7.14
76,457,2.38
76,458,3.13
76,459,2.08
76,460,3.13
76,461,2.78
76,462,6.25
76,463,2.94
76,464,6.25
76,465,2.08
76,466,7.14
76,467,2.94
76,468,5.56
76,469,5
76,470,2.94
76,471,3.13
76,472,3.85
76,473,2
76,474,2.5
76,475,7.14
76,476,7.14
76,477,4.55
76,478,3.13
76,479,2.78
76,480,3.13
76,481,8.33
76,482,4.55
76,483,7.14
76,484,2.78
76,485,2.94
76,486,2.5
76,487,4.17
76,488,4.17
76,489,3.13
76,490,2.17
76,491,8.33
76,492,10
76,493,2.78
76,494,2.17
76,495,6.25
76,496,3.57
76,497,3.85
76,498,2.78
76,499,2.27
76,500,2.63
77,1,2.5
77,2,3.57
77,3,6.25
77,4,2.78
77,5,4.17
77,6,3.57
77,7,2
77,8,2.08
77,9,3.57
77,10,4.55
77,11,2.38
77,12,3.13
77,13,7.14
77,14,3.13
77,15,2.94
77,16,5.56
77,17,3.13
77,18,2.63
77,19,8.33
77,20,3.85
77,21,2.78
77,22,2.63
77,23,2.5
77,24,4.17
77,25,2.94
77,26,2
77,27,3.57
77,28,4.17
77,29,4.17
77,30,8.33
77,31,4.17
77,32,2.38
77,33,5.56
77,34,2.27
77,35,8.33
77,36,7.14
77,37,8.33
77,38,5.56
77,39,10
77,40,6.25
77,41,4.55
77,42,2
77,43,2.63
77,44,2.78
77,45,3.57
77,46,3.13
77,47,3.85
77,48,3.85
77,49,2.17
77,50,2.17
77,51,3.85
77,52,4.17
77,53,2.5
77,54,8.33
77,55,8.33
77,56,2.78
77,57,3.57
77,58,10
77,59,3.33
77,60,4.17
77,61,2.38
77,62,5
77,63,7.14
77,64,2.08
77,65,2.63
77,66,2
77,67,2.78
77,68,2
77,69,2.38
77,70,8.33
77,71,3.13
77,72,5
77,73,10
77,74,2.27
77,75,5.56
77,76,10
77,77,2.17
77,78,3.13
77,79,6.25
77,80,2.63
77,81,3.13
77,82,8.33
77,83,2.38
77,84,7.14
77,85,3.85
77,86,3.57
77,87,10
77,88,4.55
77,89,2.94
77,90,8.33
77,91,8.33
77,92,2.27
77,93,10
77,94,10
77,95,2.08
77,96,2.94
77,97,2.5
77,98,2.38
77,99,2.27
77,100,7.14
77,101,2.17
77,102,3.85
77,103,2.5
77,104,6.25
77,105,10
77,106,2.08
77,107,2.78
77,108,2.08
77,109,6.25
77,110,3.85
77,111,4.17
77,112,10
77,113,2.27
77,114,2.94
77,115,5.56
77,116,7.14
77,117,3.85
77,118,5.56
77,119,3.33
77,120,5.56
77,121,2.5
77,122,3.85
77,123,4.17
77,124,5.56
77,125,2.63
77,126,2.63
77,127,5.56
77,128,6.25
77,129,4.17
77,130,3.13
77,131,8.33
77,132,2.08
77,133,2
77,134,6.25
77,135,3.57
77,136,2.5
77,137,6.25
77,138,5
77,139,6.25
77,140,5.56
77,141,5
77,142,3.13
77,143,4.17
77,144,3.33
77,145,4.55
77,146,2.5
77,147,2.63
77,148,2.27
77,149,2.08
77,150,10
77,151,10
77,152,5.56
77,153,5
77,154,2.38
77,155,2.5
77,156,7.14
77,157,3.85
77,158,2.08
77,159,2.94
77,160,2.5
77,161,2.08
77,162,5.56
77,163,2
77,164,3.57
77,165,4.17
77,166,2.08
77,167,4.17
77,168,2.08
77,169,2.5
77,170,2.78
77,171,2.08
77,172,2.27
77,173,5.56
77,174,2.94
77,175,5.56
77,176,10
77,177,10
77,178,7.14
77,179,4.55
77,180,8.33
77,181,2.08
77,182,3.85
77,183,2
77,184,10
77,185,4.17
77,186,2.27
77,187,7.14
77,188,3.85
77,189,2.5
77,190,6.25
77,191,2.63
77,192,2.08
77,193,2.94
77,194,4.17
77,195,8.33
77,196,4.17
77,197,2.94
77,198,2.27
77,199,2.38
77,200,7.14
77,201,2.5
77,202,6.25
77,203,3.13
77,204,3.33
77,205,2.63
77,206,4.17
77,207,3.85
77,208,7.14
77,209,7.14
77,210,5.56
77,211,3.33
77,212,4.17
77,213,2.94
77,214,5.56
77,215,2
77,216,5
77,217,3.13
77,218,3.85
77,219,3.13
77,220,6.25
77,221,2.5
77,222,3.33
77,223,8.33
77,224,3.33
77,225,2.17
77,226,6.25
77,227,2
77,228,2.38
77,229,8.33
77,230,5.56
77,231,2
77,232,10
77,233,2.08
77,234,2.08
77,235,7.14
77,236,2.5
77,237,6.25
77,238,4.55
77,239,4.17
77,240,3.85
77,241,10
77,242,2.17
77,243,5
77,244,4.55
77,245,2.27
77,246,3.33
77,247,3.33
77,248,2.27
77,249,2
77,250,2.38
77,251,5
77,252,10
77,253,3.85
77,254,3.85
77,255,2.5
77,256,5.56
77,257,2
77,258,3.13
77,259,2.5
77,260,5
77,261,2.5
77,262,5
77,263,2.63
77,264,10
77,265,5.56
77,266,2.08
77,267,10
77,268,5
77,269,6.25
77,270,2.27
77,271,10
77,272,2
77,273,3.57
77,274,2.78
77,275,2.27
77,276,2.08
77,277,3.85
77,278,4.55
77,279,7.14
77,280,3.33
77,281,2.5
77,282,2.17
77,283,8.33
77,284,10
77,285,3.85
77,286,2.17
77,287,2.38
77,288,3.57
77,289,2.63
77,290,8.33
77,291,2.38
77,292,2.63
77,293,4.17
77,294,2.38
77,295,3.57
77,296,2.63
77,297,2.94
77,298,7.14
77,299,3.33
77,300,3.33
77,301,2
77,302,3.33
77,303,2.08
77,304,10
77,305,3.33
77,306,2.5
77,307,2.94
77,308,8.33
77,309,10
77,310,2.27
77,311,4.17
77,312,2.17
77,313,2.63
77,314,3.33
77,315,8.33
77,316,4.55
77,317,3.13
77,318,2.94
77,319,7.14
77,320,8.33
77,321,7.14
77,322,4.17
77,323,2.17
77,324,3.85
77,325,2.17
77,326,2
77,327,8.33
77,328,3.85
77,329,2.5
77,330,2.08
77,331,2.5
77,332,6.25
77,333,2.27
77,334,2.08
77,335,4.17
77,336,7.14
77,337,2
77,338,2.78
77,339,3.85
77,340,5
77,341,3.33
77,342,5.56
77,343,4.17
77,344,5
77,345,2.08
77,346,2.94
77,347,3.85
77,348,5.56
77,349,2.63
77,350,4.55
77,351,2.08
77,352,3.13
77,353,2.08
77,354,10
77,355,3.85
77,356,2.63
77,357,2.17
77,358,8.33
77,359,4.55
77,360,2.27
77,361,2
77,362,10
77,363,3.57
77,364,2.5
77,365,4.17
77,366,2.17
77,367,2
77,368,5
77,369,4.55
77,370,4.17
77,371,8.33
77,372,2.63
77,373,2.17
77,374,6.25
77,375,2.63
77,376,2.38
77,377,10
77,378,2
77,379,2.63
77,380,10
77,381,2.5
77,382,2.5
77,383,5.56
77,384,4.17
77,385,7.14
77,386,2
77,387,3.33
77,388,10
77,389,2.5
77,390,3.85
77,391,7.14
77,392,2.27
77,393,5
77,394,3.57
77,395,5
77,396,5
77,397,3.85
77,398,2.63
77,399,10
77,400,2.94
77,401,3.85
77,402,2.27
77,403,2
77,404,3.13
77,405,5.56
77,406,4.17
77,407,4.55
77,408,5
77,409,3.85
77,410,8.33
77,411,2.78
77,412,4.17
77,413,3.33
77,414,3.85
77,415,4.17
77,416,2.63
77,417,2.38
77,418,2.63
77,419,3.57
77,420,5
77,421,7.14
77,422,2.27
77,423,5
77,424,2.5
77,425,3.57
77,426,3.85
77,427,4.17
77,428,5.56
77,429,2.38
77,430,2.27
77,431,6.25
77,432,2.38
77,433,4.55
77,434,3.57
77,435,5.56
77,436,6.25
77,437,3.33
77,438,2.5
77,439,2.08
77,440,2.27
77,441,5
77,442,6.25
77,443,4.55
77,444,3.57
77,445,4.17
77,446,4.17
77,447,8.33
77,448,6.25
77,449,2.08
77,450,3.33
77,451,5
77,452,5.56
77,453,2
77,454,5
77,455,10
77,456,8.33
77,457,2.08
77,458,2.38
77,459,2.78
77,460,2.63
77,461,2.63
77,462,2
77,463,4.17
77,464,4.55
77,465,2.63
77,466,4.55
77,467,7.14
77,468,2.38
77,469,2.78
77,470,2
77,471,10
77,472,2.78
77,473,7.14
77,474,3.85
77,475,4.55
77,476,4.17
77,477,8.33
77,478,8.33
77,479,10
77,480,3.33
77,481,2
77,482,5.56
77,483,2.63
77,484,3.33
77,485,7.14
77,486,3.57
77,487,2.63
77,488,5
77,489,3.85
77,490,4.55
77,491,4.55
77,492,2.27
77,493,4.55
77,494,6.25
77,495,8.33
77,496,2.63
77,497,3.13
77,498,2.27
77,499,2.17
77,500,10
78,1,7.14
78,2,3.57
78,3,8.33
78,4,2
78,5,3.85
78,6,8.33
78,7,2.27
78,8,2.5
78,9,6.25
78,10,2.27
78,11,4.17
78,12,2.27
78,13,2
78,14,7.14
78,15,2.38
78,16,2.63
78,17,2.27
78,18,3.33
78,19,8.33
78,20,2.27
78,21,5.56
78,22,2.78
78,23,2.5
78,24,2.08
78,25,2.08
78,26,2
78,27,5
78,28,7.14
78,29,3.33
78,30,10
78,31,3.33
78,32,2.63
78,33,4.55
78,34,2.38
78,35,2.78
78,36,6.25
78,37,4.55
78,38,2.17
78,39,3.85
78,40,2
78,41,4.55
78,42,2
78,43,3.85
78,44,5.56
78,45,2.78
78,46,4.55
78,47,3.33
78,48,3.13
78,49,5
78,50,2.27
78,51,7.14
78,52,6.25
78,53,2.08
78,54,8.33
78,55,10
78,56,2.17
78,57,5.56
78,58,2.63
78,59,2.17
78,60,3.85
78,61,10
78,62,5.56
78,63,2.27
78,64,10
78,65,2.78
78,66,3.33
78,67,5.56
78,68,2.5
78,69,6.25
78,70,2
78,71,2.17
78,72,4.17
78,73,8.33
78,74,2.94
78,75,2.38
78,76,4.55
78,77,2.17
78,78,2
78,79,4.55
78,80,2.78
78,81,3.57
78,82,5
78,83,2.78
78,84,6.25
78,85,2
78,86,2.63
78,87,5.56
78,88,3.33
78,89,3.57
78,90,5.56
78,91,2.94
78,92,7.14
78,93,2
78,94,4.17
78,95,2.27
78,96,5
78,97,10
78,98,2.08
78,99,2.08
78,100,4.17
78,101,2.08
78,102,2.08
78,103,2.5
78,104,2.78
78,105,2.78
78,106,5.56
78,107,2.5
78,108,6.25
78,109,4.55
78,110,2.38
78,111,3.33
78,112,6.25
78,113,2.38
78,114,10
78,115,7.14
78,116,2
78,117,2.78
78,118,2.17
78,119,2.94
78,120,10
78,121,8.33
78,122,3.33
78,123,2.38
78,124,7.14
78,125,2.27
78,126,10
78,127,3.85
78,128,10
78,129,3.85
78,130,2.5
78,131,3.85
78,132,10
78,133,8.33
78,134,5.56
78,135,5.56
78,136,10
78,137,2.27
78,138,10
78,139,3.57
78,140,7.14
78,141,6.25
78,142,8.33
78,143,2.78
78,144,2.17
78,145,2.5
78,146,3.57
78,147,7.14
78,148,2.63
78,149,2
78,150,2.08
78,151,4.17
78,152,3.57
78,153,10
78,154,7.14
78,155,3.33
78,156,4.17
78,157,2.27
78,158,3.13
78,159,2.5
78,160,3.85
78,161,2.17
78,162,2
78,163,5
78,164,10
78,165,2.5
78,166,3.13
78,167,4.55
78,168,2
78,169,2.94
78,170,3.85
78,171,2.38
78,172,2.5
78,173,7.14
78,174,2.17
78,175,2.08
78,176,2.63
78,177,2.5
78,178,5.56
78,179,2
78,180,10
78,181,2.63
78,182,3.13
78,183,2.17
78,184,2.38
78,185,2.5
78,186,3.85
78,187,8.33
78,188,2.38
78,189,2.63
78,190,2.17
78,191,2.17
78,192,4.17
78,193,4.17
78,194,5.56
78,195,2
78,196,6.25
78,197,4.17
78,198,2.17
78,199,2.94
78,200,3.33
78,201,2.94
78,202,2.08
78,203,7.14
78,204,2.5
78,205,6.25
78,206,2.27
78,207,2.78
78,208,4.55
78,209,4.55
78,210,2.78
78,211,2
78,212,2.63
78,213,2.27
78,214,8.33
78,215,10
78,216,10
78,217,7.14
78,218,2.94
78,219,2.78
78,220,2.27
78,221,2.5
78,222,3.57
78,223,2.27
78,224,2.17
78,225,8.33
78,226,4.17
78,227,10
78,228,3.57
78,229,3.85
78,230,5.56
78,231,2.78
78,232,6.25
78,233,2.08
78,234,2.27
78,235,7.14
78,236,3.13
78,237,4.55
78,238,6.25
78,239,2.08
78,240,2.5
78,241,2.38
78,242,3.33
78,243,2.5
78,244,2.94
78,245,7.14
78,246,3.33
78,247,5.56
78,248,5
78,249,2.5
78,250,3.57
78,251,4.55
78,252,3.33
78,253,2.27
78,254,2
78,255,2.5
78,256,3.57
78,257,2.08
78,258,2.5
78,259,2.94
78,260,2.08
78,261,7.14
78,262,4.17
78,263,3.57
78,264,7.14
78,265,3.85
78,266,2.94
78,267,2.63
78,268,7.14
78,269,3.57
78,270,2.38
78,271,2.17
78,272,3.13
78,273,2.27
78,274,4.55
78,275,6.25
78,276,3.33
78,277,2.5
78,278,2.27
78,279,5
78,280,7.14
78,281,3.33
78,282,8.33
78,283,2.78
78,284,3.13
78,285,2.27
78,286,5
78,287,3.13
78,288,2
78,289,2
78,290,2.17
78,291,3.13
78,292,2.08
78,293,5
78,294,3.33
78,295,10
78,296,2.78
78,297,2
78,298,5.56
78,299,3.85
78,300,2.27
78,301,2.94
78,302,2.5
78,303,2.27
78,304,2.94
78,305,8.33
78,306,3.85
78,307,2.94
78,308,2.94
78,309,4.55
78,310,2.27
78,311,2.17
78,312,3.85
78,313,2.63
78,314,7.14
78,315,4.55
78,316,4.17
78,317,2
78,318,8.33
78,319,4.55
78,320,2.63
78,321,5
78,322,6.25
78,323,3.57
78,324,3.13
78,325,2.38
78,326,10
78,327,8.33
78,328,5
78,329,3.13
78,330,2.27
78,331,5
78,332,6.25
78,333,2.27
78,334,4.55
78,335,4.55
78,336,2.38
78,337,5.56
78,338,2.5
78,339,2.08
78,340,3.85
78,341,3.85
78,342,5.56
78,343,2
78,344,5
78,345,2.08
78,346,3.57
78,347,5.56
78,348,4.17
78,349,6.25
78,350,2.63
78,351,6.25
78,352,2.38
78,353,8.33
78,354,2.94
78,355,3.33
78,356,2.08
78,357,7.14
78,358,7.14
78,359,2.38
78,360,2.78
78,361,4.17
78,362,2.38
78,363,6.25
78,364,2.38
78,365,2.27
78,366,7.14
78,367,7.14
78,368,5.56
78,369,2.27
78,370,2.5
78,371,3.57
78,372,2
78,373,8.33
78,374,7.14
78,375,3.85
78,376,3.57
78,377,10
78,378,2.78
78,379,4.55
78,380,2.17
78,381,8.33
78,382,4.17
78,383,2.78
78,384,2.27
78,385,2.94
78,386,10
78,387,2.5
78,388,2.63
78,389,4.17
78,390,3.85
78,391,5
78,392,3.57
78,393,2.5
78,394,2.94
78,395,4.55
78,396,2.5
78,397,3.13
78,398,3.13
78,399,2.63
78,400,2.17
78,401,3.85
78,402,5
78,403,8.33
78,404,6.25
78,405,10
78,406,2.08
78,407,7.14
78,408,4.17
78,409,2.63
78,410,5
78,411,5.56
78,412,2.08
78,413,5.56
78,414,2.38
78,415,3.33
78,416,3.85
78,417,2.17
78,418,2.27
78,419,4.17
78,420,2.78
78,421,5
78,422,2
78,423,2
78,424,4.55
78,425,4.55
78,426,5
78,427,4.55
78,428,2
78,429,2.78
78,430,2.08
78,431,3.57
78,432,5.56
78,433,3.85
78,434,7.14
78,435,2.63
78,436,3.33
78,437,5.56
78,438,3.33
78,439,3.85
78,440,2.63
78,441,2.63
78,442,4.55
78,443,10
78,444,2.08
78,445,2.27
78,446,2.94
78,447,2.5
78,448,4.17
78,449,2.78
78,450,7.14
78,451,5.56
78,452,8.33
78,453,2.94
78,454,4.17
78,455,4.55
78,456,2.17
78,457,2.63
78,458,2.5
78,459,3.13
78,460,7.14
78,461,2.38
78,462,2.78
78,463,4.17
78,464,2.08
78,465,4.17
78,466,2.63
78,467,2.27
78,468,4.17
78,469,8.33
78,470,2.63
78,471,2.5
78,472,5
78,473,2.17
78,474,2.5
78,475,2
78,476,2
78,477,5
78,478,3.13
78,479,2.78
78,480,2.94
78,481,3.85
78,482,6.25
78,483,2.5
78,484,2.38
78,485,3.57
78,486,3.57
78,487,2.94
78,488,3.85
78,489,6.25
78,490,2.27
78,491,2
78,492,7.14
78,493,3.85
78,494,2.78
78,495,7.14
78,496,3.57
78,497,2.08
78,498,2.5
78,499,3.85
78,500,5
79,1,6.25
79,2,2.78
79,3,8.33
79,4,4.55
79,5,7.14
79,6,2
79,7,5
79,8,2.94
79,9,2.17
79,10,2.08
79,11,4.55
79,12,2.63
79,13,5.56
79,14,6.25
79,15,4.55
79,16,4.17
79,17,6.25
79,18,2.27
79,19,4.17
79,20,6.25
79,21,2.5
79,22,2.63
79,23,3.33
79,24,10
79,25,3.13
79,26,2
79,27,7.14
79,28,2.5
79,29,3.13
79,30,2.5
79,31,5
79,32,10
79,33,6.25
79,34,2.17
79,35,2.08
79,36,3.33
79,37,10
79,38,3.13
79,39,2
79,40,2.38
79,41,8.33
79,42,7.14
79,43,2.94
79,44,2.5
79,45,2.17
79,46,3.85
79,47,2.94
79,48,2.78
79,49,3.57
79,50,8.33
79,51,2.38
79,52,3.33
79,53,7.14
79,54,3.57
79,55,2.08
79,56,3.33
79,57,2.5
79,58,2.63
79,59,6.25
79,60,10
79,61,2.78
79,62,2.94
79,63,3.33
79,64,6.25
79,65,5
79,66,4.17
79,67,2.27
79,68,2.17
79,69,7.14
79,70,4.17
79,71,4.55
79,72,2.63
79,73,2
79,74,2.27
79,75,2
79,76,10
79,77,3.33
79,78,2.94
79,79,3.57
79,80,2
79,81,2.5
79,82,3.33
79,83,2.27
79,84,4.17
79,85,2.38
79,86,2.08
79,87,5
79,88,2.17
79,89,2
79,90,2.63
79,91,6.25
79,92,2.94
79,93,6.25
79,94,2.63
79,95,3.57
79,96,2.78
79,97,2.38
79,98,5.56
79,99,5.56
79,100,3.57
79,101,4.17
79,102,3.57
79,103,6.25
79,104,10
79,105,2.5
79,106,2.63
79,107,2.94
79,108,2.38
79,109,2.38
79,110,2.5
79,111,4.17
79,112,8.33
79,113,3.85
79,114,3.85
79,115,4.55
79,116,2.78
79,117,2.17
79,118,2.94
79,119,3.33
79,120,6.25
79,121,3.33
79,122,7.14
79,123,2.94
79,124,2.17
79,125,3.33
79,126,3.57
79,127,2.17
79,128,2.5
79,129,10
79,130,3.57
79,131,2.5
79,132,7.14
79,133,3.33
79,134,8.33
79,135,2.5
79,136,2
79,137,4.17
79,138,8.33
79,139,2.94
79,140,2.94
79,141,2.17
79,142,2.38
79,143,2.27
79,144,5
79,145,2.94
79,146,3.13
79,147,5
79,148,4.55
79,149,2.08
79,150,10
79,151,2.5
79,152,2.5
79,153,2.63
79,154,7.14
79,155,2
79,156,7.14
79,157,2.27
79,158,2.08
79,159,3.13
79,160,2.08
79,161,3.33
79,162,8.33
79,163,4.17
79,164,2.94
79,165,2.78
79,166,2
79,167,3.13
79,168,2.38
79,169,3.33
79,170,2.63
79,171,6.25
79,172,2
79,173,4.55
79,174,2.63
79,175,3.85
79,176,3.85
79,177,3.85
79,178,10
79,179,5
79,180,2.17
79,181,8.33
79,182,3.33
79,183,2.17
79,184,3.57
79,185,3.13
79,186,2.17
79,187,2.78
79,188,10
79,189,2.5
79,190,2.5
79,191,2
79,192,2.94
79,193,2
79,194,6.25
79,195,2.08
79,196,3.33
79,197,4.17
79,198,2.63
79,199,5
79,200,2.17
79,201,3.57
79,202,8.33
79,203,8.33
79,204,4.55
79,205,5
79,206,3.85
79,207,2
79,208,2.94
79,209,2.94
79,210,2.94
79,211,10
79,212,3.57
79,213,8.33
79,214,2.94
79,215,8.33
79,216,2.27
79,217,7.14
79,218,4.55
79,219,2.08
79,220,7.14
79,221,5.56
79,222,2.27
79,223,2.94
79,224,4.55
79,225,2.27
79,226,3.85
79,227,3.57
79,228,5.56
79,229,5
79,230,2.5
79,231,5
79,232,2
79,233,5
79,234,3.13
79,235,2.27
79,236,3.85
79,237,3.57
79,238,2
79,239,3.57
79,240,2.08
79,241,2.27
79,242,6.25
79,243,3.13
79,244,6.25
79,245,3.85
79,246,3.33
79,247,2.78
79,248,4.55
79,249,3.85
79,250,2.17
79,251,4.17
79,252,2
79,253,10
79,254,2.38
79,255,5.56
79,256,3.57
79,257,10
79,258,3.13
79,259,2
79,260,2.27
79,261,2
79,262,2
79,263,5
79,264,3.33
79,265,2.63
79,266,5
79,267,2.94
79,268,2.5
79,269,5
79,270,2.94
79,271,3.57
79,272,2.78
79,273,8.33
79,274,5.56
79,275,3.85
79,276,5
79,277,2.08
79,278,2.63
79,279,2.38
79,280,3.13
79,281,2.27
79,282,2.63
79,283,2.27
79,284,2.78
79,285,10
79,286,10
79,287,7.14
79,288,8.33
79,289,2.27
79,290,3.33
79,291,8.33
79,292,8.33
79,293,3.57
79,294,3.85
79,295,3.57
79,296,2.08
79,297,3.13
79,298,2.63
79,299,3.33
79,300,3.85
79,301,2
79,302,2.27
79,303,6.25
79,304,7.14
79,305,5
79,306,2
79,307,3.57
79,308,2
79,309,3.57
79,310,2.38
79,311,2.94
79,312,3.13
79,313,3.13
79,314,2.08
79,315,3.57
79,316,2.5
79,317,6.25
79,318,2.78
79,319,2.08
79,320,2.17
79,321,2.08
79,322,7.14
79,323,6.25
79,324,2
79,325,2.63
79,326,10
79,327,5.56
79,328,5.56
79,329,3.13
79,330,6.25
79,331,2.08
79,332,2.17
79,333,3.85
79,334,6.25
79,335,2.5
79,336,2
79,337,2.17
79,338,5.56
79,339,2.27
79,340,2.27
79,341,2.27
79,342,2.63
79,343,2.63
79,344,2.63
79,345,5.56
79,346,4.17
79,347,2.17
79,348,4.17
79,349,4.17
79,350,2.08
79,351,8.33
79,352,4.55
79,353,4.17
79,354,2.08
79,355,3.33
79,356,2.38
79,357,3.13
79,358,5
79,359,3.33
79,360,6.25
79,361,3.33
79,362,4.55
79,363,3.85
79,364,2.63
79,365,2.27
79,366,5
79,367,3.85
79,368,2.78
79,369,4.17
79,370,6.25
79,371,8.33
79,372,3.33
79,373,3.57
79,374,2.5
79,375,10
79,376,2.17
79,377,3.13
79,378,5
79,379,2
79,380,10
79,381,5
79,382,7.14
79,383,4.17
79,384,2.63
79,385,4.55
79,386,5
79,387,2.08
79,388,2.08
79,389,2.27
79,390,8.33
79,391,5
79,392,3.85
79,393,4.55
79,394,2.38
79,395,4.17
79,396,6.25
79,397,4.17
79,398,2.17
79,399,2.17
79,400,2.5
79,401,4.17
79,402,5
79,403,3.85
79,404,6.25
79,405,2.08
79,406,2.94
79,407,2.5
79,408,3.57
79,409,7.14
79,410,8.33
79,411,3.85
79,412,2.38
79,413,5
79,414,8.33
79,415,3.33
79,416,2.78
79,417,2.63
79,418,2.17
79,419,2.5
79,420,10
79,421,5
79,422,2.08
79,423,3.13
79,424,4.55
79,425,2.5
79,426,2.08
79,427,4.55
79,428,4.55
79,429,4.55
79,430,2.08
79,431,2.78
79,432,2.38
79,433,7.14
79,434,4.55
79,435,3.13
79,436,2.27
79,437,2.27
79,438,8.33
79,439,6.25
79,440,5.56
79,441,8.33
79,442,5
79,443,8.33
79,444,2.78
79,445,6.25
79,446,3.33
79,447,8.33
79,448,2.08
79,449,3.13
79,450,2.38
79,451,5.56
79,452,3.85
79,453,2.38
79,454,3.13
79,455,2.78
79,456,8.33
79,457,2.08
79,458,2.63
79,459,2.08
79,460,5
79,461,10
79,462,3.33
79,463,6.25
79,464,2.27
79,465,10
79,466,2.38
79,467,7.14
79,468,4.55
79,469,2
79,470,7.14
79,471,2.27
79,472,6.25
79,473,2.17
79,474,10
79,475,5.56
79,476,2.78
79,477,2.08
79,478,2
79,479,7.14
79,480,3.57
79,481,2.94
79,482,5
79,483,2
79,484,4.55
79,485,8.33
79,486,8.33
79,487,5
79,488,5.56
79,489,5
79,490,7.14
79,491,10
79,492,2.78
79,493,2.38
79,494,10
79,495,6.25
79,496,5.56
79,497,2.94
79,498,8.33
79,499,2.17
79,500,2.5
80,1,10
80,2,2.5
80,3,2.38
80,4,7.14
80,5,2.08
80,6,3.13
80,7,6.25
80,8,6.25
80,9,3.57
80,10,10
80,11,7.14
80,12,5.56
80,13,3.13
80,14,4.55
80,15,3.33
80,16,3.57
80,17,3.57
80,18,4.17
80,19,2.63
80,20,2
80,21,4.55
80,22,2.63
80,23,6.25
80,24,2.27
80,25,5.56
80,26,7.14
80,27,3.57
80,28,8.33
80,29,4.55
80,30,2.63
80,31,2.5
80,32,5.56
80,33,6.25
80,34,2.17
80,35,8.33
80,36,3.85
80,37,2.27
80,38,10
80,39,2.17
80,40,2
80,41,2.63
80,42,3.57
80,43,3.33
80,44,10
80,45,8.33
80,46,5
80,47,3.85
80,48,2.5
80,49,2.17
80,50,3.13
80,51,5
80,52,8.33
80,53,8.33
80,54,2.63
80,55,6.25
80,56,5
80,57,2.78
80,58,5
80,59,6.25
80,60,5.56
80,61,6.25
80,62,5.56
80,63,3.33
80,64,2.38
80,65,2.17
80,66,5
80,67,5.56
80,68,5
80,69,2.5
80,70,2.5
80,71,2
80,72,5.56
80,73,10
80,74,3.13
80,75,4.17
80,76,2.78
80,77,2.17
80,78,8.33
80,79,2.94
80,80,6.25
80,81,3.13
80,82,3.33
80,83,2.38
80,84,6.25
80,85,2.38
80,86,2
80,87,4.55
80,88,2.94
80,89,2.78
80,90,5
80,91,3.57
80,92,3.13
80,93,4.55
80,94,3.85
80,95,2.5
80,96,3.33
80,97,3.33
80,98,3.33
80,99,3.57
80,100,3.33
80,101,3.33
80,102,2
80,103,5.56
80,104,2.27
80,105,5.56
80,106,5
80,107,2.27
80,108,2.08
80,109,5.56
80,110,4.17
80,111,7.14
80,112,4.55
80,113,2.63
80,114,10
80,115,3.57
80,116,8.33
80,117,5.56
80,118,4.55
80,119,5.56
80,120,2.27
80,121,8.33
80,122,8.33
80,123,2.27
80,124,2.63
80,125,3.57
80,126,6.25
80,127,4.17
80,128,7.14
80,129,2.63
80,130,8.33
80,131,2
80,132,2.78
80,133,2.38
80,134,6.25
80,135,5
80,136,5
80,137,2.94
80,138,2.94
80,139,6.25
80,140,8.33
80,141,3.85
80,142,5
80,143,2.27
80,144,6.25
80,145,5
80,146,2.5
80,147,2.78
80,148,2
80,149,5
80,150,3.57
80,151,2.78
80,152,2.94
80,153,5
80,154,4.17
80,155,4.55
80,156,3.33
80,157,2.17
80,158,2.27
80,159,2.78
80,160,3.85
80,161,6.25
80,162,8.33
80,163,6.25
80,164,4.55
80,165,2.63
80,166,3.57
80,167,2.78
80,168,3.13
80,169,4.17
80,170,2
80,171,2.17
80,172,2.63
80,173,2.17
80,174,3.57
80,175,3.13
80,176,6.25
80,177,4.55
80,178,6.25
80,179,5.56
80,180,6.25
80,181,2.94
80,182,2
80,183,2.5
80,184,2.5
80,185,2.94
80,186,2.63
80,187,2.78
80,188,4.17
80,189,3.85
80,190,6.25
80,191,5
80,192,3.57
80,193,2
80,194,2.38
80,195,5
80,196,4.55
80,197,2.5
80,198,2.27
80,199,5
80,200,7.14
80,201,6.25
80,202,2.94
80,203,2.08
80,204,2.78
80,205,2.63
80,206,4.55
80,207,10
80,208,8.33
80,209,3.57
80,210,2.78
80,211,2.08
80,212,4.55
80,213,4.17
80,214,2.63
80,215,2.63
80,216,8.33
80,217,2.78
80,218,2.78
80,219,2.63
80,220,8.33
80,221,5.56
80,222,3.33
80,223,4.17
80,224,2.38
80,225,2.38
80,226,6.25
80,227,2.38
80,228,2.63
80,229,5
80,230,3.13
80,231,7.14
80,232,2.08
80,233,5.56
80,234,10
80,235,3.57
80,236,2.94
80,237,3.13
80,238,2.38
80,239,5.56
80,240,3.33
80,241,8.33
80,242,3.13
80,243,8.33
80,244,3.13
80,245,3.13
80,246,5
80,247,6.25
80,248,5.56
80,249,5
80,250,6.25
80,251,8.33
80,252,2.08
80,253,10
80,254,4.17
80,255,5
80,256,4.55
80,257,3.85
80,258,2.78
80,259,2.78
80,260,7.14
80,261,6.25
80,262,7.14
80,263,3.85
80,264,4.17
80,265,2.5
80,266,3.85
80,267,2.27
80,268,3.13
80,269,4.55
80,270,3.13
80,271,2.27
80,272,4.55
80,273,5.56
80,274,5.56
80,275,5.56
80,276,7.14
80,277,7.14
80,278,2.38
80,279,3.85
80,280,4.17
80,281,4.17
80,282,5
80,283,3.57
80,284,2.63
80,285,2.94
80,286,2
80,287,10
80,288,4.17
80,289,2.38
80,290,3.85
80,291,5.56
80,292,7.14
80,293,6.25
80,294,2.08
80,295,2.78
80,296,2.5
80,297,2.5
80,298,2.17
80,299,2.08
80,300,2.38
80,301,7.14
80,302,6.25
80,303,5
80,304,2.63
80,305,7.14
80,306,6.25
80,307,2
80,308,5
80,309,2.38
80,310,5
80,311,2.08
80,312,2
80,313,2.94
80,314,4.17
80,315,3.85
80,316,5.56
80,317,2.27
80,318,3.85
80,319,6.25
80,320,4.17
80,321,2
80,322,2.63
80,323,5
80,324,4.55
80,325,2.17
80,326,3.57
80,327,2.38
80,328,4.17
80,329,3.33
80,330,2.5
80,331,4.55
80,332,2.17
80,333,10
80,334,2.27
80,335,2.63
80,336,2.94
80,337,4.17
80,338,8.33
80,339,10
80,340,2.38
80,341,2.94
80,342,6.25
80,343,10
80,344,3.57
80,345,4.17
80,346,3.57
80,347,2.17
80,348,2
80,349,2
80,350,2.94
80,351,6.25
80,352,3.57
80,353,2.63
80,354,3.13
80,355,3.13
80,356,2.38
80,357,7.14
80,358,3.57
80,359,7.14
80,360,2.78
80,361,2.17
80,362,2.63
80,363,2.27
80,364,3.85
80,365,2.94
80,366,6.25
80,367,2.08
80,368,3.57
80,369,6.25
80,370,7.14
80,371,10
80,372,7.14
80,373,2.5
80,374,2.27
80,375,2.94
80,376,5.56
80,377,10
80,378,2.78
80,379,2.38
80,380,2.27
80,381,7.14
80,382,2.5
80,383,2.38
80,384,3.57
80,385,7.14
80,386,6.25
80,387,2.63
80,388,2.63
80,389,10
80,390,3.13
80,391,2.27
80,392,4.17
80,393,6.25
80,394,2.38
80,395,8.33
80,396,5
80,397,2.78
80,398,10
80,399,3.13
80,400,8.33
80,401,3.85
80,402,3.13
80,403,2.78
80,404,5.56
80,405,3.85
80,406,7.14
80,407,3.85
80,408,5.56
80,409,3.85
80,410,2
80,411,2.63
80,412,2
80,413,7.14
80,414,5
80,415,4.17
80,416,4.17
80,417,2
80,418,4.17
80,419,7.14
80,420,3.85
80,421,4.55
80,422,8.33
80,423,2.08
80,424,7.14
80,425,3.13
80,426,6.25
80,427,7.14
80,428,2.63
80,429,2.17
80,430,3.33
80,431,2.63
80,432,5
80,433,10
80,434,2.63
80,435,2.08
80,436,3.33
80,437,2.08
80,438,2.5
80,439,5
80,440,5
80,441,2
80,442,3.85
80,443,3.85
80,444,3.85
80,445,3.57
80,446,5
80,447,2.27
80,448,5.56
80,449,8.33
80,450,2.17
80,451,7.14
80,452,2.94
80,453,3.13
80,454,5
80,455,6.25
80,456,4.17
80,457,5
80,458,5.56
80,459,3.33
80,460,3.33
80,461,2.17
80,462,2.17
80,463,3.13
80,464,2.63
80,465,3.33
80,466,8.33
80,467,2.63
80,468,5.56
80,469,3.13
80,470,2.08
80,471,2.08
80,472,2.94
80,473,5
80,474,5.56
80,475,2.5
80,476,3.33
80,477,6.25
80,478,3.13
80,479,5
80,480,2.38
80,481,8.33
80,482,3.13
80,483,7.14
80,484,3.85
80,485,3.33
80,486,4.55
80,487,3.13
80,488,3.13
80,489,3.13
80,490,2.27
80,491,3.85
80,492,7.14
80,493,2.94
80,494,2.5
80,495,4.17
80,496,2.78
80,497,2
80,498,5.56
80,499,2.38
80,500,3.13
81,1,3.57
81,2,2.27
81,3,3.57
81,4,7.14
81,5,2.08
81,6,3.33
81,7,2.78
81,8,5.56
81,9,2.17
81,10,3.57
81,11,3.57
81,12,2.38
81,13,2
81,14,5.56
81,15,2.08
81,16,10
81,17,2.38
81,18,10
81,19,8.33
81,20,4.17
81,21,2.27
81,22,2
81,23,2.08
81,24,4.55
81,25,2.27
81,26,2.17
81,27,2.27
81,28,4.55
81,29,3.57
81,30,3.33
81,31,5.56
81,32,2.94
81,33,3.85
81,34,2.27
81,35,4.17
81,36,2.78
81,37,2.5
81,38,3.57
81,39,7.14
81,40,6.25
81,41,2.17
81,42,2
81,43,8.33
81,44,3.85
81,45,2.5
81,46,3.57
81,47,3.33
81,48,2.63
81,49,5
81,50,2.78
81,51,4.17
81,52,6.25
81,53,2.78
81,54,2.17
81,55,7.14
81,56,5.56
81,57,3.13
81,58,10
81,59,2.78
81,60,5
81,61,2.17
81,62,2.27
81,63,6.25
81,64,2.38
81,65,10
81,66,2.27
81,67,5
81,68,4.17
81,69,3.13
81,70,3.57
81,71,7.14
81,72,2
81,73,5.56
81,74,2.78
81,75,3.33
81,76,2.27
81,77,2
81,78,2.5
81,79,2.27
81,80,2.63
81,81,4.17
81,82,2.17
81,83,3.13
81,84,2.08
81,85,4.17
81,86,3.13
81,87,10
81,88,8.33
81,89,2.94
81,90,3.33
81,91,5
81,92,2.27
81,93,5
81,94,2.78
81,95,2.17
81,96,2.17
81,97,2.38
81,98,3.57
81,99,2.78
81,100,3.13
81,101,4.55
81,102,4.17
81,103,5
81,104,7.14
81,105,2.78
81,106,10
81,107,8.33
81,108,3.13
81,109,2
81,110,2.38
81,111,5.56
81,112,2.63
81,113,8.33
81,114,2.17
81,115,10
81,116,3.57
81,117,2.38
81,118,2.27
81,119,2.63
81,120,10
81,121,10
81,122,4.17
81,123,2.63
81,124,2.63
81,125,5.56
81,126,2.78
81,127,2.5
81,128,8.33
81,129,2.08
81,130,2.63
81,131,10
81,132,4.55
81,133,2
81,134,2
81,135,2.17
81,136,3.57
81,137,5.56
81,138,2.63
81,139,4.17
81,140,2.27
81,141,5
81,142,4.55
81,143,2.08
81,144,6.25
81,145,2
81,146,7.14
81,147,2.63
81,148,2.78
81,149,6.25
81,150,2.94
81,151,5
81,152,2.78
81,153,2.17
81,154,2.08
81,155,2.78
81,156,2.94
81,157,2.63
81,158,10
81,159,2.08
81,160,2.38
81,161,7.14
81,162,2
81,163,2.27
81,164,2.27
81,165,2.63
81,166,2.17
81,167,2.17
81,168,3.33
81,169,2.94
81,170,4.17
81,171,2.17
81,172,3.13
81,173,3.57
81,174,2
81,175,4.17
81,176,2.63
81,177,5.56
81,178,2.63
81,179,10
81,180,2.63
81,181,2.5
81,182,4.55
81,183,5
81,184,2.5
81,185,5
81,186,3.57
81,187,2.08
81,188,2.78
81,189,3.85
81,190,2.63
81,191,2.63
81,192,2.17
81,193,2
81,194,3.85
81,195,2.27
81,196,4.55
81,197,2.08
81,198,4.55
81,199,4.55
81,200,2.17
81,201,10
81,202,7.14
81,203,3.85
81,204,2.17
81,205,3.13
81,206,2.94
81,207,2.63
81,208,3.85
81,209,3.85
81,210,2.78
81,211,2.08
81,212,3.13
81,213,2.17
81,214,5
81,215,3.13
81,216,2.63
81,217,7.14
81,218,2.08
81,219,7.14
81,220,3.33
81,221,3.85
81,222,2.5
81,223,5.56
81,224,7.14
81,225,8.33
81,226,2.17
81,227,6.25
81,228,4.17
81,229,10
81,230,3.33
81,231,2.17
81,232,2.5
81,233,2.63
81,234,2
81,235,2.78
81,236,3.85
81,237,2.38
81,238,5
81,239,4.17
81,240,10
81,241,2.63
81,242,2.5
81,243,6.25
81,244,7.14
81,245,2
81,246,3.33
81,247,2.5
81,248,4.55
81,249,2.38
81,250,10
81,251,4.17
81,252,2.5
81,253,2
81,254,2.78
81,255,2.94
81,256,4.17
81,257,5.56
81,258,2
81,259,3.57
81,260,5.56
81,261,2.94
81,262,2.38
81,263,3.13
81,264,2.17
81,265,2.27
81,266,3.57
81,267,6.25
81,268,5.56
81,269,3.33
81,270,2.17
81,271,2.5
81,272,2.38
81,273,5.56
81,274,3.33
81,275,5
81,276,2.63
81,277,2.38
81,278,5
81,279,5.56
81,280,3.33
81,281,4.55
81,282,2
81,283,5.56
81,284,4.17
81,285,8.33
81,286,2.94
81,287,2.5
81,288,2.5
81,289,3.57
81,290,2.08
81,291,4.55
81,292,2.27
81,293,5
81,294,2.27
81,295,2.78
81,296,2.94
81,297,4.17
81,298,2
81,299,2
81,300,2.94
81,301,3.33
81,302,3.13
81,303,3.85
81,304,2.63
81,305,2.08
81,306,10
81,307,3.33
81,308,3.13
81,309,2.08
81,310,2.17
81,311,2.63
81,312,7.14
81,313,3.13
81,314,3.85
81,315,10
81,316,7.14
81,317,4.17
81,318,8.33
81,319,8.33
81,320,2.78
81,321,2.38
81,322,3.85
81,323,5
81,324,2.08
81,325,2.5
81,326,2.78
81,327,6.25
81,328,5.56
81,329,8.33
81,330,4.55
81,331,3.13
81,332,2.17
81,333,5.56
81,334,2.78
81,335,2.08
81,336,2.17
81,337,2.78
81,338,4.55
81,339,7.14
81,340,2.94
81,341,4.55
81,342,3.33
81,343,4.55
81,344,2.63
81,345,2.94
81,346,3.13
81,347,5.56
81,348,2.94
81,349,3.33
81,350,2
81,351,8.33
81,352,3.85
81,353,2.27
81,354,2.78
81,355,4.17
81,356,5
81,357,5.56
81,358,3.57
81,359,4.17
81,360,2.17
81,361,8.33
81,362,2
81,363,2.94
81,364,5
81,365,2.78
81,366,4.55
81,367,2.5
81,368,4.17
81,369,3.13
81,370,10
81,371,5.56
81,372,2.38
81,373,7.14
81,374,4.55
81,375,4.17
81,376,3.85
81,377,2.38
81,378,2
81,379,2
81,380,2.5
81,381,3.33
81,382,2
81,383,4.17
81,384,8.33
81,385,2
81,386,2.27
81,387,2.94
81,388,2.94
81,389,2.5
81,390,8.33
81,391,6.25
81,392,2.63
81,393,4.17
81,394,4.55
81,395,3.13
81,396,2.78
81,397,2.27
81,398,2.38
81,399,3.33
81,400,2.5
81,401,2.5
81,402,4.17
81,403,3.33
81,404,5
81,405,3.13
81,406,4.55
81,407,2.08
81,408,2.17
81,409,2.08
81,410,3.33
81,411,2.17
81,412,2.5
81,413,2
81,414,3.33
81,415,8.33
81,416,4.55
81,417,2.17
81,418,3.85
81,419,7.14
81,420,2.78
81,421,7.14
81,422,7.14
81,423,6.25
81,424,3.85
81,425,3.33
81,426,5.56
81,427,6.25
81,428,4.55
81,429,2.27
81,430,2.94
81,431,3.57
81,432,2.78
81,433,2.17
81,434,4.17
81,435,3.13
81,436,4.17
81,437,2.94
81,438,8.33
81,439,3.33
81,440,2.5
81,441,2.17
81,442,2
81,443,8.33
81,444,3.13
81,445,2
81,446,5.56
81,447,2.63
81,448,4.17
81,449,2.5
81,450,7.14
81,451,2.17
81,452,5.56
81,453,2
81,454,2.27
81,455,2.38
81,456,10
81,457,4.55
81,458,2.94
81,459,3.57
81,460,2.63
81,461,2.5
81,462,3.13
81,463,3.13
81,464,2.5
81,465,3.13
81,466,5.56
81,467,2.5
81,468,2.94
81,469,3.33
81,470,6.25
81,471,2.27
81,472,3.13
81,473,5
81,474,4.17
81,475,2.17
81,476,10
81,477,2.08
81,478,3.33
81,479,2.17
81,480,2.63
81,481,7.14
81,482,2.63
81,483,8.33
81,484,2.08
81,485,7.14
81,486,3.13
81,487,4.55
81,488,2.94
81,489,3.57
81,490,2.78
81,491,2.38
81,492,8.33
81,493,3.13
81,494,2.27
81,495,2.5
81,496,5.56
81,497,7.14
81,498,5
81,499,3.13
81,500,3.85
82,1,3.33
82,2,10
82,3,2.08
82,4,2.08
82,5,3.57
82,6,4.17
82,7,10
82,8,2.38
82,9,2.27
82,10,3.33
82,11,2.17
82,12,3.13
82,13,5.56
82,14,2.27
82,15,2
82,16,3.13
82,17,3.33
82,18,5
82,19,2.94
82,20,2.38
82,21,10
82,22,5
82,23,2.27
82,24,2.94
82,25,3.57
82,26,3.85
82,27,2.63
82,28,2.63
82,29,10
82,30,8.33
82,31,6.25
82,32,8.33
82,33,2.08
82,34,5.56
82,35,2.5
82,36,3.13
82,37,2.5
82,38,10
82,39,4.55
82,40,3.85
82,41,5
82,42,2.38
82,43,2.27
82,44,2.78
82,45,7.14
82,46,5
82,47,2
82,48,2.5
82,49,2.78
82,50,2.63
82,51,3.33
82,52,2.78
82,53,2.78
82,54,2.38
82,55,2.63
82,56,2
82,57,5
82,58,4.55
82,59,10
82,60,2.94
82,61,2.17
82,62,7.14
82,63,3.57
82,64,4.55
82,65,10
82,66,2.08
82,67,6.25
82,68,2.63
82,69,3.13
82,70,5.56
82,71,2.94
82,72,6.25
82,73,4.17
82,74,2.08
82,75,2.78
82,76,2.94
82,77,2.94
82,78,8.33
82,79,7.14
82,80,6.25
82,81,10
82,82,2
82,83,4.17
82,84,2.63
82,85,2
82,86,4.17
82,87,3.85
82,88,2
82,89,3.33
82,90,4.17
82,91,2.38
82,92,2.63
82,93,2.17
82,94,2.5
82,95,3.85
82,96,2.08
82,97,10
82,98,7.14
82,99,5.56
82,100,2.63
82,101,2.63
82,102,2
82,103,2.27
82,104,4.55
82,105,4.55
82,106,2
82,107,2.5
82,108,2.94
82,109,3.85
82,110,3.57
82,111,2.94
82,112,6.25
82,113,2.78
82,114,5.56
82,115,2.38
82,116,7.14
82,117,5
82,118,2.63
82,119,4.55
82,120,3.57
82,121,10
82,122,2.78
82,123,3.13
82,124,4.17
82,125,3.33
82,126,2.08
82,127,2
82,128,3.57
82,129,2.17
82,130,2.27
82,131,3.85
82,132,3.85
82,133,3.13
82,134,10
82,135,2.63
82,136,3.13
82,137,5
82,138,2.5
82,139,6.25
82,140,2.17
82,141,2.5
82,142,2.78
82,143,2.5
82,144,2.94
82,145,5
82,146,3.85
82,147,2.27
82,148,8.33
82,149,2.63
82,150,6.25
82,151,3.85
82,152,3.33
82,153,2.38
82,154,6.25
82,155,2.94
82,156,2.08
82,157,6.25
82,158,2.78
82,159,2.08
82,160,7.14
82,161,3.13
82,162,6.25
82,163,4.17
82,164,3.57
82,165,7.14
82,166,2.17
82,167,2.08
82,168,2.27
82,169,4.55
82,170,4.17
82,171,2.17
82,172,2.78
82,173,6.25
82,174,3.13
82,175,2.78
82,176,5.56
82,177,2.17
82,178,2.38
82,179,6.25
82,180,3.13
82,181,2.5
82,182,10
82,183,2.63
82,184,2.17
82,185,3.57
82,186,8.33
82,187,2.63
82,188,6.25
82,189,3.57
82,190,10
82,191,3.13
82,192,2
82,193,3.33
82,194,2.63
82,195,3.85
82,196,2
82,197,10
82,198,2.94
82,199,4.17
82,200,2.38
82,201,2.5
82,202,6.25
82,203,2.78
82,204,8.33
82,205,7.14
82,206,2.27
82,207,10
82,208,2.08
82,209,2.63
82,210,4.17
82,211,2.63
82,212,2.27
82,213,7.14
82,214,7.14
82,215,3.13
82,216,4.17
82,217,4.17
82,218,2.94
82,219,10
82,220,2
82,221,8.33
82,222,2.78
82,223,2.27
82,224,10
82,225,2.27
82,226,5
82,227,8.33
82,228,2.27
82,229,2.63
82,230,10
82,231,2.5
82,232,2.17
82,233,2.38
82,234,4.55
82,235,5
82,236,2.38
82,237,2.5
82,238,2.78
82,239,2.78
82,240,2
82,241,2.5
82,242,5.56
82,243,3.13
82,244,2.5
82,245,2.78
82,246,4.17
82,247,7.14
82,248,5.56
82,249,10
82,250,3.57
82,251,2.78
82,252,3.85
82,253,2.78
82,254,5
82,255,3.13
82,256,2.27
82,257,2.08
82,258,5.56
82,259,3.33
82,260,6.25
82,261,3.85
82,262,8.33
82,263,2.17
82,264,4.17
82,265,5.56
82,266,2.17
82,267,6.25
82,268,3.33
82,269,2.94
82,270,2.38
82,271,5.56
82,272,2
82,273,2.78
82,274,2.08
82,275,10
82,276,2.27
82,277,5.56
82,278,3.57
82,279,2.63
82,280,3.13
82,281,2.27
82,282,5.56
82,283,2.38
82,284,2.17
82,285,10
82,286,7.14
82,287,4.17
82,288,2.94
82,289,2.17
82,290,5
82,291,2.5
82,292,2.5
82,293,2.27
82,294,5
82,295,2.27
82,296,8.33
82,297,3.13
82,298,3.85
82,299,2
82,300,8.33
82,301,7.14
82,302,2.08
82,303,3.57
82,304,2
82,305,2.08
82,306,5
82,307,7.14
82,308,5.56
82,309,2.27
82,310,2
82,311,3.33
82,312,3.57
82,313,2.27
82,314,3.85
82,315,2.5
82,316,3.33
82,317,10
82,318,3.13
82,319,7.14
82,320,6.25
82,321,10
82,322,3.57
82,323,2.63
82,324,2.63
82,325,3.57
82,326,7.14
82,327,7.14
82,328,2.63
82,329,2.94
82,330,8.33
82,331,2.94
82,332,2
82,333,2.78
82,334,6.25
82,335,4.17
82,336,3.13
82,337,4.55
82,338,7.14
82,339,3.57
82,340,8.33
82,341,3.85
82,342,5
82,343,5
82,344,7.14
82,345,10
82,346,2.5
82,347,5
82,348,2.27
82,349,7.14
82,350,5
82,351,2.38
82,352,2.38
82,353,2.08
82,354,3.33
82,355,2.27
82,356,8.33
82,357,3.85
82,358,5.56
82,359,3.33
82,360,2.5
82,361,6.25
82,362,2.94
82,363,2
82,364,2.17
82,365,10
82,366,3.85
82,367,2.08
82,368,7.14
82,369,3.57
82,370,8.33
82,371,2.63
82,372,5
82,373,2.17
82,374,2.17
82,375,3.33
82,376,2.08
82,377,2.38
82,378,8.33
82,379,2.94
82,380,2
82,381,3.57
82,382,2.38
82,383,4.17
82,384,3.13
82,385,3.13
82,386,10
82,387,6.25
82,388,2.5
82,389,10
82,390,2
82,391,6.25
82,392,2.38
82,393,4.17
82,394,4.55
82,395,2.38
82,396,3.33
82,397,2.27
82,398,7.14
82,399,2.5
82,400,2.27
82,401,6.25
82,402,2.08
82,403,2
82,404,2.38
82,405,2.38
82,406,2.78
82,407,10
82,408,3.33
82,409,2
82,410,2.94
82,411,3.13
82,412,2.94
82,413,6.25
82,414,2.38
82,415,2.08
82,416,6.25
82,417,2.27
82,418,2
82,419,2
82,420,3.85
82,421,3.85
82,422,10
82,423,2.17
82,424,4.55
82,425,2.27
82,426,2.94
82,427,8.33
82,428,5
82,429,7.14
82,430,2.38
82,431,3.57
82,432,3.33
82,433,10
82,434,4.55
82,435,8.33
82,436,3.85
82,437,3.13
82,438,5
82,439,2
82,440,5
82,441,2.38
82,442,3.57
82,443,5.56
82,444,4.55
82,445,2.08
82,446,6.25
82,447,4.55
82,448,2.27
82,449,5
82,450,2.08
82,451,2.5
82,452,2.78
82,453,3.85
82,454,2.08
82,455,2.38
82,456,7.14
82,457,3.85
82,458,2.5
82,459,6.25
82,460,4.55
82,461,2.5
82,462,3.57
82,463,2
82,464,4.55
82,465,2.38
82,466,2.94
82,467,2.08
82,468,3.85
82,469,3.13
82,470,2
82,471,3.13
82,472,3.13
82,473,2.08
82,474,2.38
82,475,3.85
82,476,7.14
82,477,3.85
82,478,2.17
82,479,7.14
82,480,2.5
82,481,10
82,482,2.38
82,483,3.33
82,484,2.78
82,485,2.5
82,486,3.33
82,487,4.55
82,488,5
82,489,5
82,490,2.08
82,491,4.55
82,492,2
82,493,4.55
82,494,3.85
82,495,2.78
82,496,2.78
82,497,10
82,498,2.63
82,499,5.56
82,500,2.27
83,1,2.63
83,2,2.17
83,3,5
83,4,2.5
83,5,5
83,6,2
83,7,2.63
83,8,8.33
83,9,3.33
83,10,2.08
83,11,5
83,12,2.94
83,13,6.25
83,14,2.08
83,15,2
83,16,3.13
83,17,2.17
83,18,3.33
83,19,7.14
83,20,2.63
83,21,8.33
83,22,4.55
83,23,2.08
83,24,2.27
83,25,5
83,26,3.85
83,27,2.78
83,28,2.17
83,29,7.14
83,30,4.55
83,31,8.33
83,32,2.38
83,33,3.85
83,34,4.17
83,35,2.78
83,36,3.33
83,37,2.27
83,38,2.63
83,39,2.78
83,40,2.17
83,41,4.17
83,42,2.27
83,43,3.85
83,44,2.27
83,45,2
83,46,7.14
83,47,2.38
83,48,6.25
83,49,2
83,50,2
83,51,2.08
83,52,2.94
83,53,2.27
83,54,3.57
83,55,2.94
83,56,2
83,57,8.33
83,58,2.63
83,59,10
83,60,8.33
83,61,2.17
83,62,3.85
83,63,4.55
83,64,2.5
83,65,10
83,66,7.14
83,67,4.17
83,68,2
83,69,3.57
83,70,2.17
83,71,3.33
83,72,2.17
83,73,5.56
83,74,2.27
83,75,7.14
83,76,4.17
83,77,2.08
83,78,4.55
83,79,8.33
83,80,5.56
83,81,2.5
83,82,4.17
83,83,3.85
83,84,6.25
83,85,2.78
83,86,2.17
83,87,10
83,88,2.17
83,89,5.56
83,90,7.14
83,91,5
83,92,2.5
83,93,3.57
83,94,2
83,95,5.56
83,96,4.17
83,97,3.85
83,98,3.33
83,99,2.17
83,100,2.17
83,101,4.17
83,102,3.57
83,103,8.33
83,104,3.57
83,105,2.08
83,106,5.56
83,107,6.25
83,108,7.14
83,109,6.25
83,110,2.38
83,111,2.78
83,112,5.56
83,113,4.17
83,114,2.63
83,115,6.25
83,116,2.17
83,117,3.85
83,118,5
83,119,2.27
83,120,2.78
83,121,3.85
83,122,3.33
83,123,3.57
83,124,5
83,125,2.17
83,126,2
83,127,2.27
83,128,4.55
83,129,10
83,130,5.56
83,131,2.5
83,132,5.56
83,133,4.17
83,134,2.63
83,135,5
83,136,2.63
83,137,3.13
83,138,10
83,139,2.63
83,140,8.33
83,141,2.38
83,142,2.78
83,143,10
83,144,2.5
83,145,2.94
83,146,2.27
83,147,5.56
83,148,2.17
83,149,2.27
83,150,2
83,151,8.33
83,152,6.25
83,153,2
83,154,3.57
83,155,2.27
83,156,2.17
83,157,10
83,158,4.17
83,159,2.63
83,160,2.78
83,161,6.25
83,162,3.57
83,163,3.57
83,164,2.94
83,165,4.17
83,166,2.17
83,167,3.85
83,168,5
83,169,2.63
83,170,5.56
83,171,4.55
83,172,2.17
83,173,5
83,174,10
83,175,2
83,176,2.08
83,177,5.56
83,178,5.56
83,179,2.63
83,180,5.56
83,181,2.94
83,182,6.25
83,183,3.33
83,184,5.56
83,185,3.13
83,186,4.55
83,187,4.55
83,188,8.33
83,189,8.33
83,190,2.08
83,191,8.33
83,192,3.13
83,193,3.85
83,194,5
83,195,4.17
83,196,6.25
83,197,2.78
83,198,2.27
83,199,2.63
83,200,3.13
83,201,2.94
83,202,5
83,203,8.33
83,204,5.56
83,205,2.78
83,206,2.38
83,207,8.33
83,208,5
83,209,2.94
83,210,2
83,211,2.27
83,212,4.17
83,213,6.25
83,214,3.13
83,215,7.14
83,216,2
83,217,2.5
83,218,10
83,219,2.5
83,220,7.14
83,221,2
83,222,2.08
83,223,2.78
83,224,6.25
83,225,2.5
83,226,7.14
83,227,3.57
83,228,2.78
83,229,7.14
83,230,2.63
83,231,2.78
83,232,8.33
83,233,8.33
83,234,2.08
83,235,3.57
83,236,2.38
83,237,7.14
83,238,5
83,239,10
83,240,2.63
83,241,4.55
83,242,5
83,243,8.33
83,244,6.25
83,245,5.56
83,246,6.25
83,247,2.5
83,248,3.57
83,249,3.13
83,250,3.85
83,251,4.55
83,252,2.27
83,253,2.27
83,254,5
83,255,2.63
83,256,4.17
83,257,2.17
83,258,4.55
83,259,2.38
83,260,8.33
83,261,3.13
83,262,2.78
83,263,2.38
83,264,2.94
83,265,2.17
83,266,6.25
83,267,2.63
83,268,2.27
83,269,7.14
83,270,4.55
83,271,2.38
83,272,2.63
83,273,2.5
83,274,3.13
83,275,3.33
83,276,2.94
83,277,5
83,278,5
83,279,2.27
83,280,5.56
83,281,5
83,282,4.55
83,283,6.25
83,284,10
83,285,3.13
83,286,8.33
83,287,2.38
83,288,10
83,289,6.25
83,290,3.13
83,291,3.85
83,292,7.14
83,293,2.08
83,294,7.14
83,295,2.78
83,296,2.38
83,297,2.78
83,298,2.38
83,299,3.13
83,300,2.94
83,301,4.17
83,302,2
83,303,2.08
83,304,2.38
83,305,3.13
83,306,2.27
83,307,10
83,308,3.57
83,309,3.57
83,310,3.33
83,311,3.85
83,312,7.14
83,313,2.94
83,314,8.33
83,315,7.14
83,316,2.5
83,317,4.17
83,318,5
83,319,2.5
83,320,5
83,321,10
83,322,5
83,323,3.33
83,324,2.17
83,325,2.63
83,326,2.5
83,327,2.94
83,328,6.25
83,329,2.08
83,330,2
83,331,2.94
83,332,6.25
83,333,8.33
83,334,3.85
83,335,2.27
83,336,4.55
83,337,8.33
83,338,4.55
83,339,2.63
83,340,3.57
83,341,4.17
83,342,2.08
83,343,3.85
83,344,2.78
83,345,3.57
83,346,5
83,347,4.17
83,348,2.94
83,349,5
83,350,2.27
83,351,8.33
83,352,2.94
83,353,2.94
83,354,3.57
83,355,3.57
83,356,3.85
83,357,2.78
83,358,2.38
83,359,3.57
83,360,2.17
83,361,4.17
83,362,8.33
83,363,4.55
83,364,4.55
83,365,3.33
83,366,4.17
83,367,3.33
83,368,3.33
83,369,2.94
83,370,2.08
83,371,10
83,372,2
83,373,3.13
83,374,4.55
83,375,2.94
83,376,3.33
83,377,2.08
83,378,2
83,379,7.14
83,380,2.38
83,381,2
83,382,3.33
83,383,2.17
83,384,6.25
83,385,2.63
83,386,8.33
83,387,3.13
83,388,2.94
83,389,2.5
83,390,2.08
83,391,3.33
83,392,10
83,393,10
83,394,8.33
83,395,2.17
83,396,4.55
83,397,2.63
83,398,4.17
83,399,2.5
83,400,4.17
83,401,2.78
83,402,2.08
83,403,2
83,404,3.57
83,405,8.33
83,406,5
83,407,2.94
83,408,5.56
83,409,5
83,410,6.25
83,411,2.17
83,412,6.25
83,413,2.38
83,414,2.78
83,415,5
83,416,2.38
83,417,2.27
83,418,8.33
83,419,4.55
83,420,2.63
83,421,2.08
83,422,3.13
83,423,2.27
83,424,2.38
83,425,2.38
83,426,2.63
83,427,3.33
83,428,2
83,429,2.27
83,430,8.33
83,431,2.94
83,432,8.33
83,433,8.33
83,434,8.33
83,435,2.78
83,436,7.14
83,437,10
83,438,2.78
83,439,2.08
83,440,3.13
83,441,2.5
83,442,3.33
83,443,2.5
83,444,8.33
83,445,2.63
83,446,7.14
83,447,3.33
83,448,4.17
83,449,8.33
83,450,5
83,451,6.25
83,452,5.56
83,453,8.33
83,454,2.5
83,455,2.38
83,456,10
83,457,4.17
83,458,2
83,459,2.94
83,460,3.57
83,461,2.78
83,462,2.5
83,463,2.94
83,464,5.56
83,465,5
83,466,3.85
83,467,7.14
83,468,5
83,469,2.27
83,470,3.13
83,471,3.33
83,472,2.38
83,473,3.33
83,474,2.63
83,475,4.17
83,476,3.57
83,477,5.56
83,478,2
83,479,2.17
83,480,2.27
83,481,2.17
83,482,2.78
83,483,2.38
83,484,2.17
83,485,2.38
83,486,2
83,487,4.17
83,488,2.78
83,489,2.27
83,490,3.57
83,491,5.56
83,492,2.63
83,493,4.55
83,494,5.56
83,495,2.08
83,496,3.57
83,497,3.33
83,498,10
83,499,2.08
83,500,4.55
84,1,6.25
84,2,10
84,3,3.57
84,4,8.33
84,5,6.25
84,6,2.08
84,7,3.13
84,8,4.17
84,9,3.57
84,10,2.78
84,11,3.33
84,12,10
84,13,2.08
84,14,2.5
84,15,2
84,16,3.57
84,17,2.78
84,18,2
84,19,2.27
84,20,2.5
84,21,4.55
84,22,2.78
84,23,6.25
84,24,2.63
84,25,3.57
84,26,2.63
84,27,5
84,28,3.85
84,29,4.17
84,30,2.5
84,31,7.14
84,32,2.17
84,33,2.27
84,34,2.63
84,35,4.17
84,36,2
84,37,5
84,38,2.78
84,39,5
84,40,2.38
84,41,3.13
84,42,2.17
84,43,2.38
84,44,5.56
84,45,2.27
84,46,4.17
84,47,2
84,48,6.25
84,49,3.85
84,50,2.08
84,51,5.56
84,52,2.63
84,53,2.27
84,54,2.94
84,55,2.08
84,56,2.08
84,57,2.17
84,58,2.08
84,59,3.85
84,60,7.14
84,61,4.17
84,62,2.94
84,63,4.55
84,64,2
84,65,2.63
84,66,5.56
84,67,5.56
84,68,2.94
84,69,5
84,70,2
84,71,2.17
84,72,2.08
84,73,3.85
84,74,2
84,75,6.25
84,76,2.08
84,77,7.14
84,78,2.08
84,79,5.56
84,80,2.27
84,81,2.78
84,82,2.27
84,83,2.38
84,84,6.25
84,85,3.33
84,86,6.25
84,87,3.57
84,88,8.33
84,89,7.14
84,90,3.33
84,91,8.33
84,92,2.08
84,93,3.85
84,94,2.27
84,95,2
84,96,10
84,97,4.55
84,98,2.27
84,99,2.08
84,100,3.57
84,101,3.13
84,102,4.17
84,103,3.57
84,104,2.17
84,105,4.17
84,106,7.14
84,107,4.55
84,108,4.17
84,109,2.38
84,110,4.55
84,111,4.17
84,112,3.85
84,113,4.17
84,114,3.33
84,115,4.55
84,116,5.56
84,117,3.13
84,118,2
84,119,5
84,120,10
84,121,2.63
84,122,2.27
84,123,7.14
84,124,2.38
84,125,3.57
84,126,10
84,127,7.14
84,128,7.14
84,129,10
84,130,2.94
84,131,2.08
84,132,3.33
84,133,4.55
84,134,6.25
84,135,5
84,136,7.14
84,137,3.57
84,138,3.33
84,139,5.56
84,140,8.33
84,141,3.57
84,142,2.94
84,143,2
84,144,5
84,145,7.14
84,146,10
84,147,3.33
84,148,3.13
84,149,4.17
84,150,4.55
84,151,3.33
84,152,3.57
84,153,2.08
84,154,2.78
84,155,2.5
84,156,3.13
84,157,2
84,158,4.55
84,159,3.85
84,160,7.14
84,161,2
84,162,2
84,163,2.38
84,164,2.38
84,165,7.14
84,166,2.5
84,167,2.94
84,168,2.78
84,169,4.55
84,170,2
84,171,3.57
84,172,2.5
84,173,2.38
84,174,8.33
84,175,2.5
84,176,2.78
84,177,2.38
84,178,6.25
84,179,2.17
84,180,6.25
84,181,2
84,182,2.27
84,183,5
84,184,3.33
84,185,4.17
84,186,2.5
84,187,6.25
84,188,4.17
84,189,10
84,190,2.27
84,191,3.33
84,192,2.94
84,193,8.33
84,194,2.78
84,195,3.85
84,196,2.63
84,197,2.63
84,198,3.13
84,199,2.5
84,200,3.85
84,201,2.5
84,202,4.55
84,203,2.27
84,204,5
84,205,3.57
84,206,2.63
84,207,2.78
84,208,2.78
84,209,7.14
84,210,4.17
84,211,2.27
84,212,4.55
84,213,2.63
84,214,2.17
84,215,3.85
84,216,2.17
84,217,4.17
84,218,7.14
84,219,7.14
84,220,3.85
84,221,8.33
84,222,3.85
84,223,4.17
84,224,2.27
84,225,2.78
84,226,6.25
84,227,5.56
84,228,3.57
84,229,3.85
84,230,4.17
84,231,3.13
84,232,2
84,233,3.57
84,234,3.13
84,235,8.33
84,236,2.17
84,237,3.57
84,238,3.85
84,239,2.63
84,240,4.17
84,241,2.08
84,242,5
84,243,3.85
84,244,6.25
84,245,2.63
84,246,2.08
84,247,3.13
84,248,5.56
84,249,4.17
84,250,6.25
84,251,2.5
84,252,3.57
84,253,3.33
84,254,2.5
84,255,3.33
84,256,5.56
84,257,3.85
84,258,2.94
84,259,3.57
84,260,4.55
84,261,7.14
84,262,2.5
84,263,2.5
84,264,2
84,265,3.57
84,266,2.5
84,267,2.27
84,268,2.08
84,269,2.08
84,270,2.63
84,271,2.17
84,272,3.57
84,273,4.17
84,274,3.57
84,275,3.85
84,276,3.13
84,277,2.38
84,278,2
84,279,5.56
84,280,2.78
84,281,7.14
84,282,3.57
84,283,6.25
84,284,2.27
84,285,2.78
84,286,5.56
84,287,2.27
84,288,2.78
84,289,3.13
84,290,2.78
84,291,2.17
84,292,2.17
84,293,8.33
84,294,2.5
84,295,2.63
84,296,10
84,297,7.14
84,298,4.55
84,299,2.63
84,300,4.17
84,301,2.27
84,302,2.5
84,303,3.33
84,304,2.17
84,305,2.94
84,306,4.17
84,307,2.38
84,308,2.38
84,309,2.5
84,310,2.38
84,311,5.56
84,312,8.33
84,313,2.08
84,314,4.55
84,315,2.63
84,316,6.25
84,317,2.38
84,318,2.63
84,319,2
84,320,2
84,321,3.57
84,322,3.33
84,323,4.55
84,324,3.13
84,325,2.94
84,326,5.56
84,327,3.57
84,328,2.63
84,329,2
84,330,2.5
84,331,5
84,332,2.08
84,333,2.78
84,334,2.27
84,335,5.56
84,336,2.08
84,337,3.33
84,338,2.63
84,339,7.14
84,340,8.33
84,341,3.13
84,342,3.85
84,343,10
84,344,2.78
84,345,2.5
84,346,4.55
84,347,5.56
84,348,2.38
84,349,2.94
84,350,3.85
84,351,3.13
84,352,2.63
84,353,2.5
84,354,3.57
84,355,5.56
84,356,2
84,357,2.17
84,358,4.17
84,359,5.56
84,360,10
84,361,2.27
84,362,2.5
84,363,5
84,364,3.57
84,365,2.5
84,366,2.78
84,367,7.14
84,368,2.17
84,369,6.25
84,370,2.5
84,371,2.27
84,372,2.63
84,373,7.14
84,374,6.25
84,375,2
84,376,3.13
84,377,10
84,378,2.63
84,379,4.55
84,380,2
84,381,2.08
84,382,5
84,383,3.85
84,384,4.17
84,385,2.5
84,386,3.33
84,387,3.57
84,388,2.78
84,389,2.17
84,390,4.17
84,391,7.14
84,392,10
84,393,2.78
84,394,6.25
84,395,10
84,396,2.5
84,397,2.78
84,398,3.85
84,399,2.38
84,400,2.63
84,401,2.5
84,402,6.25
84,403,4.17
84,404,2.78
84,405,2.38
84,406,2.94
84,407,6.25
84,408,3.13
84,409,2.08
84,410,3.33
84,411,2.08
84,412,2.27
84,413,8.33
84,414,7.14
84,415,3.13
84,416,3.33
84,417,2.17
84,418,5
84,419,3.57
84,420,4.55
84,421,8.33
84,422,8.33
84,423,2.27
84,424,4.17
84,425,3.33
84,426,2.17
84,427,2.38
84,428,2.17
84,429,8.33
84,430,2.17
84,431,8.33
84,432,3.13
84,433,6.25
84,434,3.85
84,435,2.38
84,436,2.08
84,437,10
84,438,3.13
84,439,2.63
84,440,5
84,441,2.08
84,442,4.55
84,443,2.5
84,444,4.55
84,445,8.33
84,446,4.55
84,447,7.14
84,448,3.85
84,449,2.38
84,450,3.33
84,451,3.57
84,452,2
84,453,2.38
84,454,6.25
84,455,2.5
84,456,3.57
84,457,2.94
84,458,4.17
84,459,4.17
84,460,7.14
84,461,2.17
84,462,2.63
84,463,3.13
84,464,8.33
84,465,5.56
84,466,2.27
84,467,6.25
84,468,2.17
84,469,6.25
84,470,8.33
84,471,3.33
84,472,3.85
84,473,3.85
84,474,2.63
84,475,2.78
84,476,3.57
84,477,5
84,478,3.13
84,479,2.38
84,480,3.57
84,481,4.55
84,482,3.57
84,483,3.13
84,484,2.17
84,485,7.14
84,486,2.08
84,487,2.08
84,488,2.5
84,489,3.57
84,490,2.78
84,491,2.27
84,492,2
84,493,8.33
84,494,3.13
84,495,2.5
84,496,5.56
84,497,2.17
84,498,3.33
84,499,4.17
84,500,2
85,1,3.33
85,2,4.17
85,3,2
85,4,2.08
85,5,3.33
85,6,2.63
85,7,2.38
85,8,5
85,9,3.57
85,10,2.5
85,11,2.27
85,12,8.33
85,13,2.17
85,14,10
85,15,2.27
85,16,2.78
85,17,2
85,18,6.25
85,19,3.33
85,20,2.38
85,21,2.63
85,22,3.13
85,23,4.17
85,24,2.94
85,25,6.25
85,26,10
85,27,5
85,28,2.63
85,29,2
85,30,3.85
85,31,10
85,32,2.38
85,33,5.56
85,34,6.25
85,35,2.38
85,36,10
85,37,3.85
85,38,2.27
85,39,2.08
85,40,2
85,41,2.94
85,42,2.17
85,43,4.17
85,44,3.57
85,45,2.17
85,46,10
85,47,5
85,48,10
85,49,2.38
85,50,7.14
85,51,5.56
85,52,2.78
85,53,5
85,54,4.17
85,55,3.13
85,56,2.94
85,57,2.38
85,58,2
85,59,3.13
85,60,3.85
85,61,2.63
85,62,7.14
85,63,2.08
85,64,5.56
85,65,2.78
85,66,2.38
85,67,2.38
85,68,7.14
85,69,8.33
85,70,3.85
85,71,2.94
85,72,2.17
85,73,5.56
85,74,5.56
85,75,2
85,76,2.94
85,77,8.33
85,78,3.85
85,79,7.14
85,80,8.33
85,81,5
85,82,5
85,83,3.57
85,84,5.56
85,85,3.13
85,86,6.25
85,87,5
85,88,3.13
85,89,2.78
85,90,2.27
85,91,4.17
85,92,2.5
85,93,3.33
85,94,5
85,95,7.14
85,96,2.27
85,97,8.33
85,98,7.14
85,99,4.55
85,100,2.08
85,101,3.85
85,102,3.85
85,103,3.13
85,104,7.14
85,105,2.27
85,106,6.25
85,107,2.5
85,108,2.94
85,109,2
85,110,2.27
85,111,4.55
85,112,5
85,113,2.63
85,114,2.38
85,115,2.27
85,116,2.27
85,117,5
85,118,10
85,119,2.17
85,120,2.78
85,121,2.63
85,122,2.17
85,123,7.14
85,124,2.08
85,125,6.25
85,126,2.38
85,127,3.57
85,128,2.17
85,129,3.85
85,130,2.27
85,131,3.13
85,132,2.17
85,133,3.57
85,134,2.27
85,135,2.27
85,136,10
85,137,5
85,138,3.33
85,139,3.13
85,140,5.56
85,141,3.57
85,142,2.94
85,143,10
85,144,4.55
85,145,2.08
85,146,2.78
85,147,3.33
85,148,10
85,149,10
85,150,7.14
85,151,2.94
85,152,2.38
85,153,2.27
85,154,5
85,155,2.78
85,156,2.38
85,157,2.27
85,158,2.94
85,159,3.57
85,160,3.33
85,161,3.57
85,162,2.94
85,163,8.33
85,164,2.38
85,165,8.33
85,166,5.56
85,167,8.33
85,168,3.13
85,169,2.08
85,170,2.5
85,171,5
85,172,2.27
85,173,3.33
85,174,3.85
85,175,5.56
85,176,3.33
85,177,2.5
85,178,4.55
85,179,6.25
85,180,2.78
85,181,2.5
85,182,2.38
85,183,3.13
85,184,2.5
85,185,4.17
85,186,7.14
85,187,4.55
85,188,3.13
85,189,7.14
85,190,3.85
85,191,2
85,192,2.63
85,193,3.33
85,194,8.33
85,195,5.56
85,196,3.57
85,197,3.57
85,198,8.33
85,199,10
85,200,3.57
85,201,3.33
85,202,2.5
85,203,2.94
85,204,2.63
85,205,8.33
85,206,2.38
85,207,5
85,208,8.33
85,209,3.13
85,210,5
85,211,2.08
85,212,2.08
85,213,3.13
85,214,2.78
85,215,3.33
85,216,8.33
85,217,2.08
85,218,3.85
85,219,3.13
85,220,2.08
85,221,8.33
85,222,2.63
85,223,2.5
85,224,2.38
85,225,7.14
85,226,2
85,227,8.33
85,228,3.13
85,229,7.14
85,230,2.27
85,231,10
85,232,3.33
85,233,5.56
85,234,2.38
85,235,2.08
85,236,2.27
85,237,6.25
85,238,10
85,239,3.57
85,240,2.27
85,241,3.85
85,242,5
85,243,3.13
85,244,6.25
85,245,4.55
85,246,3.57
85,247,2.94
85,248,4.55
85,249,2.38
85,250,3.85
85,251,5
85,252,3.13
85,253,5
85,254,2.94
85,255,2.08
85,256,2
85,257,5.56
85,258,3.13
85,259,2
85,260,7.14
85,261,8.33
85,262,3.85
85,263,3.13
85,264,10
85,265,2.78
85,266,5
85,267,6.25
85,268,3.85
85,269,3.13
85,270,3.33
85,271,2.63
85,272,2.17
85,273,2.5
85,274,8.33
85,275,5
85,276,2.17
85,277,8.33
85,278,3.85
85,279,3.33
85,280,2.63
85,281,5
85,282,3.85
85,283,2
85,284,2.78
85,285,2.5
85,286,7.14
85,287,3.33
85,288,4.55
85,289,2.27
85,290,2.17
85,291,2.5
85,292,10
85,293,2.27
85,294,3.57
85,295,2.17
85,296,2.78
85,297,3.57
85,298,2
85,299,3.85
85,300,6.25
85,301,2
85,302,2.5
85,303,2.17
85,304,4.17
85,305,3.85
85,306,2.94
85,307,3.13
85,308,6.25
85,309,3.85
85,310,3.57
85,311,2.08
85,312,4.17
85,313,2.5
85,314,3.13
85,315,2.63
85,316,2.27
85,317,5
85,318,4.55
85,319,5
85,320,3.85
85,321,2.08
85,322,3.13
85,323,5.56
85,324,8.33
85,325,2.08
85,326,3.85
85,327,4.17
85,328,6.25
85,329,4.55
85,330,5
85,331,3.85
85,332,2.27
85,333,4.17
85,334,2.17
85,335,2.27
85,336,2
85,337,3.85
85,338,2.17
85,339,2.63
85,340,2.27
85,341,2.94
85,342,2.27
85,343,5
85,344,2.17
85,345,3.33
85,346,2.08
85,347,3.33
85,348,8.33
85,349,7.14
85,350,2.27
85,351,7.14
85,352,2.17
85,353,8.33
85,354,7.14
85,355,3.13
85,356,4.17
85,357,3.33
85,358,2.5
85,359,4.17
85,360,4.17
85,361,7.14
85,362,2.38
85,363,6.25
85,364,2.17
85,365,4.17
85,366,2.63
85,367,2.94
85,368,2.78
85,369,2.08
85,370,2.08
85,371,2.38
85,372,3.57
85,373,6.25
85,374,3.85
85,375,4.17
85,376,2.63
85,377,2.38
85,378,4.55
85,379,10
85,380,2.38
85,381,8.33
85,382,2.38
85,383,2.63
85,384,2.17
85,385,2.27
85,386,3.33
85,387,2.27
85,388,8.33
85,389,7.14
85,390,3.13
85,391,3.85
85,392,7.14
85,393,2.5
85,394,3.13
85,395,7.14
85,396,2.78
85,397,3.13
85,398,5
85,399,3.85
85,400,3.57
85,401,3.13
85,402,2.78
85,403,8.33
85,404,2.27
85,405,6.25
85,406,2.08
85,407,5
85,408,2.63
85,409,7.14
85,410,3.57
85,411,3.13
85,412,2.5
85,413,2.17
85,414,8.33
85,415,2.27
85,416,2.5
85,417,3.57
85,418,2.08
85,419,2.5
85,420,2.63
85,421,2.38
85,422,2.17
85,423,2.5
85,424,2.78
85,425,2
85,426,2.17
85,427,5
85,428,10
85,429,3.85
85,430,2.38
85,431,8.33
85,432,5.56
85,433,3.13
85,434,7.14
85,435,8.33
85,436,5
85,437,2.27
85,438,3.13
85,439,4.17
85,440,8.33
85,441,7.14
85,442,2.38
85,443,6.25
85,444,5.56
85,445,2
85,446,8.33
85,447,7.14
85,448,3.57
85,449,7.14
85,450,3.33
85,451,3.57
85,452,2
85,453,2.27
85,454,3.85
85,455,3.57
85,456,3.13
85,457,6.25
85,458,3.57
85,459,5.56
85,460,5.56
85,461,8.33
85,462,7.14
85,463,3.33
85,464,10
85,465,5
85,466,2.08
85,467,2
85,468,6.25
85,469,2
85,470,2.17
85,471,2.08
85,472,10
85,473,2.5
85,474,2
85,475,2.94
85,476,2.27
85,477,3.33
85,478,3.85
85,479,5.56
85,480,2.63
85,481,5
85,482,2.38
85,483,2.08
85,484,3.57
85,485,4.55
85,486,4.55
85,487,3.85
85,488,2
85,489,2.27
85,490,5.56
85,491,6.25
85,492,2.17
85,493,6.25
85,494,4.17
85,495,3.33
85,496,4.17
85,497,4.17
85,498,2.38
85,499,2.63
85,500,3.33
86,1,5
86,2,8.33
86,3,2.5
86,4,10
86,5,2.27
86,6,4.17
86,7,2
86,8,2.94
86,9,3.57
86,10,3.85
86,11,6.25
86,12,2.5
86,13,6.25
86,14,2.63
86,15,2.63
86,16,3.13
86,17,2.08
86,18,2.27
86,19,6.25
86,20,3.85
86,21,2.27
86,22,2.5
86,23,7.14
86,24,2.5
86,25,5.56
86,26,2.27
86,27,2.94
86,28,3.57
86,29,2.17
86,30,6.25
86,31,3.13
86,32,2.78
86,33,2.08
86,34,2.38
86,35,3.85
86,36,2.17
86,37,4.17
86,38,7.14
86,39,5
86,40,2.5
86,41,4.55
86,42,3.33
86,43,3.33
86,44,2.63
86,45,2.17
86,46,2.5
86,47,2.78
86,48,2.27
86,49,3.33
86,50,2.27
86,51,4.55
86,52,2.78
86,53,3.13
86,54,2
86,55,3.85
86,56,4.55
86,57,3.13
86,58,3.13
86,59,3.57
86,60,3.13
86,61,2.94
86,62,2.94
86,63,2
86,64,4.17
86,65,2
86,66,7.14
86,67,7.14
86,68,2
86,69,10
86,70,7.14
86,71,6.25
86,72,2.08
86,73,3.13
86,74,2.63
86,75,4.17
86,76,3.13
86,77,2.38
86,78,4.17
86,79,3.33
86,80,2.38
86,81,2.5
86,82,2.78
86,83,2.63
86,84,10
86,85,4.55
86,86,2.38
86,87,8.33
86,88,2
86,89,2.94
86,90,3.85
86,91,2
86,92,2.38
86,93,2.5
86,94,5.56
86,95,8.33
86,96,2.5
86,97,8.33
86,98,3.13
86,99,2.63
86,100,2.94
86,101,8.33
86,102,7.14
86,103,2.17
86,104,2.27
86,105,7.14
86,106,3.85
86,107,6.25
86,108,4.17
86,109,8.33
86,110,2.63
86,111,4.17
86,112,2.08
86,113,2.38
86,114,7.14
86,115,5.56
86,116,10
86,117,3.13
86,118,6.25
86,119,3.85
86,120,7.14
86,121,5
86,122,5.56
86,123,2
86,124,5.56
86,125,7.14
86,126,2.08
86,127,2.17
86,128,2.63
86,129,6.25
86,130,3.85
86,131,6.25
86,132,2.38
86,133,6.25
86,134,2.27
86,135,2
86,136,3.57
86,137,8.33
86,138,4.55
86,139,4.55
86,140,3.13
86,141,2.5
86,142,10
86,143,3.85
86,144,2.17
86,145,2.17
86,146,5
86,147,3.13
86,148,2
86,149,2.38
86,150,8.33
86,151,8.33
86,152,2.63
86,153,2.17
86,154,2.17
86,155,3.13
86,156,3.85
86,157,3.13
86,158,3.57
86,159,5
86,160,2.27
86,161,4.55
86,162,6.25
86,163,2.5
86,164,3.33
86,165,2
86,166,2.5
86,167,2.08
86,168,4.17
86,169,2.38
86,170,2.38
86,171,2.38
86,172,2.78
86,173,2.78
86,174,2.27
86,175,3.85
86,176,10
86,177,7.14
86,178,4.17
86,179,5
86,180,3.13
86,181,2.17
86,182,5
86,183,2.94
86,184,2.63
86,185,7.14
86,186,10
86,187,7.14
86,188,2.5
86,189,10
86,190,2.17
86,191,4.17
86,192,4.55
86,193,4.55
86,194,3.33
86,195,2.38
86,196,4.55
86,197,7.14
86,198,2
86,199,3.57
86,200,2.27
86,201,2.08
86,202,2.63
86,203,2.5
86,204,2
86,205,5.56
86,206,6.25
86,207,2.5
86,208,3.33
86,209,2.38
86,210,3.85
86,211,2.94
86,212,3.57
86,213,3.57
86,214,3.85
86,215,2.94
86,216,2.27
86,217,4.17
86,218,4.55
86,219,2.17
86,220,2.78
86,221,2.38
86,222,2.17
86,223,5
86,224,2.63
86,225,3.33
86,226,2.63
86,227,2.17
86,228,2.5
86,229,8.33
86,230,3.57
86,231,4.17
86,232,2.5
86,233,8.33
86,234,2.94
86,235,5.56
86,236,3.13
86,237,2
86,238,2.94
86,239,2.5
86,240,3.13
86,241,7.14
86,242,2.78
86,243,2.5
86,244,2.38
86,245,2.08
86,246,2.94
86,247,2
86,248,2
86,249,3.13
86,250,2.94
86,251,2.38
86,252,5
86,253,5.56
86,254,5
86,255,3.57
86,256,5
86,257,2.27
86,258,5
86,259,4.55
86,260,2.94
86,261,4.17
86,262,4.55
86,263,10
86,264,3.13
86,265,3.57
86,266,5.56
86,267,2
86,268,7.14
86,269,3.85
86,270,4.17
86,271,5.56
86,272,3.13
86,273,4.17
86,274,3.13
86,275,4.55
86,276,2.38
86,277,5.56
86,278,4.55
86,279,7.14
86,280,8.33
86,281,3.13
86,282,5
86,283,3.13
86,284,4.17
86,285,2.94
86,286,3.33
86,287,8.33
86,288,2.94
86,289,5.56
86,290,3.13
86,291,8.33
86,292,2.17
86,293,2.38
86,294,4.55
86,295,2.17
86,296,8.33
86,297,2.08
86,298,5
86,299,2.27
86,300,6.25
86,301,2.63
86,302,5.56
86,303,4.17
86,304,2.27
86,305,3.33
86,306,5.56
86,307,4.55
86,308,2.94
86,309,2.5
86,310,2.08
86,311,3.13
86,312,3.57
86,313,5.56
86,314,2.08
86,315,4.17
86,316,2.78
86,317,2.94
86,318,3.13
86,319,2.94
86,320,2.94
86,321,5
86,322,2.38
86,323,2.94
86,324,3.33
86,325,5.56
86,326,5
86,327,2.17
86,328,6.25
86,329,3.85
86,330,4.55
86,331,2.27
86,332,3.57
86,333,2
86,334,5
86,335,5.56
86,336,5.56
86,337,4.17
86,338,3.57
86,339,5.56
86,340,10
86,341,3.57
86,342,3.85
86,343,4.17
86,344,4.17
86,345,2.63
86,346,10
86,347,2.78
86,348,3.13
86,349,10
86,350,3.85
86,351,7.14
86,352,3.33
86,353,5.56
86,354,7.14
86,355,4.55
86,356,2.78
86,357,8.33
86,358,2.63
86,359,7.14
86,360,2.08
86,361,5
86,362,2.94
86,363,2.27
86,364,2.5
86,365,3.33
86,366,5
86,367,3.57
86,368,3.57
86,369,5
86,370,3.57
86,371,10
86,372,2.78
86,373,5.56
86,374,2
86,375,2
86,376,3.85
86,377,2.94
86,378,2.63
86,379,10
86,380,3.85
86,381,4.55
86,382,5
86,383,7.14
86,384,5
86,385,2.38
86,386,4.17
86,387,3.33
86,388,2.94
86,389,2.38
86,390,2.94
86,391,3.85
86,392,2.38
86,393,2.38
86,394,7.14
86,395,10
86,396,2.27
86,397,7.14
86,398,2.78
86,399,3.85
86,400,2.17
86,401,3.57
86,402,3.57
86,403,2.5
86,404,5
86,405,2.08
86,406,2
86,407,3.33
86,408,2.94
86,409,10
86,410,5.56
86,411,2.27
86,412,7.14
86,413,4.17
86,414,5
86,415,3.85
86,416,7.14
86,417,5
86,418,5.56
86,419,3.57
86,420,4.17
86,421,6.25
86,422,2.38
86,423,3.13
86,424,3.13
86,425,8.33
86,426,2.5
86,427,5.56
86,428,3.33
86,429,2.5
86,430,2.94
86,431,3.13
86,432,5.56
86,433,6.25
86,434,3.85
86,435,3.57
86,436,2.17
86,437,4.17
86,438,5.56
86,439,5.56
86,440,2.08
86,441,3.85
86,442,2.08
86,443,3.13
86,444,5.56
86,445,2.17
86,446,3.57
86,447,10
86,448,2.08
86,449,4.55
86,450,8.33
86,451,2.5
86,452,2.17
86,453,3.33
86,454,8.33
86,455,10
86,456,5.56
86,457,2.94
86,458,3.33
86,459,2.27
86,460,3.57
86,461,2.27
86,462,2.78
86,463,2
86,464,4.17
86,465,3.57
86,466,7.14
86,467,2.27
86,468,2.27
86,469,4.55
86,470,3.85
86,471,3.33
86,472,10
86,473,2.5
86,474,3.57
86,475,3.85
86,476,5
86,477,2.27
86,478,3.57
86,479,8.33
86,480,4.17
86,481,7.14
86,482,2.94
86,483,5.56
86,484,3.85
86,485,8.33
86,486,3.33
86,487,2.94
86,488,2.63
86,489,10
86,490,2
86,491,2.27
86,492,2.17
86,493,5.56
86,494,2.94
86,495,2.38
86,496,2.63
86,497,3.85
86,498,7.14
86,499,2.63
86,500,8.33
87,1,8.33
87,2,2.78
87,3,2
87,4,5
87,5,3.33
87,6,5.56
87,7,8.33
87,8,3.57
87,9,5
87,10,10
87,11,3.33
87,12,2.5
87,13,8.33
87,14,2.94
87,15,2.27
87,16,8.33
87,17,4.17
87,18,7.14
87,19,3.13
87,20,2.27
87,21,2.17
87,22,5
87,23,3.33
87,24,2.5
87,25,2.27
87,26,2.94
87,27,2.94
87,28,2.17
87,29,3.33
87,30,2.63
87,31,2.63
87,32,4.17
87,33,8.33
87,34,2.17
87,35,6.25
87,36,10
87,37,2.27
87,38,2.94
87,39,5
87,40,3.13
87,41,2.27
87,42,2.38
87,43,10
87,44,2.08
87,45,2.94
87,46,2.78
87,47,8.33
87,48,2
87,49,3.33
87,50,2.5
87,51,3.57
87,52,2.94
87,53,3.13
87,54,2.27
87,55,2.94
87,56,6.25
87,57,2.63
87,58,8.33
87,59,2.63
87,60,5
87,61,10
87,62,4.17
87,63,2.63
87,64,5.56
87,65,10
87,66,8.33
87,67,8.33
87,68,2.08
87,69,5.56
87,70,3.85
87,71,5
87,72,4.55
87,73,5.56
87,74,2.94
87,75,2.17
87,76,3.57
87,77,2.78
87,78,2.27
87,79,5
87,80,5
87,81,2.08
87,82,5.56
87,83,8.33
87,84,2.94
87,85,5
87,86,2.94
87,87,2.63
87,88,8.33
87,89,10
87,90,2.38
87,91,2.5
87,92,2.08
87,93,2.63
87,94,8.33
87,95,2.17
87,96,6.25
87,97,2.94
87,98,3.13
87,99,10
87,100,7.14
87,101,3.33
87,102,5.56
87,103,7.14
87,104,3.85
87,105,2.27
87,106,2.38
87,107,3.13
87,108,6.25
87,109,2.38
87,110,10
87,111,6.25
87,112,4.17
87,113,2.27
87,114,3.85
87,115,10
87,116,7.14
87,117,10
87,118,2.17
87,119,5
87,120,2.08
87,121,6.25
87,122,3.57
87,123,10
87,124,2.78
87,125,2
87,126,2.08
87,127,5.56
87,128,2
87,129,2.17
87,130,2.94
87,131,3.13
87,132,8.33
87,133,3.13
87,134,5
87,135,2
87,136,4.17
87,137,3.13
87,138,10
87,139,3.57
87,140,2.5
87,141,4.17
87,142,2.78
87,143,5
87,144,4.17
87,145,6.25
87,146,4.55
87,147,8.33
87,148,4.17
87,149,4.55
87,150,3.57
87,151,2.5
87,152,2.17
87,153,2.94
87,154,2.5
87,155,2.27
87,156,5
87,157,2.63
87,158,3.13
87,159,3.33
87,160,2.5
87,161,6.25
87,162,6.25
87,163,3.57
87,164,5
87,165,2
87,166,6.25
87,167,2.27
87,168,2.5
87,169,3.57
87,170,2.63
87,171,3.33
87,172,4.55
87,173,4.55
87,174,2.78
87,175,3.13
87,176,2.17
87,177,2.5
87,178,2.5
87,179,2.38
87,180,2.38
87,181,6.25
87,182,4.17
87,183,7.14
87,184,2
87,185,7.14
87,186,3.13
87,187,5.56
87,188,6.25
87,189,2.08
87,190,2.63
87,191,2.94
87,192,2.5
87,193,2.08
87,194,10
87,195,8.33
87,196,2
87,197,6.25
87,198,2.63
87,199,2.38
87,200,2.27
87,201,4.17
87,202,7.14
87,203,2.78
87,204,10
87,205,2.63
87,206,3.85
87,207,2.94
87,208,5
87,209,2.78
87,210,2.17
87,211,10
87,212,3.33
87,213,2.27
87,214,2.78
87,215,3.57
87,216,2.63
87,217,2.78
87,218,6.25
87,219,4.55
87,220,3.85
87,221,2
87,222,3.85
87,223,2
87,224,2.5
87,225,3.57
87,226,3.57
87,227,2
87,228,4.55
87,229,5.56
87,230,2.27
87,231,3.13
87,232,4.17
87,233,5.56
87,234,2.38
87,235,2.94
87,236,3.13
87,237,5.56
87,238,2.5
87,239,4.17
87,240,2.78
87,241,3.85
87,242,8.33
87,243,2.5
87,244,5.56
87,245,2.5
87,246,3.33
87,247,2.94
87,248,6.25
87,249,2.5
87,250,3.13
87,251,5.56
87,252,2
87,253,2
87,254,5
87,255,2.5
87,256,6.25
87,257,3.85
87,258,2
87,259,2
87,260,2.17
87,261,2.27
87,262,2.17
87,263,2.08
87,264,2.5
87,265,2
87,266,10
87,267,2.17
87,268,2.27
87,269,2.38
87,270,3.57
87,271,5.56
87,272,2
87,273,10
87,274,2.63
87,275,3.13
87,276,2.63
87,277,2.27
87,278,2.08
87,279,2.08
87,280,2.17
87,281,2
87,282,3.85
87,283,2.94
87,284,2
87,285,2.5
87,286,2.17
87,287,2.27
87,288,2.38
87,289,2.27
87,290,2.63
87,291,10
87,292,3.13
87,293,8.33
87,294,3.85
87,295,2
87,296,7.14
87,297,4.55
87,298,10
87,299,2.5
87,300,2.38
87,301,2.17
87,302,10
87,303,2.17
87,304,2
87,305,3.57
87,306,2.94
87,307,2.78
87,308,6.25
87,309,2.08
87,310,4.55
87,311,2
87,312,3.57
87,313,2.78
87,314,8.33
87,315,3.13
87,316,2.27
87,317,4.17
87,318,2.08
87,319,2.78
87,320,2.63
87,321,4.55
87,322,2
87,323,3.57
87,324,4.55
87,325,5.56
87,326,3.13
87,327,2.08
87,328,2.38
87,329,5.56
87,330,3.33
87,331,5
87,332,2.27
87,333,2.94
87,334,5.56
87,335,4.17
87,336,2.17
87,337,8.33
87,338,2.63
87,339,4.17
87,340,3.33
87,341,3.85
87,342,7.14
87,343,7.14
87,344,2.5
87,345,2
87,346,2.78
87,347,2.78
87,348,2
87,349,2
87,350,5.56
87,351,3.13
87,352,4.55
87,353,2.17
87,354,2.78
87,355,2.08
87,356,4.17
87,357,6.25
87,358,2.08
87,359,2.94
87,360,2.08
87,361,2.38
87,362,2
87,363,2.94
87,364,2.5
87,365,2.17
87,366,5
87,367,2.78
87,368,3.85
87,369,6.25
87,370,3.85
87,371,2.94
87,372,3.85
87,373,8.33
87,374,3.57
87,375,3.33
87,376,2.27
87,377,2.5
87,378,3.57
87,379,3.33
87,380,10
87,381,5
87,382,3.85
87,383,3.57
87,384,2.08
87,385,2.38
87,386,4.17
87,387,7.14
87,388,2.5
87,389,6.25
87,390,2.38
87,391,2.63
87,392,3.85
87,393,2.08
87,394,4.17
87,395,8.33
87,396,2.78
87,397,2.5
87,398,7.14
87,399,3.85
87,400,2.08
87,401,2.27
87,402,2.5
87,403,5
87,404,3.85
87,405,4.55
87,406,3.85
87,407,6.25
87,408,7.14
87,409,5.56
87,410,2.94
87,411,5.56
87,412,5
87,413,5
87,414,2.63
87,415,6.25
87,416,10
87,417,3.33
87,418,2.08
87,419,2.17
87,420,2.38
87,421,8.33
87,422,2
87,423,2.94
87,424,4.55
87,425,3.57
87,426,3.85
87,427,2.94
87,428,2.78
87,429,8.33
87,430,2
87,431,3.57
87,432,2.17
87,433,6.25
87,434,6.25
87,435,6.25
87,436,4.55
87,437,2.27
87,438,5.56
87,439,8.33
87,440,3.33
87,441,2.08
87,442,2.17
87,443,2.5
87,444,2.27
87,445,3.85
87,446,2.38
87,447,3.13
87,448,2.27
87,449,2.38
87,450,2.5
87,451,2.78
87,452,3.85
87,453,6.25
87,454,2.5
87,455,2.08
87,456,2.27
87,457,2.08
87,458,4.55
87,459,2.5
87,460,2.94
87,461,5.56
87,462,6.25
87,463,2.08
87,464,5.56
87,465,8.33
87,466,3.13
87,467,6.25
87,468,2.08
87,469,2.94
87,470,2.63
87,471,5
87,472,2.27
87,473,4.55
87,474,5.56
87,475,2.78
87,476,3.33
87,477,4.55
87,478,4.55
87,479,3.57
87,480,5
87,481,5
87,482,7.14
87,483,2.17
87,484,2.17
87,485,2.78
87,486,2.08
87,487,2.38
87,488,5.56
87,489,8.33
87,490,4.55
87,491,3.33
87,492,4.17
87,493,2.94
87,494,5
87,495,4.55
87,496,4.17
87,497,4.17
87,498,7.14
87,499,3.13
87,500,4.17
88,1,5.56
88,2,2.63
88,3,5.56
88,4,3.57
88,5,2.94
88,6,2.94
88,7,3.85
88,8,2.94
88,9,2.5
88,10,2.38
88,11,4.17
88,12,4.17
88,13,2.17
88,14,4.17
88,15,6.25
88,16,2.27
88,17,2.94
88,18,3.57
88,19,4.55
88,20,5.56
88,21,2.94
88,22,10
88,23,3.57
88,24,2.17
88,25,8.33
88,26,6.25
88,27,2.08
88,28,2.08
88,29,10
88,30,2.78
88,31,7.14
88,32,2.08
88,33,4.55
88,34,3.57
88,35,8.33
88,36,2.38
88,37,2.38
88,38,2.17
88,39,5
88,40,3.33
88,41,8.33
88,42,2.5
88,43,2.78
88,44,3.33
88,45,10
88,46,2.63
88,47,2
88,48,7.14
88,49,2.63
88,50,4.55
88,51,10
88,52,10
88,53,4.17
88,54,2.63
88,55,10
88,56,3.57
88,57,2.63
88,58,2.63
88,59,2.78
88,60,5
88,61,3.57
88,62,6.25
88,63,2.5
88,64,3.57
88,65,7.14
88,66,3.13
88,67,4.17
88,68,3.33
88,69,3.57
88,70,2.63
88,71,2
88,72,2.94
88,73,2.17
88,74,2.08
88,75,2.94
88,76,2.63
88,77,2.5
88,78,2.17
88,79,2.17
88,80,2.78
88,81,3.13
88,82,4.17
88,83,2.27
88,84,5
88,85,2.63
88,86,6.25
88,87,2.27
88,88,10
88,89,4.17
88,90,4.55
88,91,4.17
88,92,2.08
88,93,6.25
88,94,2.94
88,95,6.25
88,96,2.94
88,97,2.27
88,98,2.5
88,99,7.14
88,100,3.85
88,101,2.38
88,102,2.63
88,103,2
88,104,3.33
88,105,2.38
88,106,2.78
88,107,2.17
88,108,8.33
88,109,3.85
88,110,2.17
88,111,5.56
88,112,10
88,113,2.5
88,114,2.94
88,115,5
88,116,10
88,117,2.78
88,118,5
88,119,10
88,120,2.63
88,121,3.85
88,122,2.17
88,123,2.27
88,124,2
88,125,7.14
88,126,2.17
88,127,2.94
88,128,3.57
88,129,3.57
88,130,3.85
88,131,8.33
88,132,2.27
88,133,3.33
88,134,2.38
88,135,4.17
88,136,7.14
88,137,7.14
88,138,2.08
88,139,5.56
88,140,2.17
88,141,5
88,142,5.56
88,143,5.56
88,144,3.85
88,145,10
88,146,4.55
88,147,4.17
88,148,7.14
88,149,2.08
88,150,8.33
88,151,2.78
88,152,2.78
88,153,7.14
88,154,2
88,155,2
88,156,2.17
88,157,3.13
88,158,2.08
88,159,2.38
88,160,2.63
88,161,5.56
88,162,10
88,163,3.13
88,164,5.56
88,165,2.5
88,166,8.33
88,167,2.78
88,168,8.33
88,169,7.14
88,170,2.94
88,171,2.78
88,172,2.17
88,173,8.33
88,174,2.78
88,175,10
88,176,8.33
88,177,3.13
88,178,5.56
88,179,4.17
88,180,10
88,181,7.14
88,182,7.14
88,183,7.14
88,184,10
88,185,2.78
88,186,4.17
88,187,3.57
88,188,2.63
88,189,2.5
88,190,2.78
88,191,5.56
88,192,2.94
88,193,3.85
88,194,3.85
88,195,5
88,196,3.85
88,197,4.17
88,198,2.63
88,199,10
88,200,3.85
88,201,3.33
88,202,3.85
88,203,2.08
88,204,4.55
88,205,4.55
88,206,8.33
88,207,2.5
88,208,2.5
88,209,3.85
88,210,2.17
88,211,3.85
88,212,7.14
88,213,2.08
88,214,3.85
88,215,2.08
88,216,7.14
88,217,3.85
88,218,7.14
88,219,8.33
88,220,7.14
88,221,5.56
88,222,6.25
88,223,5
88,224,7.14
88,225,7.14
88,226,4.17
88,227,7.14
88,228,2.17
88,229,4.17
88,230,5
88,231,7.14
88,232,2.08
88,233,3.33
88,234,2.63
88,235,2.27
88,236,2.94
88,237,3.85
88,238,2.94
88,239,7.14
88,240,3.85
88,241,10
88,242,2.17
88,243,2.27
88,244,4.17
88,245,3.33
88,246,5.56
88,247,2.08
88,248,3.85
88,249,8.33
88,250,2.78
88,251,2.63
88,252,3.13
88,253,3.13
88,254,2.38
88,255,2.17
88,256,3.13
88,257,2.38
88,258,2.27
88,259,8.33
88,260,3.13
88,261,10
88,262,6.25
88,263,3.33
88,264,3.85
88,265,7.14
88,266,3.13
88,267,2.78
88,268,2.78
88,269,2.17
88,270,5
88,271,8.33
88,272,2.63
88,273,3.13
88,274,5.56
88,275,5.56
88,276,2
88,277,2.94
88,278,5.56
88,279,10
88,280,3.57
88,281,2.08
88,282,7.14
88,283,2.17
88,284,8.33
88,285,4.55
88,286,3.13
88,287,2.17
88,288,2.27
88,289,5
88,290,3.85
88,291,3.85
88,292,3.57
88,293,2.08
88,294,2.27
88,295,2.63
88,296,7.14
88,297,10
88,298,5
88,299,4.17
88,300,2.17
88,301,2.08
88,302,2.63
88,303,2.27
88,304,5.56
88,305,3.13
88,306,4.55
88,307,5
88,308,3.57
88,309,2.94
88,310,3.85
88,311,6.25
88,312,10
88,313,2.08
88,314,2.63
88,315,3.57
88,316,5
88,317,10
88,318,3.57
88,319,4.55
88,320,8.33
88,321,2.38
88,322,3.33
88,323,10
88,324,3.57
88,325,7.14
88,326,2.08
88,327,2
88,328,5
88,329,7.14
88,330,8.33
88,331,2.38
88,332,3.57
88,333,3.85
88,334,4.55
88,335,2
88,336,5.56
88,337,4.17
88,338,2.38
88,339,3.13
88,340,2.94
88,341,3.85
88,342,5
88,343,6.25
88,344,3.33
88,345,2.27
88,346,4.55
88,347,3.13
88,348,3.13
88,349,3.85
88,350,10
88,351,5
88,352,2.94
88,353,4.17
88,354,2.27
88,355,2.78
88,356,6.25
88,357,3.33
88,358,3.57
88,359,4.17
88,360,2.5
88,361,6.25
88,362,4.55
88,363,2.27
88,364,7.14
88,365,5
88,366,3.13
88,367,3.13
88,368,2.94
88,369,2.5
88,370,2.63
88,371,2.78
88,372,2.78
88,373,2.94
88,374,2.78
88,375,10
88,376,2.5
88,377,4.17
88,378,2.17
88,379,3.33
88,380,2.5
88,381,2.38
88,382,2.78
88,383,7.14
88,384,3.85
88,385,3.13
88,386,2.63
88,387,2.63
88,388,2.63
88,389,3.85
88,390,2.17
88,391,2
88,392,2.63
88,393,6.25
88,394,2.94
88,395,4.55
88,396,3.13
88,397,2.08
88,398,2.78
88,399,2.78
88,400,2.17
88,401,8.33
88,402,3.33
88,403,3.13
88,404,3.33
88,405,2.27
88,406,2
88,407,2
88,408,2
88,409,6.25
88,410,5
88,411,4.17
88,412,4.55
88,413,2.94
88,414,10
88,415,2.17
88,416,2.94
88,417,2.94
88,418,5
88,419,5
88,420,5.56
88,421,2.78
88,422,2.38
88,423,3.57
88,424,2.27
88,425,3.57
88,426,8.33
88,427,6.25
88,428,3.13
88,429,3.33
88,430,3.85
88,431,2.63
88,432,7.14
88,433,2.94
88,434,3.33
88,435,2.78
88,436,2.63
88,437,2.5
88,438,5.56
88,439,2.78
88,440,4.55
88,441,3.13
88,442,2.63
88,443,2.38
88,444,5.56
88,445,8.33
88,446,5
88,447,4.17
88,448,10
88,449,2.38
88,450,7.14
88,451,3.13
88,452,8.33
88,453,3.13
88,454,2.94
88,455,2.63
88,456,2.63
88,457,3.57
88,458,2.78
88,459,2
88,460,2.08
88,461,2.78
88,462,2.78
88,463,2.38
88,464,2.27
88,465,8.33
88,466,5.56
88,467,2
88,468,2.78
88,469,2.08
88,470,2.5
88,471,6.25
88,472,2.5
88,473,2.94
88,474,3.85
88,475,5
88,476,2.63
88,477,4.17
88,478,2.78
88,479,5
88,480,5.56
88,481,3.33
88,482,2.17
88,483,3.33
88,484,2.27
88,485,5
88,486,8.33
88,487,2.94
88,488,2.94
88,489,2.63
88,490,4.17
88,491,5
88,492,5
88,493,7.14
88,494,2.78
88,495,5
88,496,2.08
88,497,4.17
88,498,10
88,499,2.08
88,500,5
89,1,2.08
89,2,2
89,3,4.17
89,4,2.08
89,5,2.78
89,6,6.25
89,7,8.33
89,8,2.78
89,9,5.56
89,10,2
89,11,3.33
89,12,3.85
89,13,5
89,14,2.17
89,15,2.5
89,16,2
89,17,3.13
89,18,3.33
89,19,3.57
89,20,10
89,21,8.33
89,22,3.85
89,23,4.17
89,24,2.63
89,25,3.85
89,26,2.5
89,27,2.38
89,28,6.25
89,29,2.27
89,30,2.27
89,31,7.14
89,32,2.17
89,33,10
89,34,5
89,35,2.17
89,36,8.33
89,37,2.78
89,38,2
89,39,2.78
89,40,3.57
89,41,5
89,42,2.5
89,43,8.33
89,44,5
89,45,2.38
89,46,2.63
89,47,6.25
89,48,2.94
89,49,2.78
89,50,3.33
89,51,2.17
89,52,5
89,53,2.94
89,54,4.17
89,55,2
89,56,2.94
89,57,3.57
89,58,3.33
89,59,2.38
89,60,5
89,61,4.17
89,62,3.85
89,63,2.94
89,64,2.27
89,65,2.08
89,66,4.55
89,67,2.38
89,68,6.25
89,69,2
89,70,2.94
89,71,3.13
89,72,4.55
89,73,2.78
89,74,5
89,75,8.33
89,76,10
89,77,2.5
89,78,2.5
89,79,7.14
89,80,2
89,81,2.94
89,82,5
89,83,5.56
89,84,5
89,85,2.08
89,86,3.57
89,87,3.85
89,88,5
89,89,6.25
89,90,2.08
89,91,3.33
89,92,2.27
89,93,7.14
89,94,3.13
89,95,3.57
89,96,4.55
89,97,2.78
89,98,3.57
89,99,4.17
89,100,4.55
89,101,5.56
89,102,2.78
89,103,3.57
89,104,8.33
89,105,7.14
89,106,3.57
89,107,3.85
89,108,3.57
89,109,2.94
89,110,3.13
89,111,3.13
89,112,2.08
89,113,2.5
89,114,5.56
89,115,5.56
89,116,2.78
89,117,7.14
89,118,5.56
89,119,5.56
89,120,3.57
89,121,2.5
89,122,2.5
89,123,2.78
89,124,2.38
89,125,2.5
89,126,2.38
89,127,2.5
89,128,8.33
89,129,3.57
89,130,4.55
89,131,2.63
89,132,6.25
89,133,8.33
89,134,7.14
89,135,3.85
89,136,3.13
89,137,4.55
89,138,2.27
89,139,8.33
89,140,8.33
89,141,3.13
89,142,5
89,143,2.94
89,144,2
89,145,3.85
89,146,2.08
89,147,2.94
89,148,2.5
89,149,3.57
89,150,5.56
89,151,6.25
89,152,5.56
89,153,10
89,154,2.63
89,155,2
89,156,2.78
89,157,2.78
89,158,2.38
89,159,7.14
89,160,6.25
89,161,4.17
89,162,3.57
89,163,3.13
89,164,2
89,165,2.38
89,166,10
89,167,2
89,168,2.17
89,169,4.55
89,170,2.78
89,171,2.17
89,172,8.33
89,173,2
89,174,4.17
89,175,10
89,176,5.56
89,177,2.38
89,178,4.17
89,179,2
89,180,6.25
89,181,4.17
89,182,2.08
89,183,2
89,184,3.85
89,185,2.5
89,186,6.25
89,187,5
89,188,5
89,189,2.78
89,190,3.85
89,191,2.17
89,192,8.33
89,193,3.13
89,194,2.78
89,195,5.56
89,196,3.33
89,197,2.5
89,198,3.13
89,199,2.17
89,200,2.94
89,201,5.56
89,202,4.17
89,203,4.17
89,204,2.94
89,205,2.17
89,206,3.85
89,207,5
89,208,2.17
89,209,2.17
89,210,3.85
89,211,2.63
89,212,2.5
89,213,10
89,214,3.33
89,215,3.13
89,216,2.5
89,217,3.13
89,218,5
89,219,8.33
89,220,2.17
89,221,4.55
89,222,3.57
89,223,3.13
89,224,2.78
89,225,3.85
89,226,2.38
89,227,2.5
89,228,2.5
89,229,2.38
89,230,2.94
89,231,3.13
89,232,2
89,233,2.5
89,234,2
89,235,6.25
89,236,3.13
89,237,2.17
89,238,4.55
89,239,5
89,240,2
89,241,4.17
89,242,4.17
89,243,5
89,244,2.08
89,245,2.38
89,246,4.17
89,247,3.85
89,248,4.17
89,249,2.94
89,250,2.78
89,251,8.33
89,252,2.94
89,253,4.55
89,254,3.85
89,255,2.38
89,256,2.63
89,257,5.56
89,258,8.33
89,259,2.94
89,260,3.13
89,261,2.27
89,262,2.08
89,263,10
89,264,3.85
89,265,2.78
89,266,3.13
89,267,8.33
89,268,2.94
89,269,5.56
89,270,2.27
89,271,3.85
89,272,3.33
89,273,3.13
89,274,4.55
89,275,8.33
89,276,4.17
89,277,2
89,278,4.55
89,279,6.25
89,280,4.17
89,281,5.56
89,282,3.33
89,283,2.94
89,284,4.55
89,285,2.17
89,286,4.55
89,287,5
89,288,3.13
89,289,6.25
89,290,3.57
89,291,2.63
89,292,3.13
89,293,2.17
89,294,2.27
89,295,4.17
89,296,3.33
89,297,2.5
89,298,2.38
89,299,3.13
89,300,2.17
89,301,3.57
89,302,5
89,303,2.94
89,304,6.25
89,305,2.94
89,306,3.13
89,307,3.85
89,308,7.14
89,309,2.38
89,310,2.94
89,311,8.33
89,312,2.5
89,313,2.27
89,314,8.33
89,315,2.78
89,316,2.5
89,317,10
89,318,4.17
89,319,2.78
89,320,2.38
89,321,2.5
89,322,2.5
89,323,4.55
89,324,2.38
89,325,2
89,326,10
89,327,4.17
89,328,3.33
89,329,6.25
89,330,4.17
89,331,2.38
89,332,2.5
89,333,5.56
89,334,3.85
89,335,10
89,336,7.14
89,337,2
89,338,3.85
89,339,2.17
89,340,2.5
89,341,6.25
89,342,2.63
89,343,7.14
89,344,2.17
89,345,2.08
89,346,2
89,347,5.56
89,348,3.13
89,349,3.85
89,350,2.63
89,351,3.13
89,352,5.56
89,353,2.5
89,354,2.38
89,355,2
89,356,2.78
89,357,2.08
89,358,4.17
89,359,3.85
89,360,2.94
89,361,8.33
89,362,2.63
89,363,2.17
89,364,2.94
89,365,5
89,366,7.14
89,367,2.94
89,368,5
89,369,3.33
89,370,2.38
89,371,2.08
89,372,10
89,373,5.56
89,374,3.57
89,375,2.5
89,376,3.57
89,377,7.14
89,378,6.25
89,379,8.33
89,380,2.5
89,381,2.78
89,382,2
89,383,2.08
89,384,3.13
89,385,5.56
89,386,3.13
89,387,7.14
89,388,7.14
89,389,2.17
89,390,4.17
89,391,4.55
89,392,7.14
89,393,2.78
89,394,3.57
89,395,7.14
89,396,3.85
89,397,3.33
89,398,2.94
89,399,2.08
89,400,2.08
89,401,5
89,402,3.33
89,403,2.63
89,404,2.5
89,405,2.78
89,406,6.25
89,407,7.14
89,408,2.94
89,409,2.17
89,410,5.56
89,411,3.57
89,412,10
89,413,2.78
89,414,3.57
89,415,8.33
89,416,7.14
89,417,3.33
89,418,2.63
89,419,2.5
89,420,5
89,421,2
89,422,2.27
89,423,2.38
89,424,2.94
89,425,5
89,426,5
89,427,2.17
89,428,6.25
89,429,6.25
89,430,2.38
89,431,2
89,432,3.57
89,433,3.85
89,434,2.38
89,435,5
89,436,4.55
89,437,5
89,438,4.55
89,439,2.78
89,440,5.56
89,441,2.38
89,442,3.13
89,443,4.55
89,444,3.13
89,445,4.17
89,446,8.33
89,447,2.94
89,448,2.08
89,449,3.57
89,450,2
89,451,3.33
89,452,2.17
89,453,3.85
89,454,2.5
89,455,2
89,456,3.85
89,457,2.63
89,458,2
89,459,2.5
89,460,10
89,461,5
89,462,4.55
89,463,10
89,464,4.17
89,465,3.13
89,466,3.33
89,467,5
89,468,7.14
89,469,3.33
89,470,5.56
89,471,8.33
89,472,5
89,473,4.55
89,474,2.38
89,475,2.5
89,476,2.08
89,477,10
89,478,8.33
89,479,3.33
89,480,3.57
89,481,2.63
89,482,7.14
89,483,7.14
89,484,3.33
89,485,4.55
89,486,2.63
89,487,8.33
89,488,2.63
89,489,2.5
89,490,3.33
89,491,4.17
89,492,2.78
89,493,5
89,494,4.17
89,495,2.63
89,496,2
89,497,2.38
89,498,5
89,499,4.17
89,500,4.55
90,1,2.5
90,2,2.27
90,3,3.57
90,4,5
90,5,5.56
90,6,2
90,7,3.85
90,8,7.14
90,9,2.94
90,10,2.5
90,11,4.55
90,12,2.63
90,13,2
90,14,5.56
90,15,4.55
90,16,2
90,17,3.85
90,18,2
90,19,3.33
90,20,2.38
90,21,4.55
90,22,2.17
90,23,3.85
90,24,5
90,25,2.63
90,26,7.14
90,27,4.55
90,28,3.13
90,29,3.85
90,30,3.57
90,31,2.08
90,32,2.78
90,33,2.38
90,34,2.94
90,35,2.08
90,36,4.55
90,37,2.17
90,38,5
90,39,7.14
90,40,2.94
90,41,3.13
90,42,3.85
90,43,8.33
90,44,2.63
90,45,5.56
90,46,3.57
90,47,2.27
90,48,3.85
90,49,8.33
90,50,6.25
90,51,2.5
90,52,4.55
90,53,3.33
90,54,2.5
90,55,2.08
90,56,2
90,57,3.13
90,58,5
90,59,8.33
90,60,3.33
90,61,2.63
90,62,3.13
90,63,2
90,64,3.33
90,65,2.38
90,66,4.17
90,67,10
90,68,4.55
90,69,2.27
90,70,10
90,71,8.33
90,72,3.85
90,73,3.33
90,74,6.25
90,75,2.08
90,76,4.55
90,77,2.27
90,78,10
90,79,5
90,80,2.78
90,81,5.56
90,82,2.38
90,83,2.78
90,84,3.85
90,85,6.25
90,86,4.55
90,87,8.33
90,88,2.5
90,89,10
90,90,2.94
90,91,3.33
90,92,7.14
90,93,4.17
90,94,2.5
90,95,3.57
90,96,2.08
90,97,2.08
90,98,8.33
90,99,3.57
90,100,3.57
90,101,8.33
90,102,2.94
90,103,3.33
90,104,3.33
90,105,10
90,106,8.33
90,107,3.57
90,108,10
90,109,2
90,110,2.17
90,111,2
90,112,2
90,113,5.56
90,114,10
90,115,2.27
90,116,5
90,117,5
90,118,5
90,119,7.14
90,120,6.25
90,121,3.57
90,122,2.78
90,123,2.38
90,124,2.94
90,125,2.94
90,126,2.27
90,127,10
90,128,10
90,129,2.08
90,130,5
90,131,3.57
90,132,3.13
90,133,8.33
90,134,5
90,135,3.85
90,136,3.33
90,137,3.13
90,138,7.14
90,139,3.57
90,140,2.63
90,141,10
90,142,6.25
90,143,2.38
90,144,2.78
90,145,3.57
90,146,2.27
90,147,2.17
90,148,2.78
90,149,5
90,150,2
90,151,4.55
90,152,5
90,153,3.13
90,154,10
90,155,3.85
90,156,5.56
90,157,4.55
90,158,2.5
90,159,5.56
90,160,2.38
90,161,4.55
90,162,6.25
90,163,3.57
90,164,2.5
90,165,5
90,166,2.27
90,167,4.17
90,168,6.25
90,169,3.85
90,170,8.33
90,171,2.78
90,172,2.08
90,173,2.27
90,174,2
90,175,2.08
90,176,2.94
90,177,2.08
90,178,2.08
90,179,3.57
90,180,2.38
90,181,2.94
90,182,3.33
90,183,2.94
90,184,3.13
90,185,3.85
90,186,10
90,187,10
90,188,2.78
90,189,4.17
90,190,8.33
90,191,3.33
90,192,3.57
90,193,2.94
90,194,2.78
90,195,3.13
90,196,3.57
90,197,3.85
90,198,5.56
90,199,7.14
90,200,2
90,201,6.25
90,202,2.17
90,203,5
90,204,10
90,205,5.56
90,206,5.56
90,207,2.08
90,208,3.33
90,209,2.94
90,210,2.08
90,211,3.33
90,212,2.17
90,213,7.14
90,214,2
90,215,6.25
90,216,2.63
90,217,4.55
90,218,2.5
90,219,2.38
90,220,4.55
90,221,2
90,222,5
90,223,3.85
90,224,2.63
90,225,2.27
90,226,2.63
90,227,2.17
90,228,3.57
90,229,3.57
90,230,3.13
90,231,4.55
90,232,8.33
90,233,8.33
90,234,2.38
90,235,8.33
90,236,3.33
90,237,4.17
90,238,2.17
90,239,10
90,240,2.5
90,241,2.38
90,242,2.78
90,243,2.27
90,244,5
90,245,7.14
90,246,4.17
90,247,7.14
90,248,3.13
90,249,2.27
90,250,3.33
90,251,2.94
90,252,2.78
90,253,7.14
90,254,3.85
90,255,6.25
90,256,2.17
90,257,6.25
90,258,2.27
90,259,2
90,260,8.33
90,261,2.17
90,262,5.56
90,263,2.94
90,264,3.13
90,265,2.17
90,266,6.25
90,267,2.5
90,268,6.25
90,269,3.57
90,270,2.63
90,271,2.78
90,272,5.56
90,273,2.5
90,274,2.63
90,275,2
90,276,5.56
90,277,2.27
90,278,7.14
90,279,8.33
90,280,3.13
90,281,5.56
90,282,5.56
90,283,3.13
90,284,4.17
90,285,5.56
90,286,4.55
90,287,2.17
90,288,10
90,289,2.78
90,290,4.17
90,291,10
90,292,2.17
90,293,5.56
90,294,2.63
90,295,8.33
90,296,5.56
90,297,3.57
90,298,10
90,299,2.17
90,300,2.63
90,301,3.85
90,302,2.08
90,303,2.27
90,304,2.08
90,305,10
90,306,2.17
90,307,4.55
90,308,8.33
90,309,2.08
90,310,2.38
90,311,2.78
90,312,2.27
90,313,2.17
90,314,7.14
90,315,2.17
90,316,2.5
90,317,2
90,318,2.27
90,319,2.17
90,320,5.56
90,321,5
90,322,2.17
90,323,3.13
90,324,5.56
90,325,2.94
90,326,2.08
90,327,2.94
90,328,2.63
90,329,3.13
90,330,8.33
90,331,2.94
90,332,2
90,333,8.33
90,334,4.55
90,335,2.08
90,336,5
90,337,2.94
90,338,10
90,339,7.14
90,340,5
90,341,2.78
90,342,2.17
90,343,2.38
90,344,10
90,345,2.94
90,346,2.78
90,347,2.08
90,348,5.56
90,349,2.08
90,350,2.94
90,351,5.56
90,352,2.17
90,353,7.14
90,354,8.33
90,355,2.38
90,356,2.38
90,357,3.57
90,358,2.63
90,359,2.17
90,360,2
90,361,2.27
90,362,10
90,363,2.5
90,364,2.78
90,365,2.94
90,366,6.25
90,367,2.94
90,368,3.57
90,369,10
90,370,2
90,371,3.57
90,372,7.14
90,373,5.56
90,374,2.78
90,375,4.55
90,376,3.57
90,377,10
90,378,2.08
90,379,4.17
90,380,10
90,381,2.17
90,382,2.27
90,383,7.14
90,384,2.17
90,385,5
90,386,7.14
90,387,2
90,388,4.55
90,389,2.27
90,390,7.14
90,391,2.08
90,392,3.57
90,393,4.17
90,394,2.17
90,395,6.25
90,396,3.13
90,397,2
90,398,2.78
90,399,3.13
90,400,2.27
90,401,3.85
90,402,3.13
90,403,3.57
90,404,5.56
90,405,2.27
90,406,4.55
90,407,3.85
90,408,2.94
90,409,2.5
90,410,2.27
90,411,5
90,412,10
90,413,4.17
90,414,2.17
90,415,5
90,416,8.33
90,417,4.17
90,418,4.55
90,419,3.33
90,420,2.78
90,421,3.57
90,422,2.38
90,423,5.56
90,424,3.85
90,425,6.25
90,426,3.33
90,427,2.78
90,428,5.56
90,429,5.56
90,430,2.08
90,431,2.38
90,432,7.14
90,433,2.17
90,434,4.17
90,435,2.27
90,436,10
90,437,2.08
90,438,2.5
90,439,2.17
90,440,2.27
90,441,2.27
90,442,7.14
90,443,3.13
90,444,10
90,445,10
90,446,7.14
90,447,5
90,448,10
90,449,2
90,450,5
90,451,3.57
90,452,2.27
90,453,7.14
90,454,4.17
90,455,2.78
90,456,5
90,457,10
90,458,5.56
90,459,2.5
90,460,2.5
90,461,4.17
90,462,3.13
90,463,2.94
90,464,2
90,465,3.33
90,466,10
90,467,5
90,468,5.56
90,469,2.78
90,470,6.25
90,471,6.25
90,472,2.27
90,473,2.27
90,474,8.33
90,475,7.14
90,476,4.17
90,477,3.33
90,478,2.63
90,479,4.17
90,480,3.85
90,481,5.56
90,482,2.08
90,483,2.38
90,484,2.27
90,485,7.14
90,486,3.57
90,487,4.17
90,488,3.85
90,489,4.55
90,490,4.17
90,491,2.5
90,492,2
90,493,5
90,494,2.63
90,495,2.17
90,496,2.08
90,497,5.56
90,498,2.5
90,499,7.14
90,500,2.78
91,1,2.17
91,2,5
91,3,2.08
91,4,6.25
91,5,2.38
91,6,2.38
91,7,5
91,8,3.85
91,9,2.08
91,10,2.08
91,11,2.27
91,12,2.78
91,13,2.78
91,14,4.55
91,15,2.78
91,16,2.17
91,17,2.38
91,18,3.85
91,19,3.57
91,20,8.33
91,21,8.33
91,22,2.38
91,23,2.08
91,24,3.13
91,25,2.94
91,26,3.57
91,27,8.33
91,28,10
91,29,3.13
91,30,2
91,31,3.33
91,32,2.27
91,33,2.17
91,34,2.38
91,35,2.78
91,36,3.33
91,37,3.85
91,38,3.33
91,39,10
91,40,3.33
91,41,5
91,42,6.25
91,43,2.78
91,44,10
91,45,8.33
91,46,7.14
91,47,2.27
91,48,7.14
91,49,2.63
91,50,3.33
91,51,2.78
91,52,2.63
91,53,7.14
91,54,6.25
91,55,3.57
91,56,4.55
91,57,10
91,58,10
91,59,2.94
91,60,4.17
91,61,3.57
91,62,7.14
91,63,3.33
91,64,2.63
91,65,2.5
91,66,2.38
91,67,5.56
91,68,2.94
91,69,2.78
91,70,2
91,71,2.08
91,72,2.94
91,73,7.14
91,74,3.85
91,75,3.57
91,76,8.33
91,77,5
91,78,2.08
91,79,2.78
91,80,7.14
91,81,10
91,82,10
91,83,2.27
91,84,7.14
91,85,2.63
91,86,5.56
91,87,2.63
91,88,2.78
91,89,3.57
91,90,5
91,91,4.17
91,92,2
91,93,2
91,94,6.25
91,95,5
91,96,3.13
91,97,2.94
91,98,5
91,99,2
91,100,2.63
91,101,2.08
91,102,5.56
91,103,4.17
91,104,2.63
91,105,5
91,106,5
91,107,2
91,108,2.5
91,109,7.14
91,110,3.57
91,111,2.17
91,112,2.27
91,113,2.94
91,114,7.14
91,115,2.78
91,116,2.08
91,117,2.17
91,118,2.27
91,119,5
91,120,6.25
91,121,2.5
91,122,2.78
91,123,5
91,124,3.57
91,125,3.33
91,126,2.27
91,127,2.5
91,128,2.63
91,129,4.17
91,130,4.55
91,131,2.27
91,132,2.63
91,133,5.56
91,134,3.85
91,135,2.78
91,136,3.33
91,137,4.17
91,138,2.78
91,139,3.13
91,140,3.85
91,141,5.56
91,142,3.33
91,143,8.33
91,144,2.78
91,145,4.17
91,146,6.25
91,147,3.85
91,148,3.13
91,149,3.57
91,150,2.08
91,151,7.14
91,152,2.08
91,153,3.33
91,154,6.25
91,155,4.55
91,156,2.78
91,157,5
91,158,2.27
91,159,3.57
91,160,3.57
91,161,4.17
91,162,2.17
91,163,2.94
91,164,10
91,165,2.5
91,166,2.08
91,167,2.94
91,168,10
91,169,4.17
91,170,3.33
91,171,2.63
91,172,2.08
91,173,7.14
91,174,2.94
91,175,2.94
91,176,3.13
91,177,10
91,178,2.5
91,179,4.55
91,180,2.27
91,181,4.55
91,182,5.56
91,183,4.55
91,184,3.57
91,185,5.56
91,186,4.17
91,187,3.85
91,188,2.17
91,189,7.14
91,190,4.55
91,191,2.38
91,192,2.08
91,193,3.57
91,194,8.33
91,195,3.13
91,196,2.08
91,197,2.38
91,198,6.25
91,199,3.13
91,200,2.78
91,201,2.38
91,202,3.33
91,203,2.38
91,204,2.17
91,205,3.57
91,206,3.13
91,207,2.94
91,208,2.38
91,209,2
91,210,2.5
91,211,2.27
91,212,2.38
91,213,2
91,214,2.78
91,215,2.27
91,216,4.17
91,217,2.78
91,218,8.33
91,219,4.55
91,220,3.13
91,221,5
91,222,8.33
91,223,2.38
91,224,2
91,225,2.08
91,226,2.08
91,227,10
91,228,2.27
91,229,4.17
91,230,5.56
91,231,5.56
91,232,2.63
91,233,2.5
91,234,6.25
91,235,2
91,236,2.94
91,237,4.55
91,238,2.94
91,239,7.14
91,240,3.57
91,241,10
91,242,4.55
91,243,4.55
91,244,2.08
91,245,2.94
91,246,2.08
91,247,2.94
91,248,4.17
91,249,4.55
91,250,3.57
91,251,2
91,252,2.17
91,253,4.17
91,254,7.14
91,255,2.63
91,256,4.55
91,257,2.27
91,258,8.33
91,259,2.17
91,260,2.78
91,261,3.13
91,262,4.55
91,263,2.94
91,264,2
91,265,2
91,266,2
91,267,2.94
91,268,6.25
91,269,3.33
91,270,5
91,271,2.17
91,272,5
91,273,4.55
91,274,2.94
91,275,2.27
91,276,2.38
91,277,2.17
91,278,3.57
91,279,2.5
91,280,2.94
91,281,2.5
91,282,2.08
91,283,3.33
91,284,3.85
91,285,4.17
91,286,2.27
91,287,2
91,288,2.63
91,289,2.94
91,290,10
91,291,5
91,292,2.5
91,293,3.33
91,294,2.27
91,295,2.63
91,296,4.17
91,297,2.27
91,298,2.78
91,299,7.14
91,300,2.17
91,301,4.17
91,302,2.17
91,303,8.33
91,304,10
91,305,2.63
91,306,3.33
91,307,3.85
91,308,2.38
91,309,5
91,310,3.13
91,311,6.25
91,312,2.27
91,313,3.13
91,314,2.08
91,315,10
91,316,2.08
91,317,3.85
91,318,5
91,319,2.5
91,320,2.78
91,321,5
91,322,2.63
91,323,2.94
91,324,3.33
91,325,2.94
91,326,2.38
91,327,5.56
91,328,4.17
91,329,4.55
91,330,2.78
91,331,10
91,332,2.5
91,333,4.17
91,334,2.63
91,335,2.27
91,336,2.94
91,337,2
91,338,2.5
91,339,2.5
91,340,3.13
91,341,2.38
91,342,2.78
91,343,7.14
91,344,8.33
91,345,2.17
91,346,2.38
91,347,4.55
91,348,2.63
91,349,3.57
91,350,2.08
91,351,2.17
91,352,5.56
91,353,3.85
91,354,2.94
91,355,6.25
91,356,2.5
91,357,3.57
91,358,2.94
91,359,2.17
91,360,2.78
91,361,4.55
91,362,2.78
91,363,3.57
91,364,4.17
91,365,10
91,366,3.33
91,367,3.57
91,368,3.13
91,369,2.63
91,370,6.25
91,371,2.5
91,372,5
91,373,2.27
91,374,3.57
91,375,5.56
91,376,2.08
91,377,8.33
91,378,2.17
91,379,2.08
91,380,2
91,381,2.94
91,382,7.14
91,383,2.5
91,384,5
91,385,2.94
91,386,2
91,387,3.33
91,388,5
91,389,10
91,390,3.57
91,391,3.85
91,392,2.27
91,393,5.56
91,394,4.17
91,395,6.25
91,396,3.13
91,397,5
91,398,2
91,399,2.08
91,400,4.17
91,401,4.55
91,402,3.13
91,403,10
91,404,2
91,405,2.27
91,406,3.13
91,407,2.17
91,408,3.33
91,409,4.17
91,410,7.14
91,411,2.5
91,412,3.13
91,413,3.85
91,414,7.14
91,415,2.27
91,416,2.5
91,417,10
91,418,3.85
91,419,3.85
91,420,2.63
91,421,3.33
91,422,2.08
91,423,4.55
91,424,7.14
91,425,6.25
91,426,2.78
91,427,3.33
91,428,2
91,429,3.33
91,430,3.33
91,431,8.33
91,432,2.94
91,433,5
91,434,2.94
91,435,5
91,436,6.25
91,437,2.38
91,438,2.27
91,439,2.08
91,440,4.17
91,441,2.94
91,442,3.13
91,443,2.5
91,444,4.17
91,445,3.85
91,446,3.33
91,447,5.56
91,448,4.55
91,449,2.38
91,450,2.38
91,451,2
91,452,4.55
91,453,2.5
91,454,4.17
91,455,2.78
91,456,4.17
91,457,5.56
91,458,3.57
91,459,5
91,460,2
91,461,2.17
91,462,2.38
91,463,2.27
91,464,2.94
91,465,2.38
91,466,2.08
91,467,2.94
91,468,4.55
91,469,2.5
91,470,3.33
91,471,2.27
91,472,2
91,473,6.25
91,474,3.13
91,475,4.17
91,476,2.17
91,477,2.78
91,478,2.63
91,479,2.63
91,480,6.25
91,481,2.63
91,482,3.33
91,483,2.94
91,484,4.55
91,485,2.63
91,486,6.25
91,487,3.13
91,488,2.5
91,489,2.78
91,490,3.57
91,491,2.63
91,492,5.56
91,493,2.38
91,494,10
91,495,8.33
91,496,2.27
91,497,3.33
91,498,6.25
91,499,4.17
91,500,10
92,1,8.33
92,2,4.17
92,3,3.57
92,4,6.25
92,5,10
92,6,2.63
92,7,2
92,8,2.5
92,9,2.17
92,10,3.57
92,11,2.63
92,12,2.94
92,13,7.14
92,14,2.63
92,15,2.08
92,16,5.56
92,17,2.63
92,18,8.33
92,19,3.33
92,20,5.56
92,21,2.38
92,22,2.94
92,23,4.55
92,24,2.27
92,25,4.17
92,26,2.63
92,27,2.94
92,28,10
92,29,2
92,30,2.5
92,31,2.17
92,32,2.63
92,33,2.63
92,34,3.33
92,35,8.33
92,36,2.78
92,37,7.14
92,38,3.57
92,39,7.14
92,40,4.55
92,41,3.33
92,42,2.38
92,43,2.78
92,44,2.38
92,45,2.63
92,46,5.56
92,47,4.55
92,48,10
92,49,3.13
92,50,5.56
92,51,8.33
92,52,8.33
92,53,5
92,54,3.33
92,55,2.78
92,56,2
92,57,2.63
92,58,2.38
92,59,4.17
92,60,2.27
92,61,2.5
92,62,3.57
92,63,8.33
92,64,2.5
92,65,4.17
92,66,7.14
92,67,2
92,68,2.38
92,69,2.17
92,70,5
92,71,6.25
92,72,5
92,73,2.78
92,74,10
92,75,5.56
92,76,2.08
92,77,3.85
92,78,2.27
92,79,2.94
92,80,2.78
92,81,4.17
92,82,8.33
92,83,4.55
92,84,6.25
92,85,3.85
92,86,2.27
92,87,2.17
92,88,2.27
92,89,6.25
92,90,3.13
92,91,2.08
92,92,3.13
92,93,2.08
92,94,2.78
92,95,3.33
92,96,2.94
92,97,4.55
92,98,2
92,99,5
92,100,2.27
92,101,2.17
92,102,6.25
92,103,2.38
92,104,2
92,105,5
92,106,3.85
92,107,2.38
92,108,10
92,109,2.5
92,110,8.33
92,111,7.14
92,112,2.27
92,113,10
92,114,6.25
92,115,7.14
92,116,2
92,117,5.56
92,118,2.78
92,119,10
92,120,3.33
92,121,2.08
92,122,3.85
92,123,2.94
92,124,2
92,125,2.08
92,126,8.33
92,127,2.63
92,128,3.33
92,129,2.27
92,130,8.33
92,131,3.13
92,132,2.17
92,133,3.13
92,134,2.78
92,135,2.5
92,136,2
92,137,4.17
92,138,6.25
92,139,4.17
92,140,2.78
92,141,10
92,142,7.14
92,143,2.27
92,144,4.55
92,145,2
92,146,7.14
92,147,2.63
92,148,8.33
92,149,8.33
92,150,4.17
92,151,2.17
92,152,4.17
92,153,2.78
92,154,2.27
92,155,2.94
92,156,2.08
92,157,3.13
92,158,5
92,159,3.33
92,160,3.57
92,161,2.08
92,162,4.17
92,163,2.78
92,164,6.25
92,165,3.57
92,166,2.94
92,167,10
92,168,2.17
92,169,2
92,170,10
92,171,7.14
92,172,2.5
92,173,2.38
92,174,5
92,175,5.56
92,176,2
92,177,3.85
92,178,3.13
92,179,2
92,180,4.17
92,181,2.17
92,182,4.17
92,183,3.57
92,184,10
92,185,2.63
92,186,2.38
92,187,6.25
92,188,3.33
92,189,2.08
92,190,3.57
92,191,4.55
92,192,7.14
92,193,2.17
92,194,3.13
92,195,2.08
92,196,2.08
92,197,4.55
92,198,2.27
92,199,3.13
92,200,2.38
92,201,2.63
92,202,5.56
92,203,2.38
92,204,3.85
92,205,2.17
92,206,4.55
92,207,2.17
92,208,8.33
92,209,3.57
92,210,6.25
92,211,3.13
92,212,3.57
92,213,10
92,214,4.55
92,215,6.25
92,216,2.08
92,217,3.33
92,218,2.5
92,219,4.55
92,220,2.38
92,221,2.17
92,222,2.78
92,223,3.57
92,224,2.38
92,225,2.94
92,226,2.63
92,227,6.25
92,228,10
92,229,3.13
92,230,2.94
92,231,2.08
92,232,3.33
92,233,2.63
92,234,7.14
92,235,2.78
92,236,2.27
92,237,2.5
92,238,2.27
92,239,4.17
92,240,3.85
92,241,6.25
92,242,2.63
92,243,2.27
92,244,4.55
92,245,2.5
92,246,2.5
92,247,6.25
92,248,4.17
92,249,2.78
92,250,3.33
92,251,4.17
92,252,2.27
92,253,2.63
92,254,2.08
92,255,2.17
92,256,8.33
92,257,2.38
92,258,2.5
92,259,2.17
92,260,5.56
92,261,4.55
92,262,2.08
92,263,4.17
92,264,6.25
92,265,5.56
92,266,2.5
92,267,3.33
92,268,3.13
92,269,5
92,270,3.85
92,271,2.5
92,272,7.14
92,273,2.17
92,274,2.27
92,275,5
92,276,5.56
92,277,3.33
92,278,2.38
92,279,2.94
92,280,2.94
92,281,3.33
92,282,3.85
92,283,5
92,284,2.17
92,285,5
92,286,4.55
92,287,2.08
92,288,7.14
92,289,6.25
92,290,2.78
92,291,2.94
92,292,2.08
92,293,5.56
92,294,4.55
92,295,2.17
92,296,5
92,297,2.38
92,298,2.08
92,299,4.55
92,300,5.56
92,301,3.13
92,302,3.13
92,303,2.08
92,304,10
92,305,2.94
92,306,10
92,307,7.14
92,308,6.25
92,309,10
92,310,6.25
92,311,2.17
92,312,2.63
92,313,2.5
92,314,7.14
92,315,2.63
92,316,3.57
92,317,2.63
92,318,5
92,319,2
92,320,8.33
92,321,2.63
92,322,2.78
92,323,3.33
92,324,3.57
92,325,2
92,326,3.33
92,327,2.17
92,328,2.63
92,329,2.94
92,330,2.78
92,331,2
92,332,4.55
92,333,4.17
92,334,2.38
92,335,10
92,336,6.25
92,337,2
92,338,2.08
92,339,2.5
92,340,2.5
92,341,7.14
92,342,2.63
92,343,5
92,344,2.17
92,345,3.57
92,346,2.27
92,347,6.25
92,348,2.5
92,349,4.17
92,350,3.85
92,351,2.27
92,352,5
92,353,8.33
92,354,5.56
92,355,2
92,356,3.33
92,357,4.17
92,358,2
92,359,2
92,360,5.56
92,361,2.94
92,362,10
92,363,7.14
92,364,2.17
92,365,5.56
92,366,8.33
92,367,3.85
92,368,2.27
92,369,3.13
92,370,2.5
92,371,2.94
92,372,2.94
92,373,2.5
92,374,2.5
92,375,2.94
92,376,3.85
92,377,3.85
92,378,3.57
92,379,6.25
92,380,3.85
92,381,10
92,382,3.33
92,383,5
92,384,2.17
92,385,2.27
92,386,4.55
92,387,4.17
92,388,2.17
92,389,3.85
92,390,7.14
92,391,4.17
92,392,2.38
92,393,5
92,394,4.55
92,395,2.17
92,396,8.33
92,397,5.56
92,398,2.5
92,399,2
92,400,2.5
92,401,7.14
92,402,2.5
92,403,5.56
92,404,2.27
92,405,2
92,406,2.63
92,407,4.55
92,408,7.14
92,409,7.14
92,410,4.17
92,411,2.38
92,412,2
92,413,8.33
92,414,2.17
92,415,2.17
92,416,5.56
92,417,2.08
92,418,4.55
92,419,2.78
92,420,2.63
92,421,2.5
92,422,2.17
92,423,2.17
92,424,2
92,425,4.55
92,426,3.13
92,427,4.17
92,428,4.55
92,429,2.08
92,430,5.56
92,431,2.63
92,432,6.25
92,433,2.94
92,434,2.27
92,435,8.33
92,436,3.57
92,437,2.78
92,438,2.08
92,439,3.85
92,440,7.14
92,441,2.78
92,442,2.38
92,443,5
92,444,7.14
92,445,2.38
92,446,2.17
92,447,3.57
92,448,2.17
92,449,7.14
92,450,2.08
92,451,2
92,452,6.25
92,453,2.94
92,454,3.33
92,455,2.5
92,456,2.5
92,457,3.85
92,458,2.94
92,459,5.56
92,460,8.33
92,461,3.33
92,462,5
92,463,2.5
92,464,2.17
92,465,2.63
92,466,2.38
92,467,2.17
92,468,4.55
92,469,4.17
92,470,4.17
92,471,7.14
92,472,6.25
92,473,2
92,474,2.17
92,475,5.56
92,476,4.17
92,477,2.63
92,478,2.17
92,479,5.56
92,480,2.17
92,481,5.56
92,482,5.56
92,483,2.27
92,484,4.17
92,485,2.94
92,486,6.25
92,487,2.27
92,488,3.13
92,489,2.94
92,490,10
92,491,2.38
92,492,2.38
92,493,3.33
92,494,2.63
92,495,3.85
92,496,3.33
92,497,2.94
92,498,3.33
92,499,2.94
92,500,6.25
93,1,2.38
93,2,3.85
93,3,10
93,4,3.57
93,5,3.57
93,6,7.14
93,7,4.17
93,8,2.17
93,9,2.63
93,10,2.27
93,11,5
93,12,10
93,13,10
93,14,7.14
93,15,2.5
93,16,2.78
93,17,2.5
93,18,2.38
93,19,5.56
93,20,3.85
93,21,2.27
93,22,3.85
93,23,3.33
93,24,5
93,25,2.38
93,26,2.5
93,27,3.33
93,28,8.33
93,29,10
93,30,2.63
93,31,4.55
93,32,2.38
93,33,5
93,34,2.63
93,35,2
93,36,5.56
93,37,5.56
93,38,2
93,39,2.5
93,40,2.94
93,41,2.27
93,42,2.63
93,43,4.17
93,44,3.85
93,45,3.85
93,46,2.94
93,47,3.85
93,48,10
93,49,6.25
93,50,5
93,51,5
93,52,5.56
93,53,5
93,54,2
93,55,6.25
93,56,2.38
93,57,8.33
93,58,8.33
93,59,8.33
93,60,5.56
93,61,2.94
93,62,2.78
93,63,10
93,64,3.57
93,65,2.5
93,66,10
93,67,2.78
93,68,2.78
93,69,3.13
93,70,2.94
93,71,2.27
93,72,10
93,73,2.38
93,74,3.33
93,75,5
93,76,2.5
93,77,4.55
93,78,5.56
93,79,3.57
93,80,6.25
93,81,2.08
93,82,7.14
93,83,4.17
93,84,2.5
93,85,2.5
93,86,2.17
93,87,5.56
93,88,5
93,89,3.33
93,90,2
93,91,2
93,92,5
93,93,3.33
93,94,3.13
93,95,2.63
93,96,3.33
93,97,2.27
93,98,5
93,99,2.94
93,100,10
93,101,2.94
93,102,8.33
93,103,2.94
93,104,2.63
93,105,2.78
93,106,2
93,107,4.17
93,108,5.56
93,109,2.63
93,110,3.57
93,111,2.27
93,112,2.78
93,113,4.55
93,114,3.13
93,115,5
93,116,2
93,117,4.17
93,118,3.33
93,119,10
93,120,2.38
93,121,2
93,122,4.55
93,123,6.25
93,124,2.5
93,125,4.17
93,126,2.08
93,127,2
93,128,2.17
93,129,2.63
93,130,2.27
93,131,2.94
93,132,2
93,133,3.85
93,134,3.85
93,135,3.57
93,136,3.57
93,137,3.85
93,138,3.13
93,139,2.94
93,140,2.38
93,141,2.5
93,142,2.27
93,143,2.5
93,144,3.85
93,145,3.33
93,146,10
93,147,2.5
93,148,6.25
93,149,2.63
93,150,5.56
93,151,2.08
93,152,4.17
93,153,2.17
93,154,5
93,155,2.08
93,156,5
93,157,3.33
93,158,3.85
93,159,8.33
93,160,5
93,161,2.38
93,162,2.08
93,163,7.14
93,164,2.78
93,165,3.33
93,166,6.25
93,167,2.08
93,168,2.38
93,169,2.78
93,170,7.14
93,171,3.85
93,172,10
93,173,3.57
93,174,3.13
93,175,5.56
93,176,5
93,177,2.78
93,178,3.57
93,179,3.85
93,180,4.17
93,181,3.57
93,182,3.57
93,183,6.25
93,184,7.14
93,185,2.78
93,186,4.17
93,187,2.63
93,188,5.56
93,189,2
93,190,2.08
93,191,5.56
93,192,3.13
93,193,2.5
93,194,3.33
93,195,3.33
93,196,7.14
93,197,3.13
93,198,8.33
93,199,2.94
93,200,10
93,201,8.33
93,202,10
93,203,4.55
93,204,10
93,205,2.63
93,206,5
93,207,3.33
93,208,2.27
93,209,2.38
93,210,3.85
93,211,10
93,212,3.57
93,213,2.17
93,214,2.38
93,215,6.25
93,216,2.38
93,217,2.94
93,218,2.38
93,219,2.17
93,220,2
93,221,3.13
93,222,3.13
93,223,3.33
93,224,3.13
93,225,4.17
93,226,3.85
93,227,3.85
93,228,3.13
93,229,2.5
93,230,5
93,231,2.78
93,232,3.85
93,233,7.14
93,234,2.17
93,235,3.13
93,236,6.25
93,237,2.94
93,238,2.17
93,239,3.33
93,240,10
93,241,4.55
93,242,5
93,243,3.13
93,244,2
93,245,8.33
93,246,2.38
93,247,2.94
93,248,2.94
93,249,3.13
93,250,7.14
93,251,3.13
93,252,4.55
93,253,2.27
93,254,2.08
93,255,2.5
93,256,3.33
93,257,2
93,258,3.85
93,259,4.17
93,260,2.17
93,261,2.38
93,262,2.17
93,263,6.25
93,264,2.17
93,265,7.14
93,266,3.13
93,267,3.85
93,268,2.08
93,269,2.27
93,270,2.78
93,271,3.57
93,272,3.85
93,273,4.55
93,274,2.63
93,275,7.14
93,276,8.33
93,277,8.33
93,278,5.56
93,279,5
93,280,7.14
93,281,5
93,282,2
93,283,2.78
93,284,3.13
93,285,2.17
93,286,4.55
93,287,3.13
93,288,3.13
93,289,10
93,290,2.63
93,291,8.33
93,292,4.55
93,293,2.5
93,294,2.27
93,295,2.17
93,296,2.17
93,297,7.14
93,298,2.78
93,299,2.78
93,300,10
93,301,2.17
93,302,8.33
93,303,3.13
93,304,3.85
93,305,2.78
93,306,6.25
93,307,2
93,308,6.25
93,309,5
93,310,2.94
93,311,3.33
93,312,3.33
93,313,6.25
93,314,2.63
93,315,3.33
93,316,2.78
93,317,3.85
93,318,2.38
93,319,3.33
93,320,5.56
93,321,2.08
93,322,3.85
93,323,3.57
93,324,2.08
93,325,2.17
93,326,3.13
93,327,2.5
93,328,5.56
93,329,2.38
93,330,8.33
93,331,3.57
93,332,10
93,333,2.78
93,334,3.85
93,335,5
93,336,10
93,337,4.55
93,338,3.33
93,339,3.85
93,340,3.33
93,341,5.56
93,342,5
93,343,2.94
93,344,3.57
93,345,2.17
93,346,4.55
93,347,2.17
93,348,3.85
93,349,2.5
93,350,2.17
93,351,5
93,352,2.38
93,353,3.57
93,354,3.13
93,355,5
93,356,2.94
93,357,6.25
93,358,2.27
93,359,7.14
93,360,8.33
93,361,2
93,362,2.78
93,363,2.17
93,364,3.13
93,365,2.17
93,366,2.63
93,367,2.78
93,368,4.17
93,369,5
93,370,3.13
93,371,4.17
93,372,2
93,373,3.57
93,374,2.94
93,375,2.17
93,376,2.5
93,377,3.57
93,378,2
93,379,3.33
93,380,3.13
93,381,2.5
93,382,2.5
93,383,2.08
93,384,2.78
93,385,7.14
93,386,3.13
93,387,2.94
93,388,6.25
93,389,8.33
93,390,4.55
93,391,4.17
93,392,2.63
93,393,8.33
93,394,3.57
93,395,3.85
93,396,7.14
93,397,8.33
93,398,3.57
93,399,7.14
93,400,10
93,401,3.57
93,402,3.33
93,403,2.78
93,404,2.63
93,405,2.5
93,406,2.5
93,407,2.5
93,408,2.78
93,409,2.17
93,410,2.08
93,411,2
93,412,4.17
93,413,2.38
93,414,8.33
93,415,4.55
93,416,3.57
93,417,2.63
93,418,5
93,419,2.5
93,420,8.33
93,421,2.63
93,422,2.78
93,423,5.56
93,424,7.14
93,425,10
93,426,2.08
93,427,3.85
93,428,3.33
93,429,6.25
93,430,2.27
93,431,5
93,432,5
93,433,2.5
93,434,4.17
93,435,3.13
93,436,10
93,437,4.17
93,438,4.55
93,439,4.55
93,440,5
93,441,8.33
93,442,8.33
93,443,2.08
93,444,3.13
93,445,3.33
93,446,2.78
93,447,3.85
93,448,2.27
93,449,4.17
93,450,7.14
93,451,3.57
93,452,2.38
93,453,8.33
93,454,3.33
93,455,10
93,456,10
93,457,4.17
93,458,2.78
93,459,3.13
93,460,4.55
93,461,3.33
93,462,7.14
93,463,4.17
93,464,2.38
93,465,3.57
93,466,3.13
93,467,2.27
93,468,5.56
93,469,2.94
93,470,5
93,471,8.33
93,472,3.57
93,473,6.25
93,474,2.38
93,475,8.33
93,476,2.27
93,477,3.13
93,478,3.57
93,479,7.14
93,480,3.57
93,481,2
93,482,2.17
93,483,10
93,484,2.38
93,485,5.56
93,486,3.85
93,487,3.33
93,488,2.38
93,489,2.38
93,490,2
93,491,10
93,492,3.57
93,493,3.13
93,494,3.57
93,495,4.55
93,496,2.63
93,497,3.33
93,498,2.38
93,499,3.13
93,500,5
94,1,2.5
94,2,4.55
94,3,2.08
94,4,2
94,5,3.57
94,6,3.13
94,7,3.57
94,8,2.38
94,9,2.5
94,10,4.17
94,11,4.17
94,12,2.78
94,13,2.94
94,14,2.27
94,15,6.25
94,16,6.25
94,17,4.55
94,18,3.57
94,19,5
94,20,2.78
94,21,5.56
94,22,2.08
94,23,2.5
94,24,3.57
94,25,2.63
94,26,2.94
94,27,2.38
94,28,2.5
94,29,10
94,30,2.78
94,31,3.85
94,32,2.63
94,33,6.25
94,34,3.13
94,35,5.56
94,36,3.13
94,37,3.13
94,38,5
94,39,2.08
94,40,7.14
94,41,10
94,42,2.94
94,43,2.5
94,44,3.13
94,45,7.14
94,46,3.13
94,47,4.55
94,48,2.38
94,49,6.25
94,50,2.94
94,51,6.25
94,52,4.17
94,53,2.38
94,54,2.08
94,55,3.85
94,56,2
94,57,4.55
94,58,2.78
94,59,7.14
94,60,3.57
94,61,2.78
94,62,2.78
94,63,2
94,64,2.38
94,65,2.5
94,66,6.25
94,67,5.56
94,68,3.57
94,69,5
94,70,10
94,71,8.33
94,72,3.33
94,73,2.94
94,74,4.17
94,75,3.13
94,76,3.57
94,77,3.13
94,78,5
94,79,2.94
94,80,8.33
94,81,2.5
94,82,2.94
94,83,2.27
94,84,3.13
94,85,3.57
94,86,2.5
94,87,5.56
94,88,3.85
94,89,2.94
94,90,8.33
94,91,2.94
94,92,4.17
94,93,2.27
94,94,2.94
94,95,3.33
94,96,2.08
94,97,2.78
94,98,2.5
94,99,6.25
94,100,3.85
94,101,3.13
94,102,4.55
94,103,2.08
94,104,2.63
94,105,7.14
94,106,3.13
94,107,5.56
94,108,2.63
94,109,5
94,110,5.56
94,111,2.78
94,112,2.94
94,113,2.27
94,114,2.94
94,115,2.78
94,116,5
94,117,2.63
94,118,2.78
94,119,3.33
94,120,2.78
94,121,2.5
94,122,2.38
94,123,7.14
94,124,10
94,125,6.25
94,126,2.63
94,127,2.38
94,128,2.78
94,129,3.13
94,130,2.27
94,131,2.38
94,132,4.55
94,133,2.94
94,134,3.33
94,135,3.85
94,136,10
94,137,6.25
94,138,2.27
94,139,2
94,140,2.08
94,141,10
94,142,5.56
94,143,8.33
94,144,2.5
94,145,3.33
94,146,2.5
94,147,2.78
94,148,2.63
94,149,5
94,150,4.55
94,151,5.56
94,152,3.13
94,153,2.08
94,154,5
94,155,10
94,156,2.94
94,157,6.25
94,158,2.94
94,159,3.33
94,160,7.14
94,161,3.13
94,162,5
94,163,2.94
94,164,10
94,165,2.78
94,166,2.27
94,167,4.55
94,168,2.08
94,169,3.85
94,170,2.08
94,171,5
94,172,2.5
94,173,2.38
94,174,2
94,175,3.85
94,176,8.33
94,177,2
94,178,5
94,179,2
94,180,4.55
94,181,3.57
94,182,5.56
94,183,2.17
94,184,4.55
94,185,2.63
94,186,3.13
94,187,3.57
94,188,3.57
94,189,2.5
94,190,4.55
94,191,2.38
94,192,2.78
94,193,2.94
94,194,3.85
94,195,3.85
94,196,2.94
94,197,3.13
94,198,2.94
94,199,2.78
94,200,3.13
94,201,2.17
94,202,6.25
94,203,5
94,204,7.14
94,205,5.56
94,206,2.17
94,207,2.27
94,208,8.33
94,209,2.63
94,210,6.25
94,211,8.33
94,212,2.17
94,213,2.5
94,214,2.94
94,215,2.27
94,216,2.38
94,217,2.17
94,218,5.56
94,219,2.5
94,220,2.17
94,221,3.85
94,222,8.33
94,223,5
94,224,4.17
94,225,3.57
94,226,2.08
94,227,2.5
94,228,5.56
94,229,4.55
94,230,2.27
94,231,10
94,232,8.33
94,233,5.56
94,234,2
94,235,4.17
94,236,2.63
94,237,2.78
94,238,7.14
94,239,2.08
94,240,7.14
94,241,6.25
94,242,2.78
94,243,2.38
94,244,2.63
94,245,2.27
94,246,2.17
94,247,2.5
94,248,2.17
94,249,5
94,250,2.5
94,251,2.78
94,252,2.08
94,253,5
94,254,3.85
94,255,6.25
94,256,2
94,257,8.33
94,258,4.55
94,259,4.17
94,260,2.5
94,261,2.5
94,262,2.63
94,263,3.13
94,264,4.55
94,265,2.08
94,266,3.33
94,267,2.78
94,268,4.55
94,269,7.14
94,270,2.17
94,271,2
94,272,5
94,273,2.27
94,274,4.55
94,275,8.33
94,276,10
94,277,5.56
94,278,2.27
94,279,2.08
94,280,5.56
94,281,8.33
94,282,4.55
94,283,3.57
94,284,4.17
94,285,2.5
94,286,4.55
94,287,3.85
94,288,3.85
94,289,5
94,290,3.13
94,291,4.17
94,292,2.5
94,293,5.56
94,294,6.25
94,295,2.63
94,296,2.27
94,297,5
94,298,4.55
94,299,2.17
94,300,2.94
94,301,2.5
94,302,2.27
94,303,2.08
94,304,3.33
94,305,3.13
94,306,10
94,307,2.38
94,308,2.17
94,309,4.17
94,310,10
94,311,7.14
94,312,5
94,313,2.17
94,314,3.33
94,315,2.5
94,316,2.27
94,317,6.25
94,318,8.33
94,319,4.55
94,320,2.63
94,321,4.55
94,322,7.14
94,323,7.14
94,324,2.17
94,325,2.38
94,326,8.33
94,327,4.17
94,328,5
94,329,2.08
94,330,2.94
94,331,3.33
94,332,7.14
94,333,2.5
94,334,2
94,335,2.17
94,336,10
94,337,2.38
94,338,3.57
94,339,2.17
94,340,2.38
94,341,8.33
94,342,2.17
94,343,2.5
94,344,2.08
94,345,3.33
94,346,2.94
94,347,3.57
94,348,5.56
94,349,2.94
94,350,5
94,351,4.55
94,352,5
94,353,2.63
94,354,2.63
94,355,2.38
94,356,2.17
94,357,4.55
94,358,2.94
94,359,2.78
94,360,2.94
94,361,7.14
94,362,2.08
94,363,2.27
94,364,5
94,365,4.55
94,366,3.33
94,367,5
94,368,10
94,369,2.27
94,370,2.78
94,371,5
94,372,7.14
94,373,2.78
94,374,2.08
94,375,2.08
94,376,10
94,377,10
94,378,2.38
94,379,2.94
94,380,2.38
94,381,2.5
94,382,3.13
94,383,4.55
94,384,3.85
94,385,4.55
94,386,5
94,387,4.55
94,388,3.57
94,389,2.94
94,390,4.55
94,391,3.13
94,392,2
94,393,3.57
94,394,2.38
94,395,4.17
94,396,2.63
94,397,2.78
94,398,4.55
94,399,2.63
94,400,5.56
94,401,3.33
94,402,2.94
94,403,10
94,404,5.56
94,405,2
94,406,7.14
94,407,2.27
94,408,4.17
94,409,2.78
94,410,3.33
94,411,2.63
94,412,2
94,413,5
94,414,2.27
94,415,4.55
94,416,5
94,417,3.85
94,418,4.17
94,419,10
94,420,3.57
94,421,3.85
94,422,5.56
94,423,5
94,424,10
94,425,7.14
94,426,6.25
94,427,2.63
94,428,7.14
94,429,3.13
94,430,8.33
94,431,5
94,432,2.5
94,433,3.33
94,434,3.57
94,435,2.5
94,436,2.27
94,437,2.08
94,438,2.17
94,439,10
94,440,2.78
94,441,7.14
94,442,10
94,443,3.85
94,444,4.55
94,445,3.13
94,446,2.63
94,447,3.33
94,448,3.13
94,449,2.27
94,450,2.17
94,451,2.38
94,452,2
94,453,3.85
94,454,4.17
94,455,2.63
94,456,3.85
94,457,4.17
94,458,5
94,459,7.14
94,460,3.13
94,461,5
94,462,3.13
94,463,2
94,464,2.94
94,465,2.5
94,466,4.55
94,467,5
94,468,3.85
94,469,2.27
94,470,5
94,471,4.55
94,472,10
94,473,6.25
94,474,10
94,475,3.57
94,476,10
94,477,2.38
94,478,7.14
94,479,2.5
94,480,7.14
94,481,2.94
94,482,3.13
94,483,2.17
94,484,3.85
94,485,2.5
94,486,2.27
94,487,2.63
94,488,8.33
94,489,4.17
94,490,7.14
94,491,2.38
94,492,2.78
94,493,4.17
94,494,4.17
94,495,2.78
94,496,2
94,497,6.25
94,498,3.33
94,499,5.56
94,500,8.33
95,1,8.33
95,2,3.13
95,3,4.17
95,4,2.94
95,5,3.33
95,6,10
95,7,3.85
95,8,8.33
95,9,2.38
95,10,3.13
95,11,5.56
95,12,8.33
95,13,3.33
95,14,3.85
95,15,2.17
95,16,2.38
95,17,4.55
95,18,2.94
95,19,5.56
95,20,2.63
95,21,5.56
95,22,2.17
95,23,2.27
95,24,2.78
95,25,2.17
95,26,3.57
95,27,4.55
95,28,7.14
95,29,2.5
95,30,3.33
95,31,3.13
95,32,5
95,33,5.56
95,34,4.17
95,35,2
95,36,4.55
95,37,2.27
95,38,2.38
95,39,2.08
95,40,2.94
95,41,5
95,42,3.85
95,43,4.55
95,44,2.27
95,45,2.63
95,46,3.85
95,47,4.17
95,48,5.56
95,49,10
95,50,4.17
95,51,4.55
95,52,4.17
95,53,3.13
95,54,2.27
95,55,8.33
95,56,2.78
95,57,4.17
95,58,3.33
95,59,3.57
95,60,2.17
95,61,4.55
95,62,2.5
95,63,2.63
95,64,2.17
95,65,2.78
95,66,2.38
95,67,2.63
95,68,2.17
95,69,3.33
95,70,2.38
95,71,2.78
95,72,2.38
95,73,2.63
95,74,8.33
95,75,2.17
95,76,2.78
95,77,3.33
95,78,3.85
95,79,4.55
95,80,2.38
95,81,4.17
95,82,2.38
95,83,2.27
95,84,5.56
95,85,2.5
95,86,2.38
95,87,2.38
95,88,3.33
95,89,5
95,90,2.78
95,91,3.57
95,92,8.33
95,93,5
95,94,4.55
95,95,4.55
95,96,2.27
95,97,6.25
95,98,2
95,99,6.25
95,100,4.55
95,101,5
95,102,8.33
95,103,4.55
95,104,4.17
95,105,3.85
95,106,2.08
95,107,2.17
95,108,3.85
95,109,2.17
95,110,7.14
95,111,4.55
95,112,2.27
95,113,3.33
95,114,8.33
95,115,7.14
95,116,4.17
95,117,2.08
95,118,7.14
95,119,2.17
95,120,2.94
95,121,6.25
95,122,2.08
95,123,2.63
95,124,3.85
95,125,4.17
95,126,7.14
95,127,4.55
95,128,2
95,129,6.25
95,130,2.94
95,131,3.13
95,132,6.25
95,133,2.5
95,134,5
95,135,2.94
95,136,7.14
95,137,2.27
95,138,5
95,139,3.85
95,140,7.14
95,141,3.33
95,142,6.25
95,143,3.13
95,144,5
95,145,2
95,146,5.56
95,147,2.17
95,148,3.13
95,149,2.5
95,150,2
95,151,2
95,152,2.63
95,153,10
95,154,2.38
95,155,7.14
95,156,2.27
95,157,2.38
95,158,2.08
95,159,4.55
95,160,2
95,161,3.57
95,162,2.78
95,163,3.33
95,164,6.25
95,165,10
95,166,7.14
95,167,5
95,168,4.17
95,169,4.17
95,170,2.38
95,171,3.57
95,172,4.17
95,173,6.25
95,174,3.33
95,175,2.17
95,176,3.85
95,177,3.33
95,178,2.17
95,179,3.33
95,180,4.55
95,181,2.5
95,182,2.63
95,183,5
95,184,3.33
95,185,2.78
95,186,2.38
95,187,2.08
95,188,2.38
95,189,2.08
95,190,4.55
95,191,3.57
95,192,3.13
95,193,3.13
95,194,3.57
95,195,2.08
95,196,5
95,197,2.78
95,198,2.08
95,199,10
95,200,6.25
95,201,5.56
95,202,2.27
95,203,2.78
95,204,5.56
95,205,2.63
95,206,2.63
95,207,2.63
95,208,4.17
95,209,8.33
95,210,2.5
95,211,2.38
95,212,2
95,213,2.5
95,214,2.63
95,215,5
95,216,2.27
95,217,2.63
95,218,5
95,219,10
95,220,8.33
95,221,2.17
95,222,2.78
95,223,5
95,224,2.78
95,225,2.78
95,226,10
95,227,3.57
95,228,3.57
95,229,2.17
95,230,2.5
95,231,3.33
95,232,3.57
95,233,4.55
95,234,4.55
95,235,2
95,236,7.14
95,237,2.94
95,238,2.17
95,239,3.13
95,240,3.85
95,241,7.14
95,242,7.14
95,243,7.14
95,244,2.78
95,245,3.57
95,246,2.08
95,247,2.27
95,248,2.94
95,249,2.94
95,250,3.85
95,251,2.94
95,252,3.33
95,253,2.63
95,254,3.13
95,255,5
95,256,7.14
95,257,4.17
95,258,7.14
95,259,2.5
95,260,6.25
95,261,8.33
95,262,7.14
95,263,2.5
95,264,3.13
95,265,2.78
95,266,2.94
95,267,2.17
95,268,8.33
95,269,2.5
95,270,3.33
95,271,3.57
95,272,2.94
95,273,10
95,274,3.33
95,275,5.56
95,276,2.27
95,277,3.13
95,278,3.57
95,279,2.5
95,280,2.94
95,281,2.08
95,282,7.14
95,283,5
95,284,2.17
95,285,2.38
95,286,6.25
95,287,6.25
95,288,4.55
95,289,4.17
95,290,4.55
95,291,5
95,292,4.55
95,293,5.56
95,294,8.33
95,295,5
95,296,10
95,297,2.63
95,298,2.5
95,299,2.5
95,300,2.63
95,301,2.5
95,302,3.57
95,303,3.33
95,304,4.17
95,305,8.33
95,306,2.5
95,307,10
95,308,2.5
95,309,4.55
95,310,5.56
95,311,2.94
95,312,6.25
95,313,3.13
95,314,2.78
95,315,6.25
95,316,2
95,317,5
95,318,2.08
95,319,2.78
95,320,2.27
95,321,5.56
95,322,2.17
95,323,2.94
95,324,3.13
95,325,6.25
95,326,7.14
95,327,2.63
95,328,6.25
95,329,7.14
95,330,8.33
95,331,4.17
95,332,2.63
95,333,8.33
95,334,3.13
95,335,2.27
95,336,2.38
95,337,2.08
95,338,4.17
95,339,2.38
95,340,2.94
95,341,10
95,342,6.25
95,343,3.33
95,344,2.63
95,345,5.56
95,346,3.57
95,347,2.27
95,348,7.14
95,349,2
95,350,4.17
95,351,2.27
95,352,3.13
95,353,2.5
95,354,2.5
95,355,2.5
95,356,2.63
95,357,2.17
95,358,2.17
95,359,5.56
95,360,2.94
95,361,10
95,362,2.17
95,363,2.63
95,364,4.55
95,365,3.13
95,366,2.63
95,367,3.85
95,368,10
95,369,2.78
95,370,8.33
95,371,2.63
95,372,2.27
95,373,2.5
95,374,5
95,375,2.27
95,376,2.38
95,377,4.55
95,378,4.55
95,379,6.25
95,380,3.57
95,381,8.33
95,382,2.94
95,383,3.33
95,384,6.25
95,385,6.25
95,386,2.63
95,387,3.57
95,388,2.27
95,389,2.17
95,390,2.78
95,391,2.38
95,392,6.25
95,393,3.13
95,394,3.85
95,395,4.17
95,396,2.5
95,397,5.56
95,398,2.94
95,399,3.13
95,400,4.55
95,401,2.78
95,402,2.27
95,403,3.33
95,404,3.57
95,405,2.38
95,406,2.38
95,407,2
95,408,3.13
95,409,2.17
95,410,3.85
95,411,2.08
95,412,2.78
95,413,3.13
95,414,2.27
95,415,2
95,416,2.08
95,417,7.14
95,418,2
95,419,2
95,420,2.17
95,421,7.14
95,422,3.57
95,423,5.56
95,424,4.55
95,425,5.56
95,426,6.25
95,427,5.56
95,428,2.08
95,429,2.78
95,430,4.55
95,431,2.78
95,432,7.14
95,433,2.63
95,434,2.38
95,435,2.63
95,436,4.55
95,437,5
95,438,3.33
95,439,6.25
95,440,5.56
95,441,3.85
95,442,3.57
95,443,7.14
95,444,2.94
95,445,3.33
95,446,3.85
95,447,3.33
95,448,2.94
95,449,2.38
95,450,2.63
95,451,6.25
95,452,2.63
95,453,2.17
95,454,2.17
95,455,2.27
95,456,4.17
95,457,6.25
95,458,2.63
95,459,2.63
95,460,2.08
95,461,10
95,462,2.94
95,463,6.25
95,464,5
95,465,10
95,466,3.33
95,467,4.17
95,468,6.25
95,469,5
95,470,3.57
95,471,3.57
95,472,2.38
95,473,2.38
95,474,2.5
95,475,5.56
95,476,2.63
95,477,2
95,478,3.57
95,479,7.14
95,480,5
95,481,3.85
95,482,8.33
95,483,2.5
95,484,2.17
95,485,2.08
95,486,2.27
95,487,2.94
95,488,2.38
95,489,7.14
95,490,2.5
95,491,2.78
95,492,4.17
95,493,3.33
95,494,2
95,495,5.56
95,496,4.55
95,497,3.85
95,498,3.85
95,499,2.78
95,500,8.33
96,1,5
96,2,2.5
96,3,5
96,4,3.57
96,5,2.27
96,6,2.17
96,7,3.85
96,8,2.38
96,9,2.5
96,10,4.17
96,11,8.33
96,12,3.57
96,13,10
96,14,10
96,15,7.14
96,16,8.33
96,17,3.85
96,18,3.33
96,19,3.13
96,20,2.27
96,21,5
96,22,2.78
96,23,3.85
96,24,2.94
96,25,8.33
96,26,2.63
96,27,2.27
96,28,2
96,29,8.33
96,30,7.14
96,31,10
96,32,2.63
96,33,2.5
96,34,5
96,35,4.17
96,36,6.25
96,37,7.14
96,38,3.57
96,39,3.57
96,40,4.17
96,41,3.33
96,42,2.5
96,43,5
96,44,10
96,45,4.17
96,46,2.17
96,47,2.63
96,48,2.17
96,49,10
96,50,2.38
96,51,2.38
96,52,3.85
96,53,3.57
96,54,2.78
96,55,3.57
96,56,2.08
96,57,3.13
96,58,2.38
96,59,2.78
96,60,2.5
96,61,2
96,62,5.56
96,63,3.57
96,64,3.13
96,65,2.94
96,66,2.27
96,67,5.56
96,68,2.78
96,69,2.17
96,70,2.78
96,71,2.5
96,72,4.17
96,73,7.14
96,74,3.57
96,75,3.33
96,76,2.38
96,77,5
96,78,3.13
96,79,8.33
96,80,2.5
96,81,2.94
96,82,2.63
96,83,3.13
96,84,2.94
96,85,4.55
96,86,6.25
96,87,2
96,88,10
96,89,2.08
96,90,2.78
96,91,8.33
96,92,2.94
96,93,5
96,94,2.38
96,95,3.85
96,96,4.17
96,97,6.25
96,98,3.85
96,99,2.27
96,100,7.14
96,101,2.5
96,102,3.85
96,103,2.27
96,104,5
96,105,7.14
96,106,4.17
96,107,2.08
96,108,2
96,109,6.25
96,110,5
96,111,3.33
96,112,10
96,113,3.13
96,114,4.55
96,115,3.85
96,116,2
96,117,5
96,118,2.27
96,119,2.27
96,120,7.14
96,121,2.78
96,122,10
96,123,3.85
96,124,2.78
96,125,2.38
96,126,2
96,127,2.63
96,128,3.13
96,129,3.33
96,130,2
96,131,2.5
96,132,2.17
96,133,2.5
96,134,2.78
96,135,4.17
96,136,3.85
96,137,2.38
96,138,7.14
96,139,2.38
96,140,3.57
96,141,2.78
96,142,2.38
96,143,5.56
96,144,2.08
96,145,2.27
96,146,2.78
96,147,10
96,148,5
96,149,2.5
96,150,4.17
96,151,5
96,152,3.13
96,153,3.57
96,154,2
96,155,2.27
96,156,2.94
96,157,2.63
96,158,7.14
96,159,2.78
96,160,2.78
96,161,3.57
96,162,10
96,163,7.14
96,164,2.27
96,165,10
96,166,3.57
96,167,2
96,168,2.27
96,169,8.33
96,170,2.94
96,171,2.08
96,172,2.08
96,173,7.14
96,174,8.33
96,175,2.38
96,176,7.14
96,177,6.25
96,178,2.17
96,179,3.33
96,180,2.5
96,181,2.5
96,182,2.38
96,183,3.13
96,184,2.78
96,185,2.08
96,186,2.17
96,187,2.38
96,188,2.5
96,189,2.27
96,190,3.33
96,191,2
96,192,7.14
96,193,10
96,194,4.55
96,195,2.78
96,196,5
96,197,4.55
96,198,2.17
96,199,7.14
96,200,2.78
96,201,4.17
96,202,4.55
96,203,10
96,204,2.38
96,205,3.13
96,206,2.17
96,207,2.5
96,208,10
96,209,10
96,210,2.5
96,211,3.33
96,212,4.17
96,213,6.25
96,214,3.57
96,215,8.33
96,216,5.56
96,217,2.08
96,218,3.85
96,219,8.33
96,220,3.57
96,221,10
96,222,4.17
96,223,10
96,224,5.56
96,225,4.17
96,226,3.13
96,227,10
96,228,2.63
96,229,4.55
96,230,2.08
96,231,3.13
96,232,5
96,233,7.14
96,234,2
96,235,3.57
96,236,3.57
96,237,5
96,238,2.27
96,239,2.17
96,240,5
96,241,8.33
96,242,8.33
96,243,2.94
96,244,10
96,245,2.63
96,246,2.63
96,247,4.17
96,248,6.25
96,249,10
96,250,4.55
96,251,7.14
96,252,2.38
96,253,10
96,254,3.13
96,255,3.57
96,256,2.08
96,257,2
96,258,2.27
96,259,4.55
96,260,8.33
96,261,2.17
96,262,3.33
96,263,2.5
96,264,2.08
96,265,2.63
96,266,4.55
96,267,8.33
96,268,8.33
96,269,2.17
96,270,5
96,271,2.08
96,272,3.85
96,273,2.63
96,274,5.56
96,275,8.33
96,276,2.27
96,277,2.08
96,278,2.08
96,279,8.33
96,280,2.38
96,281,2.27
96,282,5.56
96,283,2.27
96,284,2.5
96,285,2
96,286,2.38
96,287,2
96,288,10
96,289,7.14
96,290,2.27
96,291,10
96,292,2.78
96,293,2.17
96,294,6.25
96,295,5.56
96,296,4.55
96,297,2.78
96,298,2
96,299,5.56
96,300,3.57
96,301,8.33
96,302,5
96,303,3.85
96,304,2.78
96,305,2.38
96,306,2.17
96,307,3.33
96,308,2.38
96,309,2
96,310,2.78
96,311,2.17
96,312,2.17
96,313,3.13
96,314,2.27
96,315,5.56
96,316,7.14
96,317,2.08
96,318,5.56
96,319,2.38
96,320,10
96,321,3.13
96,322,10
96,323,2.27
96,324,2.78
96,325,10
96,326,2.63
96,327,2.78
96,328,4.55
96,329,2.63
96,330,3.13
96,331,4.17
96,332,2.17
96,333,3.13
96,334,2.78
96,335,4.17
96,336,2.63
96,337,2.63
96,338,2
96,339,3.57
96,340,2.94
96,341,4.17
96,342,8.33
96,343,2.38
96,344,2.63
96,345,5
96,346,2.38
96,347,2.94
96,348,2.27
96,349,5.56
96,350,6.25
96,351,2.63
96,352,2.78
96,353,2.38
96,354,2.17
96,355,3.13
96,356,2.78
96,357,8.33
96,358,3.57
96,359,2.08
96,360,3.85
96,361,2.17
96,362,5
96,363,3.57
96,364,5
96,365,2.08
96,366,2.63
96,367,2.27
96,368,4.17
96,369,8.33
96,370,2.94
96,371,2.78
96,372,4.17
96,373,2.94
96,374,3.85
96,375,2.78
96,376,2.08
96,377,3.13
96,378,2.63
96,379,10
96,380,3.13
96,381,3.13
96,382,2.08
96,383,3.85
96,384,2
96,385,3.85
96,386,5
96,387,4.55
96,388,5
96,389,7.14
96,390,8.33
96,391,5.56
96,392,5
96,393,4.17
96,394,2.5
96,395,3.85
96,396,5
96,397,8.33
96,398,2.08
96,399,4.55
96,400,2.27
96,401,5.56
96,402,5.56
96,403,2.94
96,404,2.08
96,405,3.13
96,406,10
96,407,4.55
96,408,2.78
96,409,2.63
96,410,3.85
96,411,3.13
96,412,2
96,413,3.33
96,414,3.85
96,415,7.14
96,416,3.13
96,417,3.85
96,418,2.08
96,419,2.78
96,420,2.78
96,421,3.13
96,422,5.56
96,423,2.38
96,424,6.25
96,425,2.5
96,426,2.27
96,427,8.33
96,428,2.08
96,429,3.85
96,430,5
96,431,4.55
96,432,2.27
96,433,2.38
96,434,2.08
96,435,2.5
96,436,2.5
96,437,7.14
96,438,3.85
96,439,2
96,440,3.13
96,441,4.55
96,442,2.63
96,443,5.56
96,444,2.17
96,445,2.27
96,446,8.33
96,447,2
96,448,4.17
96,449,2.08
96,450,2.38
96,451,2.63
96,452,2.17
96,453,2.38
96,454,2.27
96,455,2.08
96,456,2.5
96,457,2.08
96,458,4.55
96,459,3.13
96,460,5.56
96,461,3.13
96,462,2.08
96,463,10
96,464,2.27
96,465,2.17
96,466,10
96,467,5.56
96,468,2.08
96,469,6.25
96,470,3.85
96,471,6.25
96,472,4.17
96,473,5.56
96,474,2
96,475,5.56
96,476,5
96,477,2.27
96,478,6.25
96,479,2.63
96,480,10
96,481,2.27
96,482,2.5
96,483,3.85
96,484,8.33
96,485,3.85
96,486,10
96,487,2.94
96,488,2.17
96,489,2.38
96,490,2.17
96,491,3.85
96,492,3.85
96,493,3.85
96,494,2.08
96,495,3.13
96,496,2.94
96,497,4.55
96,498,2.5
96,499,3.33
96,500,2.63
97,1,3.33
97,2,3.13
97,3,4.55
97,4,2.63
97,5,2
97,6,3.13
97,7,7.14
97,8,7.14
97,9,3.57
97,10,2.78
97,11,3.85
97,12,8.33
97,13,2.08
97,14,5.56
97,15,2.78
97,16,8.33
97,17,4.55
97,18,3.33
97,19,2.27
97,20,3.33
97,21,5
97,22,5
97,23,6.25
97,24,2.08
97,25,5.56
97,26,2.63
97,27,4.17
97,28,5
97,29,5
97,30,2.94
97,31,5.56
97,32,2.08
97,33,4.55
97,34,2.78
97,35,2.63
97,36,10
97,37,3.85
97,38,2.17
97,39,3.13
97,40,3.85
97,41,7.14
97,42,4.17
97,43,6.25
97,44,4.17
97,45,2.63
97,46,2.63
97,47,2.5
97,48,2.08
97,49,8.33
97,50,2.94
97,51,2.08
97,52,2.17
97,53,4.55
97,54,7.14
97,55,8.33
97,56,2.08
97,57,7.14
97,58,2.5
97,59,3.13
97,60,2.5
97,61,2.17
97,62,2.63
97,63,2.08
97,64,3.57
97,65,5.56
97,66,6.25
97,67,2.94
97,68,2.27
97,69,8.33
97,70,4.17
97,71,3.33
97,72,8.33
97,73,2
97,74,2.78
97,75,5
97,76,4.55
97,77,2.63
97,78,2.63
97,79,2.94
97,80,5
97,81,2.27
97,82,7.14
97,83,2.17
97,84,2.38
97,85,2.08
97,86,7.14
97,87,3.33
97,88,6.25
97,89,2.63
97,90,2.5
97,91,2
97,92,8.33
97,93,6.25
97,94,3.33
97,95,3.85
97,96,2
97,97,8.33
97,98,8.33
97,99,2
97,100,3.57
97,101,4.17
97,102,2.78
97,103,2.63
97,104,8.33
97,105,2.38
97,106,2.63
97,107,2.08
97,108,3.13
97,109,5
97,110,2
97,111,2.5
97,112,3.13
97,113,2.63
97,114,2.94
97,115,3.13
97,116,2.63
97,117,5.56
97,118,5
97,119,2
97,120,2.5
97,121,2.27
97,122,8.33
97,123,2.5
97,124,7.14
97,125,4.55
97,126,2.94
97,127,4.55
97,128,3.13
97,129,7.14
97,130,3.85
97,131,4.17
97,132,3.13
97,133,10
97,134,2.5
97,135,8.33
97,136,2.63
97,137,6.25
97,138,2.17
97,139,6.25
97,140,10
97,141,2.63
97,142,3.85
97,143,3.13
97,144,2.17
97,145,5.56
97,146,2.38
97,147,2.63
97,148,2.94
97,149,3.57
97,150,7.14
97,151,2.78
97,152,8.33
97,153,2
97,154,3.85
97,155,10
97,156,4.55
97,157,8.33
97,158,5
97,159,2.38
97,160,5
97,161,2.63
97,162,6.25
97,163,2.38
97,164,2.5
97,165,6.25
97,166,2.63
97,167,8.33
97,168,2.94
97,169,2.94
97,170,2.38
97,171,2.08
97,172,5
97,173,2.27
97,174,5.56
97,175,3.57
97,176,2.17
97,177,2.78
97,178,3.57
97,179,3.57
97,180,2.63
97,181,5
97,182,6.25
97,183,3.33
97,184,6.25
97,185,2.5
97,186,2.08
97,187,2.17
97,188,3.85
97,189,2.5
97,190,2.94
97,191,3.13
97,192,10
97,193,2.08
97,194,3.33
97,195,2
97,196,3.85
97,197,2.17
97,198,5
97,199,3.33
97,200,8.33
97,201,2
97,202,2.27
97,203,10
97,204,2.94
97,205,2.63
97,206,7.14
97,207,2.38
97,208,7.14
97,209,2.63
97,210,5
97,211,2
97,212,8.33
97,213,2.27
97,214,5.56
97,215,4.17
97,216,2.08
97,217,5.56
97,218,7.14
97,219,2.17
97,220,4.17
97,221,5.56
97,222,2.38
97,223,2
97,224,2.08
97,225,2.5
97,226,2.63
97,227,6.25
97,228,3.57
97,229,2.5
97,230,3.85
97,231,2.5
97,232,2.27
97,233,2.17
97,234,10
97,235,2.27
97,236,5
97,237,5
97,238,7.14
97,239,4.17
97,240,3.13
97,241,5.56
97,242,2.38
97,243,2.08
97,244,2.27
97,245,4.17
97,246,3.85
97,247,2.63
97,248,2.63
97,249,2.08
97,250,4.55
97,251,2.5
97,252,5
97,253,2.78
97,254,2.38
97,255,10
97,256,3.33
97,257,7.14
97,258,3.57
97,259,2.08
97,260,4.17
97,261,2.08
97,262,2.78
97,263,3.13
97,264,3.13
97,265,3.13
97,266,4.17
97,267,3.57
97,268,2.38
97,269,2.27
97,270,5.56
97,271,2.38
97,272,2.78
97,273,2.5
97,274,3.57
97,275,3.13
97,276,2.63
97,277,3.33
97,278,4.55
97,279,2.17
97,280,2.38
97,281,2.78
97,282,3.13
97,283,5.56
97,284,2
97,285,2.38
97,286,3.33
97,287,4.17
97,288,4.55
97,289,6.25
97,290,3.13
97,291,2.38
97,292,2.94
97,293,3.57
97,294,2.38
97,295,2.63
97,296,2.17
97,297,4.17
97,298,5.56
97,299,2.94
97,300,3.13
97,301,2.78
97,302,2.27
97,303,2.63
97,304,2.94
97,305,3.33
97,306,2.17
97,307,7.14
97,308,3.85
97,309,6.25
97,310,5.56
97,311,5.56
97,312,2.94
97,313,2.08
97,314,2.27
97,315,2.17
97,316,2.17
97,317,8.33
97,318,2.63
97,319,2.38
97,320,3.13
97,321,2.5
97,322,2.63
97,323,3.13
97,324,10
97,325,2.94
97,326,2.27
97,327,2.63
97,328,2.38
97,329,2.08
97,330,2.94
97,331,2.08
97,332,3.33
97,333,3.13
97,334,3.33
97,335,2.5
97,336,2.08
97,337,10
97,338,2.17
97,339,8.33
97,340,2.78
97,341,2.17
97,342,2.38
97,343,4.55
97,344,10
97,345,2.08
97,346,2.38
97,347,2.63
97,348,3.85
97,349,2.08
97,350,2.94
97,351,2.78
97,352,3.85
97,353,2.94
97,354,2.94
97,355,2.78
97,356,3.57
97,357,2.27
97,358,10
97,359,6.25
97,360,3.33
97,361,2
97,362,3.57
97,363,3.13
97,364,2.5
97,365,3.57
97,366,8.33
97,367,2.94
97,368,2.17
97,369,7.14
97,370,8.33
97,371,3.33
97,372,10
97,373,6.25
97,374,6.25
97,375,2.17
97,376,3.57
97,377,3.85
97,378,3.85
97,379,2.94
97,380,2.94
97,381,2.08
97,382,2.38
97,383,10
97,384,5.56
97,385,3.57
97,386,2.63
97,387,2.17
97,388,5.56
97,389,5
97,390,4.17
97,391,8.33
97,392,2.94
97,393,3.13
97,394,5
97,395,2
97,396,6.25
97,397,2.38
97,398,2.78
97,399,2.5
97,400,5.56
97,401,2.94
97,402,5
97,403,2.17
97,404,2
97,405,2.78
97,406,5.56
97,407,2.63
97,408,5.56
97,409,2.94
97,410,2
97,411,3.13
97,412,2.63
97,413,7.14
97,414,3.33
97,415,2.5
97,416,2.63
97,417,2.78
97,418,2.38
97,419,7.14
97,420,3.33
97,421,2.5
97,422,5
97,423,2.78
97,424,2
97,425,3.13
97,426,2.78
97,427,2.17
97,428,7.14
97,429,2.17
97,430,3.57
97,431,2.78
97,432,2.27
97,433,7.14
97,434,4.55
97,435,2.27
97,436,2.27
97,437,2.17
97,438,8.33
97,439,2
97,440,2.17
97,441,8.33
97,442,2.5
97,443,2
97,444,2
97,445,3.85
97,446,2.63
97,447,2.78
97,448,3.33
97,449,10
97,450,5.56
97,451,2
97,452,5.56
97,453,2.38
97,454,3.85
97,455,6.25
97,456,2.5
97,457,2
97,458,2.5
97,459,2.08
97,460,2.94
97,461,2.38
97,462,2
97,463,5.56
97,464,2.78
97,465,3.57
97,466,2.78
97,467,4.55
97,468,8.33
97,469,3.33
97,470,4.17
97,471,2.08
97,472,4.55
97,473,2.17
97,474,3.57
97,475,2.27
97,476,3.13
97,477,2.08
97,478,2.78
97,479,2.17
97,480,3.85
97,481,7.14
97,482,3.85
97,483,2.38
97,484,4.17
97,485,4.55
97,486,10
97,487,3.13
97,488,2.27
97,489,5.56
97,490,2
97,491,2
97,492,2.94
97,493,2.63
97,494,2.5
97,495,5
97,496,3.57
97,497,3.13
97,498,3.13
97,499,2.17
97,500,2.94
98,1,2.94
98,2,2.94
98,3,4.55
98,4,2
98,5,2.08
98,6,10
98,7,2.08
98,8,7.14
98,9,8.33
98,10,2.63
98,11,5.56
98,12,2.63
98,13,5
98,14,8.33
98,15,5
98,16,3.33
98,17,3.13
98,18,6.25
98,19,10
98,20,5
98,21,2.17
98,22,10
98,23,5
98,24,5
98,25,6.25
98,26,2.17
98,27,3.85
98,28,2
98,29,6.25
98,30,5
98,31,10
98,32,2.27
98,33,6.25
98,34,4.17
98,35,2.17
98,36,4.17
98,37,5
98,38,3.85
98,39,7.14
98,40,2.27
98,41,2.27
98,42,2
98,43,2.08
98,44,2.08
98,45,2
98,46,2
98,47,3.13
98,48,4.17
98,49,2.63
98,50,5
98,51,7.14
98,52,2.38
98,53,2.5
98,54,4.55
98,55,5.56
98,56,4.17
98,57,5
98,58,2.17
98,59,2.08
98,60,8.33
98,61,3.57
98,62,2.63
98,63,2.78
98,64,2.17
98,65,5
98,66,2.38
98,67,2.78
98,68,2.63
98,69,2.5
98,70,4.17
98,71,3.13
98,72,10
98,73,8.33
98,74,6.25
98,75,2.78
98,76,7.14
98,77,4.55
98,78,7.14
98,79,4.55
98,80,6.25
98,81,4.55
98,82,2.17
98,83,8.33
98,84,4.55
98,85,3.13
98,86,2.5
98,87,3.85
98,88,6.25
98,89,2.94
98,90,7.14
98,91,2.63
98,92,2.94
98,93,2.5
98,94,4.17
98,95,7.14
98,96,4.55
98,97,2.63
98,98,3.85
98,99,3.85
98,100,5
98,101,4.17
98,102,8.33
98,103,3.13
98,104,2.63
98,105,2.94
98,106,2.27
98,107,2.38
98,108,2.94
98,109,3.57
98,110,3.33
98,111,2.08
98,112,4.55
98,113,8.33
98,114,3.85
98,115,8.33
98,116,2.94
98,117,3.57
98,118,2.17
98,119,2.38
98,120,5.56
98,121,2.94
98,122,4.55
98,123,2.94
98,124,6.25
98,125,5.56
98,126,2.08
98,127,10
98,128,7.14
98,129,2.63
98,130,5.56
98,131,2
98,132,5.56
98,133,4.17
98,134,10
98,135,5.56
98,136,5.56
98,137,2
98,138,2.94
98,139,3.57
98,140,5.56
98,141,5
98,142,2.38
98,143,3.33
98,144,2.94
98,145,2.5
98,146,6.25
98,147,2.27
98,148,5.56
98,149,2.94
98,150,10
98,151,2.17
98,152,2.94
98,153,2.27
98,154,6.25
98,155,10
98,156,2.08
98,157,5.56
98,158,2
98,159,7.14
98,160,10
98,161,3.85
98,162,2.94
98,163,2.78
98,164,3.33
98,165,10
98,166,3.33
98,167,7.14
98,168,5
98,169,2.08
98,170,3.13
98,171,2.08
98,172,2.5
98,173,3.33
98,174,3.33
98,175,2
98,176,4.17
98,177,2.63
98,178,4.17
98,179,10
98,180,2.78
98,181,2.94
98,182,5.56
98,183,6.25
98,184,3.33
98,185,3.13
98,186,2.78
98,187,2.17
98,188,4.17
98,189,8.33
98,190,8.33
98,191,3.85
98,192,2.5
98,193,2.17
98,194,5
98,195,2.27
98,196,2.78
98,197,2.63
98,198,7.14
98,199,2.38
98,200,3.85
98,201,2.78
98,202,2.63
98,203,10
98,204,2.08
98,205,2.08
98,206,5.56
98,207,2.38
98,208,10
98,209,2.17
98,210,10
98,211,7.14
98,212,3.13
98,213,2.63
98,214,2.78
98,215,2.5
98,216,2.63
98,217,2
98,218,2.78
98,219,10
98,220,3.33
98,221,2
98,222,2.27
98,223,3.57
98,224,3.57
98,225,5
98,226,3.13
98,227,2.08
98,228,2.17
98,229,3.85
98,230,4.17
98,231,2.5
98,232,2.94
98,233,2.78
98,234,3.57
98,235,3.33
98,236,5.56
98,237,2
98,238,10
98,239,3.33
98,240,3.85
98,241,10
98,242,8.33
98,243,3.57
98,244,2.94
98,245,2.94
98,246,5.56
98,247,3.33
98,248,2.63
98,249,4.55
98,250,2.38
98,251,2.17
98,252,2.63
98,253,5.56
98,254,2.5
98,255,3.13
98,256,2.5
98,257,8.33
98,258,3.85
98,259,5.56
98,260,2.78
98,261,2.63
98,262,2.78
98,263,2.63
98,264,3.85
98,265,5
98,266,5
98,267,5
98,268,4.17
98,269,2.63
98,270,3.13
98,271,6.25
98,272,2.38
98,273,2.17
98,274,2.38
98,275,2.94
98,276,6.25
98,277,4.55
98,278,3.57
98,279,3.33
98,280,2.94
98,281,2.63
98,282,8.33
98,283,10
98,284,2
98,285,6.25
98,286,3.13
98,287,4.55
98,288,7.14
98,289,2.5
98,290,2.5
98,291,2.38
98,292,3.13
98,293,7.14
98,294,2.94
98,295,6.25
98,296,2.63
98,297,2.08
98,298,3.85
98,299,2.94
98,300,5.56
98,301,8.33
98,302,3.13
98,303,3.57
98,304,5
98,305,2.08
98,306,4.55
98,307,2
98,308,5
98,309,2.5
98,310,2.63
98,311,5.56
98,312,6.25
98,313,6.25
98,314,2.78
98,315,2.08
98,316,2.78
98,317,4.55
98,318,3.13
98,319,2.27
98,320,5.56
98,321,2.38
98,322,4.55
98,323,2.17
98,324,10
98,325,4.55
98,326,5.56
98,327,3.33
98,328,2
98,329,10
98,330,4.17
98,331,4.55
98,332,2.27
98,333,2.17
98,334,3.33
98,335,10
98,336,2.27
98,337,2.27
98,338,6.25
98,339,2.38
98,340,2.94
98,341,3.85
98,342,3.57
98,343,4.17
98,344,5
98,345,7.14
98,346,8.33
98,347,2.17
98,348,2.17
98,349,5.56
98,350,7.14
98,351,2.17
98,352,3.57
98,353,2.94
98,354,2.38
98,355,2.08
98,356,3.85
98,357,2
98,358,4.55
98,359,7.14
98,360,2
98,361,3.85
98,362,2.08
98,363,2.63
98,364,7.14
98,365,2.78
98,366,5.56
98,367,10
98,368,2.5
98,369,5
98,370,3.57
98,371,2.08
98,372,2.63
98,373,2.63
98,374,3.85
98,375,8.33
98,376,2.38
98,377,2.08
98,378,3.33
98,379,2.94
98,380,2.63
98,381,2.08
98,382,4.55
98,383,5
98,384,6.25
98,385,2.38
98,386,2.78
98,387,2.38
98,388,2.17
98,389,10
98,390,4.55
98,391,10
98,392,3.13
98,393,4.17
98,394,2.94
98,395,7.14
98,396,3.33
98,397,3.13
98,398,2.17
98,399,4.17
98,400,3.13
98,401,2.94
98,402,2.38
98,403,4.55
98,404,10
98,405,3.57
98,406,2.08
98,407,3.13
98,408,3.57
98,409,5.56
98,410,2.08
98,411,2.63
98,412,2.78
98,413,2
98,414,7.14
98,415,4.55
98,416,3.13
98,417,3.57
98,418,2.5
98,419,2.78
98,420,4.17
98,421,2.08
98,422,3.57
98,423,4.17
98,424,5
98,425,3.33
98,426,2.94
98,427,7.14
98,428,2.38
98,429,2.63
98,430,3.13
98,431,3.13
98,432,3.57
98,433,4.55
98,434,2
98,435,5.56
98,436,2.78
98,437,2.78
98,438,5
98,439,2.08
98,440,8.33
98,441,3.57
98,442,2.63
98,443,2.78
98,444,2.94
98,445,5
98,446,10
98,447,6.25
98,448,5.56
98,449,5.56
98,450,4.17
98,451,2.78
98,452,2.08
98,453,2.17
98,454,3.33
98,455,3.85
98,456,2.5
98,457,4.55
98,458,2.17
98,459,3.13
98,460,4.55
98,461,3.57
98,462,3.13
98,463,2.17
98,464,5
98,465,2.27
98,466,2
98,467,7.14
98,468,3.57
98,469,2.27
98,470,2.63
98,471,4.17
98,472,2.38
98,473,2
98,474,2.38
98,475,7.14
98,476,2.08
98,477,2.17
98,478,6.25
98,479,2.5
98,480,2.5
98,481,2.08
98,482,2
98,483,3.85
98,484,2.63
98,485,3.33
98,486,10
98,487,4.55
98,488,6.25
98,489,2.17
98,490,5
98,491,2.94
98,492,2.78
98,493,3.13
98,494,3.33
98,495,7.14
98,496,2.38
98,497,5.56
98,498,2.63
98,499,8.33
98,500,2.94
99,1,2.27
99,2,2.5
99,3,3.85
99,4,2.63
99,5,3.13
99,6,2.08
99,7,5.56
99,8,3.13
99,9,2.94
99,10,2.27
99,11,6.25
99,12,3.57
99,13,3.33
99,14,2.38
99,15,3.13
99,16,5
99,17,8.33
99,18,6.25
99,19,8.33
99,20,4.17
99,21,10
99,22,2.38
99,23,2.17
99,24,3.57
99,25,2.94
99,26,6.25
99,27,6.25
99,28,2.38
99,29,2.38
99,30,7.14
99,31,2.08
99,32,4.55
99,33,5.56
99,34,2.27
99,35,5
99,36,8.33
99,37,2.08
99,38,5
99,39,3.85
99,40,2.38
99,41,3.13
99,42,2.63
99,43,3.57
99,44,4.17
99,45,3.13
99,46,2.63
99,47,3.57
99,48,5.56
99,49,2.94
99,50,7.14
99,51,2.27
99,52,6.25
99,53,2.63
99,54,2.27
99,55,4.17
99,56,5.56
99,57,3.13
99,58,2.5
99,59,2.63
99,60,7.14
99,61,6.25
99,62,8.33
99,63,2
99,64,2.38
99,65,7.14
99,66,5
99,67,2.78
99,68,5.56
99,69,5
99,70,3.33
99,71,10
99,72,2.17
99,73,2.78
99,74,3.85
99,75,2.94
99,76,3.57
99,77,2.27
99,78,2.27
99,79,3.85
99,80,2.27
99,81,2.78
99,82,2.63
99,83,2.38
99,84,3.57
99,85,2.38
99,86,8.33
99,87,10
99,88,2.17
99,89,10
99,90,5.56
99,91,2.27
99,92,6.25
99,93,3.85
99,94,2.38
99,95,3.57
99,96,2.63
99,97,4.17
99,98,4.17
99,99,3.57
99,100,3.57
99,101,4.17
99,102,5.56
99,103,6.25
99,104,2.17
99,105,4.17
99,106,2.08
99,107,4.17
99,108,7.14
99,109,8.33
99,110,2.94
99,111,4.55
99,112,6.25
99,113,3.57
99,114,2.94
99,115,2.63
99,116,6.25
99,117,5.56
99,118,2.27
99,119,5
99,120,2.78
99,121,5
99,122,2.17
99,123,2.63
99,124,3.13
99,125,3.33
99,126,2.38
99,127,4.17
99,128,4.55
99,129,3.33
99,130,4.17
99,131,6.25
99,132,5.56
99,133,6.25
99,134,2.94
99,135,5
99,136,2
99,137,2.63
99,138,2.78
99,139,2.78
99,140,8.33
99,141,4.55
99,142,2.27
99,143,6.25
99,144,4.55
99,145,4.55
99,146,6.25
99,147,3.85
99,148,2.78
99,149,5
99,150,4.55
99,151,2.5
99,152,2.78
99,153,6.25
99,154,3.13
99,155,8.33
99,156,2.08
99,157,3.85
99,158,2.08
99,159,2
99,160,2.78
99,161,2.38
99,162,2.94
99,163,2.5
99,164,2.38
99,165,3.13
99,166,4.17
99,167,10
99,168,2.5
99,169,3.85
99,170,2
99,171,2.94
99,172,2.38
99,173,2.17
99,174,2.27
99,175,2.08
99,176,4.17
99,177,5
99,178,2
99,179,2.17
99,180,2.94
99,181,2.27
99,182,2.08
99,183,3.33
99,184,3.33
99,185,3.57
99,186,2.08
99,187,6.25
99,188,6.25
99,189,3.85
99,190,2.38
99,191,10
99,192,2.08
99,193,2.94
99,194,10
99,195,3.57
99,196,4.55
99,197,4.17
99,198,2.38
99,199,7.14
99,200,2.08
99,201,4.55
99,202,2.63
99,203,3.33
99,204,2.08
99,205,2.38
99,206,4.55
99,207,10
99,208,6.25
99,209,5.56
99,210,2.38
99,211,2.08
99,212,4.55
99,213,2.27
99,214,2.27
99,215,3.33
99,216,5
99,217,3.13
99,218,2.78
99,219,2
99,220,2.78
99,221,6.25
99,222,2.17
99,223,10
99,224,5
99,225,2.94
99,226,2.27
99,227,2
99,228,3.57
99,229,2.38
99,230,3.85
99,231,2.27
99,232,2.17
99,233,6.25
99,234,2.94
99,235,2
99,236,3.85
99,237,7.14
99,238,2
99,239,2.17
99,240,2.17
99,241,2.38
99,242,2
99,243,3.57
99,244,2.38
99,245,7.14
99,246,6.25
99,247,2.38
99,248,2.08
99,249,2.5
99,250,2.94
99,251,3.13
99,252,4.17
99,253,10
99,254,2.63
99,255,2.63
99,256,5
99,257,3.57
99,258,2.27
99,259,2.5
99,260,3.57
99,261,2.5
99,262,10
99,263,3.85
99,264,4.17
99,265,5.56
99,266,10
99,267,3.85
99,268,4.17
99,269,3.33
99,270,5.56
99,271,5
99,272,2.5
99,273,2.63
99,274,2.63
99,275,3.85
99,276,2.27
99,277,2.38
99,278,2.27
99,279,3.13
99,280,5
99,281,2
99,282,3.33
99,283,2.27
99,284,10
99,285,3.85
99,286,4.55
99,287,6.25
99,288,3.33
99,289,10
99,290,4.55
99,291,2
99,292,6.25
99,293,4.17
99,294,2.5
99,295,4.55
99,296,4.17
99,297,2.08
99,298,5.56
99,299,3.13
99,300,2.27
99,301,2
99,302,6.25
99,303,7.14
99,304,2.63
99,305,4.55
99,306,3.57
99,307,2.17
99,308,2.5
99,309,3.85
99,310,2.5
99,311,2.38
99,312,2.5
99,313,3.57
99,314,10
99,315,4.55
99,316,7.14
99,317,2.38
99,318,2.63
99,319,2.27
99,320,3.13
99,321,5.56
99,322,2.08
99,323,2
99,324,5.56
99,325,2.78
99,326,7.14
99,327,2.63
99,328,2.78
99,329,2.5
99,330,3.13
99,331,5
99,332,10
99,333,2.63
99,334,4.55
99,335,2.17
99,336,5
99,337,2.08
99,338,3.85
99,339,4.55
99,340,2.78
99,341,2.78
99,342,2.27
99,343,3.57
99,344,2.63
99,345,10
99,346,2.17
99,347,3.13
99,348,4.55
99,349,2.63
99,350,2.38
99,351,10
99,352,3.33
99,353,2.5
99,354,2.27
99,355,2
99,356,2.78
99,357,2.27
99,358,2.5
99,359,2.5
99,360,3.33
99,361,2.38
99,362,2.78
99,363,4.17
99,364,3.57
99,365,3.85
99,366,2
99,367,5
99,368,4.55
99,369,2.63
99,370,2.38
99,371,2.38
99,372,2.94
99,373,4.17
99,374,6.25
99,375,2.94
99,376,3.33
99,377,6.25
99,378,2
99,379,8.33
99,380,8.33
99,381,5
99,382,3.57
99,383,5.56
99,384,2.17
99,385,3.13
99,386,10
99,387,8.33
99,388,2.78
99,389,4.55
99,390,2.94
99,391,3.57
99,392,4.17
99,393,6.25
99,394,10
99,395,5.56
99,396,8.33
99,397,4.17
99,398,2.38
99,399,2.38
99,400,2.5
99,401,4.17
99,402,3.13
99,403,5
99,404,3.85
99,405,2.38
99,406,4.55
99,407,3.85
99,408,8.33
99,409,10
99,410,8.33
99,411,5.56
99,412,8.33
99,413,2
99,414,7.14
99,415,2
99,416,2.78
99,417,2.63
99,418,2.94
99,419,4.17
99,420,6.25
99,421,2.27
99,422,8.33
99,423,7.14
99,424,2.38
99,425,5
99,426,2.08
99,427,2.08
99,428,5.56
99,429,2.94
99,430,3.57
99,431,7.14
99,432,2.63
99,433,5
99,434,6.25
99,435,3.85
99,436,4.17
99,437,3.85
99,438,4.17
99,439,2.78
99,440,2
99,441,3.85
99,442,10
99,443,10
99,444,4.17
99,445,2.17
99,446,10
99,447,3.85
99,448,7.14
99,449,2.63
99,450,8.33
99,451,10
99,452,8.33
99,453,3.85
99,454,2.38
99,455,3.85
99,456,3.33
99,457,2.94
99,458,4.55
99,459,5.56
99,460,6.25
99,461,6.25
99,462,6.25
99,463,6.25
99,464,10
99,465,10
99,466,2
99,467,3.57
99,468,3.85
99,469,3.57
99,470,2.63
99,471,6.25
99,472,5.56
99,473,3.85
99,474,2.17
99,475,3.57
99,476,3.13
99,477,7.14
99,478,2.38
99,479,4.17
99,480,2
99,481,2.78
99,482,2.5
99,483,3.57
99,484,2.38
99,485,3.13
99,486,8.33
99,487,3.85
99,488,2.27
99,489,5
99,490,7.14
99,491,3.85
99,492,2.38
99,493,2.08
99,494,2.17
99,495,5.56
99,496,4.17
99,497,5.56
99,498,8.33
99,499,4.17
99,500,3.57
100,1,5.56
100,2,2.17
100,3,6.25
100,4,3.57
100,5,2.17
100,6,2.08
100,7,2.08
100,8,2.94
100,9,3.85
100,10,5.56
100,11,4.17
100,12,2.5
100,13,2
100,14,2.5
100,15,2.17
100,16,5
100,17,2
100,18,2.94
100,19,7.14
100,20,2.38
100,21,2.5
100,22,8.33
100,23,2.08
100,24,2.38
100,25,2.08
100,26,3.33
100,27,8.33
100,28,6.25
100,29,4.17
100,30,3.85
100,31,2.78
100,32,3.13
100,33,3.57
100,34,8.33
100,35,4.17
100,36,3.13
100,37,8.33
100,38,2.63
100,39,4.17
100,40,4.17
100,41,10
100,42,2.63
100,43,2.38
100,44,6.25
100,45,5
100,46,3.13
100,47,2.17
100,48,6.25
100,49,2.08
100,50,5.56
100,51,2.27
100,52,2.27
100,53,2.78
100,54,6.25
100,55,5.56
100,56,8.33
100,57,3.85
100,58,2.5
100,59,3.57
100,60,6.25
100,61,5.56
100,62,2.08
100,63,2.27
100,64,5
100,65,2.5
100,66,2.5
100,67,4.17
100,68,3.13
100,69,2.5
100,70,10
100,71,5.56
100,72,4.55
100,73,6.25
100,74,8.33
100,75,3.13
100,76,2.63
100,77,5.56
100,78,10
100,79,4.55
100,80,2.17
100,81,2.94
100,82,2.63
100,83,2.63
100,84,2.78
100,85,2.78
100,86,8.33
100,87,3.85
100,88,2.38
100,89,5
100,90,4.55
100,91,2.38
100,92,3.85
100,93,2.5
100,94,10
100,95,2.38
100,96,2
100,97,7.14
100,98,2.63
100,99,2.27
100,100,2.78
100,101,2.94
100,102,2.5
100,103,5
100,104,3.33
100,105,10
100,106,2.78
100,107,2
100,108,3.33
100,109,4.55
100,110,2.78
100,111,3.33
100,112,2.94
100,113,2
100,114,5.56
100,115,2.17
100,116,4.55
100,117,5.56
100,118,2.94
100,119,2
100,120,4.17
100,121,2.08
100,122,8.33
100,123,6.25
100,124,10
100,125,3.85
100,126,2.5
100,127,3.57
100,128,2.5
100,129,2.17
100,130,3.13
100,131,4.55
100,132,2
100,133,4.55
100,134,2.78
100,135,2.17
100,136,8.33
100,137,2.38
100,138,3.33
100,139,6.25
100,140,2.78
100,141,3.33
100,142,5
100,143,2.94
100,144,2
100,145,2.78
100,146,3.85
100,147,2.27
100,148,10
100,149,8.33
100,150,2.94
100,151,4.17
100,152,3.57
100,153,7.14
100,154,3.85
100,155,2.78
100,156,2.38
100,157,4.55
100,158,2.38
100,159,2.38
100,160,3.13
100,161,3.33
100,162,3.13
100,163,3.13
100,164,2.5
100,165,3.13
100,166,3.33
100,167,2
100,168,8.33
100,169,2.17
100,170,6.25
100,171,2
100,172,8.33
100,173,2.94
100,174,2.08
100,175,2.17
100,176,6.25
100,177,7.14
100,178,2.5
100,179,2.63
100,180,2.78
100,181,4.17
100,182,2.63
100,183,2.63
100,184,2
100,185,4.17
100,186,2
100,187,2.27
100,188,3.57
100,189,5
100,190,3.85
100,191,3.85
100,192,2.38
100,193,2.63
100,194,2.5
100,195,2.5
100,196,4.55
100,197,5.56
100,198,4.17
100,199,3.13
100,200,4.55
100,201,2.78
100,202,3.57
100,203,2.94
100,204,2.63
100,205,2.17
100,206,3.13
100,207,2.08
100,208,2.38
100,209,2.17
100,210,2.5
100,211,2.08
100,212,2.94
100,213,4.55
100,214,10
100,215,2.5
100,216,8.33
100,217,3.57
100,218,3.33
100,219,10
100,220,7.14
100,221,2.17
100,222,5.56
100,223,7.14
100,224,5.56
100,225,2.08
100,226,3.13
100,227,2.08
100,228,6.25
100,229,7.14
100,230,6.25
100,231,8.33
100,232,3.13
100,233,2.27
100,234,7.14
100,235,2.5
100,236,3.57
100,237,8.33
100,238,2.08
100,239,2.5
100,240,5.56
100,241,4.55
100,242,2.94
100,243,2.63
100,244,2.78
100,245,2.94
100,246,2.94
100,247,5
100,248,5
100,249,2.08
100,250,5.56
100,251,2.78
100,252,2.63
100,253,2.08
100,254,2.17
100,255,2.38
100,256,2.38
100,257,2
100,258,2.27
100,259,5
100,260,5.56
100,261,7.14
100,262,8.33
100,263,10
100,264,7.14
100,265,2.78
100,266,6.25
100,267,6.25
100,268,5.56
100,269,7.14
100,270,2.08
100,271,2.5
100,272,2
100,273,10
100,274,6.25
100,275,5
100,276,2.38
100,277,2.27
100,278,2.78
100,279,2.08
100,280,2.63
100,281,5
100,282,2.5
100,283,10
100,284,3.13
100,285,2
100,286,2.08
100,287,5
100,288,3.13
100,289,6.25
100,290,2.38
100,291,5.56
100,292,4.55
100,293,7.14
100,294,2.17
100,295,2.08
100,296,8.33
100,297,4.55
100,298,2.08
100,299,2.63
100,300,3.85
100,301,2.17
100,302,3.13
100,303,2.78
100,304,5
100,305,3.57
100,306,4.17
100,307,3.85
100,308,2.17
100,309,5.56
100,310,2.5
100,311,6.25
100,312,3.33
100,313,2.27
100,314,5
100,315,3.57
100,316,7.14
100,317,2.63
100,318,2
100,319,3.57
100,320,2.17
100,321,3.13
100,322,3.57
100,323,3.33
100,324,2
100,325,2.78
100,326,2
100,327,5.56
100,328,3.85
100,329,2.5
100,330,2.78
100,331,2.63
100,332,3.85
100,333,6.25
100,334,5.56
100,335,3.85
100,336,2.63
100,337,3.13
100,338,2.63
100,339,2.63
100,340,2.94
100,341,4.55
100,342,4.55
100,343,10
100,344,2.63
100,345,5
100,346,2.27
100,347,3.13
100,348,3.13
100,349,3.33
100,350,2.63
100,351,3.57
100,352,10
100,353,2.63
100,354,2.78
100,355,10
100,356,4.17
100,357,3.85
100,358,2.38
100,359,7.14
100,360,2.78
100,361,2.27
100,362,4.17
100,363,2.38
100,364,2.5
100,365,8.33
100,366,3.33
100,367,2.17
100,368,2.08
100,369,2.78
100,370,2.63
100,371,3.13
100,372,8.33
100,373,2.17
100,374,2.17
100,375,7.14
100,376,2
100,377,2.17
100,378,5.56
100,379,2.94
100,380,8.33
100,381,2.5
100,382,5.56
100,383,2.94
100,384,3.57
100,385,2.78
100,386,2.94
100,387,2.17
100,388,2.08
100,389,5
100,390,2
100,391,2.27
100,392,2.63
100,393,3.13
100,394,10
100,395,2.63
100,396,2.94
100,397,4.17
100,398,3.13
100,399,10
100,400,8.33
100,401,3.85
100,402,2.63
100,403,4.55
100,404,4.55
100,405,2.27
100,406,4.17
100,407,2.38
100,408,2.63
100,409,2
100,410,4.17
100,411,3.57
100,412,7.14
100,413,8.33
100,414,2.63
100,415,10
100,416,2.38
100,417,2.08
100,418,2
100,419,4.17
100,420,2.94
100,421,3.57
100,422,3.13
100,423,2.5
100,424,3.33
100,425,3.13
100,426,3.13
100,427,2.63
100,428,3.57
100,429,3.13
100,430,2.5
100,431,5
100,432,2
100,433,4.17
100,434,2.27
100,435,2.08
100,436,8.33
100,437,8.33
100,438,2.94
100,439,3.33
100,440,8.33
100,441,2.27
100,442,7.14
100,443,10
100,444,10
100,445,8.33
100,446,8.33
100,447,3.33
100,448,8.33
100,449,2.27
100,450,2.08
100,451,2.5
100,452,2.78
100,453,3.33
100,454,2.78
100,455,3.33
100,456,2.5
100,457,2.17
100,458,2.27
100,459,2.63
100,460,2.78
100,461,2.08
100,462,4.55
100,463,2.27
100,464,3.13
100,465,2.08
100,466,2.27
100,467,7.14
100,468,4.55
100,469,2.08
100,470,2
100,471,5
100,472,2.38
100,473,2.17
100,474,4.17
100,475,10
100,476,7.14
100,477,8.33
100,478,2.38
100,479,2.63
100,480,2.17
100,481,2.5
100,482,3.85
100,483,2.63
100,484,2.17
100,485,3.33
100,486,10
100,487,8.33
100,488,5
100,489,2.5
100,490,6.25
100,491,5.56
100,492,4.55
100,493,2.38
100,494,6.25
100,495,3.57
100,496,3.33
100,497,2.94
100,498,2.63
100,499,2.08
100,500,7.14
